project_id,project_name,project_text,explicit_skills,extracted_skills,required_skills,required_skill_count
proj_0001,Microservice Telemetry Mesh,Microservice Telemetry Mesh. Observability suite with metrics tracing and fault injection for web microservices.. Role: Software Engineer.,"[""Docker"", ""Go"", ""PostgreSQL"", ""Prometheus""]","[""Microservices"", ""Observability"", ""Software Engineer"", ""Telemetry""]","[""Docker"", ""Go"", ""Microservices"", ""Observability"", ""PostgreSQL"", ""Prometheus"", ""Software Engineer"", ""Telemetry""]",8
proj_0002,Realtime Collaborative IDE,Realtime Collaborative IDE. In-browser multi-user IDE supporting live operational transformation.. Role: Software Engineer.,"[""Node.js"", ""React"", ""TypeScript"", ""WebSockets""]","[""Operational Transformation"", ""Software Engineer""]","[""Node.js"", ""Operational Transformation"", ""React"", ""Software Engineer"", ""TypeScript"", ""WebSockets""]",6
proj_0003,Cloud Native Compiler Platform,Cloud Native Compiler Platform. Distributed remote code execution engine with container sandbox isolation.. Role: Software Engineer.,"[""Docker"", ""Kubernetes"", ""Python"", ""React""]","[""Container Sandbox"", ""Remote Code Execution"", ""Software Engineer""]","[""Container Sandbox"", ""Docker"", ""Kubernetes"", ""Python"", ""React"", ""Remote Code Execution"", ""Software Engineer""]",7
proj_0004,Low-Latency Micro-Ledger,Low-Latency Micro-Ledger. High-throughput audit transaction engine with cryptographic proofs.. Role: Software Engineer.,"[""Docker"", ""PostgreSQL"", ""Rust""]","[""Cryptographic Proofs"", ""Software Engineer""]","[""Cryptographic Proofs"", ""Docker"", ""PostgreSQL"", ""Rust"", ""Software Engineer""]",5
proj_0005,Realtime Collaborative IDE,Realtime Collaborative IDE. In-browser multi-user IDE supporting live operational transformation.. Role: Software Engineer.,"[""Node.js"", ""React"", ""TypeScript"", ""WebSockets""]","[""Operational Transformation"", ""Software Engineer""]","[""Node.js"", ""Operational Transformation"", ""React"", ""Software Engineer"", ""TypeScript"", ""WebSockets""]",6
proj_0006,Cloud Native Compiler Platform,Cloud Native Compiler Platform. Distributed remote code execution engine with container sandbox isolation.. Role: Software Engineer.,"[""Docker"", ""Kubernetes"", ""Python"", ""React""]","[""Container Sandbox"", ""Remote Code Execution"", ""Software Engineer""]","[""Container Sandbox"", ""Docker"", ""Kubernetes"", ""Python"", ""React"", ""Remote Code Execution"", ""Software Engineer""]",7
proj_0007,Low-Latency Micro-Ledger,Low-Latency Micro-Ledger. High-throughput audit transaction engine with cryptographic proofs.. Role: Software Engineer.,"[""Docker"", ""PostgreSQL"", ""Rust""]","[""Cryptographic Proofs"", ""Software Engineer""]","[""Cryptographic Proofs"", ""Docker"", ""PostgreSQL"", ""Rust"", ""Software Engineer""]",5
proj_0008,Microservice Telemetry Mesh,Microservice Telemetry Mesh. Observability suite with metrics tracing and fault injection for web microservices.. Role: Software Engineer.,"[""Docker"", ""Go"", ""PostgreSQL"", ""Prometheus""]","[""Microservices"", ""Observability"", ""Software Engineer"", ""Telemetry""]","[""Docker"", ""Go"", ""Microservices"", ""Observability"", ""PostgreSQL"", ""Prometheus"", ""Software Engineer"", ""Telemetry""]",8
proj_0009,Realtime Collaborative IDE,Realtime Collaborative IDE. In-browser multi-user IDE supporting live operational transformation.. Role: Software Engineer.,"[""Node.js"", ""React"", ""TypeScript"", ""WebSockets""]","[""Operational Transformation"", ""Software Engineer""]","[""Node.js"", ""Operational Transformation"", ""React"", ""Software Engineer"", ""TypeScript"", ""WebSockets""]",6
proj_0010,Cloud Native Compiler Platform,Cloud Native Compiler Platform. Distributed remote code execution engine with container sandbox isolation.. Role: Software Engineer.,"[""Docker"", ""Kubernetes"", ""Python"", ""React""]","[""Container Sandbox"", ""Remote Code Execution"", ""Software Engineer""]","[""Container Sandbox"", ""Docker"", ""Kubernetes"", ""Python"", ""React"", ""Remote Code Execution"", ""Software Engineer""]",7
proj_0011,Peer-to-Peer Notes Sharing Network,Peer-to-Peer Notes Sharing Network. Decentralized file-sharing network for academic study materials.. Role: Full Stack Developer.,"[""MongoDB"", ""Node.js"", ""React""]","[""Full Stack Developer""]","[""Full Stack Developer"", ""MongoDB"", ""Node.js"", ""React""]",4
proj_0012,Campus Smart Resource Portal,"Campus Smart Resource Portal. Centralized platform for equipment booking, library tracking, and hall scheduling.. Role: Full Stack Developer.","[""Express.js"", ""MongoDB"", ""Node.js"", ""React""]","[""Full Stack Developer""]","[""Express.js"", ""Full Stack Developer"", ""MongoDB"", ""Node.js"", ""React""]",5
proj_0013,Peer-to-Peer Notes Sharing Network,Peer-to-Peer Notes Sharing Network. Decentralized file-sharing network for academic study materials.. Role: Full Stack Developer.,"[""MongoDB"", ""Node.js"", ""React""]","[""Full Stack Developer""]","[""Full Stack Developer"", ""MongoDB"", ""Node.js"", ""React""]",4
proj_0014,Financial Fraud Detector,Financial Fraud Detector. Real-time stream transaction anomaly classification using ensemble models.. Role: Data Scientist.,"[""Pandas"", ""Python"", ""SQL"", ""Scikit-Learn""]","[""Data Scientist""]","[""Data Scientist"", ""Pandas"", ""Python"", ""SQL"", ""Scikit-Learn""]",5
proj_0015,Automated Medical Image Classifier,Automated Medical Image Classifier. Diagnostic assistant for chest X-ray abnormalities using deep convolutional nets.. Role: Data Scientist.,"[""FastAPI"", ""OpenCV"", ""PyTorch"", ""Python""]","[""Data Scientist""]","[""Data Scientist"", ""FastAPI"", ""OpenCV"", ""PyTorch"", ""Python""]",5
proj_0016,Financial Fraud Detector,Financial Fraud Detector. Real-time stream transaction anomaly classification using ensemble models.. Role: Data Scientist.,"[""Pandas"", ""Python"", ""SQL"", ""Scikit-Learn""]","[""Data Scientist""]","[""Data Scientist"", ""Pandas"", ""Python"", ""SQL"", ""Scikit-Learn""]",5
proj_0017,Automated Medical Image Classifier,Automated Medical Image Classifier. Diagnostic assistant for chest X-ray abnormalities using deep convolutional nets.. Role: Data Scientist.,"[""FastAPI"", ""OpenCV"", ""PyTorch"", ""Python""]","[""Data Scientist""]","[""Data Scientist"", ""FastAPI"", ""OpenCV"", ""PyTorch"", ""Python""]",5
proj_0018,Customer Churn Predictive Pipeline,Customer Churn Predictive Pipeline. End-to-end data pipeline feeding retention forecasters.. Role: Data Scientist.,"[""Python"", ""R"", ""SQL"", ""Tableau""]","[""Data Scientist""]","[""Data Scientist"", ""Python"", ""R"", ""SQL"", ""Tableau""]",5
proj_0019,Automated Medical Image Classifier,Automated Medical Image Classifier. Diagnostic assistant for chest X-ray abnormalities using deep convolutional nets.. Role: Data Scientist.,"[""FastAPI"", ""OpenCV"", ""PyTorch"", ""Python""]","[""Data Scientist""]","[""Data Scientist"", ""FastAPI"", ""OpenCV"", ""PyTorch"", ""Python""]",5
proj_0020,Customer Churn Predictive Pipeline,Customer Churn Predictive Pipeline. End-to-end data pipeline feeding retention forecasters.. Role: Data Scientist.,"[""Python"", ""R"", ""SQL"", ""Tableau""]","[""Data Scientist""]","[""Data Scientist"", ""Python"", ""R"", ""SQL"", ""Tableau""]",5
proj_0021,Financial Fraud Detector,Financial Fraud Detector. Real-time stream transaction anomaly classification using ensemble models.. Role: Data Scientist.,"[""Pandas"", ""Python"", ""SQL"", ""Scikit-Learn""]","[""Data Scientist""]","[""Data Scientist"", ""Pandas"", ""Python"", ""SQL"", ""Scikit-Learn""]",5
proj_0022,Agentic Research Assistant,Agentic Research Assistant. Autonomous multi-agent system summarizing research papers into structured graphs.. Role: AI Engineer.,"[""Agentic AI"", ""CrewAI"", ""LangChain"", ""Python"", ""RAG""]",[],"[""Agentic AI"", ""CrewAI"", ""LangChain"", ""Python"", ""RAG""]",5
proj_0023,Local Multi-Modal RAG Engine,Local Multi-Modal RAG Engine. Privacy-focused document Q&A runner using local quantized LLMs.. Role: AI Engineer.,"[""HuggingFace"", ""LlamaIndex"", ""Python"", ""Vector Embeddings""]","[""RAG""]","[""HuggingFace"", ""LlamaIndex"", ""Python"", ""RAG"", ""Vector Embeddings""]",5
proj_0024,Agentic Research Assistant,Agentic Research Assistant. Autonomous multi-agent system summarizing research papers into structured graphs.. Role: AI Engineer.,"[""Agentic AI"", ""CrewAI"", ""LangChain"", ""Python"", ""RAG""]",[],"[""Agentic AI"", ""CrewAI"", ""LangChain"", ""Python"", ""RAG""]",5
proj_0025,Neural Code Refactoring Agent,Neural Code Refactoring Agent. Autonomous code cleanup tool using fine-tuned transformer architectures.. Role: AI Engineer.,"[""FastAPI"", ""Prompt Engineering"", ""PyTorch"", ""Python""]",[],"[""FastAPI"", ""Prompt Engineering"", ""PyTorch"", ""Python""]",4
proj_0026,Local Multi-Modal RAG Engine,Local Multi-Modal RAG Engine. Privacy-focused document Q&A runner using local quantized LLMs.. Role: AI Engineer.,"[""HuggingFace"", ""LlamaIndex"", ""Python"", ""Vector Embeddings""]","[""RAG""]","[""HuggingFace"", ""LlamaIndex"", ""Python"", ""RAG"", ""Vector Embeddings""]",5
proj_0027,Neural Code Refactoring Agent,Neural Code Refactoring Agent. Autonomous code cleanup tool using fine-tuned transformer architectures.. Role: AI Engineer.,"[""FastAPI"", ""Prompt Engineering"", ""PyTorch"", ""Python""]",[],"[""FastAPI"", ""Prompt Engineering"", ""PyTorch"", ""Python""]",4
proj_0028,Agentic Research Assistant,Agentic Research Assistant. Autonomous multi-agent system summarizing research papers into structured graphs.. Role: AI Engineer.,"[""Agentic AI"", ""CrewAI"", ""LangChain"", ""Python"", ""RAG""]",[],"[""Agentic AI"", ""CrewAI"", ""LangChain"", ""Python"", ""RAG""]",5
proj_0029,Local Multi-Modal RAG Engine,Local Multi-Modal RAG Engine. Privacy-focused document Q&A runner using local quantized LLMs.. Role: AI Engineer.,"[""HuggingFace"", ""LlamaIndex"", ""Python"", ""Vector Embeddings""]","[""RAG""]","[""HuggingFace"", ""LlamaIndex"", ""Python"", ""RAG"", ""Vector Embeddings""]",5
proj_0030,SDR Ground Station Decoder,SDR Ground Station Decoder. Software defined radio receiver tracking weather satellites in orbit.. Role: Embedded Engineer.,"[""C++"", ""FPGA"", ""MATLAB"", ""Signal Processing""]",[],"[""C++"", ""FPGA"", ""MATLAB"", ""Signal Processing""]",4
proj_0031,LoRaWAN Mesh Weather Array,LoRaWAN Mesh Weather Array. Long-range distributed environmental sensor node mesh for agriculture.. Role: Embedded Engineer.,"[""Arduino"", ""C++"", ""ESP32"", ""PCB Design""]",[],"[""Arduino"", ""C++"", ""ESP32"", ""PCB Design""]",4
proj_0032,Smart ECG Telemetry Patch,Smart ECG Telemetry Patch. Low-power wearable biosensor broadcasting real-time arrhythmia warnings.. Role: Embedded Engineer.,"[""BLE"", ""Embedded C"", ""PCB Design"", ""STM32""]","[""Telemetry""]","[""BLE"", ""Embedded C"", ""PCB Design"", ""STM32"", ""Telemetry""]",5
proj_0033,Smart ECG Telemetry Patch,Smart ECG Telemetry Patch. Low-power wearable biosensor broadcasting real-time arrhythmia warnings.. Role: Embedded Engineer.,"[""BLE"", ""Embedded C"", ""PCB Design"", ""STM32""]","[""Telemetry""]","[""BLE"", ""Embedded C"", ""PCB Design"", ""STM32"", ""Telemetry""]",5
proj_0034,SDR Ground Station Decoder,SDR Ground Station Decoder. Software defined radio receiver tracking weather satellites in orbit.. Role: Embedded Engineer.,"[""C++"", ""FPGA"", ""MATLAB"", ""Signal Processing""]",[],"[""C++"", ""FPGA"", ""MATLAB"", ""Signal Processing""]",4
proj_0035,LoRaWAN Mesh Weather Array,LoRaWAN Mesh Weather Array. Long-range distributed environmental sensor node mesh for agriculture.. Role: Embedded Engineer.,"[""Arduino"", ""C++"", ""ESP32"", ""PCB Design""]",[],"[""Arduino"", ""C++"", ""ESP32"", ""PCB Design""]",4
proj_0036,SDR Ground Station Decoder,SDR Ground Station Decoder. Software defined radio receiver tracking weather satellites in orbit.. Role: Embedded Engineer.,"[""C++"", ""FPGA"", ""MATLAB"", ""Signal Processing""]",[],"[""C++"", ""FPGA"", ""MATLAB"", ""Signal Processing""]",4
proj_0037,Smart ECG Telemetry Patch,Smart ECG Telemetry Patch. Low-power wearable biosensor broadcasting real-time arrhythmia warnings.. Role: Embedded Engineer.,"[""BLE"", ""Embedded C"", ""PCB Design"", ""STM32""]","[""Telemetry""]","[""BLE"", ""Embedded C"", ""PCB Design"", ""STM32"", ""Telemetry""]",5
proj_0038,Microgrid Solar Power Inverter,Microgrid Solar Power Inverter. Grid-tied inverter with maximum power point tracking and SCADA monitoring.. Role: Electrical Systems Engineer.,"[""MATLAB"", ""PLC"", ""SCADA"", ""Simulink""]","[""SCADA""]","[""MATLAB"", ""PLC"", ""SCADA"", ""Simulink""]",4
proj_0039,Industrial Automation Conveyor Guard,Industrial Automation Conveyor Guard. Safety Interlock and speed regulator for heavy material handling.. Role: Electrical Systems Engineer.,"[""Control Systems"", ""LabVIEW"", ""PLC""]","[""Automation""]","[""Automation"", ""Control Systems"", ""LabVIEW"", ""PLC""]",4
proj_0040,EV Smart Charging Load Balancer,EV Smart Charging Load Balancer. Dynamic load distribution controller preventing sub-station overloads.. Role: Electrical Systems Engineer.,"[""PLC"", ""Power Electronics"", ""Siemens TIA Portal""]",[],"[""PLC"", ""Power Electronics"", ""Siemens TIA Portal""]",3
proj_0041,Industrial Automation Conveyor Guard,Industrial Automation Conveyor Guard. Safety Interlock and speed regulator for heavy material handling.. Role: Electrical Systems Engineer.,"[""Control Systems"", ""LabVIEW"", ""PLC""]","[""Automation""]","[""Automation"", ""Control Systems"", ""LabVIEW"", ""PLC""]",4
proj_0042,Microgrid Solar Power Inverter,Microgrid Solar Power Inverter. Grid-tied inverter with maximum power point tracking and SCADA monitoring.. Role: Electrical Systems Engineer.,"[""MATLAB"", ""PLC"", ""SCADA"", ""Simulink""]","[""SCADA""]","[""MATLAB"", ""PLC"", ""SCADA"", ""Simulink""]",4
proj_0043,EV Smart Charging Load Balancer,EV Smart Charging Load Balancer. Dynamic load distribution controller preventing sub-station overloads.. Role: Electrical Systems Engineer.,"[""PLC"", ""Power Electronics"", ""Siemens TIA Portal""]",[],"[""PLC"", ""Power Electronics"", ""Siemens TIA Portal""]",3
proj_0044,Generative Drone Frame Assembly,Generative Drone Frame Assembly. Weight-minimized carbon composite arm joint created via generative CAD.. Role: CAD Engineer.,"[""CATIA"", ""Creo"", ""GD&T""]",[],"[""CATIA"", ""Creo"", ""GD&T""]",3
proj_0045,Autonomous Agricultural Rover Chassis,Autonomous Agricultural Rover Chassis. Lightweight FEA-optimized structural frame for field robotics.. Role: CAD Engineer.,"[""3D Printing"", ""ANSYS"", ""FEA"", ""SolidWorks""]","[""FEA""]","[""3D Printing"", ""ANSYS"", ""FEA"", ""SolidWorks""]",4
proj_0046,EV Battery Thermal Management System,EV Battery Thermal Management System. Liquid cooling plate design evaluated using computational fluid dynamics.. Role: CAD Engineer.,"[""CFD"", ""Fusion 360"", ""Heat Transfer"", ""Thermodynamics""]","[""Computational Fluid Dynamics""]","[""CFD"", ""Computational Fluid Dynamics"", ""Fusion 360"", ""Heat Transfer"", ""Thermodynamics""]",5
proj_0047,Generative Drone Frame Assembly,Generative Drone Frame Assembly. Weight-minimized carbon composite arm joint created via generative CAD.. Role: CAD Engineer.,"[""CATIA"", ""Creo"", ""GD&T""]",[],"[""CATIA"", ""Creo"", ""GD&T""]",3
proj_0048,EV Battery Thermal Management System,EV Battery Thermal Management System. Liquid cooling plate design evaluated using computational fluid dynamics.. Role: CAD Engineer.,"[""CFD"", ""Fusion 360"", ""Heat Transfer"", ""Thermodynamics""]","[""Computational Fluid Dynamics""]","[""CFD"", ""Computational Fluid Dynamics"", ""Fusion 360"", ""Heat Transfer"", ""Thermodynamics""]",5
proj_0049,Sustainable Campus Stormwater Network,Sustainable Campus Stormwater Network. Hydrological runoff model and underground retention reservoir plan.. Role: Structural Engineer.,"[""AutoCAD Civil 3D"", ""GIS"", ""Hydrology""]",[],"[""AutoCAD Civil 3D"", ""GIS"", ""Hydrology""]",3
proj_0050,Seismic Resilient High-Rise Frame,Seismic Resilient High-Rise Frame. 30-story structural concrete core modeled under dynamic earthquake loading.. Role: Structural Engineer.,"[""ETABS"", ""STAAD Pro"", ""Structural Analysis""]",[],"[""ETABS"", ""STAAD Pro"", ""Structural Analysis""]",3
proj_0051,Prefabricated Modular Housing BIM Model,Prefabricated Modular Housing BIM Model. Fully parametric building information model for rapid disaster shelter deployment.. Role: Structural Engineer.,"[""BIM (Building Information Modeling)"", ""Revit"", ""SAP2000""]","[""BIM""]","[""BIM"", ""BIM (Building Information Modeling)"", ""Revit"", ""SAP2000""]",4
proj_0052,Sustainable Campus Stormwater Network,Sustainable Campus Stormwater Network. Hydrological runoff model and underground retention reservoir plan.. Role: Structural Engineer.,"[""AutoCAD Civil 3D"", ""GIS"", ""Hydrology""]",[],"[""AutoCAD Civil 3D"", ""GIS"", ""Hydrology""]",3
proj_0053,Seismic Resilient High-Rise Frame,Seismic Resilient High-Rise Frame. 30-story structural concrete core modeled under dynamic earthquake loading.. Role: Structural Engineer.,"[""ETABS"", ""STAAD Pro"", ""Structural Analysis""]",[],"[""ETABS"", ""STAAD Pro"", ""Structural Analysis""]",3
proj_0054,Quadruped Bio-Inspired Leg Actuator,Quadruped Bio-Inspired Leg Actuator. Custom torque-dense actuator module built for mobile legged platforms.. Role: Mechatronics Engineer.,"[""Embedded C"", ""MATLAB"", ""PCB Design"", ""SolidWorks""]",[],"[""Embedded C"", ""MATLAB"", ""PCB Design"", ""SolidWorks""]",4
proj_0055,Autonomous Sorting Robotic Arm,Autonomous Sorting Robotic Arm. 5-DOF robotic manipulator sorting warehouse items via computer vision.. Role: Mechatronics Engineer.,"[""Arduino"", ""OpenCV"", ""ROS2"", ""SolidWorks""]","[""Computer Vision""]","[""Arduino"", ""Computer Vision"", ""OpenCV"", ""ROS2"", ""SolidWorks""]",5
proj_0056,Quadruped Bio-Inspired Leg Actuator,Quadruped Bio-Inspired Leg Actuator. Custom torque-dense actuator module built for mobile legged platforms.. Role: Mechatronics Engineer.,"[""Embedded C"", ""MATLAB"", ""PCB Design"", ""SolidWorks""]",[],"[""Embedded C"", ""MATLAB"", ""PCB Design"", ""SolidWorks""]",4
proj_0057,Automated CNC Tool Ingestion Loader,Automated CNC Tool Ingestion Loader. Pneumatic pick-and-place gantry with encoder feedback.. Role: Mechatronics Engineer.,"[""Mechatronics Design"", ""PLC"", ""Sensors""]",[],"[""Mechatronics Design"", ""PLC"", ""Sensors""]",3
proj_0058,Autonomous Sorting Robotic Arm,Autonomous Sorting Robotic Arm. 5-DOF robotic manipulator sorting warehouse items via computer vision.. Role: Mechatronics Engineer.,"[""Arduino"", ""OpenCV"", ""ROS2"", ""SolidWorks""]","[""Computer Vision""]","[""Arduino"", ""Computer Vision"", ""OpenCV"", ""ROS2"", ""SolidWorks""]",5
proj_0059,Autonomous Sorting Robotic Arm,Autonomous Sorting Robotic Arm. 5-DOF robotic manipulator sorting warehouse items via computer vision.. Role: Mechatronics Engineer.,"[""Arduino"", ""OpenCV"", ""ROS2"", ""SolidWorks""]","[""Computer Vision""]","[""Arduino"", ""Computer Vision"", ""OpenCV"", ""ROS2"", ""SolidWorks""]",5
proj_0060,Automated CNC Tool Ingestion Loader,Automated CNC Tool Ingestion Loader. Pneumatic pick-and-place gantry with encoder feedback.. Role: Mechatronics Engineer.,"[""Mechatronics Design"", ""PLC"", ""Sensors""]",[],"[""Mechatronics Design"", ""PLC"", ""Sensors""]",3
proj_0061,Quadruped Bio-Inspired Leg Actuator,Quadruped Bio-Inspired Leg Actuator. Custom torque-dense actuator module built for mobile legged platforms.. Role: Mechatronics Engineer.,"[""Embedded C"", ""MATLAB"", ""PCB Design"", ""SolidWorks""]",[],"[""Embedded C"", ""MATLAB"", ""PCB Design"", ""SolidWorks""]",4
proj_0062,Autonomous Warehouse AM Rover,Autonomous Warehouse AM Rover. Differential drive robot executing SLAM mapping and dynamic obstacle avoidance.. Role: Robotics Engineer.,"[""Gazebo"", ""Python"", ""ROS"", ""ROS2"", ""SLAM""]","[""Obstacle Avoidance"", ""Robotics Engineer"", ""SLAM""]","[""Gazebo"", ""Obstacle Avoidance"", ""Python"", ""ROS"", ""ROS2"", ""Robotics Engineer"", ""SLAM""]",7
proj_0063,Visual Inertial Drone Odometry,Visual Inertial Drone Odometry. Monocular camera and IMU sensor fusion suite for GPS-denied environments.. Role: Robotics Engineer.,"[""Autonomous Navigation"", ""C++"", ""OpenCV"", ""Sensor Fusion""]","[""Robotics Engineer"", ""Sensor Fusion""]","[""Autonomous Navigation"", ""C++"", ""OpenCV"", ""Robotics Engineer"", ""Sensor Fusion""]",5
proj_0064,Subterranean Inspection Crawler,Subterranean Inspection Crawler. Rugged tracked platform exploring hazardous pipes autonomously.. Role: Robotics Engineer.,"[""Gazebo"", ""Motion Planning"", ""ROS2""]","[""Robotics Engineer""]","[""Gazebo"", ""Motion Planning"", ""ROS2"", ""Robotics Engineer""]",4
proj_0065,Visual Inertial Drone Odometry,Visual Inertial Drone Odometry. Monocular camera and IMU sensor fusion suite for GPS-denied environments.. Role: Robotics Engineer.,"[""Autonomous Navigation"", ""C++"", ""OpenCV"", ""Sensor Fusion""]","[""Robotics Engineer"", ""Sensor Fusion""]","[""Autonomous Navigation"", ""C++"", ""OpenCV"", ""Robotics Engineer"", ""Sensor Fusion""]",5
proj_0066,Subterranean Inspection Crawler,Subterranean Inspection Crawler. Rugged tracked platform exploring hazardous pipes autonomously.. Role: Robotics Engineer.,"[""Gazebo"", ""Motion Planning"", ""ROS2""]","[""Robotics Engineer""]","[""Gazebo"", ""Motion Planning"", ""ROS2"", ""Robotics Engineer""]",4
proj_0067,Autonomous Warehouse AM Rover,Autonomous Warehouse AM Rover. Differential drive robot executing SLAM mapping and dynamic obstacle avoidance.. Role: Robotics Engineer.,"[""Gazebo"", ""Python"", ""ROS"", ""ROS2"", ""SLAM""]","[""Obstacle Avoidance"", ""Robotics Engineer"", ""SLAM""]","[""Gazebo"", ""Obstacle Avoidance"", ""Python"", ""ROS"", ""ROS2"", ""Robotics Engineer"", ""SLAM""]",7
proj_0068,Active Aerodynamic Wing Actuator,Active Aerodynamic Wing Actuator. Speed-sensitive rear wing controller lowering high-speed drag.. Role: Automotive & EV Engineer.,"[""ANSYS"", ""Arduino"", ""CAN Bus"", ""CFD""]",[],"[""ANSYS"", ""Arduino"", ""CAN Bus"", ""CFD""]",4
proj_0069,Regenerative Braking Power Recuperator,Regenerative Braking Power Recuperator. KERS energy recovery simulation for urban electric buses.. Role: Automotive & EV Engineer.,"[""Battery Management"", ""MATLAB"", ""Simulink""]",[],"[""Battery Management"", ""MATLAB"", ""Simulink""]",3
proj_0070,Active Aerodynamic Wing Actuator,Active Aerodynamic Wing Actuator. Speed-sensitive rear wing controller lowering high-speed drag.. Role: Automotive & EV Engineer.,"[""ANSYS"", ""Arduino"", ""CAN Bus"", ""CFD""]",[],"[""ANSYS"", ""Arduino"", ""CAN Bus"", ""CFD""]",4
proj_0071,Active Aerodynamic Wing Actuator,Active Aerodynamic Wing Actuator. Speed-sensitive rear wing controller lowering high-speed drag.. Role: Automotive & EV Engineer.,"[""ANSYS"", ""Arduino"", ""CAN Bus"", ""CFD""]",[],"[""ANSYS"", ""Arduino"", ""CAN Bus"", ""CFD""]",4
proj_0072,Sub-Compact EV Drivetrain Model,Sub-Compact EV Drivetrain Model. Single-speed reduction gearbox and electric motor matching calculation.. Role: Automotive & EV Engineer.,"[""CATIA"", ""MATLAB"", ""SolidWorks"", ""Vehicle Dynamics""]",[],"[""CATIA"", ""MATLAB"", ""SolidWorks"", ""Vehicle Dynamics""]",4
proj_0073,Industrial Effluent Membrane Filtration,Industrial Effluent Membrane Filtration. Reverse osmosis wastewater treatment plant for textile dyes.. Role: Process Engineer.,"[""Chemical Reaction Engineering"", ""Heat Transfer"", ""MATLAB""]",[],"[""Chemical Reaction Engineering"", ""Heat Transfer"", ""MATLAB""]",3
proj_0074,Green Hydrogen Electrolyzer Array,Green Hydrogen Electrolyzer Array. Proton exchange membrane stack layout and heat exchange unit.. Role: Process Engineer.,"[""Process Engineering"", ""Thermodynamics""]",[],"[""Process Engineering"", ""Thermodynamics""]",2
proj_0075,Microbial Fuel Cell Yield Monitor,Microbial Fuel Cell Yield Monitor. Sensory rig tracking bio-electricity output from wastewater bacteria.. Role: Bioinformatics Researcher.,"[""Bioprocess Engineering"", ""Data Analysis"", ""Microbiology""]","[""Bioinformatics""]","[""Bioinformatics"", ""Bioprocess Engineering"", ""Data Analysis"", ""Microbiology""]",4
proj_0076,Recombinant Protein Expression Assay,Recombinant Protein Expression Assay. High-efficiency bacterial culture protocol for therapeutic enzymes.. Role: Bioinformatics Researcher.,"[""CRISPR"", ""Molecular Biology""]","[""Bioinformatics""]","[""Bioinformatics"", ""CRISPR"", ""Molecular Biology""]",3
proj_0077,CRISPR Off-Target Predictive Tool,CRISPR Off-Target Predictive Tool. Bioinformatics sequence parser identifying non-specific gene edits.. Role: Bioinformatics Researcher.,"[""Bioinformatics"", ""Genomics"", ""Python"", ""R""]","[""Bioinformatics"", ""CRISPR""]","[""Bioinformatics"", ""CRISPR"", ""Genomics"", ""Python"", ""R""]",5
proj_0078,Microbial Fuel Cell Yield Monitor,Microbial Fuel Cell Yield Monitor. Sensory rig tracking bio-electricity output from wastewater bacteria.. Role: Bioinformatics Researcher.,"[""Bioprocess Engineering"", ""Data Analysis"", ""Microbiology""]","[""Bioinformatics""]","[""Bioinformatics"", ""Bioprocess Engineering"", ""Data Analysis"", ""Microbiology""]",4
proj_0079,Recombinant Protein Expression Assay,Recombinant Protein Expression Assay. High-efficiency bacterial culture protocol for therapeutic enzymes.. Role: Bioinformatics Researcher.,"[""CRISPR"", ""Molecular Biology""]","[""Bioinformatics""]","[""Bioinformatics"", ""CRISPR"", ""Molecular Biology""]",3
proj_0080,Non-Invasive Glucose Biosensor,Non-Invasive Glucose Biosensor. Optical near-infrared spectrophotometer measuring interstitial blood glucose.. Role: Medical AI Specialist.,"[""Biomedical Instrumentation"", ""MATLAB"", ""Medical AI"", ""Medical Image Processing""]","[""Medical AI""]","[""Biomedical Instrumentation"", ""MATLAB"", ""Medical AI"", ""Medical Image Processing""]",4
proj_0081,Prosthetic Myoelectric Hand Controller,Prosthetic Myoelectric Hand Controller. Surface EMG pattern recognition decoding hand gesture intent.. Role: Medical AI Specialist.,"[""LabVIEW"", ""Sensor Design"", ""Signal Processing""]","[""Medical AI""]","[""LabVIEW"", ""Medical AI"", ""Sensor Design"", ""Signal Processing""]",4
proj_0082,Smart ICU Patient Vital Predictor,Smart ICU Patient Vital Predictor. Predictive alert system flagging onset of septic shock.. Role: Medical AI Specialist.,"[""Biomedical Instrumentation"", ""Medical AI"", ""Python""]","[""Medical AI""]","[""Biomedical Instrumentation"", ""Medical AI"", ""Python""]",3
proj_0083,Hydroponic Nutrient Auto-Doser,Hydroponic Nutrient Auto-Doser. Closed-loop EC and pH control unit for greenhouse verti-farming.. Role: AgriTech Specialist.,"[""AgriTech"", ""Arduino"", ""IOT Sensors""]","[""AgriTech""]","[""AgriTech"", ""Arduino"", ""IOT Sensors""]",3
proj_0084,Solar Powered Drip Irrigation Router,Solar Powered Drip Irrigation Router. Soil moisture driven automated solenoid network for arid farms.. Role: AgriTech Specialist.,"[""AgriTech"", ""AutoCAD"", ""IOT Sensors""]","[""AgriTech""]","[""AgriTech"", ""AutoCAD"", ""IOT Sensors""]",3
proj_0085,Autonomous Crop Health Mapping Drone,Autonomous Crop Health Mapping Drone. Multispectral aerial imaging drone detecting nitrogen stress in crops.. Role: AgriTech Specialist.,"[""Drone Surveying"", ""GIS"", ""Precision Agriculture"", ""Python""]","[""AgriTech""]","[""AgriTech"", ""Drone Surveying"", ""GIS"", ""Precision Agriculture"", ""Python""]",5
proj_0086,Autonomous Crop Health Mapping Drone,Autonomous Crop Health Mapping Drone. Multispectral aerial imaging drone detecting nitrogen stress in crops.. Role: AgriTech Specialist.,"[""Drone Surveying"", ""GIS"", ""Precision Agriculture"", ""Python""]","[""AgriTech""]","[""AgriTech"", ""Drone Surveying"", ""GIS"", ""Precision Agriculture"", ""Python""]",5
proj_0087,CubeSat Thermal Radiator Shield,CubeSat Thermal Radiator Shield. Passive thermal control system for LEO nanosatellite electronics.. Role: Aerospace Systems Engineer.,"[""ANSYS"", ""CFD"", ""SolidWorks"", ""Thermal Systems""]",[],"[""ANSYS"", ""CFD"", ""SolidWorks"", ""Thermal Systems""]",4
proj_0088,Micro-Turbojet Combustion Chamber,Micro-Turbojet Combustion Chamber. Annular combustor designed for low emissions and high thrust-to-weight.. Role: Aerospace Systems Engineer.,"[""CATIA"", ""Flight Mechanics"", ""Simulink""]",[],"[""CATIA"", ""Flight Mechanics"", ""Simulink""]",3
proj_0089,Supersonic Nozzle Flow Analyzer,Supersonic Nozzle Flow Analyzer. Variable geometry convergent-divergent nozzle CFD simulation.. Role: Aerospace Systems Engineer.,"[""Aerodynamics"", ""MATLAB"", ""Propulsion Systems""]","[""CFD""]","[""Aerodynamics"", ""CFD"", ""MATLAB"", ""Propulsion Systems""]",4
proj_0090,Supersonic Nozzle Flow Analyzer,Supersonic Nozzle Flow Analyzer. Variable geometry convergent-divergent nozzle CFD simulation.. Role: Aerospace Systems Engineer.,"[""Aerodynamics"", ""MATLAB"", ""Propulsion Systems""]","[""CFD""]","[""Aerodynamics"", ""CFD"", ""MATLAB"", ""Propulsion Systems""]",4
proj_0091,Micro-Turbojet Combustion Chamber,Micro-Turbojet Combustion Chamber. Annular combustor designed for low emissions and high thrust-to-weight.. Role: Aerospace Systems Engineer.,"[""CATIA"", ""Flight Mechanics"", ""Simulink""]",[],"[""CATIA"", ""Flight Mechanics"", ""Simulink""]",3
proj_0092,CubeSat Thermal Radiator Shield,CubeSat Thermal Radiator Shield. Passive thermal control system for LEO nanosatellite electronics.. Role: Aerospace Systems Engineer.,"[""ANSYS"", ""CFD"", ""SolidWorks"", ""Thermal Systems""]",[],"[""ANSYS"", ""CFD"", ""SolidWorks"", ""Thermal Systems""]",4
proj_0093,Global Logistics Carbon Tracking Dashboard,Global Logistics Carbon Tracking Dashboard. Supply chain carbon footprint auditor with route optimization.. Role: Operations Analyst.,"[""Python"", ""SQL"", ""Six Sigma""]","[""Supply Chain""]","[""Python"", ""SQL"", ""Six Sigma"", ""Supply Chain""]",4
proj_0094,Global Logistics Carbon Tracking Dashboard,Global Logistics Carbon Tracking Dashboard. Supply chain carbon footprint auditor with route optimization.. Role: Operations Analyst.,"[""Python"", ""SQL"", ""Six Sigma""]","[""Supply Chain""]","[""Python"", ""SQL"", ""Six Sigma"", ""Supply Chain""]",4
proj_0095,Hospital Emergency Ward Bottleneck Model,Hospital Emergency Ward Bottleneck Model. Discrete event simulation optimizing nurse allocation and triage time.. Role: Operations Analyst.,"[""Arena Simulation"", ""Operations Research"", ""Process Optimization""]",[],"[""Arena Simulation"", ""Operations Research"", ""Process Optimization""]",3
proj_0096,Automated Fulfillment Warehouse Layout,Automated Fulfillment Warehouse Layout. SLP-based facility layout reducing order retrieval transit times.. Role: Operations Analyst.,"[""Lean Manufacturing"", ""Supply Chain Analytics"", ""Tableau""]",[],"[""Lean Manufacturing"", ""Supply Chain Analytics"", ""Tableau""]",3
proj_0097,Global Logistics Carbon Tracking Dashboard,Global Logistics Carbon Tracking Dashboard. Supply chain carbon footprint auditor with route optimization.. Role: Operations Analyst.,"[""Python"", ""SQL"", ""Six Sigma""]","[""Supply Chain""]","[""Python"", ""SQL"", ""Six Sigma"", ""Supply Chain""]",4
proj_0098,Automated Fulfillment Warehouse Layout,Automated Fulfillment Warehouse Layout. SLP-based facility layout reducing order retrieval transit times.. Role: Operations Analyst.,"[""Lean Manufacturing"", ""Supply Chain Analytics"", ""Tableau""]",[],"[""Lean Manufacturing"", ""Supply Chain Analytics"", ""Tableau""]",3
proj_0099,Hospital Emergency Ward Bottleneck Model,Hospital Emergency Ward Bottleneck Model. Discrete event simulation optimizing nurse allocation and triage time.. Role: Operations Analyst.,"[""Arena Simulation"", ""Operations Research"", ""Process Optimization""]",[],"[""Arena Simulation"", ""Operations Research"", ""Process Optimization""]",3
proj_0100,Smart Gas Leak Optical Detector,Smart Gas Leak Optical Detector. NDIR sensor unit with wireless alarm reporting for chemical plants.. Role: Instrumentation Engineer.,"[""LabVIEW"", ""PLC"", ""Sensors & Transducers""]","[""Instrumentation""]","[""Instrumentation"", ""LabVIEW"", ""PLC"", ""Sensors & Transducers""]",4
proj_0101,Ultra-Precise Vibration Calibration Rig,Ultra-Precise Vibration Calibration Rig. Piezo-actuated shaker table for accelerometer calibration.. Role: Instrumentation Engineer.,"[""Instrumentation Design"", ""SCADA"", ""Signal Processing""]","[""Instrumentation""]","[""Instrumentation"", ""Instrumentation Design"", ""SCADA"", ""Signal Processing""]",4
proj_0102,Ultra-Precise Vibration Calibration Rig,Ultra-Precise Vibration Calibration Rig. Piezo-actuated shaker table for accelerometer calibration.. Role: Instrumentation Engineer.,"[""Instrumentation Design"", ""SCADA"", ""Signal Processing""]","[""Instrumentation""]","[""Instrumentation"", ""Instrumentation Design"", ""SCADA"", ""Signal Processing""]",4
proj_0103,Ultra-Precise Vibration Calibration Rig,Ultra-Precise Vibration Calibration Rig. Piezo-actuated shaker table for accelerometer calibration.. Role: Instrumentation Engineer.,"[""Instrumentation Design"", ""SCADA"", ""Signal Processing""]","[""Instrumentation""]","[""Instrumentation"", ""Instrumentation Design"", ""SCADA"", ""Signal Processing""]",4
proj_0104,Urban Climate Micro-District Plan,Urban Climate Micro-District Plan. Transit-oriented mixed-use masterplan reducing urban heat island effect.. Role: BIM Designer.,"[""AutoCAD"", ""Photoshop"", ""Urban Planning""]","[""BIM""]","[""AutoCAD"", ""BIM"", ""Photoshop"", ""Urban Planning""]",4
proj_0105,Net-Zero Energy Campus Library,Net-Zero Energy Campus Library. Parametric passive solar design with green roof integration.. Role: BIM Designer.,"[""Architectural Design"", ""BIM (Building Information Modeling)"", ""Revit"", ""Rhino 3D""]","[""BIM""]","[""Architectural Design"", ""BIM"", ""BIM (Building Information Modeling)"", ""Revit"", ""Rhino 3D""]",5
proj_0106,Parametric Bamboo Timber Pavilion,Parametric Bamboo Timber Pavilion. Curvilinear public canopy generated using algorithmic geometric rules.. Role: BIM Designer.,"[""3D Visualization"", ""Grasshopper"", ""SketchUp""]","[""BIM""]","[""3D Visualization"", ""BIM"", ""Grasshopper"", ""SketchUp""]",4
proj_0107,Net-Zero Energy Campus Library,Net-Zero Energy Campus Library. Parametric passive solar design with green roof integration.. Role: BIM Designer.,"[""Architectural Design"", ""BIM (Building Information Modeling)"", ""Revit"", ""Rhino 3D""]","[""BIM""]","[""Architectural Design"", ""BIM"", ""BIM (Building Information Modeling)"", ""Revit"", ""Rhino 3D""]",5
proj_0108,Urban Climate Micro-District Plan,Urban Climate Micro-District Plan. Transit-oriented mixed-use masterplan reducing urban heat island effect.. Role: BIM Designer.,"[""AutoCAD"", ""Photoshop"", ""Urban Planning""]","[""BIM""]","[""AutoCAD"", ""BIM"", ""Photoshop"", ""Urban Planning""]",4
proj_0109,Urban Climate Micro-District Plan,Urban Climate Micro-District Plan. Transit-oriented mixed-use masterplan reducing urban heat island effect.. Role: BIM Designer.,"[""AutoCAD"", ""Photoshop"", ""Urban Planning""]","[""BIM""]","[""AutoCAD"", ""BIM"", ""Photoshop"", ""Urban Planning""]",4
proj_0110,Parametric Bamboo Timber Pavilion,Parametric Bamboo Timber Pavilion. Curvilinear public canopy generated using algorithmic geometric rules.. Role: BIM Designer.,"[""3D Visualization"", ""Grasshopper"", ""SketchUp""]","[""BIM""]","[""3D Visualization"", ""BIM"", ""Grasshopper"", ""SketchUp""]",4
proj_0111,Net-Zero Energy Campus Library,Net-Zero Energy Campus Library. Parametric passive solar design with green roof integration.. Role: BIM Designer.,"[""Architectural Design"", ""BIM (Building Information Modeling)"", ""Revit"", ""Rhino 3D""]","[""BIM""]","[""Architectural Design"", ""BIM"", ""BIM (Building Information Modeling)"", ""Revit"", ""Rhino 3D""]",5
proj_0112,Virtual AR Apparel Fitting Room,Virtual AR Apparel Fitting Room. Real-time 3D cloth simulation for online e-commerce sizing.. Role: UI/Creative Designer.,"[""Fashion CAD"", ""Photoshop"", ""UI Design""]",[],"[""Fashion CAD"", ""Photoshop"", ""UI Design""]",3
proj_0113,Zero-Waste Pattern Generation Engine,Zero-Waste Pattern Generation Engine. Nested layout generator minimizing fabric cutting waste.. Role: UI/Creative Designer.,"[""Garment Manufacturing"", ""Pattern Making""]",[],"[""Garment Manufacturing"", ""Pattern Making""]",2
proj_0114,Zero-Waste Pattern Generation Engine,Zero-Waste Pattern Generation Engine. Nested layout generator minimizing fabric cutting waste.. Role: UI/Creative Designer.,"[""Garment Manufacturing"", ""Pattern Making""]",[],"[""Garment Manufacturing"", ""Pattern Making""]",2
proj_0115,Circular Textile Upcycling Tracker,Circular Textile Upcycling Tracker. QR-code powered garment lifecycle passport tracking recycled fibers.. Role: UI/Creative Designer.,"[""Adobe Illustrator"", ""Fashion Merchandising"", ""Textile Design""]",[],"[""Adobe Illustrator"", ""Fashion Merchandising"", ""Textile Design""]",3
proj_0116,Virtual AR Apparel Fitting Room,Virtual AR Apparel Fitting Room. Real-time 3D cloth simulation for online e-commerce sizing.. Role: UI/Creative Designer.,"[""Fashion CAD"", ""Photoshop"", ""UI Design""]",[],"[""Fashion CAD"", ""Photoshop"", ""UI Design""]",3
proj_0117,Virtual AR Apparel Fitting Room,Virtual AR Apparel Fitting Room. Real-time 3D cloth simulation for online e-commerce sizing.. Role: UI/Creative Designer.,"[""Fashion CAD"", ""Photoshop"", ""UI Design""]",[],"[""Fashion CAD"", ""Photoshop"", ""UI Design""]",3
proj_0118,Automated Machine Learning Workbench,Automated Machine Learning Workbench. No-code model exploration tool comparing cross-validation scores.. Role: Data Engineer.,"[""Pandas"", ""Python"", ""Scikit-Learn"", ""Streamlit""]",[],"[""Pandas"", ""Python"", ""Scikit-Learn"", ""Streamlit""]",4
proj_0119,Geospatial Real Estate Value Mapper,Geospatial Real Estate Value Mapper. Interactive pricing map using satellite land feature vectors.. Role: Data Engineer.,"[""Power BI"", ""R"", ""SQL"", ""Tableau""]",[],"[""Power BI"", ""R"", ""SQL"", ""Tableau""]",4
proj_0120,Realtime E-Commerce Trend Predictor,Realtime E-Commerce Trend Predictor. Streaming clickstream aggregator classifying buyer intent live.. Role: Data Engineer.,"[""Apache Spark"", ""Big Data"", ""Python"", ""SQL""]",[],"[""Apache Spark"", ""Big Data"", ""Python"", ""SQL""]",4
proj_0121,Geospatial Real Estate Value Mapper,Geospatial Real Estate Value Mapper. Interactive pricing map using satellite land feature vectors.. Role: Data Engineer.,"[""Power BI"", ""R"", ""SQL"", ""Tableau""]",[],"[""Power BI"", ""R"", ""SQL"", ""Tableau""]",4
proj_0122,Geospatial Real Estate Value Mapper,Geospatial Real Estate Value Mapper. Interactive pricing map using satellite land feature vectors.. Role: Data Engineer.,"[""Power BI"", ""R"", ""SQL"", ""Tableau""]",[],"[""Power BI"", ""R"", ""SQL"", ""Tableau""]",4
proj_0123,Automated Malware Sandbox Runner,Automated Malware Sandbox Runner. Isolated dynamic analysis platform extracting C2 indicators.. Role: Security Analyst.,"[""Kali Linux"", ""Metasploit"", ""Reverse Engineering"", ""Wireshark""]",[],"[""Kali Linux"", ""Metasploit"", ""Reverse Engineering"", ""Wireshark""]",4
proj_0124,Zero-Trust IAM Policy Validator,Zero-Trust IAM Policy Validator. Static analysis tool identifying over-privileged cloud infrastructure roles.. Role: Security Analyst.,"[""Cloud Security"", ""Network Security"", ""OAuth 2.0"", ""Python""]",[],"[""Cloud Security"", ""Network Security"", ""OAuth 2.0"", ""Python""]",4
proj_0125,Automated Malware Sandbox Runner,Automated Malware Sandbox Runner. Isolated dynamic analysis platform extracting C2 indicators.. Role: Security Analyst.,"[""Kali Linux"", ""Metasploit"", ""Reverse Engineering"", ""Wireshark""]",[],"[""Kali Linux"", ""Metasploit"", ""Reverse Engineering"", ""Wireshark""]",4
proj_0126,Container Vulnerability Scanner,Container Vulnerability Scanner. Image layer scanner checking CVE databases before deployment.. Role: Security Analyst.,"[""Burp Suite"", ""Docker"", ""Penetration Testing""]",[],"[""Burp Suite"", ""Docker"", ""Penetration Testing""]",3
proj_0127,Zero-Trust IAM Policy Validator,Zero-Trust IAM Policy Validator. Static analysis tool identifying over-privileged cloud infrastructure roles.. Role: Security Analyst.,"[""Cloud Security"", ""Network Security"", ""OAuth 2.0"", ""Python""]",[],"[""Cloud Security"", ""Network Security"", ""OAuth 2.0"", ""Python""]",4
proj_0128,D2C Brand Customer Retention Engine,D2C Brand Customer Retention Engine. Cohort analysis dashboard identifying high LTV buyer segments.. Role: Product Manager.,"[""Agile/Scrum"", ""Salesforce"", ""Strategic Planning""]",[],"[""Agile/Scrum"", ""Salesforce"", ""Strategic Planning""]",3
proj_0129,FinTech Micro-Credit Risk Matrix,FinTech Micro-Credit Risk Matrix. Credit scoring framework for informal sector small business loans.. Role: Product Manager.,"[""Business Analysis"", ""Financial Modeling"", ""Power BI""]",[],"[""Business Analysis"", ""Financial Modeling"", ""Power BI""]",3
proj_0130,D2C Brand Customer Retention Engine,D2C Brand Customer Retention Engine. Cohort analysis dashboard identifying high LTV buyer segments.. Role: Product Manager.,"[""Agile/Scrum"", ""Salesforce"", ""Strategic Planning""]",[],"[""Agile/Scrum"", ""Salesforce"", ""Strategic Planning""]",3
proj_0131,EdTech B2B Market Entry Strategy,EdTech B2B Market Entry Strategy. Go-to-market analysis and financial projection for tier-3 Indian college sales.. Role: Product Manager.,"[""Financial Modeling"", ""Market Research"", ""Presentation"", ""Product Management""]","[""Go""]","[""Financial Modeling"", ""Go"", ""Market Research"", ""Presentation"", ""Product Management""]",5
proj_0132,D2C Brand Customer Retention Engine,D2C Brand Customer Retention Engine. Cohort analysis dashboard identifying high LTV buyer segments.. Role: Product Manager.,"[""Agile/Scrum"", ""Salesforce"", ""Strategic Planning""]",[],"[""Agile/Scrum"", ""Salesforce"", ""Strategic Planning""]",3
proj_0133,EdTech B2B Market Entry Strategy,EdTech B2B Market Entry Strategy. Go-to-market analysis and financial projection for tier-3 Indian college sales.. Role: Product Manager.,"[""Financial Modeling"", ""Market Research"", ""Presentation"", ""Product Management""]","[""Go""]","[""Financial Modeling"", ""Go"", ""Market Research"", ""Presentation"", ""Product Management""]",5
proj_0134,FinTech Micro-Credit Risk Matrix,FinTech Micro-Credit Risk Matrix. Credit scoring framework for informal sector small business loans.. Role: Product Manager.,"[""Business Analysis"", ""Financial Modeling"", ""Power BI""]",[],"[""Business Analysis"", ""Financial Modeling"", ""Power BI""]",3
proj_0135,Automated CI/CD Deployment Suite,Automated CI/CD Deployment Suite. Dockerized deployment pipeline with automated unit testing.. Role: Backend Developer.,"[""AWS"", ""Docker"", ""Git"", ""Python""]","[""CI/CD""]","[""AWS"", ""CI/CD"", ""Docker"", ""Git"", ""Python""]",5
proj_0136,Realtime Event Management Portal,Realtime Event Management Portal. Full stack portal with QR ticket validation and live attendance.. Role: Backend Developer.,"[""Express.js"", ""MongoDB"", ""Node.js"", ""React""]",[],"[""Express.js"", ""MongoDB"", ""Node.js"", ""React""]",4
proj_0137,Scalable Microservices E-Commerce API,Scalable Microservices E-Commerce API. Decoupled backend API handling inventory management and payments.. Role: Backend Developer.,"[""Docker"", ""Java"", ""PostgreSQL"", ""Spring Boot""]","[""Microservices""]","[""Docker"", ""Java"", ""Microservices"", ""PostgreSQL"", ""Spring Boot""]",5
proj_0138,Realtime Event Management Portal,Realtime Event Management Portal. Full stack portal with QR ticket validation and live attendance.. Role: Backend Developer.,"[""Express.js"", ""MongoDB"", ""Node.js"", ""React""]",[],"[""Express.js"", ""MongoDB"", ""Node.js"", ""React""]",4
proj_0139,Scalable Microservices E-Commerce API,Scalable Microservices E-Commerce API. Decoupled backend API handling inventory management and payments.. Role: Backend Developer.,"[""Docker"", ""Java"", ""PostgreSQL"", ""Spring Boot""]","[""Microservices""]","[""Docker"", ""Java"", ""Microservices"", ""PostgreSQL"", ""Spring Boot""]",5
proj_0140,AI-Driven Automobile Predictive Analytics Engine,AI-Driven Automobile Predictive Analytics Engine. Machine learning pipeline leveraging Python for anomaly detection and forecasting in Automobile.. Role: ML Engineer.,"[""Linux"", ""Presentation"", ""Python""]","[""Python""]","[""Linux"", ""Presentation"", ""Python""]",3
proj_0141,IoT-Based Cloud Monitoring Mesh,IoT-Based Cloud Monitoring Mesh. Distributed telemetry network with embedded sensors for real-time Cloud data analysis.. Role: Embedded Systems Developer.,"[""Burp Suite"", ""Ethical Hacking"", ""Presentation"", ""Python""]","[""Data Analysis"", ""Embedded Systems"", ""Embedded Systems Developer"", ""IoT"", ""Sensors"", ""Telemetry""]","[""Burp Suite"", ""Data Analysis"", ""Embedded Systems"", ""Embedded Systems Developer"", ""Ethical Hacking"", ""IoT"", ""Presentation"", ""Python"", ""Sensors"", ""Telemetry""]",10
proj_0142,Autonomous Android Navigation System,Autonomous Android Navigation System. Real-time path planning and obstacle avoidance pipeline utilizing Android and sensor fusion.. Role: AI Developer.,"[""Android"", ""React"", ""Spring Boot""]","[""Android"", ""Obstacle Avoidance"", ""Path Planning"", ""Sensor Fusion""]","[""Android"", ""Obstacle Avoidance"", ""Path Planning"", ""React"", ""Sensor Fusion"", ""Spring Boot""]",6
proj_0143,Precision Robotics Simulation Suite,Precision Robotics Simulation Suite. High-fidelity finite element modeling and fluid dynamics analysis platform built with Electric Drive Systems.. Role: CAD/CAE Engineer.,"[""ANSYS"", ""Electric Drive Systems"", ""Powertrain Design"", ""Rapid Prototyping""]","[""Electric Drive Systems""]","[""ANSYS"", ""Electric Drive Systems"", ""Powertrain Design"", ""Rapid Prototyping""]",4
proj_0144,Autonomous AutoCAD Navigation System,Autonomous AutoCAD Navigation System. Real-time path planning and obstacle avoidance pipeline utilizing AutoCAD and sensor fusion.. Role: Robotics Engineer.,"[""ANSYS"", ""AutoCAD"", ""Rapid Prototyping""]","[""AutoCAD"", ""Obstacle Avoidance"", ""Path Planning"", ""Robotics Engineer"", ""Sensor Fusion""]","[""ANSYS"", ""AutoCAD"", ""Obstacle Avoidance"", ""Path Planning"", ""Rapid Prototyping"", ""Robotics Engineer"", ""Sensor Fusion""]",7
proj_0145,Bio-Inspired Civil Diagnostic Pipeline,Bio-Inspired Civil Diagnostic Pipeline. Computational genomics and sequence analysis tool leveraging ASPEN Plus for medical diagnostics.. Role: Bioinformatics Specialist.,"[""ASPEN Plus"", ""Chemical Safety"", ""Heat Transfer"", ""Polymer Chemistry"", ""Reaction Engineering""]","[""ASPEN Plus"", ""Bioinformatics"", ""Bioinformatics Specialist"", ""Genomics""]","[""ASPEN Plus"", ""Bioinformatics"", ""Bioinformatics Specialist"", ""Chemical Safety"", ""Genomics"", ""Heat Transfer"", ""Polymer Chemistry"", ""Reaction Engineering""]",8
proj_0146,IoT-Based AI/ML Monitoring Mesh,IoT-Based AI/ML Monitoring Mesh. Distributed telemetry network with embedded sensors for real-time AI/ML data analysis.. Role: IoT Specialist.,"[""CATIA"", ""MATLAB"", ""Powertrain Design"", ""Presentation""]","[""Data Analysis"", ""IoT"", ""Sensors"", ""Telemetry""]","[""CATIA"", ""Data Analysis"", ""IoT"", ""MATLAB"", ""Powertrain Design"", ""Presentation"", ""Sensors"", ""Telemetry""]",8
proj_0147,Bio-Inspired Automobile Diagnostic Pipeline,Bio-Inspired Automobile Diagnostic Pipeline. Computational genomics and sequence analysis tool leveraging Raspberry Pi for medical diagnostics.. Role: Data Analyst.,"[""ROS"", ""Raspberry Pi"", ""Robotics Kinematics""]","[""Genomics"", ""Raspberry Pi""]","[""Genomics"", ""ROS"", ""Raspberry Pi"", ""Robotics Kinematics""]",4
proj_0148,Cloud-Native Logistics Security Shield,Cloud-Native Logistics Security Shield. Zero-trust security monitoring and intrusion detection system using Vehicle Dynamics.. Role: Cybersecurity Analyst.,"[""CFD"", ""MATLAB"", ""Vehicle Dynamics""]","[""Cybersecurity"", ""Cybersecurity Analyst"", ""Vehicle Dynamics""]","[""CFD"", ""Cybersecurity"", ""Cybersecurity Analyst"", ""MATLAB"", ""Vehicle Dynamics""]",5
proj_0149,AI-Driven Civil Predictive Analytics Engine,AI-Driven Civil Predictive Analytics Engine. Machine learning pipeline leveraging Powertrain Design for anomaly detection and forecasting in Civil.. Role: ML Engineer.,"[""CFD"", ""Electric Drive Systems"", ""Powertrain Design""]","[""Powertrain Design""]","[""CFD"", ""Electric Drive Systems"", ""Powertrain Design""]",3
proj_0150,Precision EdTech Simulation Suite,Precision EdTech Simulation Suite. High-fidelity finite element modeling and fluid dynamics analysis platform built with Urban Planning.. Role: CAD/CAE Engineer.,"[""Problem Solving"", ""Urban Planning""]","[""Urban Planning""]","[""Problem Solving"", ""Urban Planning""]",2
proj_0151,IoT-Based Biotech Monitoring Mesh,IoT-Based Biotech Monitoring Mesh. Distributed telemetry network with embedded sensors for real-time Biotech data analysis.. Role: Embedded Systems Developer.,"[""Geotechnical Engineering"", ""Rapid Prototyping"", ""STAAD Pro"", ""Structural Analysis"", ""Surveying""]","[""Data Analysis"", ""Embedded Systems"", ""Embedded Systems Developer"", ""IoT"", ""Sensors"", ""Telemetry""]","[""Data Analysis"", ""Embedded Systems"", ""Embedded Systems Developer"", ""Geotechnical Engineering"", ""IoT"", ""Rapid Prototyping"", ""STAAD Pro"", ""Sensors"", ""Structural Analysis"", ""Surveying"", ""Telemetry""]",11
proj_0152,Cloud-Native CleanTech Security Shield,Cloud-Native CleanTech Security Shield. Zero-trust security monitoring and intrusion detection system using R.. Role: Cybersecurity Analyst.,"[""Bioprocess Engineering"", ""CRISPR Design"", ""R""]","[""Cybersecurity"", ""Cybersecurity Analyst"", ""R""]","[""Bioprocess Engineering"", ""CRISPR Design"", ""Cybersecurity"", ""Cybersecurity Analyst"", ""R""]",5
proj_0153,Cloud-Native Design Security Shield,Cloud-Native Design Security Shield. Zero-trust security monitoring and intrusion detection system using Linux.. Role: Cybersecurity Analyst.,"[""Burp Suite"", ""Cryptography"", ""Git"", ""Linux"", ""Python""]","[""Cybersecurity"", ""Cybersecurity Analyst"", ""Linux""]","[""Burp Suite"", ""Cryptography"", ""Cybersecurity"", ""Cybersecurity Analyst"", ""Git"", ""Linux"", ""Python""]",7
proj_0154,Bio-Inspired Biotech Diagnostic Pipeline,Bio-Inspired Biotech Diagnostic Pipeline. Computational genomics and sequence analysis tool leveraging Precision Agriculture for medical diagnostics.. Role: Data Analyst.,"[""AutoCAD"", ""Precision Agriculture"", ""Remote Sensing""]","[""Genomics"", ""Precision Agriculture""]","[""AutoCAD"", ""Genomics"", ""Precision Agriculture"", ""Remote Sensing""]",4
proj_0155,AI-Driven Cloud Predictive Analytics Engine,AI-Driven Cloud Predictive Analytics Engine. Machine learning pipeline leveraging Chemical Safety for anomaly detection and forecasting in Cloud.. Role: ML Engineer.,"[""Chemical Safety"", ""Git"", ""Heat Transfer"", ""MATLAB""]","[""Chemical Safety""]","[""Chemical Safety"", ""Git"", ""Heat Transfer"", ""MATLAB""]",4
proj_0156,Precision Cloud Simulation Suite,Precision Cloud Simulation Suite. High-fidelity finite element modeling and fluid dynamics analysis platform built with Pandas.. Role: CAD/CAE Engineer.,"[""Pandas"", ""Problem Solving"", ""Scikit-Learn""]","[""Pandas""]","[""Pandas"", ""Problem Solving"", ""Scikit-Learn""]",3
proj_0157,Precision Civil Simulation Suite,Precision Civil Simulation Suite. High-fidelity finite element modeling and fluid dynamics analysis platform built with React.. Role: CAD/CAE Engineer.,"[""AWS"", ""Cloud Computing"", ""Firebase"", ""React""]","[""React""]","[""AWS"", ""Cloud Computing"", ""Firebase"", ""React""]",4
proj_0158,NextGen IoT Mobile Assistant,NextGen IoT Mobile Assistant. Cross-platform mobile application built using Biomedical Signal Processing to streamline workflow management in IoT.. Role: UI/UX Designer.,"[""Arduino"", ""Biomedical Signal Processing"", ""MATLAB"", ""SolidWorks""]","[""Biomedical Signal Processing"", ""IoT"", ""Signal Processing"", ""UI/UX Designer""]","[""Arduino"", ""Biomedical Signal Processing"", ""IoT"", ""MATLAB"", ""Signal Processing"", ""SolidWorks"", ""UI/UX Designer""]",7
proj_0159,AI-Driven EdTech Predictive Analytics Engine,AI-Driven EdTech Predictive Analytics Engine. Machine learning pipeline leveraging Data Analytics for anomaly detection and forecasting in EdTech.. Role: ML Engineer.,"[""Data Analytics"", ""Pitching"", ""Strategic Planning"", ""Team Leadership""]","[""Data Analytics""]","[""Data Analytics"", ""Pitching"", ""Strategic Planning"", ""Team Leadership""]",4
proj_0160,Autonomous Team Leadership Navigation System,Autonomous Team Leadership Navigation System. Real-time path planning and obstacle avoidance pipeline utilizing Team Leadership and sensor fusion.. Role: AI Developer.,"[""Communication"", ""Git"", ""Team Leadership""]","[""Obstacle Avoidance"", ""Path Planning"", ""Sensor Fusion"", ""Team Leadership""]","[""Communication"", ""Git"", ""Obstacle Avoidance"", ""Path Planning"", ""Sensor Fusion"", ""Team Leadership""]",6
proj_0161,NextGen FinTech Mobile Assistant,NextGen FinTech Mobile Assistant. Cross-platform mobile application built using Hydrology to streamline workflow management in FinTech.. Role: Mobile Developer.,"[""GIS"", ""Hydrology"", ""Problem Solving""]","[""Hydrology"", ""Mobile Developer""]","[""GIS"", ""Hydrology"", ""Mobile Developer"", ""Problem Solving""]",4
proj_0162,Cloud-Native Web Security Shield,Cloud-Native Web Security Shield. Zero-trust security monitoring and intrusion detection system using SOC Analysis.. Role: DevOps Engineer.,"[""Burp Suite"", ""Penetration Testing"", ""SOC Analysis"", ""Team Leadership""]","[""DevOps"", ""DevOps Engineer"", ""SOC Analysis""]","[""Burp Suite"", ""DevOps"", ""DevOps Engineer"", ""Penetration Testing"", ""SOC Analysis"", ""Team Leadership""]",6
proj_0163,AI-Driven EdTech Predictive Analytics Engine,AI-Driven EdTech Predictive Analytics Engine. Machine learning pipeline leveraging Embedded Systems for anomaly detection and forecasting in EdTech.. Role: ML Engineer.,"[""Communication"", ""Embedded Systems"", ""MATLAB"", ""Process Control""]","[""Embedded Systems""]","[""Communication"", ""Embedded Systems"", ""MATLAB"", ""Process Control""]",4
proj_0164,IoT-Based FinTech Monitoring Mesh,IoT-Based FinTech Monitoring Mesh. Distributed telemetry network with embedded sensors for real-time FinTech data analysis.. Role: IoT Specialist.,"[""Communication"", ""Hadoop"", ""Pandas""]","[""Data Analysis"", ""IoT"", ""Sensors"", ""Telemetry""]","[""Communication"", ""Data Analysis"", ""Hadoop"", ""IoT"", ""Pandas"", ""Sensors"", ""Telemetry""]",7
proj_0165,Cloud-Native Civil Security Shield,Cloud-Native Civil Security Shield. Zero-trust security monitoring and intrusion detection system using Microservices.. Role: Cybersecurity Analyst.,"[""Git"", ""Microservices"", ""Rapid Prototyping"", ""Rust"", ""System Design""]","[""Cybersecurity"", ""Cybersecurity Analyst"", ""Microservices""]","[""Cybersecurity"", ""Cybersecurity Analyst"", ""Git"", ""Microservices"", ""Rapid Prototyping"", ""Rust"", ""System Design""]",7
proj_0166,AI-Driven CleanTech Predictive Analytics Engine,AI-Driven CleanTech Predictive Analytics Engine. Machine learning pipeline leveraging OpenCV for anomaly detection and forecasting in CleanTech.. Role: Data Scientist.,"[""OpenCV"", ""Problem Solving"", ""PyTorch"", ""Vector Embeddings""]","[""Data Scientist"", ""OpenCV""]","[""Data Scientist"", ""OpenCV"", ""Problem Solving"", ""PyTorch"", ""Vector Embeddings""]",5
proj_0167,Precision CleanTech Simulation Suite,Precision CleanTech Simulation Suite. High-fidelity finite element modeling and fluid dynamics analysis platform built with OpenCV.. Role: Simulation Specialist.,"[""OpenCV"", ""Problem Solving"", ""PyTorch"", ""Rapid Prototyping""]","[""OpenCV""]","[""OpenCV"", ""Problem Solving"", ""PyTorch"", ""Rapid Prototyping""]",4
proj_0168,Decentralized Motion Planning Smart Platform,Decentralized Motion Planning Smart Platform. High-throughput microservices architecture powered by Motion Planning for scalable transaction processing.. Role: Backend Engineer.,"[""Autonomous Navigation"", ""Motion Planning"", ""Rapid Prototyping"", ""Robotics Kinematics""]","[""Backend Engineer"", ""Microservices"", ""Motion Planning""]","[""Autonomous Navigation"", ""Backend Engineer"", ""Microservices"", ""Motion Planning"", ""Rapid Prototyping"", ""Robotics Kinematics""]",6
proj_0169,NextGen Aerospace Mobile Assistant,NextGen Aerospace Mobile Assistant. Cross-platform mobile application built using Team Leadership to streamline workflow management in Aerospace.. Role: UI/UX Designer.,"[""Rapid Prototyping"", ""Strategic Planning"", ""Team Leadership""]","[""Team Leadership"", ""UI/UX Designer""]","[""Rapid Prototyping"", ""Strategic Planning"", ""Team Leadership"", ""UI/UX Designer""]",4
proj_0170,Decentralized Team Leadership Smart Platform,Decentralized Team Leadership Smart Platform. High-throughput microservices architecture powered by Team Leadership for scalable transaction processing.. Role: Full Stack Developer.,"[""Pitching"", ""Strategic Planning"", ""Team Leadership""]","[""Full Stack Developer"", ""Microservices"", ""Team Leadership""]","[""Full Stack Developer"", ""Microservices"", ""Pitching"", ""Strategic Planning"", ""Team Leadership""]",5
proj_0171,AI-Driven Cybersecurity Predictive Analytics Engine,AI-Driven Cybersecurity Predictive Analytics Engine. Machine learning pipeline leveraging Bioinformatics for anomaly detection and forecasting in Cybersecurity.. Role: ML Engineer.,"[""Bioinformatics"", ""Biostatistics"", ""Presentation"", ""PyMOL""]","[""Bioinformatics"", ""Cybersecurity""]","[""Bioinformatics"", ""Biostatistics"", ""Cybersecurity"", ""Presentation"", ""PyMOL""]",5
proj_0172,Precision Cloud Simulation Suite,Precision Cloud Simulation Suite. High-fidelity finite element modeling and fluid dynamics analysis platform built with Team Leadership.. Role: Simulation Specialist.,"[""Presentation"", ""Strategic Planning"", ""Team Leadership""]","[""Team Leadership""]","[""Presentation"", ""Strategic Planning"", ""Team Leadership""]",3
proj_0173,AI-Driven Product Predictive Analytics Engine,AI-Driven Product Predictive Analytics Engine. Machine learning pipeline leveraging Hydrology for anomaly detection and forecasting in Product.. Role: Data Scientist.,"[""Git"", ""Hydrology"", ""Revit""]","[""Data Scientist"", ""Hydrology""]","[""Data Scientist"", ""Git"", ""Hydrology"", ""Revit""]",4
proj_0174,Precision CleanTech Simulation Suite,Precision CleanTech Simulation Suite. High-fidelity finite element modeling and fluid dynamics analysis platform built with OWASP.. Role: CAD/CAE Engineer.,"[""Cryptography"", ""Ethical Hacking"", ""OWASP"", ""Team Leadership""]","[""OWASP""]","[""Cryptography"", ""Ethical Hacking"", ""OWASP"", ""Team Leadership""]",4
proj_0175,Cloud-Native EdTech Security Shield,Cloud-Native EdTech Security Shield. Zero-trust security monitoring and intrusion detection system using Hydrology.. Role: DevOps Engineer.,"[""Drone Mapping"", ""Hydrology"", ""Soil Mechanics"", ""Team Leadership""]","[""DevOps"", ""DevOps Engineer"", ""Hydrology""]","[""DevOps"", ""DevOps Engineer"", ""Drone Mapping"", ""Hydrology"", ""Soil Mechanics"", ""Team Leadership""]",6
proj_0176,AI-Driven Mobile Predictive Analytics Engine,AI-Driven Mobile Predictive Analytics Engine. Machine learning pipeline leveraging Arduino for anomaly detection and forecasting in Mobile.. Role: ML Engineer.,"[""Arduino"", ""Rapid Prototyping"", ""SCADA""]","[""Arduino""]","[""Arduino"", ""Rapid Prototyping"", ""SCADA""]",3
proj_0177,Bio-Inspired Design Diagnostic Pipeline,Bio-Inspired Design Diagnostic Pipeline. Computational genomics and sequence analysis tool leveraging Genomics for medical diagnostics.. Role: Bioinformatics Specialist.,"[""Biostatistics"", ""Genomics"", ""Molecular Biology""]","[""Bioinformatics"", ""Bioinformatics Specialist"", ""Genomics""]","[""Bioinformatics"", ""Bioinformatics Specialist"", ""Biostatistics"", ""Genomics"", ""Molecular Biology""]",5
proj_0178,Decentralized Heat Transfer Smart Platform,Decentralized Heat Transfer Smart Platform. High-throughput microservices architecture powered by Heat Transfer for scalable transaction processing.. Role: Full Stack Developer.,"[""Chemical Safety"", ""Communication"", ""Heat Transfer"", ""Process Control"", ""Reaction Engineering""]","[""Full Stack Developer"", ""Heat Transfer"", ""Microservices""]","[""Chemical Safety"", ""Communication"", ""Full Stack Developer"", ""Heat Transfer"", ""Microservices"", ""Process Control"", ""Reaction Engineering""]",7
proj_0179,Precision Aerospace Simulation Suite,Precision Aerospace Simulation Suite. High-fidelity finite element modeling and fluid dynamics analysis platform built with Python.. Role: Simulation Specialist.,"[""Pandas"", ""Prompt Engineering"", ""Python"", ""TensorFlow""]","[""Python""]","[""Pandas"", ""Prompt Engineering"", ""Python"", ""TensorFlow""]",4
proj_0180,Autonomous Polymer Chemistry Navigation System,Autonomous Polymer Chemistry Navigation System. Real-time path planning and obstacle avoidance pipeline utilizing Polymer Chemistry and sensor fusion.. Role: AI Developer.,"[""ASPEN Plus"", ""Chemical Safety"", ""Polymer Chemistry""]","[""Obstacle Avoidance"", ""Path Planning"", ""Polymer Chemistry"", ""Sensor Fusion""]","[""ASPEN Plus"", ""Chemical Safety"", ""Obstacle Avoidance"", ""Path Planning"", ""Polymer Chemistry"", ""Sensor Fusion""]",6
proj_0181,Decentralized CFD Smart Platform,Decentralized CFD Smart Platform. High-throughput microservices architecture powered by CFD for scalable transaction processing.. Role: Full Stack Developer.,"[""AutoCAD"", ""CFD""]","[""CFD"", ""Full Stack Developer"", ""Microservices""]","[""AutoCAD"", ""CFD"", ""Full Stack Developer"", ""Microservices""]",4
proj_0182,Bio-Inspired AI/ML Diagnostic Pipeline,Bio-Inspired AI/ML Diagnostic Pipeline. Computational genomics and sequence analysis tool leveraging Arena Simulation for medical diagnostics.. Role: Data Analyst.,"[""Arena Simulation"", ""Git"", ""Python""]","[""Arena Simulation"", ""Genomics""]","[""Arena Simulation"", ""Genomics"", ""Git"", ""Python""]",4
proj_0183,Cloud-Native AI/ML Security Shield,Cloud-Native AI/ML Security Shield. Zero-trust security monitoring and intrusion detection system using Supply Chain.. Role: DevOps Engineer.,"[""Git"", ""Problem Solving"", ""Python"", ""Supply Chain""]","[""DevOps"", ""DevOps Engineer"", ""Supply Chain""]","[""DevOps"", ""DevOps Engineer"", ""Git"", ""Problem Solving"", ""Python"", ""Supply Chain""]",6
proj_0184,NextGen Aerospace Mobile Assistant,NextGen Aerospace Mobile Assistant. Cross-platform mobile application built using AutoCAD to streamline workflow management in Aerospace.. Role: Mobile Developer.,"[""AutoCAD"", ""Communication"", ""Drone Mapping"", ""Hydrology"", ""Soil Mechanics""]","[""AutoCAD"", ""Mobile Developer""]","[""AutoCAD"", ""Communication"", ""Drone Mapping"", ""Hydrology"", ""Mobile Developer"", ""Soil Mechanics""]",6
proj_0185,Precision Aerospace Simulation Suite,Precision Aerospace Simulation Suite. High-fidelity finite element modeling and fluid dynamics analysis platform built with Software Engineering.. Role: CAD/CAE Engineer.,"[""Database Administration"", ""React"", ""Software Engineering"", ""Team Leadership""]","[""Software Engineering""]","[""Database Administration"", ""React"", ""Software Engineering"", ""Team Leadership""]",4
proj_0186,Decentralized Genomics Smart Platform,Decentralized Genomics Smart Platform. High-throughput microservices architecture powered by Genomics for scalable transaction processing.. Role: Backend Engineer.,"[""Bioinformatics"", ""Genomics"", ""Microbiology""]","[""Backend Engineer"", ""Genomics"", ""Microservices""]","[""Backend Engineer"", ""Bioinformatics"", ""Genomics"", ""Microbiology"", ""Microservices""]",5
proj_0187,Decentralized Wireshark Smart Platform,Decentralized Wireshark Smart Platform. High-throughput microservices architecture powered by Wireshark for scalable transaction processing.. Role: Full Stack Developer.,"[""Cryptography"", ""Ethical Hacking"", ""Network Security"", ""Team Leadership"", ""Wireshark""]","[""Full Stack Developer"", ""Microservices"", ""Wireshark""]","[""Cryptography"", ""Ethical Hacking"", ""Full Stack Developer"", ""Microservices"", ""Network Security"", ""Team Leadership"", ""Wireshark""]",7
proj_0188,NextGen Civil Mobile Assistant,NextGen Civil Mobile Assistant. Cross-platform mobile application built using Linux to streamline workflow management in Civil.. Role: Mobile Developer.,"[""Ethical Hacking"", ""Linux"", ""Wireshark""]","[""Linux"", ""Mobile Developer""]","[""Ethical Hacking"", ""Linux"", ""Mobile Developer"", ""Wireshark""]",4
proj_0189,IoT-Based Robotics Monitoring Mesh,IoT-Based Robotics Monitoring Mesh. Distributed telemetry network with embedded sensors for real-time Robotics data analysis.. Role: IoT Specialist.,"[""Fluid Mechanics"", ""Git"", ""Mass Transfer"", ""Process Control""]","[""Data Analysis"", ""IoT"", ""Sensors"", ""Telemetry""]","[""Data Analysis"", ""Fluid Mechanics"", ""Git"", ""IoT"", ""Mass Transfer"", ""Process Control"", ""Sensors"", ""Telemetry""]",8
proj_0190,Decentralized Deep Learning Smart Platform,Decentralized Deep Learning Smart Platform. High-throughput microservices architecture powered by Deep Learning for scalable transaction processing.. Role: Backend Engineer.,"[""Deep Learning"", ""Git"", ""Rapid Prototyping""]","[""Backend Engineer"", ""Deep Learning"", ""Microservices""]","[""Backend Engineer"", ""Deep Learning"", ""Git"", ""Microservices"", ""Rapid Prototyping""]",5
proj_0191,IoT-Based FinTech Monitoring Mesh,IoT-Based FinTech Monitoring Mesh. Distributed telemetry network with embedded sensors for real-time FinTech data analysis.. Role: Embedded Systems Developer.,"[""Aerodynamics"", ""Rapid Prototyping"", ""SolidWorks""]","[""Data Analysis"", ""Embedded Systems"", ""Embedded Systems Developer"", ""IoT"", ""Sensors"", ""Telemetry""]","[""Aerodynamics"", ""Data Analysis"", ""Embedded Systems"", ""Embedded Systems Developer"", ""IoT"", ""Rapid Prototyping"", ""Sensors"", ""SolidWorks"", ""Telemetry""]",9
proj_0192,Cloud-Native Logistics Security Shield,Cloud-Native Logistics Security Shield. Zero-trust security monitoring and intrusion detection system using Wireshark.. Role: Cybersecurity Analyst.,"[""Metasploit"", ""Presentation"", ""Wireshark""]","[""Cybersecurity"", ""Cybersecurity Analyst"", ""Wireshark""]","[""Cybersecurity"", ""Cybersecurity Analyst"", ""Metasploit"", ""Presentation"", ""Wireshark""]",5
proj_0193,Precision Biotech Simulation Suite,Precision Biotech Simulation Suite. High-fidelity finite element modeling and fluid dynamics analysis platform built with Sensors.. Role: Simulation Specialist.,"[""DCS"", ""Process Control"", ""Sensors""]","[""Sensors""]","[""DCS"", ""Process Control"", ""Sensors""]",3
proj_0194,Precision Mobile Simulation Suite,Precision Mobile Simulation Suite. High-fidelity finite element modeling and fluid dynamics analysis platform built with Medical AI.. Role: CAD/CAE Engineer.,"[""Biomedical Signal Processing"", ""Medical AI"", ""SolidWorks"", ""Team Leadership""]","[""Medical AI""]","[""Biomedical Signal Processing"", ""Medical AI"", ""SolidWorks"", ""Team Leadership""]",4
proj_0195,Precision EdTech Simulation Suite,Precision EdTech Simulation Suite. High-fidelity finite element modeling and fluid dynamics analysis platform built with 3ds Max.. Role: Simulation Specialist.,"[""3ds Max"", ""AutoCAD"", ""Grasshopper"", ""SketchUp"", ""Urban Planning""]","[""3ds Max""]","[""3ds Max"", ""AutoCAD"", ""Grasshopper"", ""SketchUp"", ""Urban Planning""]",5
proj_0196,Precision Healthcare Simulation Suite,Precision Healthcare Simulation Suite. High-fidelity finite element modeling and fluid dynamics analysis platform built with Python.. Role: Simulation Specialist.,"[""Arena Simulation"", ""Communication"", ""Python""]","[""Python""]","[""Arena Simulation"", ""Communication"", ""Python""]",3
proj_0197,Precision Cloud Simulation Suite,Precision Cloud Simulation Suite. High-fidelity finite element modeling and fluid dynamics analysis platform built with Vehicle Dynamics.. Role: Simulation Specialist.,"[""SolidWorks"", ""Thermodynamics"", ""Vehicle Dynamics""]","[""Vehicle Dynamics""]","[""SolidWorks"", ""Thermodynamics"", ""Vehicle Dynamics""]",3
proj_0198,AI-Driven Mobile Predictive Analytics Engine,AI-Driven Mobile Predictive Analytics Engine. Machine learning pipeline leveraging CATIA for anomaly detection and forecasting in Mobile.. Role: Data Scientist.,"[""CATIA"", ""Communication"", ""MATLAB""]","[""CATIA"", ""Data Scientist""]","[""CATIA"", ""Communication"", ""Data Scientist"", ""MATLAB""]",4
proj_0199,NextGen IoT Mobile Assistant,NextGen IoT Mobile Assistant. Cross-platform mobile application built using BIM to streamline workflow management in IoT.. Role: Mobile Developer.,"[""AutoCAD Civil 3D"", ""BIM""]","[""BIM"", ""IoT"", ""Mobile Developer""]","[""AutoCAD Civil 3D"", ""BIM"", ""IoT"", ""Mobile Developer""]",4
proj_0200,Decentralized Database Administration Smart Platform,Decentralized Database Administration Smart Platform. High-throughput microservices architecture powered by Database Administration for scalable transaction processing.. Role: Full Stack Developer.,"[""Android"", ""Cloud Computing"", ""Database Administration"", ""Spring Boot""]","[""Database Administration"", ""Full Stack Developer"", ""Microservices""]","[""Android"", ""Cloud Computing"", ""Database Administration"", ""Full Stack Developer"", ""Microservices"", ""Spring Boot""]",6
proj_0201,Autonomous Pitching Navigation System,Autonomous Pitching Navigation System. Real-time path planning and obstacle avoidance pipeline utilizing Pitching and sensor fusion.. Role: Robotics Engineer.,"[""Agile/Scrum"", ""Data Analytics"", ""Pitching"", ""Rapid Prototyping""]","[""Obstacle Avoidance"", ""Path Planning"", ""Pitching"", ""Robotics Engineer"", ""Sensor Fusion""]","[""Agile/Scrum"", ""Data Analytics"", ""Obstacle Avoidance"", ""Path Planning"", ""Pitching"", ""Rapid Prototyping"", ""Robotics Engineer"", ""Sensor Fusion""]",8
proj_0202,AI-Driven Mobile Predictive Analytics Engine,AI-Driven Mobile Predictive Analytics Engine. Machine learning pipeline leveraging Microservices for anomaly detection and forecasting in Mobile.. Role: ML Engineer.,"[""Linux"", ""Microservices""]","[""Microservices""]","[""Linux"", ""Microservices""]",2
proj_0203,Cloud-Native Design Security Shield,Cloud-Native Design Security Shield. Zero-trust security monitoring and intrusion detection system using Microservices.. Role: Cybersecurity Analyst.,"[""GraphQL"", ""Linux"", ""Microservices""]","[""Cybersecurity"", ""Cybersecurity Analyst"", ""Microservices""]","[""Cybersecurity"", ""Cybersecurity Analyst"", ""GraphQL"", ""Linux"", ""Microservices""]",5
proj_0204,Precision Civil Simulation Suite,Precision Civil Simulation Suite. High-fidelity finite element modeling and fluid dynamics analysis platform built with Instrumentation.. Role: Simulation Specialist.,"[""Instrumentation"", ""MATLAB"", ""PLC"", ""Process Control""]","[""Instrumentation""]","[""Instrumentation"", ""MATLAB"", ""PLC"", ""Process Control""]",4
proj_0205,Bio-Inspired AI/ML Diagnostic Pipeline,Bio-Inspired AI/ML Diagnostic Pipeline. Computational genomics and sequence analysis tool leveraging PLC for medical diagnostics.. Role: Bioinformatics Specialist.,"[""DCS"", ""Instrumentation"", ""PLC"", ""Process Control""]","[""Bioinformatics"", ""Bioinformatics Specialist"", ""Genomics"", ""PLC""]","[""Bioinformatics"", ""Bioinformatics Specialist"", ""DCS"", ""Genomics"", ""Instrumentation"", ""PLC"", ""Process Control""]",7
proj_0206,AI-Driven Robotics Predictive Analytics Engine,AI-Driven Robotics Predictive Analytics Engine. Machine learning pipeline leveraging MySQL for anomaly detection and forecasting in Robotics.. Role: Data Scientist.,"[""MySQL"", ""Presentation"", ""REST API""]","[""Data Scientist"", ""MySQL""]","[""Data Scientist"", ""MySQL"", ""Presentation"", ""REST API""]",4
proj_0207,AI-Driven IoT Predictive Analytics Engine,AI-Driven IoT Predictive Analytics Engine. Machine learning pipeline leveraging TensorFlow for anomaly detection and forecasting in IoT.. Role: Data Scientist.,"[""Python"", ""Team Leadership"", ""TensorFlow""]","[""Data Scientist"", ""IoT"", ""TensorFlow""]","[""Data Scientist"", ""IoT"", ""Python"", ""Team Leadership"", ""TensorFlow""]",5
proj_0208,Autonomous NLP Navigation System,Autonomous NLP Navigation System. Real-time path planning and obstacle avoidance pipeline utilizing NLP and sensor fusion.. Role: Robotics Engineer.,"[""HuggingFace"", ""NLP"", ""Scikit-Learn"", ""TensorFlow""]","[""NLP"", ""Obstacle Avoidance"", ""Path Planning"", ""Robotics Engineer"", ""Sensor Fusion""]","[""HuggingFace"", ""NLP"", ""Obstacle Avoidance"", ""Path Planning"", ""Robotics Engineer"", ""Scikit-Learn"", ""Sensor Fusion"", ""TensorFlow""]",8
proj_0209,AI-Driven EdTech Predictive Analytics Engine,AI-Driven EdTech Predictive Analytics Engine. Machine learning pipeline leveraging Merchandising for anomaly detection and forecasting in EdTech.. Role: Data Scientist.,"[""Adobe Illustrator"", ""Git"", ""Merchandising""]","[""Data Scientist"", ""Merchandising""]","[""Adobe Illustrator"", ""Data Scientist"", ""Git"", ""Merchandising""]",4
proj_0210,Decentralized Java Smart Platform,Decentralized Java Smart Platform. High-throughput microservices architecture powered by Java for scalable transaction processing.. Role: Full Stack Developer.,"[""Java"", ""Python"", ""React"", ""Software Engineering""]","[""Full Stack Developer"", ""Java"", ""Microservices""]","[""Full Stack Developer"", ""Java"", ""Microservices"", ""Python"", ""React"", ""Software Engineering""]",6
proj_0211,NextGen Logistics Mobile Assistant,NextGen Logistics Mobile Assistant. Cross-platform mobile application built using Java to streamline workflow management in Logistics.. Role: UI/UX Designer.,"[""Cloud Computing"", ""Java"", ""Web Development""]","[""Java"", ""UI/UX Designer""]","[""Cloud Computing"", ""Java"", ""UI/UX Designer"", ""Web Development""]",4
proj_0212,Precision AgriTech Simulation Suite,Precision AgriTech Simulation Suite. High-fidelity finite element modeling and fluid dynamics analysis platform built with Ethical Hacking.. Role: Simulation Specialist.,"[""Ethical Hacking"", ""Linux"", ""Network Security"", ""Penetration Testing"", ""Python""]","[""AgriTech"", ""Ethical Hacking""]","[""AgriTech"", ""Ethical Hacking"", ""Linux"", ""Network Security"", ""Penetration Testing"", ""Python""]",6
proj_0213,Autonomous Big Data Navigation System,Autonomous Big Data Navigation System. Real-time path planning and obstacle avoidance pipeline utilizing Big Data and sensor fusion.. Role: Robotics Engineer.,"[""Big Data"", ""Communication"", ""Data Visualization"", ""Statistical Modeling""]","[""Big Data"", ""Obstacle Avoidance"", ""Path Planning"", ""Robotics Engineer"", ""Sensor Fusion""]","[""Big Data"", ""Communication"", ""Data Visualization"", ""Obstacle Avoidance"", ""Path Planning"", ""Robotics Engineer"", ""Sensor Fusion"", ""Statistical Modeling""]",8
proj_0214,Bio-Inspired Healthcare Diagnostic Pipeline,Bio-Inspired Healthcare Diagnostic Pipeline. Computational genomics and sequence analysis tool leveraging Data Visualization for medical diagnostics.. Role: Bioinformatics Specialist.,"[""Communication"", ""Data Visualization"", ""Power BI""]","[""Bioinformatics"", ""Bioinformatics Specialist"", ""Data Visualization"", ""Genomics""]","[""Bioinformatics"", ""Bioinformatics Specialist"", ""Communication"", ""Data Visualization"", ""Genomics"", ""Power BI""]",6
proj_0215,Cloud-Native FinTech Security Shield,Cloud-Native FinTech Security Shield. Zero-trust security monitoring and intrusion detection system using CHEMCAD.. Role: Cybersecurity Analyst.,"[""ASPEN Plus"", ""CHEMCAD"", ""Mass Transfer"", ""Presentation""]","[""CHEMCAD"", ""Cybersecurity"", ""Cybersecurity Analyst""]","[""ASPEN Plus"", ""CHEMCAD"", ""Cybersecurity"", ""Cybersecurity Analyst"", ""Mass Transfer"", ""Presentation""]",6
proj_0216,AI-Driven AgriTech Predictive Analytics Engine,AI-Driven AgriTech Predictive Analytics Engine. Machine learning pipeline leveraging MATLAB for anomaly detection and forecasting in AgriTech.. Role: Data Scientist.,"[""C++"", ""ESP32"", ""MATLAB"", ""Signal Processing"", ""VHDL""]","[""AgriTech"", ""Data Scientist"", ""MATLAB""]","[""AgriTech"", ""C++"", ""Data Scientist"", ""ESP32"", ""MATLAB"", ""Signal Processing"", ""VHDL""]",7
proj_0217,Cloud-Native Automobile Security Shield,Cloud-Native Automobile Security Shield. Zero-trust security monitoring and intrusion detection system using Tableau.. Role: Cybersecurity Analyst.,"[""Problem Solving"", ""SQL"", ""Spark"", ""Statistical Modeling"", ""Tableau""]","[""Cybersecurity"", ""Cybersecurity Analyst"", ""Tableau""]","[""Cybersecurity"", ""Cybersecurity Analyst"", ""Problem Solving"", ""SQL"", ""Spark"", ""Statistical Modeling"", ""Tableau""]",7
proj_0218,Autonomous Robotics Kinematics Navigation System,Autonomous Robotics Kinematics Navigation System. Real-time path planning and obstacle avoidance pipeline utilizing Robotics Kinematics and sensor fusion.. Role: Robotics Engineer.,"[""Communication"", ""Motion Planning"", ""Robotics Kinematics"", ""Team Leadership""]","[""Kinematics"", ""Obstacle Avoidance"", ""Path Planning"", ""Robotics Engineer"", ""Robotics Kinematics"", ""Sensor Fusion""]","[""Communication"", ""Kinematics"", ""Motion Planning"", ""Obstacle Avoidance"", ""Path Planning"", ""Robotics Engineer"", ""Robotics Kinematics"", ""Sensor Fusion"", ""Team Leadership""]",9
proj_0219,NextGen Design Mobile Assistant,NextGen Design Mobile Assistant. Cross-platform mobile application built using Medical AI to streamline workflow management in Design.. Role: Mobile Developer.,"[""Git"", ""Medical AI"", ""Rapid Prototyping""]","[""Medical AI"", ""Mobile Developer""]","[""Git"", ""Medical AI"", ""Mobile Developer"", ""Rapid Prototyping""]",4
proj_0220,Decentralized MATLAB Smart Platform,Decentralized MATLAB Smart Platform. High-throughput microservices architecture powered by MATLAB for scalable transaction processing.. Role: Backend Engineer.,"[""DCS"", ""Instrumentation"", ""MATLAB"", ""PLC"", ""Team Leadership""]","[""Backend Engineer"", ""MATLAB"", ""Microservices""]","[""Backend Engineer"", ""DCS"", ""Instrumentation"", ""MATLAB"", ""Microservices"", ""PLC"", ""Team Leadership""]",7
proj_0221,NextGen Web Mobile Assistant,NextGen Web Mobile Assistant. Cross-platform mobile application built using Spring Boot to streamline workflow management in Web.. Role: UI/UX Designer.,"[""Communication"", ""Database Administration"", ""Problem Solving"", ""React"", ""Spring Boot""]","[""Spring Boot"", ""UI/UX Designer""]","[""Communication"", ""Database Administration"", ""Problem Solving"", ""React"", ""Spring Boot"", ""UI/UX Designer""]",6
proj_0222,Bio-Inspired Mechanical Diagnostic Pipeline,Bio-Inspired Mechanical Diagnostic Pipeline. Computational genomics and sequence analysis tool leveraging MATLAB for medical diagnostics.. Role: Bioinformatics Specialist.,"[""3D Printing"", ""CATIA"", ""MATLAB"", ""Rapid Prototyping""]","[""Bioinformatics"", ""Bioinformatics Specialist"", ""Genomics"", ""MATLAB""]","[""3D Printing"", ""Bioinformatics"", ""Bioinformatics Specialist"", ""CATIA"", ""Genomics"", ""MATLAB"", ""Rapid Prototyping""]",7
proj_0223,Decentralized Statistical Modeling Smart Platform,Decentralized Statistical Modeling Smart Platform. High-throughput microservices architecture powered by Statistical Modeling for scalable transaction processing.. Role: Full Stack Developer.,"[""Communication"", ""Data Visualization"", ""Statistical Modeling"", ""Team Leadership""]","[""Full Stack Developer"", ""Microservices"", ""Statistical Modeling""]","[""Communication"", ""Data Visualization"", ""Full Stack Developer"", ""Microservices"", ""Statistical Modeling"", ""Team Leadership""]",6
proj_0224,Autonomous Big Data Navigation System,Autonomous Big Data Navigation System. Real-time path planning and obstacle avoidance pipeline utilizing Big Data and sensor fusion.. Role: AI Developer.,"[""Big Data"", ""Data Visualization"", ""SQL"", ""Statistical Modeling"", ""Team Leadership""]","[""Big Data"", ""Obstacle Avoidance"", ""Path Planning"", ""Sensor Fusion""]","[""Big Data"", ""Data Visualization"", ""Obstacle Avoidance"", ""Path Planning"", ""SQL"", ""Sensor Fusion"", ""Statistical Modeling"", ""Team Leadership""]",8
proj_0225,Cloud-Native Automobile Security Shield,Cloud-Native Automobile Security Shield. Zero-trust security monitoring and intrusion detection system using Biostatistics.. Role: Cybersecurity Analyst.,"[""Biostatistics"", ""CRISPR Design"", ""Molecular Biology""]","[""Biostatistics"", ""Cybersecurity"", ""Cybersecurity Analyst""]","[""Biostatistics"", ""CRISPR Design"", ""Cybersecurity"", ""Cybersecurity Analyst"", ""Molecular Biology""]",5
proj_0226,Bio-Inspired CleanTech Diagnostic Pipeline,Bio-Inspired CleanTech Diagnostic Pipeline. Computational genomics and sequence analysis tool leveraging Ethical Hacking for medical diagnostics.. Role: Data Analyst.,"[""Ethical Hacking"", ""Git""]","[""Ethical Hacking"", ""Genomics""]","[""Ethical Hacking"", ""Genomics"", ""Git""]",3
proj_0227,Decentralized Thermodynamics Smart Platform,Decentralized Thermodynamics Smart Platform. High-throughput microservices architecture powered by Thermodynamics for scalable transaction processing.. Role: Backend Engineer.,"[""GD&T"", ""Team Leadership"", ""Thermodynamics""]","[""Backend Engineer"", ""Microservices"", ""Thermodynamics""]","[""Backend Engineer"", ""GD&T"", ""Microservices"", ""Team Leadership"", ""Thermodynamics""]",5
proj_0228,Cloud-Native AI/ML Security Shield,Cloud-Native AI/ML Security Shield. Zero-trust security monitoring and intrusion detection system using AWS.. Role: Cybersecurity Analyst.,"[""AWS"", ""REST API""]","[""AWS"", ""Cybersecurity"", ""Cybersecurity Analyst""]","[""AWS"", ""Cybersecurity"", ""Cybersecurity Analyst"", ""REST API""]",4
proj_0229,Precision Biotech Simulation Suite,Precision Biotech Simulation Suite. High-fidelity finite element modeling and fluid dynamics analysis platform built with SolidWorks.. Role: Simulation Specialist.,"[""Autonomous Navigation"", ""ROS2"", ""SolidWorks""]","[""SolidWorks""]","[""Autonomous Navigation"", ""ROS2"", ""SolidWorks""]",3
proj_0230,IoT-Based Logistics Monitoring Mesh,IoT-Based Logistics Monitoring Mesh. Distributed telemetry network with embedded sensors for real-time Logistics data analysis.. Role: Embedded Systems Developer.,"[""Communication"", ""React"", ""Software Engineering""]","[""Data Analysis"", ""Embedded Systems"", ""Embedded Systems Developer"", ""IoT"", ""Sensors"", ""Telemetry""]","[""Communication"", ""Data Analysis"", ""Embedded Systems"", ""Embedded Systems Developer"", ""IoT"", ""React"", ""Sensors"", ""Software Engineering"", ""Telemetry""]",9
proj_0231,Precision FinTech Simulation Suite,Precision FinTech Simulation Suite. High-fidelity finite element modeling and fluid dynamics analysis platform built with Team Leadership.. Role: CAD/CAE Engineer.,"[""Data Analytics"", ""Financial Modeling"", ""Pitching"", ""Team Leadership""]","[""Team Leadership""]","[""Data Analytics"", ""Financial Modeling"", ""Pitching"", ""Team Leadership""]",4
proj_0232,NextGen AgriTech Mobile Assistant,NextGen AgriTech Mobile Assistant. Cross-platform mobile application built using GIS to streamline workflow management in AgriTech.. Role: Mobile Developer.,"[""Drone Mapping"", ""GIS"", ""IoT Sensors""]","[""AgriTech"", ""GIS"", ""Mobile Developer""]","[""AgriTech"", ""Drone Mapping"", ""GIS"", ""IoT Sensors"", ""Mobile Developer""]",5
proj_0233,Autonomous Networking Navigation System,Autonomous Networking Navigation System. Real-time path planning and obstacle avoidance pipeline utilizing Networking and sensor fusion.. Role: Robotics Engineer.,"[""Cloud Computing"", ""Networking"", ""React""]","[""Networking"", ""Obstacle Avoidance"", ""Path Planning"", ""Robotics Engineer"", ""Sensor Fusion""]","[""Cloud Computing"", ""Networking"", ""Obstacle Avoidance"", ""Path Planning"", ""React"", ""Robotics Engineer"", ""Sensor Fusion""]",7
proj_0234,Autonomous Keras Navigation System,Autonomous Keras Navigation System. Real-time path planning and obstacle avoidance pipeline utilizing Keras and sensor fusion.. Role: Robotics Engineer.,"[""Communication"", ""Keras"", ""TensorFlow"", ""Vector Databases""]","[""Keras"", ""Obstacle Avoidance"", ""Path Planning"", ""Robotics Engineer"", ""Sensor Fusion""]","[""Communication"", ""Keras"", ""Obstacle Avoidance"", ""Path Planning"", ""Robotics Engineer"", ""Sensor Fusion"", ""TensorFlow"", ""Vector Databases""]",8
proj_0235,IoT-Based FinTech Monitoring Mesh,IoT-Based FinTech Monitoring Mesh. Distributed telemetry network with embedded sensors for real-time FinTech data analysis.. Role: Embedded Systems Developer.,"[""Docker"", ""FastAPI"", ""Linux"", ""REST API"", ""Team Leadership""]","[""Data Analysis"", ""Embedded Systems"", ""Embedded Systems Developer"", ""IoT"", ""Sensors"", ""Telemetry""]","[""Data Analysis"", ""Docker"", ""Embedded Systems"", ""Embedded Systems Developer"", ""FastAPI"", ""IoT"", ""Linux"", ""REST API"", ""Sensors"", ""Team Leadership"", ""Telemetry""]",11
proj_0236,Bio-Inspired Civil Diagnostic Pipeline,Bio-Inspired Civil Diagnostic Pipeline. Computational genomics and sequence analysis tool leveraging Sensors for medical diagnostics.. Role: Data Analyst.,"[""Control Theory"", ""Python"", ""Rapid Prototyping"", ""Sensors""]","[""Genomics"", ""Sensors""]","[""Control Theory"", ""Genomics"", ""Python"", ""Rapid Prototyping"", ""Sensors""]",5
proj_0237,Precision Healthcare Simulation Suite,Precision Healthcare Simulation Suite. High-fidelity finite element modeling and fluid dynamics analysis platform built with Polymer Chemistry.. Role: CAD/CAE Engineer.,"[""Polymer Chemistry"", ""Reaction Engineering"", ""Team Leadership""]","[""Polymer Chemistry""]","[""Polymer Chemistry"", ""Reaction Engineering"", ""Team Leadership""]",3
proj_0238,IoT-Based Healthcare Monitoring Mesh,IoT-Based Healthcare Monitoring Mesh. Distributed telemetry network with embedded sensors for real-time Healthcare data analysis.. Role: IoT Specialist.,"[""Big Data"", ""Pandas"", ""Power BI"", ""Python""]","[""Data Analysis"", ""IoT"", ""Sensors"", ""Telemetry""]","[""Big Data"", ""Data Analysis"", ""IoT"", ""Pandas"", ""Power BI"", ""Python"", ""Sensors"", ""Telemetry""]",8
proj_0239,IoT-Based Robotics Monitoring Mesh,IoT-Based Robotics Monitoring Mesh. Distributed telemetry network with embedded sensors for real-time Robotics data analysis.. Role: Embedded Systems Developer.,"[""CI/CD"", ""Communication"", ""Linux"", ""Microservices"", ""REST API""]","[""Data Analysis"", ""Embedded Systems"", ""Embedded Systems Developer"", ""IoT"", ""Sensors"", ""Telemetry""]","[""CI/CD"", ""Communication"", ""Data Analysis"", ""Embedded Systems"", ""Embedded Systems Developer"", ""IoT"", ""Linux"", ""Microservices"", ""REST API"", ""Sensors"", ""Telemetry""]",11
proj_0240,AI-Driven Mechanical Predictive Analytics Engine,AI-Driven Mechanical Predictive Analytics Engine. Machine learning pipeline leveraging Linux for anomaly detection and forecasting in Mechanical.. Role: ML Engineer.,"[""Communication"", ""Linux"", ""Microservices"", ""REST API""]","[""Linux""]","[""Communication"", ""Linux"", ""Microservices"", ""REST API""]",4
proj_0241,Autonomous PCB Design Navigation System,Autonomous PCB Design Navigation System. Real-time path planning and obstacle avoidance pipeline utilizing PCB Design and sensor fusion.. Role: Robotics Engineer.,"[""Hydraulics"", ""PCB Design"", ""PLC"", ""Sensors"", ""SolidWorks""]","[""Obstacle Avoidance"", ""PCB Design"", ""Path Planning"", ""Robotics Engineer"", ""Sensor Fusion""]","[""Hydraulics"", ""Obstacle Avoidance"", ""PCB Design"", ""PLC"", ""Path Planning"", ""Robotics Engineer"", ""Sensor Fusion"", ""Sensors"", ""SolidWorks""]",9
proj_0242,Cloud-Native AgriTech Security Shield,Cloud-Native AgriTech Security Shield. Zero-trust security monitoring and intrusion detection system using TypeScript.. Role: DevOps Engineer.,"[""FastAPI"", ""Redis"", ""Rust"", ""TypeScript""]","[""AgriTech"", ""DevOps"", ""DevOps Engineer"", ""TypeScript""]","[""AgriTech"", ""DevOps"", ""DevOps Engineer"", ""FastAPI"", ""Redis"", ""Rust"", ""TypeScript""]",7
proj_0243,AI-Driven Web Predictive Analytics Engine,AI-Driven Web Predictive Analytics Engine. Machine learning pipeline leveraging Textile Science for anomaly detection and forecasting in Web.. Role: Data Scientist.,"[""CAD Fashion"", ""Merchandising"", ""Textile Science""]","[""Data Scientist"", ""Textile Science""]","[""CAD Fashion"", ""Data Scientist"", ""Merchandising"", ""Textile Science""]",4
proj_0244,Precision AgriTech Simulation Suite,Precision AgriTech Simulation Suite. High-fidelity finite element modeling and fluid dynamics analysis platform built with NumPy.. Role: Simulation Specialist.,"[""Data Analysis"", ""NumPy"", ""PyTorch""]","[""AgriTech"", ""NumPy""]","[""AgriTech"", ""Data Analysis"", ""NumPy"", ""PyTorch""]",4
proj_0245,AI-Driven FinTech Predictive Analytics Engine,AI-Driven FinTech Predictive Analytics Engine. Machine learning pipeline leveraging Arduino for anomaly detection and forecasting in FinTech.. Role: ML Engineer.,"[""Arduino"", ""DCS"", ""SCADA""]","[""Arduino""]","[""Arduino"", ""DCS"", ""SCADA""]",3
proj_0246,Autonomous SolidWorks Navigation System,Autonomous SolidWorks Navigation System. Real-time path planning and obstacle avoidance pipeline utilizing SolidWorks and sensor fusion.. Role: Robotics Engineer.,"[""CFD"", ""GD&T"", ""Problem Solving"", ""SolidWorks""]","[""Obstacle Avoidance"", ""Path Planning"", ""Robotics Engineer"", ""Sensor Fusion"", ""SolidWorks""]","[""CFD"", ""GD&T"", ""Obstacle Avoidance"", ""Path Planning"", ""Problem Solving"", ""Robotics Engineer"", ""Sensor Fusion"", ""SolidWorks""]",8
proj_0247,Decentralized Hydrology Smart Platform,Decentralized Hydrology Smart Platform. High-throughput microservices architecture powered by Hydrology for scalable transaction processing.. Role: Full Stack Developer.,"[""AutoCAD"", ""BIM"", ""Hydrology"", ""Primavera""]","[""Full Stack Developer"", ""Hydrology"", ""Microservices""]","[""AutoCAD"", ""BIM"", ""Full Stack Developer"", ""Hydrology"", ""Microservices"", ""Primavera""]",6
proj_0248,Precision AgriTech Simulation Suite,Precision AgriTech Simulation Suite. High-fidelity finite element modeling and fluid dynamics analysis platform built with Hydrology.. Role: CAD/CAE Engineer.,"[""AutoCAD"", ""Hydrology"", ""Problem Solving"", ""SAP2000""]","[""AgriTech"", ""Hydrology""]","[""AgriTech"", ""AutoCAD"", ""Hydrology"", ""Problem Solving"", ""SAP2000""]",5
proj_0249,Autonomous SAP2000 Navigation System,Autonomous SAP2000 Navigation System. Real-time path planning and obstacle avoidance pipeline utilizing SAP2000 and sensor fusion.. Role: Robotics Engineer.,"[""AutoCAD"", ""Primavera"", ""SAP2000""]","[""Obstacle Avoidance"", ""Path Planning"", ""Robotics Engineer"", ""SAP2000"", ""Sensor Fusion""]","[""AutoCAD"", ""Obstacle Avoidance"", ""Path Planning"", ""Primavera"", ""Robotics Engineer"", ""SAP2000"", ""Sensor Fusion""]",7
proj_0250,NextGen Product Mobile Assistant,NextGen Product Mobile Assistant. Cross-platform mobile application built using Primavera to streamline workflow management in Product.. Role: Mobile Developer.,"[""Primavera"", ""STAAD Pro"", ""Structural Analysis""]","[""Mobile Developer"", ""Primavera""]","[""Mobile Developer"", ""Primavera"", ""STAAD Pro"", ""Structural Analysis""]",4
proj_0251,Precision Design Simulation Suite,Precision Design Simulation Suite. High-fidelity finite element modeling and fluid dynamics analysis platform built with Autonomous Navigation.. Role: CAD/CAE Engineer.,"[""Autonomous Navigation"", ""Gazebo"", ""OpenCV"", ""SLAM""]","[""Autonomous Navigation""]","[""Autonomous Navigation"", ""Gazebo"", ""OpenCV"", ""SLAM""]",4
proj_0252,Precision Biotech Simulation Suite,Precision Biotech Simulation Suite. High-fidelity finite element modeling and fluid dynamics analysis platform built with CHEMCAD.. Role: CAD/CAE Engineer.,"[""CHEMCAD"", ""Git"", ""Heat Transfer"", ""Mass Transfer""]","[""CHEMCAD""]","[""CHEMCAD"", ""Git"", ""Heat Transfer"", ""Mass Transfer""]",4
proj_0253,NextGen FinTech Mobile Assistant,NextGen FinTech Mobile Assistant. Cross-platform mobile application built using ROS2 to streamline workflow management in FinTech.. Role: Mobile Developer.,"[""Pneumatics"", ""Python"", ""ROS"", ""ROS2""]","[""Mobile Developer"", ""ROS2""]","[""Mobile Developer"", ""Pneumatics"", ""Python"", ""ROS"", ""ROS2""]",5
proj_0254,Bio-Inspired Cloud Diagnostic Pipeline,Bio-Inspired Cloud Diagnostic Pipeline. Computational genomics and sequence analysis tool leveraging ROS for medical diagnostics.. Role: Bioinformatics Specialist.,"[""Pneumatics"", ""Python"", ""ROS""]","[""Bioinformatics"", ""Bioinformatics Specialist"", ""Genomics"", ""ROS""]","[""Bioinformatics"", ""Bioinformatics Specialist"", ""Genomics"", ""Pneumatics"", ""Python"", ""ROS""]",6
proj_0255,Precision Cloud Simulation Suite,Precision Cloud Simulation Suite. High-fidelity finite element modeling and fluid dynamics analysis platform built with Java.. Role: Simulation Specialist.,"[""Cloud Computing"", ""Java"", ""React""]","[""Java""]","[""Cloud Computing"", ""Java"", ""React""]",3
proj_0256,AI-Driven Cloud Predictive Analytics Engine,AI-Driven Cloud Predictive Analytics Engine. Machine learning pipeline leveraging Control Theory for anomaly detection and forecasting in Cloud.. Role: Data Scientist.,"[""Control Theory"", ""Kinematics"", ""Microcontrollers"", ""Rapid Prototyping"", ""Sensors""]","[""Control Theory"", ""Data Scientist""]","[""Control Theory"", ""Data Scientist"", ""Kinematics"", ""Microcontrollers"", ""Rapid Prototyping"", ""Sensors""]",6
proj_0257,Autonomous Adobe Illustrator Navigation System,Autonomous Adobe Illustrator Navigation System. Real-time path planning and obstacle avoidance pipeline utilizing Adobe Illustrator and sensor fusion.. Role: AI Developer.,"[""Adobe Illustrator"", ""CAD Fashion"", ""Garment Manufacturing"", ""Merchandising"", ""Team Leadership""]","[""Adobe Illustrator"", ""Obstacle Avoidance"", ""Path Planning"", ""Sensor Fusion""]","[""Adobe Illustrator"", ""CAD Fashion"", ""Garment Manufacturing"", ""Merchandising"", ""Obstacle Avoidance"", ""Path Planning"", ""Sensor Fusion"", ""Team Leadership""]",8
proj_0258,Bio-Inspired IoT Diagnostic Pipeline,Bio-Inspired IoT Diagnostic Pipeline. Computational genomics and sequence analysis tool leveraging CI/CD for medical diagnostics.. Role: Data Analyst.,"[""CI/CD"", ""Docker"", ""React"", ""Redis""]","[""CI/CD"", ""Genomics"", ""IoT""]","[""CI/CD"", ""Docker"", ""Genomics"", ""IoT"", ""React"", ""Redis""]",6
proj_0259,Decentralized Product Management Smart Platform,Decentralized Product Management Smart Platform. High-throughput microservices architecture powered by Product Management for scalable transaction processing.. Role: Full Stack Developer.,"[""Data Analytics"", ""Pitching"", ""Product Management"", ""Strategic Planning""]","[""Full Stack Developer"", ""Microservices"", ""Product Management""]","[""Data Analytics"", ""Full Stack Developer"", ""Microservices"", ""Pitching"", ""Product Management"", ""Strategic Planning""]",6
proj_0260,IoT-Based IoT Monitoring Mesh,IoT-Based IoT Monitoring Mesh. Distributed telemetry network with embedded sensors for real-time IoT data analysis.. Role: Embedded Systems Developer.,"[""C++"", ""Embedded C"", ""Git"", ""KiCAD""]","[""Data Analysis"", ""Embedded Systems"", ""Embedded Systems Developer"", ""IoT"", ""Sensors"", ""Telemetry""]","[""C++"", ""Data Analysis"", ""Embedded C"", ""Embedded Systems"", ""Embedded Systems Developer"", ""Git"", ""IoT"", ""KiCAD"", ""Sensors"", ""Telemetry""]",10
proj_0261,Bio-Inspired IoT Diagnostic Pipeline,Bio-Inspired IoT Diagnostic Pipeline. Computational genomics and sequence analysis tool leveraging KiCAD for medical diagnostics.. Role: Bioinformatics Specialist.,"[""Arduino"", ""IoT"", ""KiCAD"", ""Rapid Prototyping""]","[""Bioinformatics"", ""Bioinformatics Specialist"", ""Genomics"", ""IoT"", ""KiCAD""]","[""Arduino"", ""Bioinformatics"", ""Bioinformatics Specialist"", ""Genomics"", ""IoT"", ""KiCAD"", ""Rapid Prototyping""]",7
proj_0262,Bio-Inspired Cybersecurity Diagnostic Pipeline,Bio-Inspired Cybersecurity Diagnostic Pipeline. Computational genomics and sequence analysis tool leveraging Pitching for medical diagnostics.. Role: Bioinformatics Specialist.,"[""Git"", ""Pitching""]","[""Bioinformatics"", ""Bioinformatics Specialist"", ""Cybersecurity"", ""Genomics"", ""Pitching""]","[""Bioinformatics"", ""Bioinformatics Specialist"", ""Cybersecurity"", ""Genomics"", ""Git"", ""Pitching""]",6
proj_0263,Decentralized Biomedical Signal Processing Smart Platform,Decentralized Biomedical Signal Processing Smart Platform. High-throughput microservices architecture powered by Biomedical Signal Processing for scalable transaction processing.. Role: Backend Engineer.,"[""Biomedical Signal Processing"", ""LabVIEW"", ""Problem Solving""]","[""Backend Engineer"", ""Biomedical Signal Processing"", ""Microservices"", ""Signal Processing""]","[""Backend Engineer"", ""Biomedical Signal Processing"", ""LabVIEW"", ""Microservices"", ""Problem Solving"", ""Signal Processing""]",6
proj_0264,AI-Driven Mechanical Predictive Analytics Engine,AI-Driven Mechanical Predictive Analytics Engine. Machine learning pipeline leveraging MLOps for anomaly detection and forecasting in Mechanical.. Role: ML Engineer.,"[""Git"", ""MLOps"", ""PyTorch"", ""Scikit-Learn"", ""TensorFlow""]","[""MLOps""]","[""Git"", ""MLOps"", ""PyTorch"", ""Scikit-Learn"", ""TensorFlow""]",5
proj_0265,NextGen Design Mobile Assistant,NextGen Design Mobile Assistant. Cross-platform mobile application built using Precision Agriculture to streamline workflow management in Design.. Role: UI/UX Designer.,"[""AutoCAD"", ""GIS"", ""Precision Agriculture""]","[""Precision Agriculture"", ""UI/UX Designer""]","[""AutoCAD"", ""GIS"", ""Precision Agriculture"", ""UI/UX Designer""]",4
proj_0266,AI-Driven Design Predictive Analytics Engine,AI-Driven Design Predictive Analytics Engine. Machine learning pipeline leveraging Biomedical Signal Processing for anomaly detection and forecasting in Design.. Role: Data Scientist.,"[""Arduino"", ""Bioinstrumentation"", ""Biomedical Signal Processing"", ""Sensor Design""]","[""Biomedical Signal Processing"", ""Data Scientist"", ""Signal Processing""]","[""Arduino"", ""Bioinstrumentation"", ""Biomedical Signal Processing"", ""Data Scientist"", ""Sensor Design"", ""Signal Processing""]",6
proj_0267,Decentralized Control Systems Smart Platform,Decentralized Control Systems Smart Platform. High-throughput microservices architecture powered by Control Systems for scalable transaction processing.. Role: Backend Engineer.,"[""Communication"", ""Control Systems"", ""IoT Sensors"", ""Rapid Prototyping""]","[""Backend Engineer"", ""Control Systems"", ""Microservices""]","[""Backend Engineer"", ""Communication"", ""Control Systems"", ""IoT Sensors"", ""Microservices"", ""Rapid Prototyping""]",6
proj_0268,Cloud-Native IoT Security Shield,Cloud-Native IoT Security Shield. Zero-trust security monitoring and intrusion detection system using Microcontrollers.. Role: Cybersecurity Analyst.,"[""IoT Sensors"", ""Microcontrollers"", ""Rapid Prototyping"", ""SCADA""]","[""Cybersecurity"", ""Cybersecurity Analyst"", ""IoT"", ""Microcontrollers""]","[""Cybersecurity"", ""Cybersecurity Analyst"", ""IoT"", ""IoT Sensors"", ""Microcontrollers"", ""Rapid Prototyping"", ""SCADA""]",7
proj_0269,AI-Driven Logistics Predictive Analytics Engine,AI-Driven Logistics Predictive Analytics Engine. Machine learning pipeline leveraging Hadoop for anomaly detection and forecasting in Logistics.. Role: Data Scientist.,"[""Big Data"", ""Hadoop"", ""Python"", ""Spark""]","[""Data Scientist"", ""Hadoop""]","[""Big Data"", ""Data Scientist"", ""Hadoop"", ""Python"", ""Spark""]",5
proj_0270,Precision Web Simulation Suite,Precision Web Simulation Suite. High-fidelity finite element modeling and fluid dynamics analysis platform built with Pandas.. Role: Simulation Specialist.,"[""Big Data"", ""Data Visualization"", ""Hadoop"", ""Pandas""]","[""Pandas""]","[""Big Data"", ""Data Visualization"", ""Hadoop"", ""Pandas""]",4
proj_0271,IoT-Based Mobile Monitoring Mesh,IoT-Based Mobile Monitoring Mesh. Distributed telemetry network with embedded sensors for real-time Mobile data analysis.. Role: IoT Specialist.,"[""Agile/Scrum"", ""Team Leadership""]","[""Data Analysis"", ""IoT"", ""Sensors"", ""Telemetry""]","[""Agile/Scrum"", ""Data Analysis"", ""IoT"", ""Sensors"", ""Team Leadership"", ""Telemetry""]",6
proj_0272,Precision Cloud Simulation Suite,Precision Cloud Simulation Suite. High-fidelity finite element modeling and fluid dynamics analysis platform built with LabVIEW.. Role: Simulation Specialist.,"[""Communication"", ""LabVIEW"", ""Proteus""]","[""LabVIEW""]","[""Communication"", ""LabVIEW"", ""Proteus""]",3
proj_0273,Precision Logistics Simulation Suite,Precision Logistics Simulation Suite. High-fidelity finite element modeling and fluid dynamics analysis platform built with CRISPR Design.. Role: CAD/CAE Engineer.,"[""CRISPR Design"", ""Git"", ""R""]","[""CRISPR"", ""CRISPR Design""]","[""CRISPR"", ""CRISPR Design"", ""Git"", ""R""]",4
proj_0274,Precision Product Simulation Suite,Precision Product Simulation Suite. High-fidelity finite element modeling and fluid dynamics analysis platform built with CHEMCAD.. Role: CAD/CAE Engineer.,"[""CHEMCAD"", ""Mass Transfer"", ""Polymer Chemistry""]","[""CHEMCAD""]","[""CHEMCAD"", ""Mass Transfer"", ""Polymer Chemistry""]",3
proj_0275,AI-Driven Product Predictive Analytics Engine,AI-Driven Product Predictive Analytics Engine. Machine learning pipeline leveraging Process Control for anomaly detection and forecasting in Product.. Role: Data Scientist.,"[""LabVIEW"", ""Process Control"", ""Rapid Prototyping""]","[""Data Scientist"", ""Process Control""]","[""Data Scientist"", ""LabVIEW"", ""Process Control"", ""Rapid Prototyping""]",4
proj_0276,AI-Driven Biotech Predictive Analytics Engine,AI-Driven Biotech Predictive Analytics Engine. Machine learning pipeline leveraging Power Systems for anomaly detection and forecasting in Biotech.. Role: ML Engineer.,"[""Control Systems"", ""LabVIEW"", ""Power Systems""]","[""Power Systems""]","[""Control Systems"", ""LabVIEW"", ""Power Systems""]",3
proj_0277,Bio-Inspired Biotech Diagnostic Pipeline,Bio-Inspired Biotech Diagnostic Pipeline. Computational genomics and sequence analysis tool leveraging Firebase for medical diagnostics.. Role: Bioinformatics Specialist.,"[""Firebase"", ""Git"", ""MySQL"", ""Vue.js""]","[""Bioinformatics"", ""Bioinformatics Specialist"", ""Firebase"", ""Genomics""]","[""Bioinformatics"", ""Bioinformatics Specialist"", ""Firebase"", ""Genomics"", ""Git"", ""MySQL"", ""Vue.js""]",7
proj_0278,NextGen Aerospace Mobile Assistant,NextGen Aerospace Mobile Assistant. Cross-platform mobile application built using Python to streamline workflow management in Aerospace.. Role: UI/UX Designer.,"[""Ergonomics"", ""Lean Manufacturing"", ""Python"", ""Supply Chain""]","[""Python"", ""UI/UX Designer""]","[""Ergonomics"", ""Lean Manufacturing"", ""Python"", ""Supply Chain"", ""UI/UX Designer""]",5
proj_0279,Decentralized LabVIEW Smart Platform,Decentralized LabVIEW Smart Platform. High-throughput microservices architecture powered by LabVIEW for scalable transaction processing.. Role: Backend Engineer.,"[""LabVIEW"", ""MATLAB"", ""Presentation""]","[""Backend Engineer"", ""LabVIEW"", ""Microservices""]","[""Backend Engineer"", ""LabVIEW"", ""MATLAB"", ""Microservices"", ""Presentation""]",5
proj_0280,IoT-Based Civil Monitoring Mesh,IoT-Based Civil Monitoring Mesh. Distributed telemetry network with embedded sensors for real-time Civil data analysis.. Role: Embedded Systems Developer.,"[""NLP"", ""PyTorch"", ""Rapid Prototyping"", ""TensorFlow""]","[""Data Analysis"", ""Embedded Systems"", ""Embedded Systems Developer"", ""IoT"", ""Sensors"", ""Telemetry""]","[""Data Analysis"", ""Embedded Systems"", ""Embedded Systems Developer"", ""IoT"", ""NLP"", ""PyTorch"", ""Rapid Prototyping"", ""Sensors"", ""Telemetry"", ""TensorFlow""]",10
proj_0281,AI-Driven EdTech Predictive Analytics Engine,AI-Driven EdTech Predictive Analytics Engine. Machine learning pipeline leveraging PLC for anomaly detection and forecasting in EdTech.. Role: ML Engineer.,"[""DCS"", ""PLC"", ""Process Control""]","[""PLC""]","[""DCS"", ""PLC"", ""Process Control""]",3
proj_0282,Bio-Inspired FinTech Diagnostic Pipeline,Bio-Inspired FinTech Diagnostic Pipeline. Computational genomics and sequence analysis tool leveraging LangChain for medical diagnostics.. Role: Data Analyst.,"[""Communication"", ""LangChain"", ""Prompt Engineering""]","[""Genomics"", ""LangChain""]","[""Communication"", ""Genomics"", ""LangChain"", ""Prompt Engineering""]",4
proj_0283,Decentralized SQL Smart Platform,Decentralized SQL Smart Platform. High-throughput microservices architecture powered by SQL for scalable transaction processing.. Role: Full Stack Developer.,"[""SQL"", ""Tableau""]","[""Full Stack Developer"", ""Microservices"", ""SQL""]","[""Full Stack Developer"", ""Microservices"", ""SQL"", ""Tableau""]",4
proj_0284,IoT-Based Robotics Monitoring Mesh,IoT-Based Robotics Monitoring Mesh. Distributed telemetry network with embedded sensors for real-time Robotics data analysis.. Role: Embedded Systems Developer.,"[""Express.js"", ""MongoDB"", ""Networking""]","[""Data Analysis"", ""Embedded Systems"", ""Embedded Systems Developer"", ""IoT"", ""Sensors"", ""Telemetry""]","[""Data Analysis"", ""Embedded Systems"", ""Embedded Systems Developer"", ""Express.js"", ""IoT"", ""MongoDB"", ""Networking"", ""Sensors"", ""Telemetry""]",9
proj_0285,Autonomous AutoCAD Navigation System,Autonomous AutoCAD Navigation System. Real-time path planning and obstacle avoidance pipeline utilizing AutoCAD and sensor fusion.. Role: AI Developer.,"[""AutoCAD"", ""Hydrology"", ""Precision Agriculture"", ""Python"", ""Team Leadership""]","[""AutoCAD"", ""Obstacle Avoidance"", ""Path Planning"", ""Sensor Fusion""]","[""AutoCAD"", ""Hydrology"", ""Obstacle Avoidance"", ""Path Planning"", ""Precision Agriculture"", ""Python"", ""Sensor Fusion"", ""Team Leadership""]",8
proj_0286,AI-Driven Aerospace Predictive Analytics Engine,AI-Driven Aerospace Predictive Analytics Engine. Machine learning pipeline leveraging AutoCAD for anomaly detection and forecasting in Aerospace.. Role: Data Scientist.,"[""AutoCAD"", ""Hydrology"", ""Precision Agriculture"", ""Team Leadership""]","[""AutoCAD"", ""Data Scientist""]","[""AutoCAD"", ""Data Scientist"", ""Hydrology"", ""Precision Agriculture"", ""Team Leadership""]",5
proj_0287,Autonomous CAD Fashion Navigation System,Autonomous CAD Fashion Navigation System. Real-time path planning and obstacle avoidance pipeline utilizing CAD Fashion and sensor fusion.. Role: Robotics Engineer.,"[""Adobe Illustrator"", ""CAD Fashion"", ""Git""]","[""CAD Fashion"", ""Obstacle Avoidance"", ""Path Planning"", ""Robotics Engineer"", ""Sensor Fusion""]","[""Adobe Illustrator"", ""CAD Fashion"", ""Git"", ""Obstacle Avoidance"", ""Path Planning"", ""Robotics Engineer"", ""Sensor Fusion""]",7
proj_0288,AI-Driven Civil Predictive Analytics Engine,AI-Driven Civil Predictive Analytics Engine. Machine learning pipeline leveraging CAD Fashion for anomaly detection and forecasting in Civil.. Role: ML Engineer.,"[""CAD Fashion"", ""Git"", ""Merchandising"", ""Pattern Making""]","[""CAD Fashion""]","[""CAD Fashion"", ""Git"", ""Merchandising"", ""Pattern Making""]",4
proj_0289,Cloud-Native Product Security Shield,Cloud-Native Product Security Shield. Zero-trust security monitoring and intrusion detection system using Data Visualization.. Role: Cybersecurity Analyst.,"[""Data Visualization"", ""R"", ""Spark""]","[""Cybersecurity"", ""Cybersecurity Analyst"", ""Data Visualization""]","[""Cybersecurity"", ""Cybersecurity Analyst"", ""Data Visualization"", ""R"", ""Spark""]",5
proj_0290,Precision AgriTech Simulation Suite,Precision AgriTech Simulation Suite. High-fidelity finite element modeling and fluid dynamics analysis platform built with GIS.. Role: CAD/CAE Engineer.,"[""GIS"", ""IoT Sensors"", ""Soil Mechanics"", ""Team Leadership""]","[""AgriTech"", ""GIS""]","[""AgriTech"", ""GIS"", ""IoT Sensors"", ""Soil Mechanics"", ""Team Leadership""]",5
proj_0291,Decentralized Cryptography Smart Platform,Decentralized Cryptography Smart Platform. High-throughput microservices architecture powered by Cryptography for scalable transaction processing.. Role: Backend Engineer.,"[""Burp Suite"", ""Cryptography"", ""SOC Analysis""]","[""Backend Engineer"", ""Cryptography"", ""Microservices""]","[""Backend Engineer"", ""Burp Suite"", ""Cryptography"", ""Microservices"", ""SOC Analysis""]",5
proj_0292,Cloud-Native Product Security Shield,Cloud-Native Product Security Shield. Zero-trust security monitoring and intrusion detection system using Arduino.. Role: DevOps Engineer.,"[""Arduino"", ""DCS"", ""Instrumentation"", ""PLC""]","[""Arduino"", ""DevOps"", ""DevOps Engineer""]","[""Arduino"", ""DCS"", ""DevOps"", ""DevOps Engineer"", ""Instrumentation"", ""PLC""]",6
proj_0293,Cloud-Native Aerospace Security Shield,Cloud-Native Aerospace Security Shield. Zero-trust security monitoring and intrusion detection system using Verilog.. Role: DevOps Engineer.,"[""Embedded C"", ""PCB Design"", ""RTOS"", ""Verilog""]","[""DevOps"", ""DevOps Engineer"", ""Verilog""]","[""DevOps"", ""DevOps Engineer"", ""Embedded C"", ""PCB Design"", ""RTOS"", ""Verilog""]",6
proj_0294,AI-Driven Logistics Predictive Analytics Engine,AI-Driven Logistics Predictive Analytics Engine. Machine learning pipeline leveraging Primavera for anomaly detection and forecasting in Logistics.. Role: ML Engineer.,"[""Presentation"", ""Primavera"", ""Surveying""]","[""Primavera""]","[""Presentation"", ""Primavera"", ""Surveying""]",3
proj_0295,IoT-Based Logistics Monitoring Mesh,IoT-Based Logistics Monitoring Mesh. Distributed telemetry network with embedded sensors for real-time Logistics data analysis.. Role: Embedded Systems Developer.,"[""Problem Solving"", ""Revit""]","[""Data Analysis"", ""Embedded Systems"", ""Embedded Systems Developer"", ""IoT"", ""Sensors"", ""Telemetry""]","[""Data Analysis"", ""Embedded Systems"", ""Embedded Systems Developer"", ""IoT"", ""Problem Solving"", ""Revit"", ""Sensors"", ""Telemetry""]",8
proj_0296,Cloud-Native AgriTech Security Shield,Cloud-Native AgriTech Security Shield. Zero-trust security monitoring and intrusion detection system using Merchandising.. Role: DevOps Engineer.,"[""CAD Fashion"", ""Merchandising"", ""Pattern Making""]","[""AgriTech"", ""DevOps"", ""DevOps Engineer"", ""Merchandising""]","[""AgriTech"", ""CAD Fashion"", ""DevOps"", ""DevOps Engineer"", ""Merchandising"", ""Pattern Making""]",6
proj_0297,NextGen Healthcare Mobile Assistant,NextGen Healthcare Mobile Assistant. Cross-platform mobile application built using Merchandising to streamline workflow management in Healthcare.. Role: UI/UX Designer.,"[""CAD Fashion"", ""Merchandising"", ""Pattern Making""]","[""Merchandising"", ""UI/UX Designer""]","[""CAD Fashion"", ""Merchandising"", ""Pattern Making"", ""UI/UX Designer""]",4
proj_0298,IoT-Based Logistics Monitoring Mesh,IoT-Based Logistics Monitoring Mesh. Distributed telemetry network with embedded sensors for real-time Logistics data analysis.. Role: IoT Specialist.,"[""Communication"", ""Fluid Mechanics"", ""Fusion 360""]","[""Data Analysis"", ""IoT"", ""Sensors"", ""Telemetry""]","[""Communication"", ""Data Analysis"", ""Fluid Mechanics"", ""Fusion 360"", ""IoT"", ""Sensors"", ""Telemetry""]",7
proj_0299,AI-Driven Logistics Predictive Analytics Engine,AI-Driven Logistics Predictive Analytics Engine. Machine learning pipeline leveraging SQL for anomaly detection and forecasting in Logistics.. Role: ML Engineer.,"[""Hadoop"", ""SQL"", ""Spark"", ""Statistical Modeling"", ""Team Leadership""]","[""SQL""]","[""Hadoop"", ""SQL"", ""Spark"", ""Statistical Modeling"", ""Team Leadership""]",5
proj_0300,NextGen Automobile Mobile Assistant,NextGen Automobile Mobile Assistant. Cross-platform mobile application built using Spark to streamline workflow management in Automobile.. Role: UI/UX Designer.,"[""SQL"", ""Spark""]","[""Spark"", ""UI/UX Designer""]","[""SQL"", ""Spark"", ""UI/UX Designer""]",3
proj_0301,AI-Driven Biotech Predictive Analytics Engine,AI-Driven Biotech Predictive Analytics Engine. Machine learning pipeline leveraging Polymer Chemistry for anomaly detection and forecasting in Biotech.. Role: ML Engineer.,"[""Fluid Mechanics"", ""Heat Transfer"", ""Polymer Chemistry"", ""Reaction Engineering""]","[""Polymer Chemistry""]","[""Fluid Mechanics"", ""Heat Transfer"", ""Polymer Chemistry"", ""Reaction Engineering""]",4
proj_0302,AI-Driven CleanTech Predictive Analytics Engine,AI-Driven CleanTech Predictive Analytics Engine. Machine learning pipeline leveraging SolidWorks for anomaly detection and forecasting in CleanTech.. Role: ML Engineer.,"[""MATLAB"", ""SolidWorks""]","[""SolidWorks""]","[""MATLAB"", ""SolidWorks""]",2
proj_0303,Cloud-Native Logistics Security Shield,Cloud-Native Logistics Security Shield. Zero-trust security monitoring and intrusion detection system using Arduino.. Role: Cybersecurity Analyst.,"[""Arduino"", ""Medical Imaging"", ""SolidWorks"", ""Team Leadership""]","[""Arduino"", ""Cybersecurity"", ""Cybersecurity Analyst""]","[""Arduino"", ""Cybersecurity"", ""Cybersecurity Analyst"", ""Medical Imaging"", ""SolidWorks"", ""Team Leadership""]",6
proj_0304,Decentralized Python Smart Platform,Decentralized Python Smart Platform. High-throughput microservices architecture powered by Python for scalable transaction processing.. Role: Full Stack Developer.,"[""OWASP"", ""Python""]","[""Full Stack Developer"", ""Microservices"", ""Python""]","[""Full Stack Developer"", ""Microservices"", ""OWASP"", ""Python""]",4
proj_0305,Autonomous Wireshark Navigation System,Autonomous Wireshark Navigation System. Real-time path planning and obstacle avoidance pipeline utilizing Wireshark and sensor fusion.. Role: AI Developer.,"[""Burp Suite"", ""OWASP"", ""Penetration Testing"", ""Wireshark""]","[""Obstacle Avoidance"", ""Path Planning"", ""Sensor Fusion"", ""Wireshark""]","[""Burp Suite"", ""OWASP"", ""Obstacle Avoidance"", ""Path Planning"", ""Penetration Testing"", ""Sensor Fusion"", ""Wireshark""]",7
proj_0306,Decentralized CAD Fashion Smart Platform,Decentralized CAD Fashion Smart Platform. High-throughput microservices architecture powered by CAD Fashion for scalable transaction processing.. Role: Full Stack Developer.,"[""CAD Fashion"", ""CLO 3D"", ""Git""]","[""CAD Fashion"", ""Full Stack Developer"", ""Microservices""]","[""CAD Fashion"", ""CLO 3D"", ""Full Stack Developer"", ""Git"", ""Microservices""]",5
proj_0307,Autonomous GIS Navigation System,Autonomous GIS Navigation System. Real-time path planning and obstacle avoidance pipeline utilizing GIS and sensor fusion.. Role: AI Developer.,"[""AutoCAD Civil 3D"", ""GIS"", ""Geotechnical Engineering"", ""Hydrology"", ""SAP2000""]","[""GIS"", ""Obstacle Avoidance"", ""Path Planning"", ""Sensor Fusion""]","[""AutoCAD Civil 3D"", ""GIS"", ""Geotechnical Engineering"", ""Hydrology"", ""Obstacle Avoidance"", ""Path Planning"", ""SAP2000"", ""Sensor Fusion""]",8
proj_0308,Autonomous MySQL Navigation System,Autonomous MySQL Navigation System. Real-time path planning and obstacle avoidance pipeline utilizing MySQL and sensor fusion.. Role: AI Developer.,"[""Express.js"", ""Git"", ""MySQL"", ""REST API""]","[""MySQL"", ""Obstacle Avoidance"", ""Path Planning"", ""Sensor Fusion""]","[""Express.js"", ""Git"", ""MySQL"", ""Obstacle Avoidance"", ""Path Planning"", ""REST API"", ""Sensor Fusion""]",7
proj_0309,Decentralized DCS Smart Platform,Decentralized DCS Smart Platform. High-throughput microservices architecture powered by DCS for scalable transaction processing.. Role: Backend Engineer.,"[""DCS"", ""Embedded Systems"", ""Instrumentation"", ""PLC"", ""Rapid Prototyping""]","[""Backend Engineer"", ""DCS"", ""Microservices""]","[""Backend Engineer"", ""DCS"", ""Embedded Systems"", ""Instrumentation"", ""Microservices"", ""PLC"", ""Rapid Prototyping""]",7
proj_0310,IoT-Based Biotech Monitoring Mesh,IoT-Based Biotech Monitoring Mesh. Distributed telemetry network with embedded sensors for real-time Biotech data analysis.. Role: Embedded Systems Developer.,"[""Business Strategy"", ""Data Analytics"", ""Financial Modeling"", ""Pitching""]","[""Data Analysis"", ""Embedded Systems"", ""Embedded Systems Developer"", ""IoT"", ""Sensors"", ""Telemetry""]","[""Business Strategy"", ""Data Analysis"", ""Data Analytics"", ""Embedded Systems"", ""Embedded Systems Developer"", ""Financial Modeling"", ""IoT"", ""Pitching"", ""Sensors"", ""Telemetry""]",10
proj_0311,NextGen Biotech Mobile Assistant,NextGen Biotech Mobile Assistant. Cross-platform mobile application built using Java to streamline workflow management in Biotech.. Role: UI/UX Designer.,"[""Cloud Computing"", ""Git"", ""Java"", ""Web Development""]","[""Java"", ""UI/UX Designer""]","[""Cloud Computing"", ""Git"", ""Java"", ""UI/UX Designer"", ""Web Development""]",5
proj_0312,NextGen Mobile Mobile Assistant,NextGen Mobile Mobile Assistant. Cross-platform mobile application built using Metasploit to streamline workflow management in Mobile.. Role: UI/UX Designer.,"[""Communication"", ""Cryptography"", ""Metasploit""]","[""Metasploit"", ""UI/UX Designer""]","[""Communication"", ""Cryptography"", ""Metasploit"", ""UI/UX Designer""]",4
proj_0313,Decentralized CFD Smart Platform,Decentralized CFD Smart Platform. High-throughput microservices architecture powered by CFD for scalable transaction processing.. Role: Full Stack Developer.,"[""CFD"", ""OpenFOAM"", ""Orbital Mechanics"", ""Propulsion Systems""]","[""CFD"", ""Full Stack Developer"", ""Microservices""]","[""CFD"", ""Full Stack Developer"", ""Microservices"", ""OpenFOAM"", ""Orbital Mechanics"", ""Propulsion Systems""]",6
proj_0314,Autonomous SolidWorks Navigation System,Autonomous SolidWorks Navigation System. Real-time path planning and obstacle avoidance pipeline utilizing SolidWorks and sensor fusion.. Role: Robotics Engineer.,"[""Aerodynamics"", ""Flight Mechanics"", ""Presentation"", ""SolidWorks""]","[""Obstacle Avoidance"", ""Path Planning"", ""Robotics Engineer"", ""Sensor Fusion"", ""SolidWorks""]","[""Aerodynamics"", ""Flight Mechanics"", ""Obstacle Avoidance"", ""Path Planning"", ""Presentation"", ""Robotics Engineer"", ""Sensor Fusion"", ""SolidWorks""]",8
proj_0315,AI-Driven AgriTech Predictive Analytics Engine,AI-Driven AgriTech Predictive Analytics Engine. Machine learning pipeline leveraging Pneumatics for anomaly detection and forecasting in AgriTech.. Role: Data Scientist.,"[""C++"", ""Pneumatics"", ""SolidWorks""]","[""AgriTech"", ""Data Scientist"", ""Pneumatics""]","[""AgriTech"", ""C++"", ""Data Scientist"", ""Pneumatics"", ""SolidWorks""]",5
proj_0316,Precision Civil Simulation Suite,Precision Civil Simulation Suite. High-fidelity finite element modeling and fluid dynamics analysis platform built with Power Electronics.. Role: Simulation Specialist.,"[""Control Systems"", ""Power Electronics"", ""SCADA"", ""Simulink""]","[""Power Electronics""]","[""Control Systems"", ""Power Electronics"", ""SCADA"", ""Simulink""]",4
proj_0317,Bio-Inspired Aerospace Diagnostic Pipeline,Bio-Inspired Aerospace Diagnostic Pipeline. Computational genomics and sequence analysis tool leveraging Java for medical diagnostics.. Role: Bioinformatics Specialist.,"[""Cloud Computing"", ""Java"", ""React"", ""Team Leadership""]","[""Bioinformatics"", ""Bioinformatics Specialist"", ""Genomics"", ""Java""]","[""Bioinformatics"", ""Bioinformatics Specialist"", ""Cloud Computing"", ""Genomics"", ""Java"", ""React"", ""Team Leadership""]",7
proj_0318,Precision Logistics Simulation Suite,Precision Logistics Simulation Suite. High-fidelity finite element modeling and fluid dynamics analysis platform built with React.. Role: Simulation Specialist.,"[""Docker"", ""Networking"", ""Rapid Prototyping"", ""React""]","[""React""]","[""Docker"", ""Networking"", ""Rapid Prototyping"", ""React""]",4
proj_0319,Bio-Inspired Cybersecurity Diagnostic Pipeline,Bio-Inspired Cybersecurity Diagnostic Pipeline. Computational genomics and sequence analysis tool leveraging Scikit-Learn for medical diagnostics.. Role: Bioinformatics Specialist.,"[""Keras"", ""LangChain"", ""Scikit-Learn"", ""Transformer Models""]","[""Bioinformatics"", ""Bioinformatics Specialist"", ""Cybersecurity"", ""Genomics"", ""Scikit-Learn""]","[""Bioinformatics"", ""Bioinformatics Specialist"", ""Cybersecurity"", ""Genomics"", ""Keras"", ""LangChain"", ""Scikit-Learn"", ""Transformer Models""]",8
proj_0320,Decentralized Surveying Smart Platform,Decentralized Surveying Smart Platform. High-throughput microservices architecture powered by Surveying for scalable transaction processing.. Role: Backend Engineer.,"[""GIS"", ""Hydrology"", ""Surveying"", ""Team Leadership""]","[""Backend Engineer"", ""Microservices"", ""Surveying""]","[""Backend Engineer"", ""GIS"", ""Hydrology"", ""Microservices"", ""Surveying"", ""Team Leadership""]",6
proj_0321,Precision Cloud Simulation Suite,Precision Cloud Simulation Suite. High-fidelity finite element modeling and fluid dynamics analysis platform built with OpenCV.. Role: Simulation Specialist.,"[""Autonomous Navigation"", ""Gazebo"", ""OpenCV""]","[""OpenCV""]","[""Autonomous Navigation"", ""Gazebo"", ""OpenCV""]",3
proj_0322,NextGen Design Mobile Assistant,NextGen Design Mobile Assistant. Cross-platform mobile application built using Scikit-Learn to streamline workflow management in Design.. Role: Mobile Developer.,"[""Scikit-Learn"", ""Spark""]","[""Mobile Developer"", ""Scikit-Learn""]","[""Mobile Developer"", ""Scikit-Learn"", ""Spark""]",3
proj_0323,Precision Robotics Simulation Suite,Precision Robotics Simulation Suite. High-fidelity finite element modeling and fluid dynamics analysis platform built with CFD.. Role: CAD/CAE Engineer.,"[""CFD"", ""Communication"", ""Flight Mechanics"", ""Orbital Mechanics""]","[""CFD""]","[""CFD"", ""Communication"", ""Flight Mechanics"", ""Orbital Mechanics""]",4
proj_0324,Bio-Inspired Mechanical Diagnostic Pipeline,Bio-Inspired Mechanical Diagnostic Pipeline. Computational genomics and sequence analysis tool leveraging SolidWorks for medical diagnostics.. Role: Bioinformatics Specialist.,"[""Arduino"", ""Git"", ""PLC"", ""SolidWorks""]","[""Bioinformatics"", ""Bioinformatics Specialist"", ""Genomics"", ""SolidWorks""]","[""Arduino"", ""Bioinformatics"", ""Bioinformatics Specialist"", ""Genomics"", ""Git"", ""PLC"", ""SolidWorks""]",7
proj_0325,Autonomous Signal Processing Navigation System,Autonomous Signal Processing Navigation System. Real-time path planning and obstacle avoidance pipeline utilizing Signal Processing and sensor fusion.. Role: AI Developer.,"[""KiCAD"", ""Signal Processing"", ""Team Leadership"", ""Verilog""]","[""Obstacle Avoidance"", ""Path Planning"", ""Sensor Fusion"", ""Signal Processing""]","[""KiCAD"", ""Obstacle Avoidance"", ""Path Planning"", ""Sensor Fusion"", ""Signal Processing"", ""Team Leadership"", ""Verilog""]",7
proj_0326,Autonomous VHDL Navigation System,Autonomous VHDL Navigation System. Real-time path planning and obstacle avoidance pipeline utilizing VHDL and sensor fusion.. Role: Robotics Engineer.,"[""KiCAD"", ""VHDL""]","[""Obstacle Avoidance"", ""Path Planning"", ""Robotics Engineer"", ""Sensor Fusion"", ""VHDL""]","[""KiCAD"", ""Obstacle Avoidance"", ""Path Planning"", ""Robotics Engineer"", ""Sensor Fusion"", ""VHDL""]",6
proj_0327,AI-Driven FinTech Predictive Analytics Engine,AI-Driven FinTech Predictive Analytics Engine. Machine learning pipeline leveraging MATLAB for anomaly detection and forecasting in FinTech.. Role: Data Scientist.,"[""ANSYS"", ""Flight Mechanics"", ""MATLAB""]","[""Data Scientist"", ""MATLAB""]","[""ANSYS"", ""Data Scientist"", ""Flight Mechanics"", ""MATLAB""]",4
proj_0328,Decentralized ANSYS Smart Platform,Decentralized ANSYS Smart Platform. High-throughput microservices architecture powered by ANSYS for scalable transaction processing.. Role: Full Stack Developer.,"[""ANSYS"", ""Aerodynamics"", ""Flight Mechanics"", ""Git""]","[""ANSYS"", ""Full Stack Developer"", ""Microservices""]","[""ANSYS"", ""Aerodynamics"", ""Flight Mechanics"", ""Full Stack Developer"", ""Git"", ""Microservices""]",6
proj_0329,AI-Driven Robotics Predictive Analytics Engine,AI-Driven Robotics Predictive Analytics Engine. Machine learning pipeline leveraging Precision Agriculture for anomaly detection and forecasting in Robotics.. Role: ML Engineer.,"[""GIS"", ""Hydrology"", ""Precision Agriculture"", ""Rapid Prototyping""]","[""Precision Agriculture""]","[""GIS"", ""Hydrology"", ""Precision Agriculture"", ""Rapid Prototyping""]",4
proj_0330,Cloud-Native Mechanical Security Shield,Cloud-Native Mechanical Security Shield. Zero-trust security monitoring and intrusion detection system using CRISPR Design.. Role: Cybersecurity Analyst.,"[""Bioprocess Engineering"", ""CRISPR Design"", ""Data Analysis""]","[""CRISPR"", ""CRISPR Design"", ""Cybersecurity"", ""Cybersecurity Analyst""]","[""Bioprocess Engineering"", ""CRISPR"", ""CRISPR Design"", ""Cybersecurity"", ""Cybersecurity Analyst"", ""Data Analysis""]",6
proj_0331,Bio-Inspired Mechanical Diagnostic Pipeline,Bio-Inspired Mechanical Diagnostic Pipeline. Computational genomics and sequence analysis tool leveraging Bioprocess Engineering for medical diagnostics.. Role: Data Analyst.,"[""Bioprocess Engineering"", ""PyMOL"", ""R"", ""Team Leadership""]","[""Bioprocess Engineering"", ""Genomics""]","[""Bioprocess Engineering"", ""Genomics"", ""PyMOL"", ""R"", ""Team Leadership""]",5
proj_0332,Precision Mobile Simulation Suite,Precision Mobile Simulation Suite. High-fidelity finite element modeling and fluid dynamics analysis platform built with Statistical Modeling.. Role: CAD/CAE Engineer.,"[""Data Visualization"", ""Problem Solving"", ""SQL"", ""Statistical Modeling""]","[""Statistical Modeling""]","[""Data Visualization"", ""Problem Solving"", ""SQL"", ""Statistical Modeling""]",4
proj_0333,AI-Driven AgriTech Predictive Analytics Engine,AI-Driven AgriTech Predictive Analytics Engine. Machine learning pipeline leveraging Proteus for anomaly detection and forecasting in AgriTech.. Role: ML Engineer.,"[""ETAP"", ""IoT Sensors"", ""Proteus"", ""Team Leadership""]","[""AgriTech"", ""Proteus""]","[""AgriTech"", ""ETAP"", ""IoT Sensors"", ""Proteus"", ""Team Leadership""]",5
proj_0334,Autonomous React Navigation System,Autonomous React Navigation System. Real-time path planning and obstacle avoidance pipeline utilizing React and sensor fusion.. Role: AI Developer.,"[""Cybersecurity"", ""Docker"", ""React""]","[""Obstacle Avoidance"", ""Path Planning"", ""React"", ""Sensor Fusion""]","[""Cybersecurity"", ""Docker"", ""Obstacle Avoidance"", ""Path Planning"", ""React"", ""Sensor Fusion""]",6
proj_0335,Decentralized TensorFlow Smart Platform,Decentralized TensorFlow Smart Platform. High-throughput microservices architecture powered by TensorFlow for scalable transaction processing.. Role: Backend Engineer.,"[""Generative AI"", ""TensorFlow""]","[""Backend Engineer"", ""Microservices"", ""TensorFlow""]","[""Backend Engineer"", ""Generative AI"", ""Microservices"", ""TensorFlow""]",4
proj_0336,AI-Driven Robotics Predictive Analytics Engine,AI-Driven Robotics Predictive Analytics Engine. Machine learning pipeline leveraging Vector Databases for anomaly detection and forecasting in Robotics.. Role: ML Engineer.,"[""Transformer Models"", ""Vector Databases""]","[""Vector Databases""]","[""Transformer Models"", ""Vector Databases""]",2
proj_0337,NextGen Civil Mobile Assistant,NextGen Civil Mobile Assistant. Cross-platform mobile application built using Financial Modeling to streamline workflow management in Civil.. Role: Mobile Developer.,"[""Agile/Scrum"", ""Business Strategy"", ""Financial Modeling"", ""Market Research"", ""Strategic Planning""]","[""Financial Modeling"", ""Mobile Developer""]","[""Agile/Scrum"", ""Business Strategy"", ""Financial Modeling"", ""Market Research"", ""Mobile Developer"", ""Strategic Planning""]",6
proj_0338,Autonomous DevOps Navigation System,Autonomous DevOps Navigation System. Real-time path planning and obstacle avoidance pipeline utilizing DevOps and sensor fusion.. Role: AI Developer.,"[""Cloud Computing"", ""DevOps"", ""Express.js"", ""Presentation""]","[""DevOps"", ""Obstacle Avoidance"", ""Path Planning"", ""Sensor Fusion""]","[""Cloud Computing"", ""DevOps"", ""Express.js"", ""Obstacle Avoidance"", ""Path Planning"", ""Presentation"", ""Sensor Fusion""]",7
proj_0339,Decentralized LabVIEW Smart Platform,Decentralized LabVIEW Smart Platform. High-throughput microservices architecture powered by LabVIEW for scalable transaction processing.. Role: Backend Engineer.,"[""Biomedical Signal Processing"", ""DICOM"", ""LabVIEW"", ""Medical AI""]","[""Backend Engineer"", ""LabVIEW"", ""Microservices""]","[""Backend Engineer"", ""Biomedical Signal Processing"", ""DICOM"", ""LabVIEW"", ""Medical AI"", ""Microservices""]",6
proj_0340,Decentralized AutoCAD Smart Platform,Decentralized AutoCAD Smart Platform. High-throughput microservices architecture powered by AutoCAD for scalable transaction processing.. Role: Backend Engineer.,"[""AutoCAD"", ""CATIA"", ""CFD"", ""Problem Solving"", ""Vehicle Dynamics""]","[""AutoCAD"", ""Backend Engineer"", ""Microservices""]","[""AutoCAD"", ""Backend Engineer"", ""CATIA"", ""CFD"", ""Microservices"", ""Problem Solving"", ""Vehicle Dynamics""]",7
proj_0341,IoT-Based Aerospace Monitoring Mesh,IoT-Based Aerospace Monitoring Mesh. Distributed telemetry network with embedded sensors for real-time Aerospace data analysis.. Role: IoT Specialist.,"[""ASPEN Plus"", ""CHEMCAD"", ""MATLAB"", ""Team Leadership""]","[""Data Analysis"", ""IoT"", ""Sensors"", ""Telemetry""]","[""ASPEN Plus"", ""CHEMCAD"", ""Data Analysis"", ""IoT"", ""MATLAB"", ""Sensors"", ""Team Leadership"", ""Telemetry""]",8
proj_0342,Precision Mechanical Simulation Suite,Precision Mechanical Simulation Suite. High-fidelity finite element modeling and fluid dynamics analysis platform built with Cloud Computing.. Role: CAD/CAE Engineer.,"[""Cloud Computing"", ""Database Administration"", ""Python""]","[""Cloud Computing""]","[""Cloud Computing"", ""Database Administration"", ""Python""]",3
proj_0343,NextGen EdTech Mobile Assistant,NextGen EdTech Mobile Assistant. Cross-platform mobile application built using Deep Learning to streamline workflow management in EdTech.. Role: UI/UX Designer.,"[""Deep Learning"", ""Generative AI"", ""Rapid Prototyping""]","[""Deep Learning"", ""UI/UX Designer""]","[""Deep Learning"", ""Generative AI"", ""Rapid Prototyping"", ""UI/UX Designer""]",4
proj_0344,Bio-Inspired CleanTech Diagnostic Pipeline,Bio-Inspired CleanTech Diagnostic Pipeline. Computational genomics and sequence analysis tool leveraging LabVIEW for medical diagnostics.. Role: Bioinformatics Specialist.,"[""Embedded C"", ""LabVIEW"", ""Signal Processing"", ""VHDL""]","[""Bioinformatics"", ""Bioinformatics Specialist"", ""Genomics"", ""LabVIEW""]","[""Bioinformatics"", ""Bioinformatics Specialist"", ""Embedded C"", ""Genomics"", ""LabVIEW"", ""Signal Processing"", ""VHDL""]",7
proj_0345,NextGen Cloud Mobile Assistant,NextGen Cloud Mobile Assistant. Cross-platform mobile application built using Spark to streamline workflow management in Cloud.. Role: Mobile Developer.,"[""Hadoop"", ""Pandas"", ""Power BI"", ""Spark""]","[""Mobile Developer"", ""Spark""]","[""Hadoop"", ""Mobile Developer"", ""Pandas"", ""Power BI"", ""Spark""]",5
proj_0346,Bio-Inspired Mechanical Diagnostic Pipeline,Bio-Inspired Mechanical Diagnostic Pipeline. Computational genomics and sequence analysis tool leveraging Spark for medical diagnostics.. Role: Bioinformatics Specialist.,"[""Pandas"", ""Spark""]","[""Bioinformatics"", ""Bioinformatics Specialist"", ""Genomics"", ""Spark""]","[""Bioinformatics"", ""Bioinformatics Specialist"", ""Genomics"", ""Pandas"", ""Spark""]",5
proj_0347,IoT-Based Cloud Monitoring Mesh,IoT-Based Cloud Monitoring Mesh. Distributed telemetry network with embedded sensors for real-time Cloud data analysis.. Role: IoT Specialist.,"[""ANSYS"", ""Aerodynamics"", ""CATIA"", ""SolidWorks""]","[""Data Analysis"", ""IoT"", ""Sensors"", ""Telemetry""]","[""ANSYS"", ""Aerodynamics"", ""CATIA"", ""Data Analysis"", ""IoT"", ""Sensors"", ""SolidWorks"", ""Telemetry""]",8
proj_0348,Autonomous PCB Design Navigation System,Autonomous PCB Design Navigation System. Real-time path planning and obstacle avoidance pipeline utilizing PCB Design and sensor fusion.. Role: Robotics Engineer.,"[""C++"", ""Communication"", ""PCB Design"", ""Team Leadership""]","[""Obstacle Avoidance"", ""PCB Design"", ""Path Planning"", ""Robotics Engineer"", ""Sensor Fusion""]","[""C++"", ""Communication"", ""Obstacle Avoidance"", ""PCB Design"", ""Path Planning"", ""Robotics Engineer"", ""Sensor Fusion"", ""Team Leadership""]",8
proj_0349,IoT-Based Mobile Monitoring Mesh,IoT-Based Mobile Monitoring Mesh. Distributed telemetry network with embedded sensors for real-time Mobile data analysis.. Role: IoT Specialist.,"[""Deep Learning"", ""PyTorch"", ""Python""]","[""Data Analysis"", ""IoT"", ""Sensors"", ""Telemetry""]","[""Data Analysis"", ""Deep Learning"", ""IoT"", ""PyTorch"", ""Python"", ""Sensors"", ""Telemetry""]",7
proj_0350,Cloud-Native Cloud Security Shield,Cloud-Native Cloud Security Shield. Zero-trust security monitoring and intrusion detection system using Cloud Computing.. Role: Cybersecurity Analyst.,"[""Cloud Computing"", ""Database Administration"", ""Python"", ""Spring Boot""]","[""Cloud Computing"", ""Cloud Security"", ""Cybersecurity"", ""Cybersecurity Analyst""]","[""Cloud Computing"", ""Cloud Security"", ""Cybersecurity"", ""Cybersecurity Analyst"", ""Database Administration"", ""Python"", ""Spring Boot""]",7
