id,name,username,email,university,college,location,branch,year,status,bio,skills,interests,domains,projects,hackathonsParticipated,hackathonsWon,githubStats,profileCompletion
b4c077d2-148e-42f9-bc80-1515091459a8,Arjun Sharma,arjun_sharma_91,arjun.sharma@b2b2h.com,Government College of Technology,GCT,"Coimbatore, Tamil Nadu",Computer Science Engineering,2nd Year,LOOKING_FOR_TEAM,Computer Science Engineering student at GCT passionate about Thermal Systems and Synthetic Biology.,"[""JavaScript"", ""Git"", ""C++"", ""Java"", ""PostgreSQL"", ""TypeScript"", ""Kubernetes"", ""Problem Solving""]","[""Thermal Systems"", ""Synthetic Biology"", ""Robotics"", ""Hydroponics""]","[""Logistics"", ""Mechanical""]","[{""name"": ""Microservice Telemetry Mesh"", ""desc"": ""Observability suite with metrics tracing and fault injection for web microservices."", ""tech"": [""Go"", ""Docker"", ""PostgreSQL"", ""Prometheus""], ""role"": ""Software Engineer""}, {""name"": ""Realtime Collaborative IDE"", ""desc"": ""In-browser multi-user IDE supporting live operational transformation."", ""tech"": [""TypeScript"", ""Node.js"", ""WebSockets"", ""React""], ""role"": ""Software Engineer""}, {""name"": ""Cloud Native Compiler Platform"", ""desc"": ""Distributed remote code execution engine with container sandbox isolation."", ""tech"": [""Python"", ""Docker"", ""Kubernetes"", ""React""], ""role"": ""Software Engineer""}, {""name"": ""Low-Latency Micro-Ledger"", ""desc"": ""High-throughput audit transaction engine with cryptographic proofs."", ""tech"": [""Rust"", ""PostgreSQL"", ""Docker""], ""role"": ""Software Engineer""}]",0,0,"{""repos"": 11, ""commits"": 434, ""stars"": 0, ""followers"": 22, ""following"": 49}",72
389062fe-a5c8-4f8d-ab5a-72f522fa00fa,Priya Reddy,priya_reddy_58,priya.reddy@b2b2h.com,Government College of Technology,GCT,"Coimbatore, Tamil Nadu",Computer Science Engineering,4th Year,LOOKING_FOR_MEMBERS,Building sustainable and scalable solutions in FinTech. 4th Year at GCT.,"[""Docker"", ""TypeScript"", ""Python"", ""FastAPI"", ""Java"", ""JavaScript"", ""Git"", ""Kubernetes"", ""Communication"", ""Ideation""]","[""FinTech"", ""Automation"", ""Defence"", ""Bioinformatics"", ""Quantum Computing""]","[""Aerospace"", ""Cybersecurity"", ""Logistics""]","[{""name"": ""Realtime Collaborative IDE"", ""desc"": ""In-browser multi-user IDE supporting live operational transformation."", ""tech"": [""TypeScript"", ""Node.js"", ""WebSockets"", ""React""], ""role"": ""Software Engineer""}, {""name"": ""Cloud Native Compiler Platform"", ""desc"": ""Distributed remote code execution engine with container sandbox isolation."", ""tech"": [""Python"", ""Docker"", ""Kubernetes"", ""React""], ""role"": ""Software Engineer""}]",4,1,"{""repos"": 11, ""commits"": 379, ""stars"": 43, ""followers"": 11, ""following"": 43}",78
8d64530c-b109-44d6-898f-58a15a3429d0,Tarun Sengupta,tarun_sengupta_91,tarun.sengupta@b2b2h.com,National Institute of Technology Tiruchirappalli,NIT Trichy,"Tiruchirappalli, Tamil Nadu",Computer Science Engineering,2nd Year,OPEN_TO_INVITES,"Interested in Precision Agriculture, Wearable Tech, and Nanotechnology. Active hackathon builder.","[""Python"", ""JavaScript"", ""Git"", ""React"", ""Node.js"", ""C++"", ""Docker"", ""Java"", ""Team Leadership"", ""Rapid Prototyping""]","[""Precision Agriculture"", ""Wearable Tech"", ""Nanotechnology"", ""Manufacturing"", ""Gaming"", ""Hydrology""]","[""EdTech"", ""AI/ML"", ""FinTech""]","[{""name"": ""Low-Latency Micro-Ledger"", ""desc"": ""High-throughput audit transaction engine with cryptographic proofs."", ""tech"": [""Rust"", ""PostgreSQL"", ""Docker""], ""role"": ""Software Engineer""}, {""name"": ""Microservice Telemetry Mesh"", ""desc"": ""Observability suite with metrics tracing and fault injection for web microservices."", ""tech"": [""Go"", ""Docker"", ""PostgreSQL"", ""Prometheus""], ""role"": ""Software Engineer""}, {""name"": ""Realtime Collaborative IDE"", ""desc"": ""In-browser multi-user IDE supporting live operational transformation."", ""tech"": [""TypeScript"", ""Node.js"", ""WebSockets"", ""React""], ""role"": ""Software Engineer""}, {""name"": ""Cloud Native Compiler Platform"", ""desc"": ""Distributed remote code execution engine with container sandbox isolation."", ""tech"": [""Python"", ""Docker"", ""Kubernetes"", ""React""], ""role"": ""Software Engineer""}]",1,1,"{""repos"": 28, ""commits"": 368, ""stars"": 27, ""followers"": 78, ""following"": 9}",91
dd0434a4-56fe-447b-b4a9-5d07504606b3,Meenakshi Sundaram,meenakshi_sundaram_24,meenakshi.sundaram@b2b2h.com,National Institute of Technology Tiruchirappalli,NIT Trichy,"Tiruchirappalli, Tamil Nadu",Information Technology,1st Year,LOOKING_FOR_MEMBERS,Information Technology student at NIT Trichy passionate about NLP and Embedded Systems.,"[""Python"", ""Vue.js"", ""MySQL"", ""React"", ""Angular"", ""Java"", ""MongoDB"", ""Tailwind CSS"", ""Communication""]","[""NLP"", ""Embedded Systems"", ""Avionics"", ""Artificial Intelligence"", ""High Performance Computing""]","[""Design"", ""Web"", ""FinTech""]","[{""name"": ""Peer-to-Peer Notes Sharing Network"", ""desc"": ""Decentralized file-sharing network for academic study materials."", ""tech"": [""Node.js"", ""MongoDB"", ""React""], ""role"": ""Full Stack Developer""}]",1,0,"{""repos"": 4, ""commits"": 143, ""stars"": 36, ""followers"": 12, ""following"": 10}",91
075a80d5-043a-4b43-bdea-b48fad26e8ff,Devendra Pillai,devendra_pillai_70,devendra.pillai@b2b2h.com,National Institute of Technology Tiruchirappalli,NIT Trichy,"Tiruchirappalli, Tamil Nadu",Information Technology,3rd Year,OPEN_TO_INVITES,Building sustainable and scalable solutions in Agritech. 3rd Year at NIT Trichy.,"[""AWS"", ""REST API"", ""MySQL"", ""Angular"", ""Vue.js"", ""Express.js"", ""Python"", ""Rapid Prototyping"", ""Presentation""]","[""Agritech"", ""Microelectronics"", ""Generative AI"", ""Digital Twins""]","[""IoT"", ""Logistics"", ""Web"", ""AI/ML""]","[{""name"": ""Campus Smart Resource Portal"", ""desc"": ""Centralized platform for equipment booking, library tracking, and hall scheduling."", ""tech"": [""React"", ""Express.js"", ""MongoDB"", ""Node.js""], ""role"": ""Full Stack Developer""}, {""name"": ""Peer-to-Peer Notes Sharing Network"", ""desc"": ""Decentralized file-sharing network for academic study materials."", ""tech"": [""Node.js"", ""MongoDB"", ""React""], ""role"": ""Full Stack Developer""}]",0,0,"{""repos"": 0, ""commits"": 0, ""stars"": 0, ""followers"": 0, ""following"": 0}",86
2434dd7a-db32-4b60-8025-8a694d181b79,Pooja Rao,pooja_rao_40,pooja.rao@b2b2h.com,Anna University Regional Campus,Anna University,"Chennai, Tamil Nadu",Information Technology,1st Year,IN_TEAM,"Interested in Supply Chain, Assistive Tech, and Sustainable Materials. Active hackathon builder.","[""AWS"", ""React"", ""MongoDB"", ""Angular"", ""MySQL"", ""Tailwind CSS"", ""Team Leadership"", ""Problem Solving""]","[""Supply Chain"", ""Assistive Tech"", ""Sustainable Materials"", ""Blockchain"", ""Autonomous Driving""]","[""FinTech"", ""AI/ML"", ""Civil"", ""Aerospace""]",[],3,0,"{""repos"": 9, ""commits"": 117, ""stars"": 34, ""followers"": 59, ""following"": 13}",77
c2340382-6c27-4270-9883-0b8b961fe8c0,Pranav Bhattacharya,pranav_bhattacharya_19,pranav.bhattacharya@b2b2h.com,SASTRA Deemed University,SASTRA,"Thanjavur, Tamil Nadu",Artificial Intelligence & Data Science,4th Year,OFFLINE,Artificial Intelligence & Data Science student at SASTRA passionate about Wearable Tech and Healthcare.,"[""Python"", ""Prompt Engineering"", ""Tableau"", ""R"", ""Team Leadership""]","[""Wearable Tech"", ""Healthcare"", ""Cloud Computing"", ""Bioinformatics""]","[""Civil"", ""CleanTech""]","[{""name"": ""Financial Fraud Detector"", ""desc"": ""Real-time stream transaction anomaly classification using ensemble models."", ""tech"": [""Python"", ""Scikit-Learn"", ""SQL"", ""Pandas""], ""role"": ""Data Scientist""}, {""name"": ""Automated Medical Image Classifier"", ""desc"": ""Diagnostic assistant for chest X-ray abnormalities using deep convolutional nets."", ""tech"": [""Python"", ""PyTorch"", ""OpenCV"", ""FastAPI""], ""role"": ""Data Scientist""}]",4,0,"{""repos"": 25, ""commits"": 394, ""stars"": 35, ""followers"": 64, ""following"": 14}",93
a9e6c11c-3ef9-49c5-89a2-63fe46ab235c,Shreya Varma,shreya_varma_79,shreya.varma@b2b2h.com,PSG College of Technology,PSG Tech,"Coimbatore, Tamil Nadu",Artificial Intelligence & Data Science,2nd Year,LOOKING_FOR_MEMBERS,Building sustainable and scalable solutions in High Performance Computing. 2nd Year at PSG Tech.,"[""Python"", ""SQL"", ""NLP"", ""Problem Solving""]","[""High Performance Computing"", ""Agritech"", ""Web3""]","[""FinTech"", ""IoT"", ""AI/ML""]","[{""name"": ""Financial Fraud Detector"", ""desc"": ""Real-time stream transaction anomaly classification using ensemble models."", ""tech"": [""Python"", ""Scikit-Learn"", ""SQL"", ""Pandas""], ""role"": ""Data Scientist""}, {""name"": ""Automated Medical Image Classifier"", ""desc"": ""Diagnostic assistant for chest X-ray abnormalities using deep convolutional nets."", ""tech"": [""Python"", ""PyTorch"", ""OpenCV"", ""FastAPI""], ""role"": ""Data Scientist""}, {""name"": ""Customer Churn Predictive Pipeline"", ""desc"": ""End-to-end data pipeline feeding retention forecasters."", ""tech"": [""Python"", ""Tableau"", ""SQL"", ""R""], ""role"": ""Data Scientist""}]",2,0,"{""repos"": 0, ""commits"": 0, ""stars"": 0, ""followers"": 0, ""following"": 0}",82
e74cd5e6-4aad-460f-9ec1-a6eac48a4a58,Aditya Kulkarni,aditya_kulkarni_26,aditya.kulkarni@b2b2h.com,Manipal Institute of Technology,Manipal,"Manipal, Karnataka",Artificial Intelligence & Data Science,4th Year,LOOKING_FOR_MEMBERS,"Interested in NLP, Social Impact, and Embedded Systems. Active hackathon builder.","[""Scikit-Learn"", ""R"", ""Python"", ""NLP"", ""Pandas"", ""OpenCV"", ""Prompt Engineering"", ""Tableau"", ""PyTorch"", ""TensorFlow"", ""Team Leadership"", ""Presentation""]","[""NLP"", ""Social Impact"", ""Embedded Systems"", ""Logistics"", ""Telemedicine""]","[""Product"", ""Web"", ""EV"", ""Biotech""]","[{""name"": ""Automated Medical Image Classifier"", ""desc"": ""Diagnostic assistant for chest X-ray abnormalities using deep convolutional nets."", ""tech"": [""Python"", ""PyTorch"", ""OpenCV"", ""FastAPI""], ""role"": ""Data Scientist""}, {""name"": ""Customer Churn Predictive Pipeline"", ""desc"": ""End-to-end data pipeline feeding retention forecasters."", ""tech"": [""Python"", ""Tableau"", ""SQL"", ""R""], ""role"": ""Data Scientist""}, {""name"": ""Financial Fraud Detector"", ""desc"": ""Real-time stream transaction anomaly classification using ensemble models."", ""tech"": [""Python"", ""Scikit-Learn"", ""SQL"", ""Pandas""], ""role"": ""Data Scientist""}]",2,0,"{""repos"": 0, ""commits"": 0, ""stars"": 0, ""followers"": 0, ""following"": 0}",89
88b163f6-0154-462a-85b1-8dccb2071ff2,Ritu Choudhury,ritu_choudhury_36,ritu.choudhury@b2b2h.com,Madras Institute of Technology,MIT Chennai,"Chennai, Tamil Nadu",Artificial Intelligence & Machine Learning,3rd Year,OPEN_TO_INVITES,Artificial Intelligence & Machine Learning student at MIT Chennai passionate about Micro-Mobility and Supply Chain.,"[""LlamaIndex"", ""HuggingFace"", ""LangChain"", ""Python"", ""CrewAI"", ""RAG"", ""Deep Learning"", ""Problem Solving"", ""Communication""]","[""Micro-Mobility"", ""Supply Chain"", ""Hydroponics"", ""Machine Learning"", ""ClimateTech"", ""EdTech""]","[""Healthcare"", ""AI/ML"", ""Aerospace"", ""EV""]","[{""name"": ""Agentic Research Assistant"", ""desc"": ""Autonomous multi-agent system summarizing research papers into structured graphs."", ""tech"": [""Python"", ""LangChain"", ""Agentic AI"", ""RAG"", ""CrewAI""], ""role"": ""AI Engineer""}, {""name"": ""Local Multi-Modal RAG Engine"", ""desc"": ""Privacy-focused document Q&A runner using local quantized LLMs."", ""tech"": [""Python"", ""LlamaIndex"", ""Vector Embeddings"", ""HuggingFace""], ""role"": ""AI Engineer""}]",0,0,"{""repos"": 0, ""commits"": 0, ""stars"": 0, ""followers"": 0, ""following"": 0}",98
f65e9bc5-57b3-4f96-ab99-5e425d46456e,Akash Deshmukh,akash_deshmukh_55,akash.deshmukh@b2b2h.com,Kongu Engineering College,Kongu,"Erode, Tamil Nadu",Artificial Intelligence & Machine Learning,1st Year,OPEN_TO_INVITES,Building sustainable and scalable solutions in DevOps. 1st Year at Kongu.,"[""RAG"", ""LlamaIndex"", ""Agentic AI"", ""TensorFlow"", ""Team Leadership""]","[""DevOps"", ""Satellite Communication"", ""Assistive Tech""]","[""IoT"", ""CleanTech"", ""Cybersecurity"", ""Civil""]","[{""name"": ""Agentic Research Assistant"", ""desc"": ""Autonomous multi-agent system summarizing research papers into structured graphs."", ""tech"": [""Python"", ""LangChain"", ""Agentic AI"", ""RAG"", ""CrewAI""], ""role"": ""AI Engineer""}, {""name"": ""Neural Code Refactoring Agent"", ""desc"": ""Autonomous code cleanup tool using fine-tuned transformer architectures."", ""tech"": [""Python"", ""PyTorch"", ""Prompt Engineering"", ""FastAPI""], ""role"": ""AI Engineer""}, {""name"": ""Local Multi-Modal RAG Engine"", ""desc"": ""Privacy-focused document Q&A runner using local quantized LLMs."", ""tech"": [""Python"", ""LlamaIndex"", ""Vector Embeddings"", ""HuggingFace""], ""role"": ""AI Engineer""}]",2,0,"{""repos"": 0, ""commits"": 0, ""stars"": 0, ""followers"": 0, ""following"": 0}",96
68850a10-ff2d-4844-b456-e19c970488a0,Sneha Mehta,sneha_mehta_39,sneha.mehta@b2b2h.com,Thiagarajar College of Engineering,Thiagarajar,"Madurai, Tamil Nadu",Artificial Intelligence & Machine Learning,3rd Year,LOOKING_FOR_TEAM,"Interested in Precision Agriculture, Drone Technology, and IoT. Active hackathon builder.","[""Agentic AI"", ""RAG"", ""LangChain"", ""PyTorch"", ""Vector Embeddings"", ""TensorFlow"", ""Communication"", ""Ideation""]","[""Precision Agriculture"", ""Drone Technology"", ""IoT"", ""Sustainability""]","[""Mechanical"", ""Aerospace"", ""Agritech"", ""Robotics""]","[{""name"": ""Neural Code Refactoring Agent"", ""desc"": ""Autonomous code cleanup tool using fine-tuned transformer architectures."", ""tech"": [""Python"", ""PyTorch"", ""Prompt Engineering"", ""FastAPI""], ""role"": ""AI Engineer""}, {""name"": ""Agentic Research Assistant"", ""desc"": ""Autonomous multi-agent system summarizing research papers into structured graphs."", ""tech"": [""Python"", ""LangChain"", ""Agentic AI"", ""RAG"", ""CrewAI""], ""role"": ""AI Engineer""}, {""name"": ""Local Multi-Modal RAG Engine"", ""desc"": ""Privacy-focused document Q&A runner using local quantized LLMs."", ""tech"": [""Python"", ""LlamaIndex"", ""Vector Embeddings"", ""HuggingFace""], ""role"": ""AI Engineer""}]",5,0,"{""repos"": 0, ""commits"": 0, ""stars"": 0, ""followers"": 0, ""following"": 0}",83
8b45903d-f859-457f-8517-b7b0cb85a48a,Siddharth Banerjee,siddharth_banerjee_10,siddharth.banerjee@b2b2h.com,Karunya Institute of Technology and Sciences,Karunya,"Coimbatore, Tamil Nadu",Electronics & Communication Engineering,2nd Year,OFFLINE,Electronics & Communication Engineering student at Karunya passionate about Wearable Tech and E-Commerce.,"[""STM32"", ""ESP32"", ""C++"", ""Signal Processing"", ""Verilog"", ""Arduino"", ""Communication""]","[""Wearable Tech"", ""E-Commerce"", ""Micro-Mobility"", ""Electric Vehicles"", ""Research""]","[""Civil"", ""Cybersecurity"", ""EV""]","[{""name"": ""SDR Ground Station Decoder"", ""desc"": ""Software defined radio receiver tracking weather satellites in orbit."", ""tech"": [""C++"", ""MATLAB"", ""Signal Processing"", ""FPGA""], ""role"": ""Embedded Engineer""}, {""name"": ""LoRaWAN Mesh Weather Array"", ""desc"": ""Long-range distributed environmental sensor node mesh for agriculture."", ""tech"": [""ESP32"", ""Arduino"", ""PCB Design"", ""C++""], ""role"": ""Embedded Engineer""}, {""name"": ""Smart ECG Telemetry Patch"", ""desc"": ""Low-power wearable biosensor broadcasting real-time arrhythmia warnings."", ""tech"": [""Embedded C"", ""STM32"", ""PCB Design"", ""BLE""], ""role"": ""Embedded Engineer""}]",3,2,"{""repos"": 12, ""commits"": 166, ""stars"": 13, ""followers"": 57, ""following"": 42}",86
f1371c2b-d4f4-49e6-af42-977e4a370bf5,Tanvi Hegde,tanvi_hegde_70,tanvi.hegde@b2b2h.com,KPR Institute of Engineering and Technology,KPR,"Coimbatore, Tamil Nadu",Electronics & Communication Engineering,4th Year,LOOKING_FOR_TEAM,Building sustainable and scalable solutions in Green Building. 4th Year at KPR.,"[""Verilog"", ""FPGA"", ""VHDL"", ""STM32"", ""C++"", ""ESP32"", ""Arduino"", ""Team Leadership"", ""Communication""]","[""Green Building"", ""Telemedicine"", ""EdTech"", ""Green Mobility""]","[""Robotics"", ""Civil"", ""Design""]","[{""name"": ""Smart ECG Telemetry Patch"", ""desc"": ""Low-power wearable biosensor broadcasting real-time arrhythmia warnings."", ""tech"": [""Embedded C"", ""STM32"", ""PCB Design"", ""BLE""], ""role"": ""Embedded Engineer""}, {""name"": ""SDR Ground Station Decoder"", ""desc"": ""Software defined radio receiver tracking weather satellites in orbit."", ""tech"": [""C++"", ""MATLAB"", ""Signal Processing"", ""FPGA""], ""role"": ""Embedded Engineer""}]",4,0,"{""repos"": 23, ""commits"": 372, ""stars"": 0, ""followers"": 15, ""following"": 32}",77
26223b4e-f7fb-44af-b779-ee91d39509a7,Manish Roy,manish_roy_25,manish.roy@b2b2h.com,SASTRA Deemed University,SASTRA,"Thanjavur, Tamil Nadu",Electronics & Communication Engineering,2nd Year,OPEN_TO_INVITES,"Interested in EdTech, DeepTech, and Web3. Active hackathon builder.","[""FPGA"", ""Verilog"", ""Signal Processing"", ""STM32"", ""Arduino"", ""PCB Design"", ""VHDL"", ""ESP32"", ""Simulink"", ""MATLAB"", ""Team Leadership"", ""Rapid Prototyping""]","[""EdTech"", ""DeepTech"", ""Web3"", ""BioTech"", ""Satellite Communication"", ""Autonomous Systems""]","[""EdTech"", ""Healthcare"", ""Product"", ""FinTech""]","[{""name"": ""LoRaWAN Mesh Weather Array"", ""desc"": ""Long-range distributed environmental sensor node mesh for agriculture."", ""tech"": [""ESP32"", ""Arduino"", ""PCB Design"", ""C++""], ""role"": ""Embedded Engineer""}, {""name"": ""SDR Ground Station Decoder"", ""desc"": ""Software defined radio receiver tracking weather satellites in orbit."", ""tech"": [""C++"", ""MATLAB"", ""Signal Processing"", ""FPGA""], ""role"": ""Embedded Engineer""}, {""name"": ""Smart ECG Telemetry Patch"", ""desc"": ""Low-power wearable biosensor broadcasting real-time arrhythmia warnings."", ""tech"": [""Embedded C"", ""STM32"", ""PCB Design"", ""BLE""], ""role"": ""Embedded Engineer""}]",1,0,"{""repos"": 25, ""commits"": 129, ""stars"": 4, ""followers"": 55, ""following"": 31}",96
3aa9e83f-9407-49dd-bb68-44e046573db9,Divya Menon,divya_menon_63,divya.menon@b2b2h.com,Vellore Institute of Technology,VIT,"Vellore, Tamil Nadu",Electrical Engineering,1st Year,OFFLINE,Electrical Engineering student at VIT passionate about Smart Infrastructure and Manufacturing.,"[""Proteus"", ""Power Electronics"", ""Control Systems"", ""Presentation""]","[""Smart Infrastructure"", ""Manufacturing"", ""BioTech"", ""Industry 4.0""]","[""Web"", ""Civil"", ""Agritech""]","[{""name"": ""Microgrid Solar Power Inverter"", ""desc"": ""Grid-tied inverter with maximum power point tracking and SCADA monitoring."", ""tech"": [""PLC"", ""SCADA"", ""Simulink"", ""MATLAB""], ""role"": ""Electrical Systems Engineer""}, {""name"": ""Industrial Automation Conveyor Guard"", ""desc"": ""Safety Interlock and speed regulator for heavy material handling."", ""tech"": [""PLC"", ""LabVIEW"", ""Control Systems""], ""role"": ""Electrical Systems Engineer""}, {""name"": ""EV Smart Charging Load Balancer"", ""desc"": ""Dynamic load distribution controller preventing sub-station overloads."", ""tech"": [""Siemens TIA Portal"", ""PLC"", ""Power Electronics""], ""role"": ""Electrical Systems Engineer""}]",5,1,"{""repos"": 0, ""commits"": 0, ""stars"": 0, ""followers"": 0, ""following"": 0}",91
e649d778-4f86-4007-9cb7-ebe51f531c66,Abhinav Narayan,abhinav_narayan_13,abhinav.narayan@b2b2h.com,Coimbatore Institute of Technology,CIT,"Coimbatore, Tamil Nadu",Electrical Engineering,3rd Year,IN_TEAM,Building sustainable and scalable solutions in MedTech. 3rd Year at CIT.,"[""Control Systems"", ""Siemens TIA Portal"", ""PLC"", ""MATLAB"", ""LabVIEW"", ""Team Leadership"", ""Rapid Prototyping""]","[""MedTech"", ""FinTech"", ""Green Building"", ""Generative AI"", ""Embedded Systems"", ""Blockchain""]","[""IoT"", ""EdTech"", ""AI/ML""]","[{""name"": ""Industrial Automation Conveyor Guard"", ""desc"": ""Safety Interlock and speed regulator for heavy material handling."", ""tech"": [""PLC"", ""LabVIEW"", ""Control Systems""], ""role"": ""Electrical Systems Engineer""}, {""name"": ""Microgrid Solar Power Inverter"", ""desc"": ""Grid-tied inverter with maximum power point tracking and SCADA monitoring."", ""tech"": [""PLC"", ""SCADA"", ""Simulink"", ""MATLAB""], ""role"": ""Electrical Systems Engineer""}, {""name"": ""EV Smart Charging Load Balancer"", ""desc"": ""Dynamic load distribution controller preventing sub-station overloads."", ""tech"": [""Siemens TIA Portal"", ""PLC"", ""Power Electronics""], ""role"": ""Electrical Systems Engineer""}]",6,1,"{""repos"": 3, ""commits"": 338, ""stars"": 9, ""followers"": 32, ""following"": 13}",78
7f3eecd2-0620-4f87-83c0-3604e8bbeb96,Kriti Nair,kriti_nair_57,kriti.nair@b2b2h.com,KPR Institute of Engineering and Technology,KPR,"Coimbatore, Tamil Nadu",Electrical Engineering,1st Year,OFFLINE,"Interested in Sustainability, Logistics, and High Performance Computing. Active hackathon builder.","[""Siemens TIA Portal"", ""MATLAB"", ""SCADA"", ""PLC"", ""Ideation"", ""Rapid Prototyping""]","[""Sustainability"", ""Logistics"", ""High Performance Computing"", ""Renewable Energy""]","[""AI/ML"", ""Aerospace"", ""Mechanical"", ""Agritech""]",[],5,0,"{""repos"": 23, ""commits"": 194, ""stars"": 0, ""followers"": 55, ""following"": 36}",98
2b9a90d7-2e2e-4096-b75d-70225b6167e0,Srikant Mukherjee,srikant_mukherjee_68,srikant.mukherjee@b2b2h.com,Kumaraguru College of Technology,Kumaraguru,"Coimbatore, Tamil Nadu",Mechanical Engineering,4th Year,IN_TEAM,Mechanical Engineering student at Kumaraguru passionate about Digital Health and CleanTech.,"[""FEA"", ""ANSYS"", ""Thermodynamics"", ""3D Printing"", ""Creo"", ""Communication"", ""Ideation""]","[""Digital Health"", ""CleanTech"", ""Sustainable Materials"", ""Waste Management"", ""Telemedicine""]","[""Civil"", ""Agritech"", ""Web"", ""IoT""]","[{""name"": ""Generative Drone Frame Assembly"", ""desc"": ""Weight-minimized carbon composite arm joint created via generative CAD."", ""tech"": [""CATIA"", ""Creo"", ""GD&T""], ""role"": ""CAD Engineer""}, {""name"": ""Autonomous Agricultural Rover Chassis"", ""desc"": ""Lightweight FEA-optimized structural frame for field robotics."", ""tech"": [""SolidWorks"", ""ANSYS"", ""FEA"", ""3D Printing""], ""role"": ""CAD Engineer""}, {""name"": ""EV Battery Thermal Management System"", ""desc"": ""Liquid cooling plate design evaluated using computational fluid dynamics."", ""tech"": [""Fusion 360"", ""CFD"", ""Heat Transfer"", ""Thermodynamics""], ""role"": ""CAD Engineer""}]",1,0,"{""repos"": 9, ""commits"": 201, ""stars"": 16, ""followers"": 45, ""following"": 22}",93
04988768-5f3f-4001-b1e2-cccf6434f729,Anjali Gupta,anjali_gupta_62,anjali.gupta@b2b2h.com,Amrita Vishwa Vidyapeetham,Amrita,"Coimbatore, Tamil Nadu",Mechanical Engineering,2nd Year,OFFLINE,Building sustainable and scalable solutions in Green Building. 2nd Year at Amrita.,"[""3D Printing"", ""Thermodynamics"", ""CFD"", ""SolidWorks"", ""FEA"", ""CATIA"", ""Rapid Prototyping""]","[""Green Building"", ""Micro-Mobility"", ""Avionics"", ""Renewable Grid"", ""Supply Chain""]","[""Logistics"", ""Agritech"", ""Aerospace"", ""Design""]","[{""name"": ""Generative Drone Frame Assembly"", ""desc"": ""Weight-minimized carbon composite arm joint created via generative CAD."", ""tech"": [""CATIA"", ""Creo"", ""GD&T""], ""role"": ""CAD Engineer""}]",6,1,"{""repos"": 11, ""commits"": 138, ""stars"": 7, ""followers"": 26, ""following"": 25}",75
44011eff-1033-4636-b423-249db19d35c4,Arvind Kapoor,arvind_kapoor_34,arvind.kapoor@b2b2h.com,Kongu Engineering College,Kongu,"Erode, Tamil Nadu",Mechanical Engineering,4th Year,IN_TEAM,"Interested in Quantum Computing, Cybersecurity, and Blockchain. Active hackathon builder.","[""CFD"", ""FEA"", ""ANSYS"", ""Fusion 360"", ""CNC Programming"", ""3D Printing"", ""CATIA"", ""Presentation""]","[""Quantum Computing"", ""Cybersecurity"", ""Blockchain"", ""Micro-Mobility""]","[""Healthcare"", ""Design"", ""FinTech""]","[{""name"": ""EV Battery Thermal Management System"", ""desc"": ""Liquid cooling plate design evaluated using computational fluid dynamics."", ""tech"": [""Fusion 360"", ""CFD"", ""Heat Transfer"", ""Thermodynamics""], ""role"": ""CAD Engineer""}]",1,1,"{""repos"": 18, ""commits"": 265, ""stars"": 28, ""followers"": 45, ""following"": 16}",96
0e5fe7e2-af95-46e2-bf8f-a08bcb198d14,Pallavi Saxena,pallavi_saxena_18,pallavi.saxena@b2b2h.com,Vellore Institute of Technology,VIT,"Vellore, Tamil Nadu",Civil Engineering,3rd Year,IN_TEAM,Civil Engineering student at VIT passionate about Synthetic Biology and High Performance Computing.,"[""Hydrology"", ""STAAD Pro"", ""SAP2000"", ""ETABS"", ""Problem Solving"", ""Team Leadership""]","[""Synthetic Biology"", ""High Performance Computing"", ""Smart Grids"", ""Manufacturing"", ""Geo-Tech"", ""Bioinformatics""]","[""Biotech"", ""EV"", ""Mechanical""]","[{""name"": ""Sustainable Campus Stormwater Network"", ""desc"": ""Hydrological runoff model and underground retention reservoir plan."", ""tech"": [""AutoCAD Civil 3D"", ""GIS"", ""Hydrology""], ""role"": ""Structural Engineer""}, {""name"": ""Seismic Resilient High-Rise Frame"", ""desc"": ""30-story structural concrete core modeled under dynamic earthquake loading."", ""tech"": [""ETABS"", ""STAAD Pro"", ""Structural Analysis""], ""role"": ""Structural Engineer""}]",1,0,"{""repos"": 4, ""commits"": 332, ""stars"": 6, ""followers"": 28, ""following"": 45}",75
8e6faa10-2480-4c61-97e1-c320efa565fd,Harish Joshi,harish_joshi_80,harish.joshi@b2b2h.com,Coimbatore Institute of Technology,CIT,"Coimbatore, Tamil Nadu",Civil Engineering,1st Year,OPEN_TO_INVITES,Building sustainable and scalable solutions in Automation. 1st Year at CIT.,"[""Structural Analysis"", ""BIM (Building Information Modeling)"", ""GIS"", ""Problem Solving"", ""Team Leadership""]","[""Automation"", ""Drone Technology"", ""VLSI""]","[""Robotics"", ""Mechanical"", ""FinTech"", ""CleanTech""]",[],4,0,"{""repos"": 11, ""commits"": 443, ""stars"": 9, ""followers"": 11, ""following"": 8}",93
261a2b64-84c8-4f62-aab8-f89183729d9f,Bhavana Malhotra,bhavana_malhotra_82,bhavana.malhotra@b2b2h.com,College of Engineering Guindy,CEG,"Chennai, Tamil Nadu",Civil Engineering,3rd Year,IN_TEAM,"Interested in Synthetic Biology, MedTech, and Robotics. Active hackathon builder.","[""BIM (Building Information Modeling)"", ""AutoCAD Civil 3D"", ""Structural Analysis"", ""SAP2000"", ""Rapid Prototyping"", ""Problem Solving""]","[""Synthetic Biology"", ""MedTech"", ""Robotics"", ""SpaceTech"", ""Automation""]","[""Web"", ""CleanTech"", ""AI/ML"", ""Civil""]","[{""name"": ""Prefabricated Modular Housing BIM Model"", ""desc"": ""Fully parametric building information model for rapid disaster shelter deployment."", ""tech"": [""Revit"", ""BIM (Building Information Modeling)"", ""SAP2000""], ""role"": ""Structural Engineer""}, {""name"": ""Sustainable Campus Stormwater Network"", ""desc"": ""Hydrological runoff model and underground retention reservoir plan."", ""tech"": [""AutoCAD Civil 3D"", ""GIS"", ""Hydrology""], ""role"": ""Structural Engineer""}, {""name"": ""Seismic Resilient High-Rise Frame"", ""desc"": ""30-story structural concrete core modeled under dynamic earthquake loading."", ""tech"": [""ETABS"", ""STAAD Pro"", ""Structural Analysis""], ""role"": ""Structural Engineer""}]",3,1,"{""repos"": 23, ""commits"": 246, ""stars"": 17, ""followers"": 25, ""following"": 42}",83
31af78ed-9dda-4632-a904-96cb721a1963,Sanjeev Singhania,sanjeev_singhania_52,sanjeev.singhania@b2b2h.com,Madras Institute of Technology,MIT Chennai,"Chennai, Tamil Nadu",Mechatronics,2nd Year,LOOKING_FOR_TEAM,Mechatronics student at MIT Chennai passionate about Wearable Tech and Hydrology.,"[""SolidWorks"", ""Embedded C"", ""MATLAB"", ""PLC"", ""Automation"", ""Ideation"", ""Problem Solving""]","[""Wearable Tech"", ""Hydrology"", ""Artificial Intelligence""]","[""Logistics"", ""Biotech"", ""Mechanical"", ""Web""]","[{""name"": ""Quadruped Bio-Inspired Leg Actuator"", ""desc"": ""Custom torque-dense actuator module built for mobile legged platforms."", ""tech"": [""Embedded C"", ""MATLAB"", ""SolidWorks"", ""PCB Design""], ""role"": ""Mechatronics Engineer""}, {""name"": ""Autonomous Sorting Robotic Arm"", ""desc"": ""5-DOF robotic manipulator sorting warehouse items via computer vision."", ""tech"": [""ROS2"", ""Arduino"", ""SolidWorks"", ""OpenCV""], ""role"": ""Mechatronics Engineer""}]",3,0,"{""repos"": 22, ""commits"": 407, ""stars"": 31, ""followers"": 58, ""following"": 8}",98
d0813615-73e8-428e-a989-f63bf8f97a8d,Priyanka Agarwal,priyanka_agarwal_99,priyanka.agarwal@b2b2h.com,Amrita Vishwa Vidyapeetham,Amrita,"Coimbatore, Tamil Nadu",Mechatronics,4th Year,LOOKING_FOR_TEAM,Building sustainable and scalable solutions in Manufacturing. 4th Year at Amrita.,"[""Automation"", ""Sensors"", ""Raspberry Pi"", ""Presentation""]","[""Manufacturing"", ""ClimateTech"", ""Sustainable Materials""]","[""Healthcare"", ""Design""]","[{""name"": ""Quadruped Bio-Inspired Leg Actuator"", ""desc"": ""Custom torque-dense actuator module built for mobile legged platforms."", ""tech"": [""Embedded C"", ""MATLAB"", ""SolidWorks"", ""PCB Design""], ""role"": ""Mechatronics Engineer""}, {""name"": ""Automated CNC Tool Ingestion Loader"", ""desc"": ""Pneumatic pick-and-place gantry with encoder feedback."", ""tech"": [""PLC"", ""Mechatronics Design"", ""Sensors""], ""role"": ""Mechatronics Engineer""}, {""name"": ""Autonomous Sorting Robotic Arm"", ""desc"": ""5-DOF robotic manipulator sorting warehouse items via computer vision."", ""tech"": [""ROS2"", ""Arduino"", ""SolidWorks"", ""OpenCV""], ""role"": ""Mechatronics Engineer""}]",3,0,"{""repos"": 0, ""commits"": 0, ""stars"": 0, ""followers"": 0, ""following"": 0}",87
ce5c719e-0eba-4ee2-9b14-0345a49fc6d3,Sourav Subramanian,sourav_subramanian_28,sourav.subramanian@b2b2h.com,Vellore Institute of Technology,VIT,"Vellore, Tamil Nadu",Mechatronics,2nd Year,OPEN_TO_INVITES,"Interested in Automation, Assistive Tech, and Cybersecurity. Active hackathon builder.","[""Arduino"", ""ROS2"", ""PLC"", ""Embedded C"", ""Automation"", ""Simulink"", ""MATLAB"", ""ROS"", ""Sensors"", ""SolidWorks"", ""Raspberry Pi"", ""Rapid Prototyping""]","[""Automation"", ""Assistive Tech"", ""Cybersecurity"", ""Autonomous Systems"", ""Green Building"", ""Bioinformatics""]","[""Healthcare"", ""Design"", ""AI/ML""]","[{""name"": ""Autonomous Sorting Robotic Arm"", ""desc"": ""5-DOF robotic manipulator sorting warehouse items via computer vision."", ""tech"": [""ROS2"", ""Arduino"", ""SolidWorks"", ""OpenCV""], ""role"": ""Mechatronics Engineer""}, {""name"": ""Automated CNC Tool Ingestion Loader"", ""desc"": ""Pneumatic pick-and-place gantry with encoder feedback."", ""tech"": [""PLC"", ""Mechatronics Design"", ""Sensors""], ""role"": ""Mechatronics Engineer""}, {""name"": ""Quadruped Bio-Inspired Leg Actuator"", ""desc"": ""Custom torque-dense actuator module built for mobile legged platforms."", ""tech"": [""Embedded C"", ""MATLAB"", ""SolidWorks"", ""PCB Design""], ""role"": ""Mechatronics Engineer""}]",3,2,"{""repos"": 13, ""commits"": 71, ""stars"": 28, ""followers"": 14, ""following"": 38}",72
c04f993f-4455-4dc5-80f8-c549868d0354,Archana Mahajan,archana_mahajan_70,archana.mahajan@b2b2h.com,Anna University Regional Campus,Anna University,"Chennai, Tamil Nadu",Robotics,1st Year,LOOKING_FOR_MEMBERS,Robotics student at Anna University passionate about Social Impact and Cloud Computing.,"[""Motion Planning"", ""ROS2"", ""OpenCV"", ""SLAM"", ""Gazebo"", ""Autonomous Navigation"", ""Python"", ""ROS"", ""Robotics Kinematics"", ""Team Leadership""]","[""Social Impact"", ""Cloud Computing"", ""Logistics""]","[""AI/ML"", ""Agritech""]",[],3,2,"{""repos"": 14, ""commits"": 240, ""stars"": 9, ""followers"": 33, ""following"": 38}",75
cd66922d-c11d-445c-8359-6d83c64885f1,Sandeep Trivedi,sandeep_trivedi_32,sandeep.trivedi@b2b2h.com,Coimbatore Institute of Technology,CIT,"Coimbatore, Tamil Nadu",Robotics,3rd Year,OFFLINE,Building sustainable and scalable solutions in Remote Sensing. 3rd Year at CIT.,"[""Sensor Fusion"", ""Python"", ""Robotics Kinematics"", ""Gazebo"", ""ROS2"", ""Motion Planning"", ""Autonomous Navigation"", ""OpenCV"", ""SLAM"", ""Rapid Prototyping""]","[""Remote Sensing"", ""Supply Chain"", ""MedTech"", ""Green Mobility"", ""Logistics""]","[""Civil"", ""Design""]","[{""name"": ""Autonomous Warehouse AM Rover"", ""desc"": ""Differential drive robot executing SLAM mapping and dynamic obstacle avoidance."", ""tech"": [""ROS"", ""ROS2"", ""Gazebo"", ""Python"", ""SLAM""], ""role"": ""Robotics Engineer""}, {""name"": ""Visual Inertial Drone Odometry"", ""desc"": ""Monocular camera and IMU sensor fusion suite for GPS-denied environments."", ""tech"": [""C++"", ""OpenCV"", ""Autonomous Navigation"", ""Sensor Fusion""], ""role"": ""Robotics Engineer""}, {""name"": ""Subterranean Inspection Crawler"", ""desc"": ""Rugged tracked platform exploring hazardous pipes autonomously."", ""tech"": [""ROS2"", ""Motion Planning"", ""Gazebo""], ""role"": ""Robotics Engineer""}]",4,0,"{""repos"": 21, ""commits"": 203, ""stars"": 36, ""followers"": 39, ""following"": 49}",97
8adc503c-cbb2-41a7-bd6f-2bcec950aea0,Megha Bhatia,megha_bhatia_97,megha.bhatia@b2b2h.com,PSG College of Technology,PSG Tech,"Coimbatore, Tamil Nadu",Robotics,1st Year,OFFLINE,"Interested in IoT, Precision Agriculture, and Nanotechnology. Active hackathon builder.","[""C++"", ""Python"", ""OpenCV"", ""Sensor Fusion"", ""Autonomous Navigation"", ""ROS2"", ""Motion Planning"", ""Gazebo"", ""Robotics Kinematics"", ""ROS"", ""Communication""]","[""IoT"", ""Precision Agriculture"", ""Nanotechnology"", ""Electric Vehicles"", ""SpaceTech"", ""E-Commerce""]","[""Mechanical"", ""Cybersecurity"", ""Robotics""]","[{""name"": ""Visual Inertial Drone Odometry"", ""desc"": ""Monocular camera and IMU sensor fusion suite for GPS-denied environments."", ""tech"": [""C++"", ""OpenCV"", ""Autonomous Navigation"", ""Sensor Fusion""], ""role"": ""Robotics Engineer""}, {""name"": ""Subterranean Inspection Crawler"", ""desc"": ""Rugged tracked platform exploring hazardous pipes autonomously."", ""tech"": [""ROS2"", ""Motion Planning"", ""Gazebo""], ""role"": ""Robotics Engineer""}, {""name"": ""Autonomous Warehouse AM Rover"", ""desc"": ""Differential drive robot executing SLAM mapping and dynamic obstacle avoidance."", ""tech"": [""ROS"", ""ROS2"", ""Gazebo"", ""Python"", ""SLAM""], ""role"": ""Robotics Engineer""}]",1,1,"{""repos"": 19, ""commits"": 276, ""stars"": 17, ""followers"": 23, ""following"": 21}",74
d3ced1b7-92b3-466b-92fa-4d0f7d7ebdfa,Sameer Patil,sameer_patil_38,sameer.patil@b2b2h.com,Vellore Institute of Technology,VIT,"Vellore, Tamil Nadu",Automobile Engineering,4th Year,OFFLINE,Automobile Engineering student at VIT passionate about Telemedicine and Manufacturing.,"[""ANSYS"", ""Battery Management"", ""SolidWorks"", ""CATIA"", ""Electric Drive Systems"", ""CFD"", ""MATLAB"", ""AutoCAD"", ""Ideation"", ""Rapid Prototyping""]","[""Telemedicine"", ""Manufacturing"", ""GIS Mapping"", ""Agritech"", ""Remote Sensing""]","[""EV"", ""Mechanical"", ""FinTech""]","[{""name"": ""Active Aerodynamic Wing Actuator"", ""desc"": ""Speed-sensitive rear wing controller lowering high-speed drag."", ""tech"": [""ANSYS"", ""CFD"", ""CAN Bus"", ""Arduino""], ""role"": ""Automotive & EV Engineer""}, {""name"": ""Regenerative Braking Power Recuperator"", ""desc"": ""KERS energy recovery simulation for urban electric buses."", ""tech"": [""MATLAB"", ""Simulink"", ""Battery Management""], ""role"": ""Automotive & EV Engineer""}]",5,0,"{""repos"": 12, ""commits"": 272, ""stars"": 7, ""followers"": 14, ""following"": 20}",100
c4b5cf54-8f46-49df-b8f1-81ee738e55e4,Pavithra Das,pavithra_das_99,pavithra.das@b2b2h.com,National Institute of Technology Tiruchirappalli,NIT Trichy,"Tiruchirappalli, Tamil Nadu",Automobile Engineering,2nd Year,IN_TEAM,Building sustainable and scalable solutions in Nanotechnology. 2nd Year at NIT Trichy.,"[""Battery Management"", ""ANSYS"", ""CFD"", ""Electric Drive Systems"", ""MATLAB"", ""Problem Solving"", ""Presentation""]","[""Nanotechnology"", ""Defence"", ""Edge Computing"", ""Embedded Systems""]","[""Aerospace"", ""AI/ML"", ""Civil"", ""Healthcare""]","[{""name"": ""Active Aerodynamic Wing Actuator"", ""desc"": ""Speed-sensitive rear wing controller lowering high-speed drag."", ""tech"": [""ANSYS"", ""CFD"", ""CAN Bus"", ""Arduino""], ""role"": ""Automotive & EV Engineer""}]",1,0,"{""repos"": 5, ""commits"": 359, ""stars"": 13, ""followers"": 78, ""following"": 6}",95
5b3a219d-f774-40a3-8e53-cefbbd95c1b7,Alok Nambiar,alok_nambiar_82,alok.nambiar@b2b2h.com,Kongu Engineering College,Kongu,"Erode, Tamil Nadu",Automobile Engineering,4th Year,LOOKING_FOR_TEAM,"Interested in DevOps, ClimateTech, and Agentic Systems. Active hackathon builder.","[""AutoCAD"", ""MATLAB"", ""Vehicle Dynamics"", ""CATIA"", ""ANSYS"", ""Electric Drive Systems"", ""Presentation""]","[""DevOps"", ""ClimateTech"", ""Agentic Systems"", ""Robotics"", ""Electric Vehicles""]","[""Aerospace"", ""IoT""]","[{""name"": ""Active Aerodynamic Wing Actuator"", ""desc"": ""Speed-sensitive rear wing controller lowering high-speed drag."", ""tech"": [""ANSYS"", ""CFD"", ""CAN Bus"", ""Arduino""], ""role"": ""Automotive & EV Engineer""}, {""name"": ""Sub-Compact EV Drivetrain Model"", ""desc"": ""Single-speed reduction gearbox and electric motor matching calculation."", ""tech"": [""CATIA"", ""MATLAB"", ""Vehicle Dynamics"", ""SolidWorks""], ""role"": ""Automotive & EV Engineer""}]",5,0,"{""repos"": 0, ""commits"": 0, ""stars"": 0, ""followers"": 0, ""following"": 0}",83
7e41e4a1-e1f5-4811-b5ee-7d004b7f594a,Rashmi Goel,rashmi_goel_77,rashmi.goel@b2b2h.com,Government College of Technology,GCT,"Coimbatore, Tamil Nadu",Chemical Engineering,3rd Year,LOOKING_FOR_TEAM,Chemical Engineering student at GCT passionate about Green Mobility and GIS Mapping.,"[""Thermodynamics"", ""Polymer Chemistry"", ""Fluid Mechanics"", ""Chemical Reaction Engineering"", ""ASPEN Plus"", ""MATLAB"", ""Ideation""]","[""Green Mobility"", ""GIS Mapping"", ""Robotics"", ""Healthcare"", ""Battery Tech""]","[""Mechanical"", ""FinTech"", ""Design""]","[{""name"": ""Industrial Effluent Membrane Filtration"", ""desc"": ""Reverse osmosis wastewater treatment plant for textile dyes."", ""tech"": [""Chemical Reaction Engineering"", ""Heat Transfer"", ""MATLAB""], ""role"": ""Process Engineer""}]",2,1,"{""repos"": 0, ""commits"": 0, ""stars"": 0, ""followers"": 0, ""following"": 0}",72
42564104-e8ad-4e44-b9ff-89862dfd35d2,Rohan Wagh,rohan_wagh_26,rohan.wagh@b2b2h.com,Anna University Regional Campus,Anna University,"Chennai, Tamil Nadu",Chemical Engineering,1st Year,OFFLINE,Building sustainable and scalable solutions in Green Mobility. 1st Year at Anna University.,"[""Process Engineering"", ""Heat Transfer"", ""Chemical Reaction Engineering"", ""Thermodynamics"", ""Fluid Mechanics"", ""MATLAB"", ""Polymer Chemistry"", ""ASPEN Plus"", ""Communication""]","[""Green Mobility"", ""Wearable Tech"", ""Urban Planning"", ""Defence"", ""Autonomous Systems""]","[""Agritech"", ""CleanTech"", ""Aerospace""]",[],4,2,"{""repos"": 5, ""commits"": 66, ""stars"": 5, ""followers"": 13, ""following"": 32}",95
78ae885f-c435-4649-9c08-d501a77bc648,Sowmya Pandey,sowmya_pandey_26,sowmya.pandey@b2b2h.com,National Institute of Technology Tiruchirappalli,NIT Trichy,"Tiruchirappalli, Tamil Nadu",Chemical Engineering,3rd Year,LOOKING_FOR_TEAM,"Interested in Agentic Systems, Battery Tech, and Manufacturing. Active hackathon builder.","[""Process Engineering"", ""Thermodynamics"", ""ASPEN Plus"", ""Heat Transfer"", ""Fluid Mechanics"", ""Chemical Reaction Engineering"", ""MATLAB"", ""Presentation""]","[""Agentic Systems"", ""Battery Tech"", ""Manufacturing"", ""Sustainability""]","[""Logistics"", ""Aerospace"", ""FinTech""]","[{""name"": ""Green Hydrogen Electrolyzer Array"", ""desc"": ""Proton exchange membrane stack layout and heat exchange unit."", ""tech"": [""Thermodynamics"", ""Process Engineering""], ""role"": ""Process Engineer""}]",7,2,"{""repos"": 28, ""commits"": 239, ""stars"": 35, ""followers"": 80, ""following"": 48}",78
277d73e1-a781-4bdf-a6f2-d6c53560bc03,Ishaan Swaminathan,ishaan_swaminathan_13,ishaan.swaminathan@b2b2h.com,KPR Institute of Engineering and Technology,KPR,"Coimbatore, Tamil Nadu",Biotechnology,2nd Year,LOOKING_FOR_MEMBERS,Biotechnology student at KPR passionate about Green Mobility and Microelectronics.,"[""Bioprocess Engineering"", ""CRISPR"", ""Bioinformatics"", ""Python"", ""R"", ""Microbiology"", ""Molecular Biology"", ""Genomics"", ""Team Leadership""]","[""Green Mobility"", ""Microelectronics"", ""NLP"", ""Edge Computing"", ""Smart Agriculture"", ""Cyber Defence""]","[""EdTech"", ""AI/ML"", ""Healthcare"", ""Logistics""]","[{""name"": ""Microbial Fuel Cell Yield Monitor"", ""desc"": ""Sensory rig tracking bio-electricity output from wastewater bacteria."", ""tech"": [""Microbiology"", ""Bioprocess Engineering"", ""Data Analysis""], ""role"": ""Bioinformatics Researcher""}]",6,1,"{""repos"": 0, ""commits"": 0, ""stars"": 0, ""followers"": 0, ""following"": 0}",83
6ccd1f6a-9887-4159-94ae-a8daf672d1a8,Diya Sen,diya_sen_72,diya.sen@b2b2h.com,BITS Pilani Hyderabad Campus,BITS Pilani,"Hyderabad, Telangana",Biotechnology,4th Year,IN_TEAM,Building sustainable and scalable solutions in High Performance Computing. 4th Year at BITS Pilani.,"[""Bioprocess Engineering"", ""Genomics"", ""Molecular Biology"", ""Microbiology"", ""Python"", ""Bioinformatics"", ""Problem Solving"", ""Presentation""]","[""High Performance Computing"", ""Healthcare"", ""Artificial Intelligence"", ""Entrepreneurship"", ""Logistics"", ""Smart Cities""]","[""CleanTech"", ""EV""]","[{""name"": ""Recombinant Protein Expression Assay"", ""desc"": ""High-efficiency bacterial culture protocol for therapeutic enzymes."", ""tech"": [""Molecular Biology"", ""CRISPR""], ""role"": ""Bioinformatics Researcher""}, {""name"": ""CRISPR Off-Target Predictive Tool"", ""desc"": ""Bioinformatics sequence parser identifying non-specific gene edits."", ""tech"": [""Python"", ""Bioinformatics"", ""Genomics"", ""R""], ""role"": ""Bioinformatics Researcher""}, {""name"": ""Microbial Fuel Cell Yield Monitor"", ""desc"": ""Sensory rig tracking bio-electricity output from wastewater bacteria."", ""tech"": [""Microbiology"", ""Bioprocess Engineering"", ""Data Analysis""], ""role"": ""Bioinformatics Researcher""}]",3,0,"{""repos"": 18, ""commits"": 402, ""stars"": 27, ""followers"": 24, ""following"": 13}",97
fcccb7c6-a8a4-4e69-9db9-8f40d2b5cea2,Raghunath Krishnan,raghunath_krishnan_15,raghunath.krishnan@b2b2h.com,SRM Institute of Science and Technology,SRM,"Chennai, Tamil Nadu",Biotechnology,2nd Year,LOOKING_FOR_TEAM,"Interested in Nanotechnology, SpaceTech, and Industry 4.0. Active hackathon builder.","[""R"", ""CRISPR"", ""Bioprocess Engineering"", ""Genomics"", ""Molecular Biology"", ""Data Analysis"", ""Presentation"", ""Problem Solving""]","[""Nanotechnology"", ""SpaceTech"", ""Industry 4.0"", ""Sustainability"", ""CleanTech"", ""Digital Twins""]","[""Product"", ""EdTech"", ""Civil""]","[{""name"": ""Recombinant Protein Expression Assay"", ""desc"": ""High-efficiency bacterial culture protocol for therapeutic enzymes."", ""tech"": [""Molecular Biology"", ""CRISPR""], ""role"": ""Bioinformatics Researcher""}]",2,1,"{""repos"": 10, ""commits"": 190, ""stars"": 10, ""followers"": 11, ""following"": 37}",98
40627c66-b187-405d-94af-8fafe9314606,Meera Ahuja,meera_ahuja_54,meera.ahuja@b2b2h.com,SSN College of Engineering,SSN,"Chennai, Tamil Nadu",Biomedical Engineering,1st Year,OPEN_TO_INVITES,Biomedical Engineering student at SSN passionate about VLSI and Disaster Tech.,"[""LabVIEW"", ""Sensor Design"", ""Biomedical Instrumentation"", ""Signal Processing"", ""Ideation""]","[""VLSI"", ""Disaster Tech"", ""Sustainable Materials"", ""Waste Management""]","[""Biotech"", ""Agritech"", ""Product"", ""EdTech""]",[],1,1,"{""repos"": 17, ""commits"": 343, ""stars"": 19, ""followers"": 37, ""following"": 42}",79
77a759a7-7170-48ba-bd51-11b2aced5eeb,Aravind Ranganathan,aravind_ranganathan_69,aravind.ranganathan@b2b2h.com,SASTRA Deemed University,SASTRA,"Thanjavur, Tamil Nadu",Biomedical Engineering,3rd Year,LOOKING_FOR_TEAM,Building sustainable and scalable solutions in Precision Agriculture. 3rd Year at SASTRA.,"[""SolidWorks"", ""Signal Processing"", ""Biomedical Instrumentation"", ""Communication""]","[""Precision Agriculture"", ""Micro-Mobility"", ""Cybersecurity"", ""Digital Health"", ""Carbon Capture"", ""Autonomous Driving""]","[""Agritech"", ""Design""]","[{""name"": ""Non-Invasive Glucose Biosensor"", ""desc"": ""Optical near-infrared spectrophotometer measuring interstitial blood glucose."", ""tech"": [""MATLAB"", ""Medical Image Processing"", ""Medical AI"", ""Biomedical Instrumentation""], ""role"": ""Medical AI Specialist""}, {""name"": ""Prosthetic Myoelectric Hand Controller"", ""desc"": ""Surface EMG pattern recognition decoding hand gesture intent."", ""tech"": [""Signal Processing"", ""Sensor Design"", ""LabVIEW""], ""role"": ""Medical AI Specialist""}, {""name"": ""Smart ICU Patient Vital Predictor"", ""desc"": ""Predictive alert system flagging onset of septic shock."", ""tech"": [""Medical AI"", ""Python"", ""Biomedical Instrumentation""], ""role"": ""Medical AI Specialist""}]",6,1,"{""repos"": 0, ""commits"": 0, ""stars"": 0, ""followers"": 0, ""following"": 0}",75
affb040c-0796-49f8-b3db-6780d0e12bad,Shruti Shetty,shruti_shetty_15,shruti.shetty@b2b2h.com,Thiagarajar College of Engineering,Thiagarajar,"Madurai, Tamil Nadu",Biomedical Engineering,1st Year,IN_TEAM,"Interested in Satellite Communication, Defence, and Hydroponics. Active hackathon builder.","[""Biomedical Instrumentation"", ""Sensor Design"", ""Signal Processing"", ""SolidWorks"", ""Medical Image Processing"", ""LabVIEW"", ""Communication"", ""Ideation""]","[""Satellite Communication"", ""Defence"", ""Hydroponics""]","[""Civil"", ""EV"", ""CleanTech"", ""Aerospace""]",[],6,1,"{""repos"": 0, ""commits"": 0, ""stars"": 0, ""followers"": 0, ""following"": 0}",74
347dcda4-cc34-4117-be02-c3eeaaf8878f,Naveen Dutta,naveen_dutta_54,naveen.dutta@b2b2h.com,College of Engineering Guindy,CEG,"Chennai, Tamil Nadu",Agricultural Engineering,4th Year,IN_TEAM,Agricultural Engineering student at CEG passionate about Hydrology and Nanotechnology.,"[""GIS"", ""Soil Mechanics"", ""IOT Sensors"", ""Hydrology"", ""Team Leadership"", ""Ideation""]","[""Hydrology"", ""Nanotechnology"", ""Generative AI"", ""Smart Agriculture"", ""Open Source"", ""Smart Cities""]","[""Design"", ""Robotics"", ""IoT""]","[{""name"": ""Hydroponic Nutrient Auto-Doser"", ""desc"": ""Closed-loop EC and pH control unit for greenhouse verti-farming."", ""tech"": [""AgriTech"", ""IOT Sensors"", ""Arduino""], ""role"": ""AgriTech Specialist""}]",4,0,"{""repos"": 12, ""commits"": 423, ""stars"": 6, ""followers"": 66, ""following"": 39}",74
85821370-f883-484e-94ee-f6ae8dc26c65,Vandana Bhardwaj,vandana_bhardwaj_86,vandana.bhardwaj@b2b2h.com,Vellore Institute of Technology,VIT,"Vellore, Tamil Nadu",Agricultural Engineering,2nd Year,OPEN_TO_INVITES,Building sustainable and scalable solutions in Digital Health. 2nd Year at VIT.,"[""Precision Agriculture"", ""Python"", ""AgriTech"", ""Hydrology"", ""Rapid Prototyping""]","[""Digital Health"", ""Automation"", ""Signal Processing"", ""Web3"", ""Smart Agriculture""]","[""Robotics"", ""Aerospace"", ""Biotech""]","[{""name"": ""Solar Powered Drip Irrigation Router"", ""desc"": ""Soil moisture driven automated solenoid network for arid farms."", ""tech"": [""IOT Sensors"", ""AgriTech"", ""AutoCAD""], ""role"": ""AgriTech Specialist""}, {""name"": ""Autonomous Crop Health Mapping Drone"", ""desc"": ""Multispectral aerial imaging drone detecting nitrogen stress in crops."", ""tech"": [""Precision Agriculture"", ""GIS"", ""Drone Surveying"", ""Python""], ""role"": ""AgriTech Specialist""}]",5,2,"{""repos"": 19, ""commits"": 290, ""stars"": 26, ""followers"": 22, ""following"": 17}",97
b92bae36-b338-429c-af78-0cbf3fb8795f,Dinesh Ghosh,dinesh_ghosh_57,dinesh.ghosh@b2b2h.com,National Institute of Technology Tiruchirappalli,NIT Trichy,"Tiruchirappalli, Tamil Nadu",Agricultural Engineering,4th Year,LOOKING_FOR_TEAM,"Interested in FinTech, Edge Computing, and Manufacturing. Active hackathon builder.","[""Python"", ""GIS"", ""Precision Agriculture"", ""AutoCAD"", ""IOT Sensors"", ""Drone Surveying"", ""Soil Mechanics"", ""AgriTech"", ""Problem Solving"", ""Team Leadership""]","[""FinTech"", ""Edge Computing"", ""Manufacturing"", ""Robotics"", ""Autonomous Systems"", ""Defence""]","[""Agritech"", ""Healthcare"", ""Product"", ""Web""]","[{""name"": ""Autonomous Crop Health Mapping Drone"", ""desc"": ""Multispectral aerial imaging drone detecting nitrogen stress in crops."", ""tech"": [""Precision Agriculture"", ""GIS"", ""Drone Surveying"", ""Python""], ""role"": ""AgriTech Specialist""}]",2,0,"{""repos"": 7, ""commits"": 408, ""stars"": 45, ""followers"": 62, ""following"": 33}",76
9965fb9a-60f0-4faa-a4c2-69d5bf9b8f86,Radhika Naidu,radhika_naidu_29,radhika.naidu@b2b2h.com,National Institute of Technology Tiruchirappalli,NIT Trichy,"Tiruchirappalli, Tamil Nadu",Aerospace Engineering,3rd Year,OFFLINE,Aerospace Engineering student at NIT Trichy passionate about E-Commerce and Supply Chain.,"[""CFD"", ""Simulink"", ""MATLAB"", ""CATIA"", ""ANSYS"", ""Aerodynamics"", ""SolidWorks"", ""Flight Mechanics"", ""Propulsion Systems"", ""Problem Solving""]","[""E-Commerce"", ""Supply Chain"", ""Artificial Intelligence"", ""Telemedicine""]","[""IoT"", ""Mechanical"", ""Cybersecurity""]","[{""name"": ""CubeSat Thermal Radiator Shield"", ""desc"": ""Passive thermal control system for LEO nanosatellite electronics."", ""tech"": [""ANSYS"", ""CFD"", ""Thermal Systems"", ""SolidWorks""], ""role"": ""Aerospace Systems Engineer""}, {""name"": ""Micro-Turbojet Combustion Chamber"", ""desc"": ""Annular combustor designed for low emissions and high thrust-to-weight."", ""tech"": [""CATIA"", ""Simulink"", ""Flight Mechanics""], ""role"": ""Aerospace Systems Engineer""}, {""name"": ""Supersonic Nozzle Flow Analyzer"", ""desc"": ""Variable geometry convergent-divergent nozzle CFD simulation."", ""tech"": [""Aerodynamics"", ""Propulsion Systems"", ""MATLAB""], ""role"": ""Aerospace Systems Engineer""}]",1,1,"{""repos"": 0, ""commits"": 0, ""stars"": 0, ""followers"": 0, ""following"": 0}",90
6c7ba5ab-e76c-4823-86d3-ecd291bf2b8e,Ashwin Tiwari,ashwin_tiwari_59,ashwin.tiwari@b2b2h.com,SSN College of Engineering,SSN,"Chennai, Tamil Nadu",Aerospace Engineering,1st Year,LOOKING_FOR_MEMBERS,Building sustainable and scalable solutions in Cybersecurity. 1st Year at SSN.,"[""Aerodynamics"", ""CFD"", ""SolidWorks"", ""Communication""]","[""Cybersecurity"", ""Circular Economy"", ""Embedded Systems"", ""Microelectronics""]","[""Cybersecurity"", ""Biotech"", ""Design"", ""Agritech""]",[],0,0,"{""repos"": 25, ""commits"": 417, ""stars"": 29, ""followers"": 6, ""following"": 23}",80
99d675f5-481c-4a42-ab83-626ee52dd60c,Nivedita Kannan,nivedita_kannan_49,nivedita.kannan@b2b2h.com,Karunya Institute of Technology and Sciences,Karunya,"Coimbatore, Tamil Nadu",Aerospace Engineering,3rd Year,IN_TEAM,"Interested in FinTech, Supply Chain, and Industry 4.0. Active hackathon builder.","[""Simulink"", ""ANSYS"", ""MATLAB"", ""CATIA"", ""Propulsion Systems"", ""Structural Analysis"", ""Aerodynamics"", ""CFD"", ""SolidWorks"", ""Flight Mechanics"", ""Rapid Prototyping"", ""Communication""]","[""FinTech"", ""Supply Chain"", ""Industry 4.0"", ""Synthetic Biology"", ""Open Source""]","[""EV"", ""Agritech"", ""FinTech"", ""AI/ML""]","[{""name"": ""Supersonic Nozzle Flow Analyzer"", ""desc"": ""Variable geometry convergent-divergent nozzle CFD simulation."", ""tech"": [""Aerodynamics"", ""Propulsion Systems"", ""MATLAB""], ""role"": ""Aerospace Systems Engineer""}, {""name"": ""Micro-Turbojet Combustion Chamber"", ""desc"": ""Annular combustor designed for low emissions and high thrust-to-weight."", ""tech"": [""CATIA"", ""Simulink"", ""Flight Mechanics""], ""role"": ""Aerospace Systems Engineer""}, {""name"": ""CubeSat Thermal Radiator Shield"", ""desc"": ""Passive thermal control system for LEO nanosatellite electronics."", ""tech"": [""ANSYS"", ""CFD"", ""Thermal Systems"", ""SolidWorks""], ""role"": ""Aerospace Systems Engineer""}]",4,2,"{""repos"": 12, ""commits"": 248, ""stars"": 38, ""followers"": 56, ""following"": 15}",89
0af9507d-81b9-4cf1-b44b-0dacf503dc2d,Chirag Mishra,chirag_mishra_65,chirag.mishra@b2b2h.com,Anna University Regional Campus,Anna University,"Chennai, Tamil Nadu",Industrial Engineering,2nd Year,LOOKING_FOR_TEAM,Industrial Engineering student at Anna University passionate about Electric Vehicles and Agritech.,"[""SQL"", ""Python"", ""Arena Simulation"", ""Problem Solving""]","[""Electric Vehicles"", ""Agritech"", ""Web3""]","[""Aerospace"", ""Logistics"", ""Civil"", ""EV""]","[{""name"": ""Global Logistics Carbon Tracking Dashboard"", ""desc"": ""Supply chain carbon footprint auditor with route optimization."", ""tech"": [""Python"", ""SQL"", ""Six Sigma""], ""role"": ""Operations Analyst""}]",4,0,"{""repos"": 24, ""commits"": 250, ""stars"": 23, ""followers"": 49, ""following"": 33}",81
ce2ebc11-9397-4333-846e-1b97cad19e01,Saritha Rajan,saritha_rajan_60,saritha.rajan@b2b2h.com,Madras Institute of Technology,MIT Chennai,"Chennai, Tamil Nadu",Industrial Engineering,4th Year,LOOKING_FOR_MEMBERS,Building sustainable and scalable solutions in Digital Health. 4th Year at MIT Chennai.,"[""Supply Chain Analytics"", ""Operations Research"", ""Python"", ""Process Optimization"", ""Ideation"", ""Rapid Prototyping""]","[""Digital Health"", ""Smart Cities"", ""Telemedicine"", ""DeepTech"", ""Smart Infrastructure""]","[""FinTech"", ""Healthcare""]","[{""name"": ""Global Logistics Carbon Tracking Dashboard"", ""desc"": ""Supply chain carbon footprint auditor with route optimization."", ""tech"": [""Python"", ""SQL"", ""Six Sigma""], ""role"": ""Operations Analyst""}, {""name"": ""Hospital Emergency Ward Bottleneck Model"", ""desc"": ""Discrete event simulation optimizing nurse allocation and triage time."", ""tech"": [""Arena Simulation"", ""Operations Research"", ""Process Optimization""], ""role"": ""Operations Analyst""}, {""name"": ""Automated Fulfillment Warehouse Layout"", ""desc"": ""SLP-based facility layout reducing order retrieval transit times."", ""tech"": [""Supply Chain Analytics"", ""Lean Manufacturing"", ""Tableau""], ""role"": ""Operations Analyst""}]",1,0,"{""repos"": 25, ""commits"": 247, ""stars"": 5, ""followers"": 42, ""following"": 47}",92
aae2087b-48ce-441f-8985-02e8fb5169ec,Eashan Sethi,eashan_sethi_99,eashan.sethi@b2b2h.com,Manipal Institute of Technology,Manipal,"Manipal, Karnataka",Industrial Engineering,2nd Year,OPEN_TO_INVITES,"Interested in Interactive Media, Battery Tech, and Avionics. Active hackathon builder.","[""Python"", ""Six Sigma"", ""Operations Research"", ""Supply Chain Analytics"", ""Process Optimization"", ""Arena Simulation"", ""Tableau"", ""SQL"", ""Lean Manufacturing"", ""Rapid Prototyping"", ""Ideation""]","[""Interactive Media"", ""Battery Tech"", ""Avionics"", ""Assistive Tech"", ""Carbon Capture""]","[""Healthcare"", ""Agritech""]","[{""name"": ""Global Logistics Carbon Tracking Dashboard"", ""desc"": ""Supply chain carbon footprint auditor with route optimization."", ""tech"": [""Python"", ""SQL"", ""Six Sigma""], ""role"": ""Operations Analyst""}, {""name"": ""Automated Fulfillment Warehouse Layout"", ""desc"": ""SLP-based facility layout reducing order retrieval transit times."", ""tech"": [""Supply Chain Analytics"", ""Lean Manufacturing"", ""Tableau""], ""role"": ""Operations Analyst""}, {""name"": ""Hospital Emergency Ward Bottleneck Model"", ""desc"": ""Discrete event simulation optimizing nurse allocation and triage time."", ""tech"": [""Arena Simulation"", ""Operations Research"", ""Process Optimization""], ""role"": ""Operations Analyst""}]",6,1,"{""repos"": 0, ""commits"": 0, ""stars"": 0, ""followers"": 0, ""following"": 0}",88
ed82829b-d814-4e03-b750-a41974852d40,Sangeetha Venkatesh,sangeetha_venkatesh_33,sangeetha.venkatesh@b2b2h.com,Kumaraguru College of Technology,Kumaraguru,"Coimbatore, Tamil Nadu",Instrumentation Engineering,1st Year,IN_TEAM,Instrumentation Engineering student at Kumaraguru passionate about MedTech and Startups.,"[""LabVIEW"", ""PLC"", ""MATLAB"", ""Instrumentation Design"", ""SCADA"", ""Control Systems"", ""Signal Processing"", ""Communication"", ""Team Leadership""]","[""MedTech"", ""Startups"", ""Remote Sensing""]","[""CleanTech"", ""Healthcare"", ""EV"", ""Design""]","[{""name"": ""Smart Gas Leak Optical Detector"", ""desc"": ""NDIR sensor unit with wireless alarm reporting for chemical plants."", ""tech"": [""LabVIEW"", ""Sensors & Transducers"", ""PLC""], ""role"": ""Instrumentation Engineer""}, {""name"": ""Ultra-Precise Vibration Calibration Rig"", ""desc"": ""Piezo-actuated shaker table for accelerometer calibration."", ""tech"": [""SCADA"", ""Signal Processing"", ""Instrumentation Design""], ""role"": ""Instrumentation Engineer""}]",1,1,"{""repos"": 0, ""commits"": 0, ""stars"": 0, ""followers"": 0, ""following"": 0}",96
0614b282-09f3-41f4-8c80-cd26922cefb7,Ganesh Jain,ganesh_jain_13,ganesh.jain@b2b2h.com,Coimbatore Institute of Technology,CIT,"Coimbatore, Tamil Nadu",Instrumentation Engineering,3rd Year,LOOKING_FOR_TEAM,Building sustainable and scalable solutions in Battery Tech. 3rd Year at CIT.,"[""MATLAB"", ""Embedded C"", ""Sensors & Transducers"", ""Signal Processing"", ""Instrumentation Design"", ""LabVIEW"", ""PLC"", ""SCADA"", ""Rapid Prototyping"", ""Team Leadership""]","[""Battery Tech"", ""Sustainable Materials"", ""Entrepreneurship"", ""Microelectronics"", ""Synthetic Biology"", ""AR/VR""]","[""Agritech"", ""Aerospace"", ""Civil""]","[{""name"": ""Ultra-Precise Vibration Calibration Rig"", ""desc"": ""Piezo-actuated shaker table for accelerometer calibration."", ""tech"": [""SCADA"", ""Signal Processing"", ""Instrumentation Design""], ""role"": ""Instrumentation Engineer""}]",2,1,"{""repos"": 20, ""commits"": 74, ""stars"": 20, ""followers"": 32, ""following"": 34}",74
fc2e2e44-67a1-49c0-8deb-aae8b7fd05ce,Usha Gopal,usha_gopal_22,usha.gopal@b2b2h.com,PSG College of Technology,PSG Tech,"Coimbatore, Tamil Nadu",Instrumentation Engineering,1st Year,LOOKING_FOR_MEMBERS,"Interested in Generative AI, SpaceTech, and Interactive Media. Active hackathon builder.","[""Sensors & Transducers"", ""Embedded C"", ""Signal Processing"", ""PLC"", ""SCADA"", ""MATLAB"", ""Team Leadership""]","[""Generative AI"", ""SpaceTech"", ""Interactive Media"", ""Thermal Systems"", ""Green Mobility"", ""Web3""]","[""Aerospace"", ""AI/ML""]","[{""name"": ""Ultra-Precise Vibration Calibration Rig"", ""desc"": ""Piezo-actuated shaker table for accelerometer calibration."", ""tech"": [""SCADA"", ""Signal Processing"", ""Instrumentation Design""], ""role"": ""Instrumentation Engineer""}]",2,0,"{""repos"": 22, ""commits"": 354, ""stars"": 43, ""followers"": 62, ""following"": 23}",93
6c480048-b597-421a-a03f-d31dcc86dde0,Arjun Srivastava,arjun_srivastava_56,arjun.srivastava@b2b2h.com,Vellore Institute of Technology,VIT,"Vellore, Tamil Nadu",Architecture,4th Year,LOOKING_FOR_MEMBERS,Architecture student at VIT passionate about Micro-Mobility and Quantum Computing.,"[""Lumion"", ""Revit"", ""Rhino 3D"", ""Ideation"", ""Presentation""]","[""Micro-Mobility"", ""Quantum Computing"", ""Smart Grids"", ""Telemedicine"", ""Renewable Energy"", ""Electric Vehicles""]","[""Civil"", ""Aerospace""]","[{""name"": ""Urban Climate Micro-District Plan"", ""desc"": ""Transit-oriented mixed-use masterplan reducing urban heat island effect."", ""tech"": [""Urban Planning"", ""AutoCAD"", ""Photoshop""], ""role"": ""BIM Designer""}, {""name"": ""Net-Zero Energy Campus Library"", ""desc"": ""Parametric passive solar design with green roof integration."", ""tech"": [""Revit"", ""BIM (Building Information Modeling)"", ""Architectural Design"", ""Rhino 3D""], ""role"": ""BIM Designer""}, {""name"": ""Parametric Bamboo Timber Pavilion"", ""desc"": ""Curvilinear public canopy generated using algorithmic geometric rules."", ""tech"": [""Grasshopper"", ""SketchUp"", ""3D Visualization""], ""role"": ""BIM Designer""}]",1,0,"{""repos"": 27, ""commits"": 93, ""stars"": 12, ""followers"": 79, ""following"": 37}",92
62896dac-f806-44b9-bcb9-4a4df88ecc09,Priya Kumar,priya_kumar_52,priya.kumar@b2b2h.com,Amrita Vishwa Vidyapeetham,Amrita,"Coimbatore, Tamil Nadu",Architecture,2nd Year,OFFLINE,Building sustainable and scalable solutions in Precision Agriculture. 2nd Year at Amrita.,"[""SketchUp"", ""3D Visualization"", ""Urban Planning"", ""Architectural Design"", ""Photoshop"", ""Lumion"", ""AutoCAD"", ""Rhino 3D"", ""BIM (Building Information Modeling)"", ""Revit"", ""Communication"", ""Ideation""]","[""Precision Agriculture"", ""Smart Agriculture"", ""VLSI"", ""Robotics"", ""High Performance Computing"", ""Green Building""]","[""IoT"", ""AI/ML"", ""Design""]","[{""name"": ""Net-Zero Energy Campus Library"", ""desc"": ""Parametric passive solar design with green roof integration."", ""tech"": [""Revit"", ""BIM (Building Information Modeling)"", ""Architectural Design"", ""Rhino 3D""], ""role"": ""BIM Designer""}, {""name"": ""Urban Climate Micro-District Plan"", ""desc"": ""Transit-oriented mixed-use masterplan reducing urban heat island effect."", ""tech"": [""Urban Planning"", ""AutoCAD"", ""Photoshop""], ""role"": ""BIM Designer""}]",0,0,"{""repos"": 26, ""commits"": 337, ""stars"": 24, ""followers"": 20, ""following"": 48}",84
1458b5a8-ec14-4f63-b9f8-f205cef99d3a,Tarun Natarajan,tarun_natarajan_50,tarun.natarajan@b2b2h.com,SRM Institute of Science and Technology,SRM,"Chennai, Tamil Nadu",Architecture,4th Year,OPEN_TO_INVITES,"Interested in Telemedicine, Battery Tech, and Research. Active hackathon builder.","[""Rhino 3D"", ""Lumion"", ""Architectural Design"", ""3D Visualization"", ""BIM (Building Information Modeling)"", ""Revit"", ""AutoCAD"", ""SketchUp"", ""Photoshop"", ""Communication"", ""Rapid Prototyping""]","[""Telemedicine"", ""Battery Tech"", ""Research"", ""CleanTech"", ""Quantum Computing""]","[""EV"", ""IoT"", ""Logistics"", ""Civil""]","[{""name"": ""Urban Climate Micro-District Plan"", ""desc"": ""Transit-oriented mixed-use masterplan reducing urban heat island effect."", ""tech"": [""Urban Planning"", ""AutoCAD"", ""Photoshop""], ""role"": ""BIM Designer""}, {""name"": ""Parametric Bamboo Timber Pavilion"", ""desc"": ""Curvilinear public canopy generated using algorithmic geometric rules."", ""tech"": [""Grasshopper"", ""SketchUp"", ""3D Visualization""], ""role"": ""BIM Designer""}, {""name"": ""Net-Zero Energy Campus Library"", ""desc"": ""Parametric passive solar design with green roof integration."", ""tech"": [""Revit"", ""BIM (Building Information Modeling)"", ""Architectural Design"", ""Rhino 3D""], ""role"": ""BIM Designer""}]",4,0,"{""repos"": 25, ""commits"": 380, ""stars"": 31, ""followers"": 42, ""following"": 35}",91
1c013e76-8dd1-4835-929d-4d17b3cca983,Meenakshi Aggarwal,meenakshi_aggarwal_79,meenakshi.aggarwal@b2b2h.com,Vellore Institute of Technology,VIT,"Vellore, Tamil Nadu",Fashion Technology,3rd Year,IN_TEAM,Fashion Technology student at VIT passionate about Prompt Engineering and Avionics.,"[""Pattern Making"", ""Textile Design"", ""Styling"", ""Adobe Illustrator"", ""Fashion Merchandising"", ""UI Design"", ""Photoshop"", ""Garment Manufacturing"", ""Fashion CAD"", ""Team Leadership"", ""Communication""]","[""Prompt Engineering"", ""Avionics"", ""Manufacturing""]","[""IoT"", ""AI/ML"", ""FinTech"", ""Robotics""]","[{""name"": ""Virtual AR Apparel Fitting Room"", ""desc"": ""Real-time 3D cloth simulation for online e-commerce sizing."", ""tech"": [""Fashion CAD"", ""UI Design"", ""Photoshop""], ""role"": ""UI/Creative Designer""}, {""name"": ""Zero-Waste Pattern Generation Engine"", ""desc"": ""Nested layout generator minimizing fabric cutting waste."", ""tech"": [""Pattern Making"", ""Garment Manufacturing""], ""role"": ""UI/Creative Designer""}]",6,1,"{""repos"": 6, ""commits"": 368, ""stars"": 8, ""followers"": 2, ""following"": 40}",76
cab37fc0-5983-4910-a593-6b513146db25,Devendra Iyer,devendra_iyer_46,devendra.iyer@b2b2h.com,Madras Institute of Technology,MIT Chennai,"Chennai, Tamil Nadu",Fashion Technology,1st Year,LOOKING_FOR_MEMBERS,Building sustainable and scalable solutions in Waste Management. 1st Year at MIT Chennai.,"[""Adobe Illustrator"", ""Photoshop"", ""Pattern Making"", ""Garment Manufacturing"", ""Styling"", ""UI Design"", ""Fashion CAD"", ""Fashion Merchandising"", ""Problem Solving""]","[""Waste Management"", ""Synthetic Biology"", ""Sustainability"", ""Satellite Communication"", ""DeepTech""]","[""Logistics"", ""Product"", ""Design""]","[{""name"": ""Zero-Waste Pattern Generation Engine"", ""desc"": ""Nested layout generator minimizing fabric cutting waste."", ""tech"": [""Pattern Making"", ""Garment Manufacturing""], ""role"": ""UI/Creative Designer""}, {""name"": ""Circular Textile Upcycling Tracker"", ""desc"": ""QR-code powered garment lifecycle passport tracking recycled fibers."", ""tech"": [""Textile Design"", ""Fashion Merchandising"", ""Adobe Illustrator""], ""role"": ""UI/Creative Designer""}, {""name"": ""Virtual AR Apparel Fitting Room"", ""desc"": ""Real-time 3D cloth simulation for online e-commerce sizing."", ""tech"": [""Fashion CAD"", ""UI Design"", ""Photoshop""], ""role"": ""UI/Creative Designer""}]",4,2,"{""repos"": 11, ""commits"": 118, ""stars"": 7, ""followers"": 44, ""following"": 15}",95
bb0f642d-1096-4c1e-a583-70dcd1d200f4,Pooja Patel,pooja_patel_47,pooja.patel@b2b2h.com,Indian Institute of Technology Madras,IIT Madras,"Chennai, Tamil Nadu",Fashion Technology,3rd Year,OPEN_TO_INVITES,"Interested in Cyber Defence, CleanTech, and Artificial Intelligence. Active hackathon builder.","[""Fashion Merchandising"", ""UI Design"", ""Garment Manufacturing"", ""Textile Design"", ""Rapid Prototyping""]","[""Cyber Defence"", ""CleanTech"", ""Artificial Intelligence"", ""Drone Technology"", ""3D Printing"", ""Web3""]","[""CleanTech"", ""Agritech"", ""EV""]","[{""name"": ""Virtual AR Apparel Fitting Room"", ""desc"": ""Real-time 3D cloth simulation for online e-commerce sizing."", ""tech"": [""Fashion CAD"", ""UI Design"", ""Photoshop""], ""role"": ""UI/Creative Designer""}]",4,2,"{""repos"": 0, ""commits"": 0, ""stars"": 0, ""followers"": 0, ""following"": 0}",92
c4e69c9e-4472-40aa-ae9e-e98402e48d1b,Pranav Verma,pranav_verma_40,pranav.verma@b2b2h.com,PSG College of Technology,PSG Tech,"Coimbatore, Tamil Nadu",Data Science,2nd Year,LOOKING_FOR_TEAM,Data Science student at PSG Tech passionate about Urban Planning and Micro-Mobility.,"[""NumPy"", ""SQL"", ""Power BI"", ""Apache Spark"", ""Deep Learning"", ""Scikit-Learn"", ""Python"", ""Data Visualization"", ""Tableau"", ""Pandas"", ""Team Leadership""]","[""Urban Planning"", ""Micro-Mobility"", ""Green Building"", ""Signal Processing"", ""Prompt Engineering""]","[""IoT"", ""EdTech""]","[{""name"": ""Automated Machine Learning Workbench"", ""desc"": ""No-code model exploration tool comparing cross-validation scores."", ""tech"": [""Python"", ""Pandas"", ""Scikit-Learn"", ""Streamlit""], ""role"": ""Data Engineer""}, {""name"": ""Geospatial Real Estate Value Mapper"", ""desc"": ""Interactive pricing map using satellite land feature vectors."", ""tech"": [""R"", ""Tableau"", ""Power BI"", ""SQL""], ""role"": ""Data Engineer""}, {""name"": ""Realtime E-Commerce Trend Predictor"", ""desc"": ""Streaming clickstream aggregator classifying buyer intent live."", ""tech"": [""Apache Spark"", ""Big Data"", ""SQL"", ""Python""], ""role"": ""Data Engineer""}]",5,1,"{""repos"": 0, ""commits"": 0, ""stars"": 0, ""followers"": 0, ""following"": 0}",76
e019c590-05ca-4dd0-8414-3264362d7ab3,Shreya Joshi,shreya_joshi_83,shreya.joshi@b2b2h.com,National Institute of Technology Tiruchirappalli,NIT Trichy,"Tiruchirappalli, Tamil Nadu",Data Science,4th Year,OPEN_TO_INVITES,Building sustainable and scalable solutions in Green Mobility. 4th Year at NIT Trichy.,"[""Scikit-Learn"", ""Apache Spark"", ""Tableau"", ""R"", ""Pandas"", ""Problem Solving"", ""Ideation""]","[""Green Mobility"", ""Waste Management"", ""Healthcare"", ""Hydroponics"", ""Sustainable Materials"", ""Smart Agriculture""]","[""Web"", ""Civil"", ""CleanTech"", ""Mechanical""]","[{""name"": ""Geospatial Real Estate Value Mapper"", ""desc"": ""Interactive pricing map using satellite land feature vectors."", ""tech"": [""R"", ""Tableau"", ""Power BI"", ""SQL""], ""role"": ""Data Engineer""}]",0,0,"{""repos"": 21, ""commits"": 57, ""stars"": 2, ""followers"": 56, ""following"": 27}",99
fb92583d-11ab-4cec-a9fd-c5fd932c1193,Aditya Sharma,aditya_sharma_70,aditya.sharma@b2b2h.com,PSG College of Technology,PSG Tech,"Coimbatore, Tamil Nadu",Data Science,2nd Year,LOOKING_FOR_MEMBERS,"Interested in Generative AI, Logistics, and Sustainable Materials. Active hackathon builder.","[""SQL"", ""Deep Learning"", ""Power BI"", ""Scikit-Learn"", ""Big Data"", ""Pandas"", ""Tableau"", ""Apache Spark"", ""Python"", ""Communication""]","[""Generative AI"", ""Logistics"", ""Sustainable Materials""]","[""Logistics"", ""Mechanical"", ""Civil"", ""Product""]","[{""name"": ""Geospatial Real Estate Value Mapper"", ""desc"": ""Interactive pricing map using satellite land feature vectors."", ""tech"": [""R"", ""Tableau"", ""Power BI"", ""SQL""], ""role"": ""Data Engineer""}]",5,1,"{""repos"": 14, ""commits"": 99, ""stars"": 17, ""followers"": 26, ""following"": 12}",94
732dbfe7-1acd-4dd9-8572-92ca7923a567,Ritu Reddy,ritu_reddy_12,ritu.reddy@b2b2h.com,Thiagarajar College of Engineering,Thiagarajar,"Madurai, Tamil Nadu",Cyber Security,1st Year,OPEN_TO_INVITES,Cyber Security student at Thiagarajar passionate about Embedded Systems and Smart Cities.,"[""Penetration Testing"", ""Python"", ""Ethical Hacking"", ""Network Security"", ""Team Leadership""]","[""Embedded Systems"", ""Smart Cities"", ""Healthcare"", ""Gaming""]","[""EV"", ""IoT"", ""Agritech"", ""Logistics""]",[],5,0,"{""repos"": 0, ""commits"": 0, ""stars"": 0, ""followers"": 0, ""following"": 0}",86
e88fb49b-4d38-4e00-98f7-81c1486d5d6c,Akash Sengupta,akash_sengupta_38,akash.sengupta@b2b2h.com,SRM Institute of Science and Technology,SRM,"Chennai, Tamil Nadu",Cyber Security,3rd Year,LOOKING_FOR_MEMBERS,Building sustainable and scalable solutions in Open Source. 3rd Year at SRM.,"[""Ethical Hacking"", ""Cryptography"", ""Burp Suite"", ""Kali Linux"", ""Wireshark"", ""Metasploit"", ""Reverse Engineering"", ""Communication"", ""Rapid Prototyping""]","[""Open Source"", ""Signal Processing"", ""Green Building"", ""Web3"", ""Manufacturing"", ""Logistics""]","[""Healthcare"", ""Biotech"", ""AI/ML"", ""CleanTech""]","[{""name"": ""Automated Malware Sandbox Runner"", ""desc"": ""Isolated dynamic analysis platform extracting C2 indicators."", ""tech"": [""Kali Linux"", ""Reverse Engineering"", ""Wireshark"", ""Metasploit""], ""role"": ""Security Analyst""}, {""name"": ""Zero-Trust IAM Policy Validator"", ""desc"": ""Static analysis tool identifying over-privileged cloud infrastructure roles."", ""tech"": [""Python"", ""Network Security"", ""Cloud Security"", ""OAuth 2.0""], ""role"": ""Security Analyst""}]",3,1,"{""repos"": 19, ""commits"": 88, ""stars"": 24, ""followers"": 33, ""following"": 21}",72
38eb7628-e648-4935-b757-eff8326a187d,Sneha Sundaram,sneha_sundaram_78,sneha.sundaram@b2b2h.com,Kongu Engineering College,Kongu,"Erode, Tamil Nadu",Cyber Security,1st Year,LOOKING_FOR_TEAM,"Interested in Smart Cities, Research, and Renewable Energy. Active hackathon builder.","[""Kali Linux"", ""Python"", ""Ethical Hacking"", ""Penetration Testing"", ""Network Security"", ""Wireshark"", ""Nmap"", ""Rapid Prototyping""]","[""Smart Cities"", ""Research"", ""Renewable Energy""]","[""Design"", ""IoT"", ""Robotics"", ""Logistics""]","[{""name"": ""Automated Malware Sandbox Runner"", ""desc"": ""Isolated dynamic analysis platform extracting C2 indicators."", ""tech"": [""Kali Linux"", ""Reverse Engineering"", ""Wireshark"", ""Metasploit""], ""role"": ""Security Analyst""}, {""name"": ""Container Vulnerability Scanner"", ""desc"": ""Image layer scanner checking CVE databases before deployment."", ""tech"": [""Docker"", ""Penetration Testing"", ""Burp Suite""], ""role"": ""Security Analyst""}, {""name"": ""Zero-Trust IAM Policy Validator"", ""desc"": ""Static analysis tool identifying over-privileged cloud infrastructure roles."", ""tech"": [""Python"", ""Network Security"", ""Cloud Security"", ""OAuth 2.0""], ""role"": ""Security Analyst""}]",1,1,"{""repos"": 27, ""commits"": 164, ""stars"": 24, ""followers"": 61, ""following"": 39}",95
bccfcb8d-4fb3-47d4-b57d-a04e3af3b2df,Siddharth Pillai,siddharth_pillai_70,siddharth.pillai@b2b2h.com,Madras Institute of Technology,MIT Chennai,"Chennai, Tamil Nadu",MBA,4th Year,OPEN_TO_INVITES,MBA student at MIT Chennai passionate about Waste Management and CleanTech.,"[""Power BI"", ""Agile/Scrum"", ""Product Management"", ""Salesforce"", ""Business Analysis"", ""Marketing"", ""Strategic Planning"", ""Presentation"", ""Team Leadership""]","[""Waste Management"", ""CleanTech"", ""Disaster Tech"", ""Micro-Mobility"", ""Autonomous Driving"", ""Microelectronics""]","[""Design"", ""Logistics"", ""Biotech""]","[{""name"": ""D2C Brand Customer Retention Engine"", ""desc"": ""Cohort analysis dashboard identifying high LTV buyer segments."", ""tech"": [""Salesforce"", ""Strategic Planning"", ""Agile/Scrum""], ""role"": ""Product Manager""}]",0,0,"{""repos"": 8, ""commits"": 91, ""stars"": 34, ""followers"": 64, ""following"": 16}",100
6c6070fe-5590-4bd5-bd37-c804f1141ede,Tanvi Rao,tanvi_rao_95,tanvi.rao@b2b2h.com,PSG College of Technology,PSG Tech,"Coimbatore, Tamil Nadu",MBA,2nd Year,LOOKING_FOR_TEAM,Building sustainable and scalable solutions in Avionics. 2nd Year at PSG Tech.,"[""Financial Modeling"", ""Market Research"", ""Business Analysis"", ""Power BI"", ""Strategic Planning"", ""Product Management"", ""Agile/Scrum"", ""Marketing"", ""Presentation"", ""Problem Solving"", ""Ideation""]","[""Avionics"", ""Quantum Computing"", ""Signal Processing""]","[""Web"", ""Product"", ""Mechanical""]","[{""name"": ""FinTech Micro-Credit Risk Matrix"", ""desc"": ""Credit scoring framework for informal sector small business loans."", ""tech"": [""Business Analysis"", ""Financial Modeling"", ""Power BI""], ""role"": ""Product Manager""}, {""name"": ""D2C Brand Customer Retention Engine"", ""desc"": ""Cohort analysis dashboard identifying high LTV buyer segments."", ""tech"": [""Salesforce"", ""Strategic Planning"", ""Agile/Scrum""], ""role"": ""Product Manager""}, {""name"": ""EdTech B2B Market Entry Strategy"", ""desc"": ""Go-to-market analysis and financial projection for tier-3 Indian college sales."", ""tech"": [""Product Management"", ""Market Research"", ""Financial Modeling"", ""Presentation""], ""role"": ""Product Manager""}]",2,0,"{""repos"": 19, ""commits"": 96, ""stars"": 15, ""followers"": 26, ""following"": 44}",100
a4a433e6-4d7c-4b9e-a42e-488e76adf7e7,Manish Bhattacharya,manish_bhattacharya_61,manish.bhattacharya@b2b2h.com,SASTRA Deemed University,SASTRA,"Thanjavur, Tamil Nadu",MBA,4th Year,OFFLINE,"Interested in Cloud Computing, FinTech, and Disaster Tech. Active hackathon builder.","[""Market Research"", ""Salesforce"", ""Business Analysis"", ""Power BI"", ""Agile/Scrum"", ""Product Management"", ""Rapid Prototyping""]","[""Cloud Computing"", ""FinTech"", ""Disaster Tech""]","[""Agritech"", ""FinTech"", ""AI/ML""]","[{""name"": ""D2C Brand Customer Retention Engine"", ""desc"": ""Cohort analysis dashboard identifying high LTV buyer segments."", ""tech"": [""Salesforce"", ""Strategic Planning"", ""Agile/Scrum""], ""role"": ""Product Manager""}, {""name"": ""EdTech B2B Market Entry Strategy"", ""desc"": ""Go-to-market analysis and financial projection for tier-3 Indian college sales."", ""tech"": [""Product Management"", ""Market Research"", ""Financial Modeling"", ""Presentation""], ""role"": ""Product Manager""}, {""name"": ""FinTech Micro-Credit Risk Matrix"", ""desc"": ""Credit scoring framework for informal sector small business loans."", ""tech"": [""Business Analysis"", ""Financial Modeling"", ""Power BI""], ""role"": ""Product Manager""}]",0,0,"{""repos"": 21, ""commits"": 263, ""stars"": 17, ""followers"": 7, ""following"": 9}",100
bf5c6dbf-7b36-4028-b03b-7b4abbf3532f,Divya Varma,divya_varma_36,divya.varma@b2b2h.com,Indian Institute of Technology Madras,IIT Madras,"Chennai, Tamil Nadu",MCA,3rd Year,OPEN_TO_INVITES,MCA student at IIT Madras passionate about Defence and Industry 4.0.,"[""Python"", ""PostgreSQL"", ""React"", ""Node.js"", ""Docker"", ""AWS"", ""Full Stack Development"", ""Software Engineering"", ""Git"", ""Communication""]","[""Defence"", ""Industry 4.0"", ""Automation""]","[""Agritech"", ""Civil""]","[{""name"": ""Automated CI/CD Deployment Suite"", ""desc"": ""Dockerized deployment pipeline with automated unit testing."", ""tech"": [""AWS"", ""Docker"", ""Git"", ""Python""], ""role"": ""Backend Developer""}, {""name"": ""Realtime Event Management Portal"", ""desc"": ""Full stack portal with QR ticket validation and live attendance."", ""tech"": [""Node.js"", ""React"", ""MongoDB"", ""Express.js""], ""role"": ""Backend Developer""}, {""name"": ""Scalable Microservices E-Commerce API"", ""desc"": ""Decoupled backend API handling inventory management and payments."", ""tech"": [""Java"", ""Spring Boot"", ""PostgreSQL"", ""Docker""], ""role"": ""Backend Developer""}]",5,0,"{""repos"": 11, ""commits"": 421, ""stars"": 28, ""followers"": 64, ""following"": 19}",88
b94ac878-a11a-4440-8721-86ece96b9784,Abhinav Kulkarni,abhinav_kulkarni_94,abhinav.kulkarni@b2b2h.com,Vellore Institute of Technology,VIT,"Vellore, Tamil Nadu",MCA,1st Year,LOOKING_FOR_TEAM,Building sustainable and scalable solutions in Smart Agriculture. 1st Year at VIT.,"[""Node.js"", ""Python"", ""Docker"", ""PostgreSQL"", ""Software Engineering"", ""Git"", ""Full Stack Development"", ""Presentation"", ""Communication""]","[""Smart Agriculture"", ""Social Impact"", ""Nanotechnology""]","[""FinTech"", ""Healthcare"", ""EdTech""]",[],4,0,"{""repos"": 20, ""commits"": 304, ""stars"": 32, ""followers"": 54, ""following"": 11}",72
132eafd1-24b7-4dd8-b703-0907cb2db46e,Kriti Choudhury,kriti_choudhury_86,kriti.choudhury@b2b2h.com,BITS Pilani Hyderabad Campus,BITS Pilani,"Hyderabad, Telangana",MCA,3rd Year,LOOKING_FOR_MEMBERS,"Interested in Cloud Computing, Industry 4.0, and Quantum Computing. Active hackathon builder.","[""Java"", ""PostgreSQL"", ""Full Stack Development"", ""Software Engineering"", ""AWS"", ""Git"", ""Docker"", ""Python"", ""React"", ""Communication""]","[""Cloud Computing"", ""Industry 4.0"", ""Quantum Computing""]","[""EV"", ""Design"", ""EdTech""]","[{""name"": ""Realtime Event Management Portal"", ""desc"": ""Full stack portal with QR ticket validation and live attendance."", ""tech"": [""Node.js"", ""React"", ""MongoDB"", ""Express.js""], ""role"": ""Backend Developer""}, {""name"": ""Scalable Microservices E-Commerce API"", ""desc"": ""Decoupled backend API handling inventory management and payments."", ""tech"": [""Java"", ""Spring Boot"", ""PostgreSQL"", ""Docker""], ""role"": ""Backend Developer""}]",2,0,"{""repos"": 26, ""commits"": 340, ""stars"": 31, ""followers"": 78, ""following"": 44}",70
e5da3070-4f31-4f4e-97b7-7ce6e1450cb2,Sudharshan Rao,sudharshan_rao_864,sudharshan_rao_864@b2b2h.com,Manipal Institute of Technology,Manipal,"Manipal, Karnataka",Cyber Security,2nd Year,IN_TEAM,Cyber Security student at Manipal passionate about Bioinformatics and Blockchain.,"[""Ethical Hacking"", ""Python"", ""Linux"", ""Burp Suite"", ""Wireshark"", ""Presentation""]","[""Bioinformatics"", ""Blockchain"", ""Autonomous Vehicles""]","[""Automobile"", ""Cloud"", ""EdTech"", ""Cybersecurity""]","[{""name"": ""AI-Driven Automobile Predictive Analytics Engine"", ""desc"": ""Machine learning pipeline leveraging Python for anomaly detection and forecasting in Automobile."", ""tech"": [""Presentation"", ""Linux"", ""Python""], ""role"": ""ML Engineer""}, {""name"": ""IoT-Based Cloud Monitoring Mesh"", ""desc"": ""Distributed telemetry network with embedded sensors for real-time Cloud data analysis."", ""tech"": [""Ethical Hacking"", ""Burp Suite"", ""Presentation"", ""Python""], ""role"": ""Embedded Systems Developer""}]",1,1,"{""repos"": 17, ""commits"": 289, ""stars"": 1, ""followers"": 44, ""following"": 14}",80
7ebfb18c-673f-4555-840f-7ad53c8cdea0,Indrajit Nair,indrajit_nair_801,indrajit_nair_801@b2b2h.com,SASTRA Deemed University,SASTRA,"Thanjavur, Tamil Nadu",Chemical Engineering,4th Year,OFFLINE,Chemical Engineering student at SASTRA passionate about Quantum Computing and Autonomous Vehicles.,"[""ASPEN Plus"", ""CHEMCAD"", ""Mass Transfer"", ""Reaction Engineering"", ""Polymer Chemistry"", ""Fluid Mechanics"", ""Problem Solving""]","[""Quantum Computing"", ""Autonomous Vehicles"", ""Sustainable Materials"", ""Smart Cities"", ""Robotics""]","[""Logistics"", ""Mechanical"", ""IoT""]",[],3,0,"{""repos"": 0, ""commits"": 0, ""stars"": 0, ""followers"": 0, ""following"": 0}",81
3769dc5c-4e8b-4b24-9e2d-9e4e2179c613,Shankar Gowda,shankar_gowda_713,shankar_gowda_713@b2b2h.com,Thiagarajar College of Engineering,TCE,"Madurai, Tamil Nadu",MCA,2nd Year,LOOKING_FOR_MEMBERS,MCA student at TCE passionate about CleanTech and DevOps.,"[""Python"", ""Android"", ""Database Administration"", ""Web Development"", ""Java"", ""Spring Boot"", ""React"", ""Communication"", ""Rapid Prototyping""]","[""CleanTech"", ""DevOps"", ""Cybersecurity"", ""HealthTech"", ""Quantum Computing""]","[""Robotics"", ""Cybersecurity"", ""AgriTech"", ""Logistics""]","[{""name"": ""Autonomous Android Navigation System"", ""desc"": ""Real-time path planning and obstacle avoidance pipeline utilizing Android and sensor fusion."", ""tech"": [""React"", ""Spring Boot"", ""Android""], ""role"": ""AI Developer""}]",4,2,"{""repos"": 33, ""commits"": 495, ""stars"": 42, ""followers"": 7, ""following"": 20}",84
3f5bccd6-69b7-4942-b990-1a8d254bb653,Srinivas Pillai,srinivas_pillai_848,srinivas_pillai_848@b2b2h.com,BMS College of Engineering,BMSCE,"Bengaluru, Karnataka",Civil Engineering,3rd Year,OPEN_TO_INVITES,Civil Engineering student at BMSCE passionate about DeepTech and Game Development.,"[""STAAD Pro"", ""AutoCAD"", ""BIM"", ""Revit"", ""Hydrology"", ""Rapid Prototyping""]","[""DeepTech"", ""Game Development"", ""Open Source"", ""HealthTech""]","[""Robotics"", ""Civil"", ""Logistics"", ""EdTech""]",[],0,0,"{""repos"": 3, ""commits"": 39, ""stars"": 49, ""followers"": 29, ""following"": 16}",73
bfa1f0df-056e-4c7d-8e36-bd69a0ff8ce2,Shankar Murugan,shankar_murugan_61,shankar_murugan_61@b2b2h.com,SSN College of Engineering,SSN,"Chennai, Tamil Nadu",Civil Engineering,1st Year,IN_TEAM,Civil Engineering student at SSN passionate about DeepTech and Cloud Native.,"[""Primavera"", ""Hydrology"", ""Geotechnical Engineering"", ""Surveying"", ""Structural Analysis"", ""Rapid Prototyping"", ""Git""]","[""DeepTech"", ""Cloud Native"", ""Quantum Computing"", ""Wearable Devices"", ""DevOps""]","[""Cybersecurity"", ""Civil"", ""Biotech""]",[],1,0,"{""repos"": 34, ""commits"": 1020, ""stars"": 15, ""followers"": 19, ""following"": 30}",70
a18617bd-eb70-4f68-9316-aa2807609078,Janani Sengupta,janani_sengupta_288,janani_sengupta_288@b2b2h.com,Manipal Institute of Technology,Manipal,"Manipal, Karnataka",Automobile Engineering,1st Year,OPEN_TO_INVITES,Automobile Engineering student at Manipal passionate about Embedded Systems and Quantum Computing.,"[""Vehicle Dynamics"", ""Electric Drive Systems"", ""ANSYS"", ""Powertrain Design"", ""SolidWorks"", ""Rapid Prototyping"", ""Communication""]","[""Embedded Systems"", ""Quantum Computing"", ""Generative AI"", ""HealthTech"", ""Wearable Devices""]","[""Robotics"", ""Product"", ""Web""]","[{""name"": ""Precision Robotics Simulation Suite"", ""desc"": ""High-fidelity finite element modeling and fluid dynamics analysis platform built with Electric Drive Systems."", ""tech"": [""ANSYS"", ""Powertrain Design"", ""Rapid Prototyping"", ""Electric Drive Systems""], ""role"": ""CAD/CAE Engineer""}]",4,0,"{""repos"": 4, ""commits"": 88, ""stars"": 21, ""followers"": 44, ""following"": 27}",91
961c7e8c-d09e-4acb-ba57-63466f357076,Manikandan Sundaram,manikandan_sundaram_647,manikandan_sundaram_647@b2b2h.com,SSN College of Engineering,SSN,"Chennai, Tamil Nadu",Computer Science Engineering,4th Year,OFFLINE,Computer Science Engineering student at SSN passionate about Embedded Systems and Robotics.,"[""Linux"", ""JavaScript"", ""Python"", ""Git"", ""C++"", ""GraphQL"", ""Go"", ""CI/CD"", ""Rapid Prototyping"", ""Communication""]","[""Embedded Systems"", ""Robotics"", ""Drone Tech""]","[""Healthcare"", ""Automobile"", ""Logistics""]",[],0,0,"{""repos"": 6, ""commits"": 126, ""stars"": 14, ""followers"": 43, ""following"": 6}",92
3a29330d-5c66-44fd-97fd-5e6ccd8bb730,Diya Verma,diya_verma_982,diya_verma_982@b2b2h.com,PSG College of Technology,PSG Tech,"Coimbatore, Tamil Nadu",Mechanical Engineering,1st Year,OFFLINE,Mechanical Engineering student at PSG Tech passionate about AgriTech and Drone Tech.,"[""ANSYS"", ""AutoCAD"", ""3D Printing"", ""Fluid Mechanics"", ""Fusion 360"", ""Rapid Prototyping""]","[""AgriTech"", ""Drone Tech"", ""Autonomous Vehicles"", ""FinTech"", ""AR/VR""]","[""IoT"", ""Cybersecurity"", ""AgriTech"", ""Logistics""]","[{""name"": ""Autonomous AutoCAD Navigation System"", ""desc"": ""Real-time path planning and obstacle avoidance pipeline utilizing AutoCAD and sensor fusion."", ""tech"": [""Rapid Prototyping"", ""AutoCAD"", ""ANSYS""], ""role"": ""Robotics Engineer""}]",0,0,"{""repos"": 22, ""commits"": 638, ""stars"": 7, ""followers"": 52, ""following"": 38}",93
b737c73d-287a-42d9-bf3f-4c1e38e85199,Venkatesh Gowda,venkatesh_gowda_448,venkatesh_gowda_448@b2b2h.com,Indian Institute of Technology Madras,IIT Madras,"Chennai, Tamil Nadu",Chemical Engineering,1st Year,OFFLINE,Chemical Engineering student at IIT Madras passionate about Sustainable Materials and Cloud Native.,"[""Process Control"", ""ASPEN Plus"", ""MATLAB"", ""Polymer Chemistry"", ""Heat Transfer"", ""Reaction Engineering"", ""Chemical Safety"", ""CHEMCAD"", ""Fluid Mechanics"", ""Rapid Prototyping""]","[""Sustainable Materials"", ""Cloud Native"", ""Game Development""]","[""Logistics"", ""Design"", ""Civil""]","[{""name"": ""Bio-Inspired Civil Diagnostic Pipeline"", ""desc"": ""Computational genomics and sequence analysis tool leveraging ASPEN Plus for medical diagnostics."", ""tech"": [""Heat Transfer"", ""Reaction Engineering"", ""Polymer Chemistry"", ""Chemical Safety"", ""ASPEN Plus""], ""role"": ""Bioinformatics Specialist""}]",1,0,"{""repos"": 27, ""commits"": 540, ""stars"": 1, ""followers"": 33, ""following"": 22}",73
7cbaf425-d5c6-49f3-8efe-1b197b36c98b,Vaishnavi Venkataraman,vaishnavi_venkataraman_826,vaishnavi_venkataraman_826@b2b2h.com,SASTRA Deemed University,SASTRA,"Thanjavur, Tamil Nadu",Automobile Engineering,3rd Year,OFFLINE,Automobile Engineering student at SASTRA passionate about Game Development and Renewable Energy.,"[""Thermodynamics"", ""MATLAB"", ""SolidWorks"", ""Vehicle Dynamics"", ""CFD"", ""CATIA"", ""AutoCAD"", ""Powertrain Design"", ""ANSYS"", ""Presentation""]","[""Game Development"", ""Renewable Energy"", ""IoT"", ""Embedded Systems""]","[""AI/ML"", ""AgriTech""]","[{""name"": ""IoT-Based AI/ML Monitoring Mesh"", ""desc"": ""Distributed telemetry network with embedded sensors for real-time AI/ML data analysis."", ""tech"": [""Presentation"", ""CATIA"", ""Powertrain Design"", ""MATLAB""], ""role"": ""IoT Specialist""}]",3,1,"{""repos"": 20, ""commits"": 380, ""stars"": 16, ""followers"": 16, ""following"": 9}",91
bcd14113-cdb3-41fa-9993-040ff343e346,Pavithra Iyengar,pavithra_iyengar_770,pavithra_iyengar_770@b2b2h.com,SSN College of Engineering,SSN,"Chennai, Tamil Nadu",MBA,2nd Year,OPEN_TO_INVITES,MBA student at SSN passionate about EdTech and Autonomous Vehicles.,"[""Team Leadership"", ""Agile/Scrum"", ""Data Analytics"", ""Strategic Planning"", ""Pitching"", ""Problem Solving""]","[""EdTech"", ""Autonomous Vehicles"", ""FinTech"", ""CleanTech""]","[""Design"", ""Cloud""]",[],1,0,"{""repos"": 11, ""commits"": 330, ""stars"": 48, ""followers"": 33, ""following"": 8}",95
40a86714-ebfa-4332-b7cf-a8edbbca6ef0,Vikram Das,vikram_das_490,vikram_das_490@b2b2h.com,SRM Institute of Science and Technology,SRM,"Kattankulathur, Tamil Nadu",Agricultural Engineering,3rd Year,OPEN_TO_INVITES,Agricultural Engineering student at SRM passionate about Web3 and Open Source.,"[""Soil Mechanics"", ""Drone Mapping"", ""Precision Agriculture"", ""IoT Sensors"", ""Rapid Prototyping""]","[""Web3"", ""Open Source"", ""Game Development"", ""Bioinformatics""]","[""Cloud"", ""Logistics""]",[],1,0,"{""repos"": 29, ""commits"": 841, ""stars"": 38, ""followers"": 52, ""following"": 16}",92
68c6c4f0-0f3f-4023-9e14-06c382d47efc,Bhuvan Soundararajan,bhuvan_soundararajan_940,bhuvan_soundararajan_940@b2b2h.com,SRM Institute of Science and Technology,SRM,"Kattankulathur, Tamil Nadu",Robotics,4th Year,LOOKING_FOR_MEMBERS,Robotics student at SRM passionate about FinTech and DevOps.,"[""Robotics Kinematics"", ""ROS2"", ""Raspberry Pi"", ""ROS"", ""Python"", ""SLAM"", ""Gazebo"", ""OpenCV"", ""Team Leadership""]","[""FinTech"", ""DevOps"", ""Web3""]","[""Web"", ""Automobile""]","[{""name"": ""Bio-Inspired Automobile Diagnostic Pipeline"", ""desc"": ""Computational genomics and sequence analysis tool leveraging Raspberry Pi for medical diagnostics."", ""tech"": [""Robotics Kinematics"", ""ROS"", ""Raspberry Pi""], ""role"": ""Data Analyst""}]",4,0,"{""repos"": 15, ""commits"": 345, ""stars"": 7, ""followers"": 36, ""following"": 16}",88
d4493a6b-3b00-4377-8d43-e9b67ed0c6a5,Hemant Subramanian,hemant_subramanian_83,hemant_subramanian_83@b2b2h.com,Government College of Technology,GCT,"Coimbatore, Tamil Nadu",Electrical Engineering,3rd Year,OFFLINE,Electrical Engineering student at GCT passionate about Generative AI and DeepTech.,"[""LabVIEW"", ""Power Systems"", ""Proteus"", ""Simulink"", ""Microcontrollers"", ""IoT Sensors"", ""Control Systems"", ""SCADA"", ""PLC"", ""Rapid Prototyping"", ""Problem Solving""]","[""Generative AI"", ""DeepTech"", ""Quantum Computing"", ""Sustainable Materials"", ""Robotics""]","[""Healthcare"", ""Web"", ""AI/ML"", ""EdTech""]",[],0,0,"{""repos"": 20, ""commits"": 560, ""stars"": 2, ""followers"": 50, ""following"": 13}",83
0eb20fb6-a17a-41e6-846a-933aef316c3a,Jagan Mukherjee,jagan_mukherjee_195,jagan_mukherjee_195@b2b2h.com,Coimbatore Institute of Technology,CIT,"Coimbatore, Tamil Nadu",Biomedical Engineering,4th Year,LOOKING_FOR_TEAM,Biomedical Engineering student at CIT passionate about Bioinformatics and SpaceTech.,"[""Medical Imaging"", ""DICOM"", ""Bioinstrumentation"", ""MATLAB"", ""Arduino"", ""Medical AI"", ""Biomedical Signal Processing"", ""Rapid Prototyping"", ""Presentation""]","[""Bioinformatics"", ""SpaceTech"", ""Wearable Devices"", ""Drone Tech""]","[""Mobile"", ""Biotech"", ""AI/ML"", ""CleanTech""]",[],1,0,"{""repos"": 28, ""commits"": 728, ""stars"": 0, ""followers"": 44, ""following"": 36}",82
d49250fd-6f04-4007-bcb0-968ddd8ba6d6,Eshan Kulkarni,eshan_kulkarni_540,eshan_kulkarni_540@b2b2h.com,Manipal Institute of Technology,Manipal,"Manipal, Karnataka",Data Science,4th Year,IN_TEAM,Data Science student at Manipal passionate about AI & ML and Game Development.,"[""Pandas"", ""Scikit-Learn"", ""Hadoop"", ""R"", ""Rapid Prototyping"", ""Presentation""]","[""AI & ML"", ""Game Development"", ""AR/VR""]","[""Cybersecurity"", ""AgriTech""]",[],5,0,"{""repos"": 0, ""commits"": 0, ""stars"": 0, ""followers"": 0, ""following"": 0}",94
d4fe8a65-f434-413c-8323-087d73800e64,Manikandan Iyengar,manikandan_iyengar_673,manikandan_iyengar_673@b2b2h.com,PES University,PESU,"Bengaluru, Karnataka",Electronics & Communication Engineering,4th Year,LOOKING_FOR_MEMBERS,Electronics & Communication Engineering student at PESU passionate about AR/VR and Cloud Native.,"[""PCB Design"", ""RTOS"", ""KiCAD"", ""FPGA"", ""IoT"", ""ESP32"", ""LabVIEW"", ""RF Design"", ""Rapid Prototyping""]","[""AR/VR"", ""Cloud Native"", ""Sustainable Materials""]","[""AI/ML"", ""Healthcare""]",[],3,1,"{""repos"": 21, ""commits"": 399, ""stars"": 37, ""followers"": 39, ""following"": 33}",95
afc7e477-3249-4772-95fd-e07a29179270,Kiran Gowda,kiran_gowda_505,kiran_gowda_505@b2b2h.com,Manipal Institute of Technology,Manipal,"Manipal, Karnataka",Automobile Engineering,4th Year,IN_TEAM,Automobile Engineering student at Manipal passionate about IoT and Renewable Energy.,"[""Vehicle Dynamics"", ""Powertrain Design"", ""Electric Drive Systems"", ""CFD"", ""MATLAB"", ""AutoCAD"", ""Communication""]","[""IoT"", ""Renewable Energy"", ""Smart Cities"", ""SpaceTech"", ""Bioinformatics""]","[""Cloud"", ""Civil"", ""Mobile"", ""Logistics""]","[{""name"": ""Cloud-Native Logistics Security Shield"", ""desc"": ""Zero-trust security monitoring and intrusion detection system using Vehicle Dynamics."", ""tech"": [""MATLAB"", ""CFD"", ""Vehicle Dynamics""], ""role"": ""Cybersecurity Analyst""}, {""name"": ""AI-Driven Civil Predictive Analytics Engine"", ""desc"": ""Machine learning pipeline leveraging Powertrain Design for anomaly detection and forecasting in Civil."", ""tech"": [""CFD"", ""Electric Drive Systems"", ""Powertrain Design""], ""role"": ""ML Engineer""}]",3,0,"{""repos"": 27, ""commits"": 540, ""stars"": 40, ""followers"": 47, ""following"": 33}",95
b4ccab6a-fe7a-4a76-bbea-150c9cbd5d3e,Chetan Kapoor,chetan_kapoor_80,chetan_kapoor_80@b2b2h.com,PSG College of Technology,PSG Tech,"Coimbatore, Tamil Nadu",Architecture,3rd Year,OPEN_TO_INVITES,Architecture student at PSG Tech passionate about Smart Cities and Generative AI.,"[""Revit"", ""3ds Max"", ""Urban Planning"", ""Sustainable Design"", ""Lumion"", ""AutoCAD"", ""Rhino"", ""Grasshopper"", ""BIM"", ""Problem Solving""]","[""Smart Cities"", ""Generative AI"", ""CleanTech"", ""Autonomous Vehicles""]","[""Automobile"", ""Cloud"", ""EdTech""]","[{""name"": ""Precision EdTech Simulation Suite"", ""desc"": ""High-fidelity finite element modeling and fluid dynamics analysis platform built with Urban Planning."", ""tech"": [""Urban Planning"", ""Problem Solving""], ""role"": ""CAD/CAE Engineer""}]",3,0,"{""repos"": 12, ""commits"": 204, ""stars"": 29, ""followers"": 42, ""following"": 18}",82
17fba54a-7d3e-423b-8ec7-f07480195e32,Ananya Murugan,ananya_murugan_932,ananya_murugan_932@b2b2h.com,SASTRA Deemed University,SASTRA,"Thanjavur, Tamil Nadu",Fashion Technology,2nd Year,LOOKING_FOR_TEAM,Fashion Technology student at SASTRA passionate about Blockchain and EdTech.,"[""Merchandising"", ""Garment Manufacturing"", ""Pattern Making"", ""CLO 3D"", ""Fashion Analytics"", ""Textile Science"", ""Adobe Illustrator"", ""Rapid Prototyping""]","[""Blockchain"", ""EdTech"", ""SpaceTech"", ""Open Source""]","[""Product"", ""AgriTech"", ""Logistics""]",[],0,0,"{""repos"": 28, ""commits"": 504, ""stars"": 0, ""followers"": 38, ""following"": 5}",97
a4110e45-2926-4e7f-8678-ab3a4210a5f1,Rajesh Das,rajesh_das_804,rajesh_das_804@b2b2h.com,BMS College of Engineering,BMSCE,"Bengaluru, Karnataka",Civil Engineering,3rd Year,OPEN_TO_INVITES,Civil Engineering student at BMSCE passionate about CleanTech and Robotics.,"[""Revit"", ""Structural Analysis"", ""ETABS"", ""STAAD Pro"", ""AutoCAD Civil 3D"", ""AutoCAD"", ""BIM"", ""Primavera"", ""Hydrology"", ""Presentation"", ""Team Leadership""]","[""CleanTech"", ""Robotics"", ""Sustainable Materials""]","[""Cybersecurity"", ""FinTech"", ""Cloud""]",[],5,1,"{""repos"": 19, ""commits"": 475, ""stars"": 18, ""followers"": 49, ""following"": 23}",93
69b350c6-2a8f-4317-b816-1b51a6cddd3d,Manikandan Nair,manikandan_nair_154,manikandan_nair_154@b2b2h.com,BMS College of Engineering,BMSCE,"Bengaluru, Karnataka",Civil Engineering,4th Year,OFFLINE,Civil Engineering student at BMSCE passionate about SpaceTech and Wearable Devices.,"[""AutoCAD Civil 3D"", ""SAP2000"", ""AutoCAD"", ""ETABS"", ""Surveying"", ""Primavera"", ""Communication"", ""Presentation""]","[""SpaceTech"", ""Wearable Devices"", ""Game Development"", ""Autonomous Vehicles"", ""Blockchain""]","[""EdTech"", ""Civil"", ""Web"", ""CleanTech""]",[],1,0,"{""repos"": 22, ""commits"": 660, ""stars"": 26, ""followers"": 9, ""following"": 10}",69
ae1edce1-d966-42e3-8c89-aef9b00864d3,Madhavan Rajagopal,madhavan_rajagopal_128,madhavan_rajagopal_128@b2b2h.com,National Institute of Technology Tiruchirappalli,NIT Trichy,"Tiruchirappalli, Tamil Nadu",Civil Engineering,2nd Year,IN_TEAM,Civil Engineering student at NIT Trichy passionate about Quantum Computing and AgriTech.,"[""GIS"", ""Geotechnical Engineering"", ""Surveying"", ""SAP2000"", ""STAAD Pro"", ""Structural Analysis"", ""Primavera"", ""Rapid Prototyping""]","[""Quantum Computing"", ""AgriTech"", ""Generative AI"", ""Renewable Energy"", ""Autonomous Vehicles""]","[""Biotech"", ""Logistics""]","[{""name"": ""IoT-Based Biotech Monitoring Mesh"", ""desc"": ""Distributed telemetry network with embedded sensors for real-time Biotech data analysis."", ""tech"": [""Structural Analysis"", ""STAAD Pro"", ""Rapid Prototyping"", ""Surveying"", ""Geotechnical Engineering""], ""role"": ""Embedded Systems Developer""}]",3,0,"{""repos"": 32, ""commits"": 384, ""stars"": 42, ""followers"": 15, ""following"": 40}",68
0066a921-913f-4f9c-94f3-fc50ab1a7418,Srinivas Sengupta,srinivas_sengupta_138,srinivas_sengupta_138@b2b2h.com,BMS College of Engineering,BMSCE,"Bengaluru, Karnataka",Cyber Security,2nd Year,LOOKING_FOR_TEAM,Cyber Security student at BMSCE passionate about AgriTech and Smart Cities.,"[""Metasploit"", ""OWASP"", ""Burp Suite"", ""SOC Analysis"", ""Wireshark"", ""Penetration Testing"", ""Python"", ""Ethical Hacking"", ""Team Leadership"", ""Presentation""]","[""AgriTech"", ""Smart Cities"", ""FinTech"", ""Blockchain"", ""Bioinformatics""]","[""Cloud"", ""Web""]",[],2,0,"{""repos"": 0, ""commits"": 0, ""stars"": 0, ""followers"": 0, ""following"": 0}",76
af4ec097-6ced-4f57-8f0d-7e1ff5ee4a98,Nikhil Swaminathan,nikhil_swaminathan_548,nikhil_swaminathan_548@b2b2h.com,National Institute of Technology Tiruchirappalli,NIT Trichy,"Tiruchirappalli, Tamil Nadu",MCA,1st Year,IN_TEAM,MCA student at NIT Trichy passionate about IoT and Assistive Tech.,"[""Android"", ""Database Administration"", ""Python"", ""MySQL"", ""React"", ""Web Development"", ""Java"", ""Rapid Prototyping"", ""Problem Solving""]","[""IoT"", ""Assistive Tech"", ""SpaceTech""]","[""IoT"", ""Civil"", ""Biotech""]",[],0,0,"{""repos"": 23, ""commits"": 667, ""stars"": 9, ""followers"": 6, ""following"": 10}",76
762d9ef6-91f9-45a9-b70e-026d55968fd6,Vishal Shetty,vishal_shetty_739,vishal_shetty_739@b2b2h.com,Manipal Institute of Technology,Manipal,"Manipal, Karnataka",Biotechnology,3rd Year,IN_TEAM,Biotechnology student at Manipal passionate about Robotics and Wearable Devices.,"[""Biostatistics"", ""CRISPR Design"", ""R"", ""Data Analysis"", ""PyMOL"", ""Microbiology"", ""Molecular Biology"", ""Bioprocess Engineering"", ""Rapid Prototyping"", ""Team Leadership""]","[""Robotics"", ""Wearable Devices"", ""Embedded Systems"", ""SpaceTech""]","[""IoT"", ""CleanTech"", ""Automobile""]","[{""name"": ""Cloud-Native CleanTech Security Shield"", ""desc"": ""Zero-trust security monitoring and intrusion detection system using R."", ""tech"": [""R"", ""Bioprocess Engineering"", ""CRISPR Design""], ""role"": ""Cybersecurity Analyst""}]",0,0,"{""repos"": 0, ""commits"": 0, ""stars"": 0, ""followers"": 0, ""following"": 0}",71
028835cb-f2be-4cf3-833d-5016c814a61b,Abhinav Sundaram,abhinav_sundaram_579,abhinav_sundaram_579@b2b2h.com,Government College of Technology,GCT,"Coimbatore, Tamil Nadu",Cyber Security,3rd Year,LOOKING_FOR_TEAM,Cyber Security student at GCT passionate about HealthTech and Cybersecurity.,"[""Linux"", ""Network Security"", ""Ethical Hacking"", ""Python"", ""Cryptography"", ""Wireshark"", ""Burp Suite"", ""Git""]","[""HealthTech"", ""Cybersecurity"", ""Bioinformatics"", ""IoT"", ""EdTech""]","[""Aerospace"", ""Design""]","[{""name"": ""Cloud-Native Design Security Shield"", ""desc"": ""Zero-trust security monitoring and intrusion detection system using Linux."", ""tech"": [""Python"", ""Burp Suite"", ""Git"", ""Cryptography"", ""Linux""], ""role"": ""Cybersecurity Analyst""}]",1,0,"{""repos"": 22, ""commits"": 440, ""stars"": 22, ""followers"": 2, ""following"": 13}",95
a8b3e1b2-de65-49e5-9789-63217c28db6d,Vijay Bhat,vijay_bhat_420,vijay_bhat_420@b2b2h.com,National Institute of Technology Tiruchirappalli,NIT Trichy,"Tiruchirappalli, Tamil Nadu",Electronics & Communication Engineering,1st Year,LOOKING_FOR_TEAM,Electronics & Communication Engineering student at NIT Trichy passionate about DeepTech and Generative AI.,"[""RF Design"", ""VHDL"", ""KiCAD"", ""IoT"", ""FPGA"", ""Verilog"", ""Arduino"", ""MATLAB"", ""STM32"", ""Git"", ""Presentation""]","[""DeepTech"", ""Generative AI"", ""Cybersecurity""]","[""Logistics"", ""Mobile""]",[],0,0,"{""repos"": 30, ""commits"": 750, ""stars"": 38, ""followers"": 30, ""following"": 28}",76
4732886f-ea61-4283-92e8-e4dd176e752e,Saravanan Iyengar,saravanan_iyengar_363,saravanan_iyengar_363@b2b2h.com,Vellore Institute of Technology,VIT,"Vellore, Tamil Nadu",Artificial Intelligence & Machine Learning,3rd Year,OFFLINE,Artificial Intelligence & Machine Learning student at VIT passionate about Drone Tech and Cybersecurity.,"[""Transformer Models"", ""Python"", ""LangChain"", ""Computer Vision"", ""Prompt Engineering"", ""Scikit-Learn"", ""Generative AI"", ""Communication""]","[""Drone Tech"", ""Cybersecurity"", ""AgriTech""]","[""CleanTech"", ""IoT"", ""Web""]",[],4,0,"{""repos"": 17, ""commits"": 442, ""stars"": 35, ""followers"": 55, ""following"": 24}",70
b76e52b5-01dd-4187-b21f-d60808acc325,Diya Natarajan,diya_natarajan_29,diya_natarajan_29@b2b2h.com,SRM Institute of Science and Technology,SRM,"Kattankulathur, Tamil Nadu",Artificial Intelligence & Data Science,3rd Year,OFFLINE,Artificial Intelligence & Data Science student at SRM passionate about Wearable Devices and Renewable Energy.,"[""Data Analysis"", ""Feature Engineering"", ""SQL"", ""PyTorch"", ""OpenCV"", ""Python"", ""NumPy"", ""Git""]","[""Wearable Devices"", ""Renewable Energy"", ""Autonomous Vehicles"", ""Web3""]","[""IoT"", ""EdTech"", ""Automobile""]",[],3,0,"{""repos"": 24, ""commits"": 408, ""stars"": 21, ""followers"": 51, ""following"": 12}",70
5c0da250-6f41-4e9f-b813-7948724a918a,Lokesh Chettiar,lokesh_chettiar_532,lokesh_chettiar_532@b2b2h.com,PSG College of Technology,PSG Tech,"Coimbatore, Tamil Nadu",Chemical Engineering,3rd Year,OPEN_TO_INVITES,Chemical Engineering student at PSG Tech passionate about FinTech and Drone Tech.,"[""CHEMCAD"", ""Fluid Mechanics"", ""Mass Transfer"", ""Chemical Safety"", ""MATLAB"", ""Presentation""]","[""FinTech"", ""Drone Tech"", ""Game Development""]","[""Biotech"", ""Product"", ""Logistics""]",[],2,0,"{""repos"": 33, ""commits"": 792, ""stars"": 40, ""followers"": 21, ""following"": 19}",86
c8a6c705-5710-4a9c-b506-593a8b372fba,Yamini Pandian,yamini_pandian_85,yamini_pandian_85@b2b2h.com,SASTRA Deemed University,SASTRA,"Thanjavur, Tamil Nadu",Agricultural Engineering,4th Year,LOOKING_FOR_TEAM,Agricultural Engineering student at SASTRA passionate about Cloud Native and SpaceTech.,"[""AutoCAD"", ""Soil Mechanics"", ""Precision Agriculture"", ""Remote Sensing"", ""Git""]","[""Cloud Native"", ""SpaceTech"", ""Embedded Systems"", ""Open Source"", ""DevOps""]","[""Mobile"", ""Biotech"", ""FinTech"", ""CleanTech""]","[{""name"": ""Bio-Inspired Biotech Diagnostic Pipeline"", ""desc"": ""Computational genomics and sequence analysis tool leveraging Precision Agriculture for medical diagnostics."", ""tech"": [""Remote Sensing"", ""AutoCAD"", ""Precision Agriculture""], ""role"": ""Data Analyst""}]",0,0,"{""repos"": 14, ""commits"": 154, ""stars"": 15, ""followers"": 47, ""following"": 30}",82
221c46a1-750f-4420-91f2-226350f81809,Shankar Kapoor,shankar_kapoor_172,shankar_kapoor_172@b2b2h.com,Manipal Institute of Technology,Manipal,"Manipal, Karnataka",Chemical Engineering,3rd Year,IN_TEAM,Chemical Engineering student at Manipal passionate about Robotics and Web3.,"[""Process Control"", ""ASPEN Plus"", ""Chemical Safety"", ""Reaction Engineering"", ""Fluid Mechanics"", ""MATLAB"", ""Heat Transfer"", ""Communication"", ""Git""]","[""Robotics"", ""Web3"", ""Open Source""]","[""Cloud"", ""Aerospace"", ""AgriTech"", ""Robotics""]","[{""name"": ""AI-Driven Cloud Predictive Analytics Engine"", ""desc"": ""Machine learning pipeline leveraging Chemical Safety for anomaly detection and forecasting in Cloud."", ""tech"": [""Git"", ""Heat Transfer"", ""MATLAB"", ""Chemical Safety""], ""role"": ""ML Engineer""}]",0,0,"{""repos"": 8, ""commits"": 240, ""stars"": 42, ""followers"": 29, ""following"": 34}",79
62c257a4-beb9-4e46-acfc-043c4c84b377,Zahir Bhattacharya,zahir_bhattacharya_194,zahir_bhattacharya_194@b2b2h.com,PSG College of Technology,PSG Tech,"Coimbatore, Tamil Nadu",Automobile Engineering,4th Year,OPEN_TO_INVITES,Automobile Engineering student at PSG Tech passionate about Wearable Devices and Sustainable Materials.,"[""ANSYS"", ""Powertrain Design"", ""CATIA"", ""Thermodynamics"", ""Electric Drive Systems"", ""Git""]","[""Wearable Devices"", ""Sustainable Materials"", ""DeepTech"", ""Cloud Native"", ""Generative AI""]","[""CleanTech"", ""Cloud"", ""Robotics"", ""Product""]",[],0,0,"{""repos"": 13, ""commits"": 312, ""stars"": 2, ""followers"": 28, ""following"": 25}",89
087481f9-5507-4faf-9389-4e4246f98b69,Aswin Soundararajan,aswin_soundararajan_635,aswin_soundararajan_635@b2b2h.com,SASTRA Deemed University,SASTRA,"Thanjavur, Tamil Nadu",MCA,4th Year,OPEN_TO_INVITES,MCA student at SASTRA passionate about Quantum Computing and FinTech.,"[""MySQL"", ""React"", ""Web Development"", ""Cloud Computing"", ""Python"", ""Spring Boot"", ""Software Engineering"", ""Android"", ""Rapid Prototyping"", ""Git""]","[""Quantum Computing"", ""FinTech"", ""Wearable Devices"", ""HealthTech"", ""Smart Cities""]","[""Cloud"", ""Healthcare"", ""Mobile"", ""Civil""]",[],2,0,"{""repos"": 13, ""commits"": 234, ""stars"": 28, ""followers"": 59, ""following"": 34}",72
7b26de21-f416-4540-b996-0ac71302b1d1,Jaya Chaudhary,jaya_chaudhary_846,jaya_chaudhary_846@b2b2h.com,SRM Institute of Science and Technology,SRM,"Kattankulathur, Tamil Nadu",Chemical Engineering,1st Year,IN_TEAM,Chemical Engineering student at SRM passionate about AI & ML and Robotics.,"[""MATLAB"", ""Reaction Engineering"", ""Process Control"", ""CHEMCAD"", ""Problem Solving"", ""Communication""]","[""AI & ML"", ""Robotics"", ""Blockchain""]","[""CleanTech"", ""Cloud"", ""Product"", ""Mobile""]",[],1,0,"{""repos"": 33, ""commits"": 792, ""stars"": 39, ""followers"": 2, ""following"": 7}",68
fdc30964-24b1-415d-88e7-290336637cf5,Vaishnavi Subramanian,vaishnavi_subramanian_571,vaishnavi_subramanian_571@b2b2h.com,Thiagarajar College of Engineering,TCE,"Madurai, Tamil Nadu",Data Science,4th Year,LOOKING_FOR_TEAM,Data Science student at TCE passionate about AR/VR and DevOps.,"[""Pandas"", ""Scikit-Learn"", ""SQL"", ""Python"", ""Statistical Modeling"", ""Spark"", ""Problem Solving"", ""Presentation""]","[""AR/VR"", ""DevOps"", ""AI & ML"", ""Game Development""]","[""Product"", ""EdTech"", ""Cloud"", ""AgriTech""]","[{""name"": ""Precision Cloud Simulation Suite"", ""desc"": ""High-fidelity finite element modeling and fluid dynamics analysis platform built with Pandas."", ""tech"": [""Problem Solving"", ""Scikit-Learn"", ""Pandas""], ""role"": ""CAD/CAE Engineer""}]",5,0,"{""repos"": 35, ""commits"": 910, ""stars"": 35, ""followers"": 3, ""following"": 26}",95
ce46641a-724d-478c-b961-285394659b37,Diya Malhotra,diya_malhotra_406,diya_malhotra_406@b2b2h.com,Manipal Institute of Technology,Manipal,"Manipal, Karnataka",Mechatronics,1st Year,LOOKING_FOR_MEMBERS,Mechatronics student at Manipal passionate about Drone Tech and Robotics.,"[""Python"", ""Arduino"", ""Kinematics"", ""Control Theory"", ""Git""]","[""Drone Tech"", ""Robotics"", ""Cybersecurity"", ""Generative AI"", ""Autonomous Vehicles""]","[""CleanTech"", ""Cybersecurity"", ""Biotech"", ""Civil""]",[],0,0,"{""repos"": 7, ""commits"": 168, ""stars"": 2, ""followers"": 20, ""following"": 14}",69
9b22ca8a-655c-43ad-b685-8e52f2b8b6c5,Diya Menon,diya_menon_965,diya_menon_965@b2b2h.com,SASTRA Deemed University,SASTRA,"Thanjavur, Tamil Nadu",Industrial Engineering,4th Year,OFFLINE,Industrial Engineering student at SASTRA passionate about DeepTech and SpaceTech.,"[""Ergonomics"", ""Operations Research"", ""Lean Manufacturing"", ""Six Sigma"", ""SQL"", ""Process Optimization"", ""Arena Simulation"", ""Problem Solving"", ""Communication""]","[""DeepTech"", ""SpaceTech"", ""Sustainable Materials"", ""Embedded Systems""]","[""CleanTech"", ""Cybersecurity"", ""Civil""]",[],4,1,"{""repos"": 30, ""commits"": 360, ""stars"": 27, ""followers"": 40, ""following"": 13}",85
e79850c2-c17a-4aac-b2b3-52194b911c0a,Raghav Iyer,raghav_iyer_91,raghav_iyer_91@b2b2h.com,Manipal Institute of Technology,Manipal,"Manipal, Karnataka",Fashion Technology,3rd Year,LOOKING_FOR_MEMBERS,Fashion Technology student at Manipal passionate about Game Development and Smart Cities.,"[""Adobe Illustrator"", ""Textile Science"", ""Merchandising"", ""CLO 3D"", ""Pattern Making"", ""Fashion Analytics"", ""CAD Fashion"", ""Git"", ""Rapid Prototyping""]","[""Game Development"", ""Smart Cities"", ""Generative AI"", ""Web3""]","[""Robotics"", ""Aerospace"", ""Mechanical"", ""Cybersecurity""]",[],0,0,"{""repos"": 31, ""commits"": 341, ""stars"": 8, ""followers"": 6, ""following"": 17}",92
0811fe08-051a-4441-9608-0c17358c8abe,Zahir Narayanan,zahir_narayanan_402,zahir_narayanan_402@b2b2h.com,Coimbatore Institute of Technology,CIT,"Coimbatore, Tamil Nadu",Information Technology,2nd Year,IN_TEAM,Information Technology student at CIT passionate about AgriTech and EdTech.,"[""Tailwind CSS"", ""Networking"", ""React"", ""Firebase"", ""Cloud Computing"", ""AWS"", ""Rapid Prototyping"", ""Communication""]","[""AgriTech"", ""EdTech"", ""Blockchain"", ""AI & ML"", ""Sustainable Materials""]","[""Civil"", ""Mechanical""]","[{""name"": ""Precision Civil Simulation Suite"", ""desc"": ""High-fidelity finite element modeling and fluid dynamics analysis platform built with React."", ""tech"": [""Cloud Computing"", ""AWS"", ""Firebase"", ""React""], ""role"": ""CAD/CAE Engineer""}]",1,0,"{""repos"": 7, ""commits"": 168, ""stars"": 11, ""followers"": 59, ""following"": 30}",70
1ee97fc8-a9e6-4a93-9b13-b736356a4c9a,Pavithra Bhat,pavithra_bhat_365,pavithra_bhat_365@b2b2h.com,Thiagarajar College of Engineering,TCE,"Madurai, Tamil Nadu",Artificial Intelligence & Data Science,3rd Year,LOOKING_FOR_MEMBERS,Artificial Intelligence & Data Science student at TCE passionate about AI & ML and Autonomous Vehicles.,"[""NumPy"", ""Power BI"", ""NLP"", ""PyTorch"", ""Scikit-Learn"", ""Team Leadership""]","[""AI & ML"", ""Autonomous Vehicles"", ""DevOps"", ""Open Source""]","[""Biotech"", ""Design"", ""Cloud""]",[],0,0,"{""repos"": 0, ""commits"": 0, ""stars"": 0, ""followers"": 0, ""following"": 0}",80
e4c102b8-80bb-4fe3-9020-55e2e1c77522,Pradeep Chettiar,pradeep_chettiar_430,pradeep_chettiar_430@b2b2h.com,BMS College of Engineering,BMSCE,"Bengaluru, Karnataka",Biomedical Engineering,1st Year,OPEN_TO_INVITES,Biomedical Engineering student at BMSCE passionate about Open Source and FinTech.,"[""Biomedical Signal Processing"", ""Arduino"", ""SolidWorks"", ""Medical Imaging"", ""LabVIEW"", ""MATLAB"", ""Git""]","[""Open Source"", ""FinTech"", ""Drone Tech"", ""Cybersecurity"", ""Quantum Computing""]","[""Mobile"", ""IoT"", ""Mechanical"", ""Cloud""]","[{""name"": ""NextGen IoT Mobile Assistant"", ""desc"": ""Cross-platform mobile application built using Biomedical Signal Processing to streamline workflow management in IoT."", ""tech"": [""MATLAB"", ""Arduino"", ""SolidWorks"", ""Biomedical Signal Processing""], ""role"": ""UI/UX Designer""}]",0,0,"{""repos"": 20, ""commits"": 280, ""stars"": 40, ""followers"": 21, ""following"": 36}",70
d9758c73-1f57-4d15-a893-49b5f90df6b1,Radhika Naidu,radhika_naidu_974,radhika_naidu_974@b2b2h.com,Coimbatore Institute of Technology,CIT,"Coimbatore, Tamil Nadu",Electronics & Communication Engineering,2nd Year,OFFLINE,Electronics & Communication Engineering student at CIT passionate about AR/VR and Game Development.,"[""VLSI"", ""C++"", ""RTOS"", ""IoT"", ""Embedded C"", ""KiCAD"", ""LabVIEW"", ""Signal Processing"", ""STM32"", ""Git""]","[""AR/VR"", ""Game Development"", ""AI & ML"", ""IoT""]","[""Design"", ""AgriTech"", ""Product"", ""Civil""]",[],1,1,"{""repos"": 6, ""commits"": 90, ""stars"": 28, ""followers"": 28, ""following"": 32}",82
e9488dc6-d1ac-430c-a5c2-850186211dc1,Tharabai Chowdary,tharabai_chowdary_157,tharabai_chowdary_157@b2b2h.com,Manipal Institute of Technology,Manipal,"Manipal, Karnataka",MBA,3rd Year,LOOKING_FOR_MEMBERS,MBA student at Manipal passionate about EdTech and Cybersecurity.,"[""Financial Modeling"", ""Data Analytics"", ""Agile/Scrum"", ""Pitching"", ""Product Management"", ""Strategic Planning"", ""Team Leadership"", ""Problem Solving"", ""Communication""]","[""EdTech"", ""Cybersecurity"", ""Blockchain"", ""Generative AI""]","[""Robotics"", ""Automobile"", ""EdTech""]","[{""name"": ""AI-Driven EdTech Predictive Analytics Engine"", ""desc"": ""Machine learning pipeline leveraging Data Analytics for anomaly detection and forecasting in EdTech."", ""tech"": [""Strategic Planning"", ""Pitching"", ""Team Leadership"", ""Data Analytics""], ""role"": ""ML Engineer""}]",5,1,"{""repos"": 34, ""commits"": 340, ""stars"": 5, ""followers"": 27, ""following"": 34}",82
2b147d81-92b6-4409-aa68-a44b06e3083e,Vaishnavi Naidu,vaishnavi_naidu_371,vaishnavi_naidu_371@b2b2h.com,Government College of Technology,GCT,"Coimbatore, Tamil Nadu",Information Technology,3rd Year,IN_TEAM,Information Technology student at GCT passionate about SpaceTech and Generative AI.,"[""Cloud Computing"", ""Firebase"", ""Python"", ""Cybersecurity"", ""JavaScript"", ""MySQL"", ""React"", ""Vue.js"", ""Rapid Prototyping"", ""Communication""]","[""SpaceTech"", ""Generative AI"", ""Open Source""]","[""FinTech"", ""Aerospace"", ""Design"", ""AgriTech""]",[],0,0,"{""repos"": 31, ""commits"": 837, ""stars"": 17, ""followers"": 54, ""following"": 9}",72
2c0d9eec-46d3-4e5d-88aa-f3fd93a302c6,Dinesh Narayanan,dinesh_narayanan_823,dinesh_narayanan_823@b2b2h.com,Manipal Institute of Technology,Manipal,"Manipal, Karnataka",Instrumentation Engineering,3rd Year,OPEN_TO_INVITES,Instrumentation Engineering student at Manipal passionate about Renewable Energy and Robotics.,"[""DCS"", ""Embedded Systems"", ""Arduino"", ""Instrumentation"", ""LabVIEW"", ""Problem Solving""]","[""Renewable Energy"", ""Robotics"", ""Smart Cities""]","[""Mechanical"", ""Biotech"", ""Cloud""]",[],5,0,"{""repos"": 23, ""commits"": 345, ""stars"": 25, ""followers"": 41, ""following"": 21}",86
3bc2614f-c7f7-4b97-bc03-e59332e2b984,Sandhya Pandian,sandhya_pandian_555,sandhya_pandian_555@b2b2h.com,SRM Institute of Science and Technology,SRM,"Kattankulathur, Tamil Nadu",MBA,3rd Year,IN_TEAM,MBA student at SRM passionate about Assistive Tech and Renewable Energy.,"[""Data Analytics"", ""Strategic Planning"", ""Team Leadership"", ""Product Management"", ""Git"", ""Communication""]","[""Assistive Tech"", ""Renewable Energy"", ""Game Development"", ""AI & ML"", ""AR/VR""]","[""Healthcare"", ""Product"", ""EdTech""]","[{""name"": ""Autonomous Team Leadership Navigation System"", ""desc"": ""Real-time path planning and obstacle avoidance pipeline utilizing Team Leadership and sensor fusion."", ""tech"": [""Git"", ""Communication"", ""Team Leadership""], ""role"": ""AI Developer""}]",0,0,"{""repos"": 18, ""commits"": 198, ""stars"": 36, ""followers"": 46, ""following"": 9}",74
b0473f2b-3906-4d17-835c-77d14f68153c,Jagan Menon,jagan_menon_438,jagan_menon_438@b2b2h.com,Anna University Regional Campus,Anna University,"Chennai, Tamil Nadu",Biomedical Engineering,2nd Year,IN_TEAM,Biomedical Engineering student at Anna University passionate about SpaceTech and Robotics.,"[""Bioinstrumentation"", ""Arduino"", ""Medical AI"", ""Medical Imaging"", ""Biomedical Signal Processing"", ""LabVIEW"", ""DICOM"", ""MATLAB"", ""Presentation"", ""Rapid Prototyping""]","[""SpaceTech"", ""Robotics"", ""FinTech"", ""Embedded Systems"", ""DevOps""]","[""Design"", ""Aerospace"", ""Healthcare""]",[],4,0,"{""repos"": 22, ""commits"": 374, ""stars"": 19, ""followers"": 51, ""following"": 20}",90
9fecce85-a2ce-4a32-9236-9f7f9fae8ae8,Preethi Menon,preethi_menon_501,preethi_menon_501@b2b2h.com,Manipal Institute of Technology,Manipal,"Manipal, Karnataka",Instrumentation Engineering,3rd Year,LOOKING_FOR_MEMBERS,Instrumentation Engineering student at Manipal passionate about CleanTech and Renewable Energy.,"[""DCS"", ""Embedded Systems"", ""Arduino"", ""Process Control"", ""Team Leadership"", ""Communication""]","[""CleanTech"", ""Renewable Energy"", ""Web3""]","[""Biotech"", ""Healthcare"", ""Civil""]",[],1,0,"{""repos"": 20, ""commits"": 280, ""stars"": 6, ""followers"": 41, ""following"": 39}",75
20f0cd2f-0720-4027-a947-2e6ea888d087,Eshan Bhat,eshan_bhat_936,eshan_bhat_936@b2b2h.com,SSN College of Engineering,SSN,"Chennai, Tamil Nadu",Civil Engineering,2nd Year,LOOKING_FOR_TEAM,Civil Engineering student at SSN passionate about FinTech and Quantum Computing.,"[""SAP2000"", ""GIS"", ""Hydrology"", ""AutoCAD Civil 3D"", ""Problem Solving""]","[""FinTech"", ""Quantum Computing"", ""Game Development"", ""DeepTech"", ""IoT""]","[""FinTech"", ""AgriTech"", ""CleanTech""]","[{""name"": ""NextGen FinTech Mobile Assistant"", ""desc"": ""Cross-platform mobile application built using Hydrology to streamline workflow management in FinTech."", ""tech"": [""Problem Solving"", ""GIS"", ""Hydrology""], ""role"": ""Mobile Developer""}]",0,0,"{""repos"": 14, ""commits"": 154, ""stars"": 25, ""followers"": 52, ""following"": 33}",73
6188831d-2423-4170-97be-c1ce063d2e91,Keerthana Rao,keerthana_rao_19,keerthana_rao_19@b2b2h.com,SASTRA Deemed University,SASTRA,"Thanjavur, Tamil Nadu",Cyber Security,1st Year,LOOKING_FOR_MEMBERS,Cyber Security student at SASTRA passionate about Robotics and FinTech.,"[""Cryptography"", ""SOC Analysis"", ""OWASP"", ""Burp Suite"", ""Penetration Testing"", ""Python"", ""Communication"", ""Team Leadership""]","[""Robotics"", ""FinTech"", ""Sustainable Materials""]","[""Healthcare"", ""Cybersecurity"", ""Web""]","[{""name"": ""Cloud-Native Web Security Shield"", ""desc"": ""Zero-trust security monitoring and intrusion detection system using SOC Analysis."", ""tech"": [""Burp Suite"", ""SOC Analysis"", ""Penetration Testing"", ""Team Leadership""], ""role"": ""DevOps Engineer""}]",5,0,"{""repos"": 9, ""commits"": 135, ""stars"": 8, ""followers"": 32, ""following"": 22}",97
581bb5ae-aabd-47ba-8e9e-54b92e296fad,Aarav Banerjee,aarav_banerjee_402,aarav_banerjee_402@b2b2h.com,PSG College of Technology,PSG Tech,"Coimbatore, Tamil Nadu",Agricultural Engineering,3rd Year,LOOKING_FOR_MEMBERS,Agricultural Engineering student at PSG Tech passionate about Embedded Systems and CleanTech.,"[""Remote Sensing"", ""AgriTech"", ""Soil Mechanics"", ""AutoCAD"", ""GIS"", ""Precision Agriculture"", ""Presentation""]","[""Embedded Systems"", ""CleanTech"", ""FinTech""]","[""Mechanical"", ""AgriTech"", ""IoT""]",[],1,0,"{""repos"": 11, ""commits"": 275, ""stars"": 9, ""followers"": 31, ""following"": 40}",79
482ad2c1-897a-4d02-a049-2588feb555c9,Swetha Ganesan,swetha_ganesan_785,swetha_ganesan_785@b2b2h.com,SSN College of Engineering,SSN,"Chennai, Tamil Nadu",Fashion Technology,2nd Year,OPEN_TO_INVITES,Fashion Technology student at SSN passionate about Cybersecurity and FinTech.,"[""Textile Science"", ""Garment Manufacturing"", ""CLO 3D"", ""Adobe Illustrator"", ""Pattern Making"", ""CAD Fashion"", ""Merchandising"", ""Fashion Analytics"", ""Git""]","[""Cybersecurity"", ""FinTech"", ""Robotics"", ""Assistive Tech"", ""Cloud Native""]","[""IoT"", ""FinTech"", ""Civil""]",[],0,0,"{""repos"": 31, ""commits"": 341, ""stars"": 29, ""followers"": 10, ""following"": 34}",81
f63bb13f-93b2-41f7-941e-269711f4d4eb,Vijay Reddy,vijay_reddy_582,vijay_reddy_582@b2b2h.com,SRM Institute of Science and Technology,SRM,"Kattankulathur, Tamil Nadu",Fashion Technology,3rd Year,LOOKING_FOR_TEAM,Fashion Technology student at SRM passionate about Generative AI and DeepTech.,"[""Garment Manufacturing"", ""Adobe Illustrator"", ""CAD Fashion"", ""Textile Science"", ""Merchandising"", ""CLO 3D"", ""Fashion Analytics"", ""Presentation"", ""Problem Solving""]","[""Generative AI"", ""DeepTech"", ""Web3"", ""IoT"", ""CleanTech""]","[""Cybersecurity"", ""Cloud"", ""Automobile""]",[],2,1,"{""repos"": 27, ""commits"": 594, ""stars"": 5, ""followers"": 45, ""following"": 36}",72
8ca7b2f9-b286-4535-ad63-ce138605bd4f,Venkatesh Iyengar,venkatesh_iyengar_192,venkatesh_iyengar_192@b2b2h.com,SSN College of Engineering,SSN,"Chennai, Tamil Nadu",Biotechnology,2nd Year,OPEN_TO_INVITES,Biotechnology student at SSN passionate about Autonomous Vehicles and Cybersecurity.,"[""Python"", ""Molecular Biology"", ""Bioprocess Engineering"", ""CRISPR Design"", ""Team Leadership"", ""Presentation""]","[""Autonomous Vehicles"", ""Cybersecurity"", ""AgriTech"", ""HealthTech""]","[""IoT"", ""Mobile"", ""Automobile"", ""Web""]",[],1,0,"{""repos"": 5, ""commits"": 120, ""stars"": 38, ""followers"": 45, ""following"": 5}",75
8fddae81-3c19-442e-bb98-ee9806b04725,Diya Balakrishnan,diya_balakrishnan_459,diya_balakrishnan_459@b2b2h.com,PSG College of Technology,PSG Tech,"Coimbatore, Tamil Nadu",Instrumentation Engineering,2nd Year,LOOKING_FOR_TEAM,Instrumentation Engineering student at PSG Tech passionate about Wearable Devices and Robotics.,"[""Embedded Systems"", ""Instrumentation"", ""Process Control"", ""Arduino"", ""Sensors"", ""Git"", ""Presentation""]","[""Wearable Devices"", ""Robotics"", ""EdTech"", ""CleanTech"", ""DeepTech""]","[""Mechanical"", ""EdTech""]",[],3,1,"{""repos"": 0, ""commits"": 0, ""stars"": 0, ""followers"": 0, ""following"": 0}",98
5650aad2-20d6-4baf-b306-cf8f848814e9,Rohan Malhotra,rohan_malhotra_705,rohan_malhotra_705@b2b2h.com,Vellore Institute of Technology,VIT,"Vellore, Tamil Nadu",Instrumentation Engineering,4th Year,LOOKING_FOR_TEAM,Instrumentation Engineering student at VIT passionate about FinTech and Drone Tech.,"[""Arduino"", ""Embedded Systems"", ""Sensors"", ""MATLAB"", ""Process Control"", ""DCS"", ""Communication""]","[""FinTech"", ""Drone Tech"", ""DevOps"", ""IoT""]","[""EdTech"", ""AgriTech""]","[{""name"": ""AI-Driven EdTech Predictive Analytics Engine"", ""desc"": ""Machine learning pipeline leveraging Embedded Systems for anomaly detection and forecasting in EdTech."", ""tech"": [""MATLAB"", ""Communication"", ""Process Control"", ""Embedded Systems""], ""role"": ""ML Engineer""}]",1,0,"{""repos"": 8, ""commits"": 192, ""stars"": 23, ""followers"": 7, ""following"": 36}",91
202ac62b-753f-400d-902a-ec7d099233b7,Eshan Mukherjee,eshan_mukherjee_396,eshan_mukherjee_396@b2b2h.com,Indian Institute of Technology Madras,IIT Madras,"Chennai, Tamil Nadu",Data Science,1st Year,LOOKING_FOR_TEAM,Data Science student at IIT Madras passionate about AI & ML and HealthTech.,"[""Big Data"", ""Data Visualization"", ""Hadoop"", ""Pandas"", ""Spark"", ""Communication""]","[""AI & ML"", ""HealthTech"", ""Sustainable Materials"", ""Blockchain""]","[""Civil"", ""EdTech"", ""FinTech"", ""Robotics""]","[{""name"": ""IoT-Based FinTech Monitoring Mesh"", ""desc"": ""Distributed telemetry network with embedded sensors for real-time FinTech data analysis."", ""tech"": [""Pandas"", ""Communication"", ""Hadoop""], ""role"": ""IoT Specialist""}]",1,1,"{""repos"": 33, ""commits"": 660, ""stars"": 13, ""followers"": 25, ""following"": 22}",81
c478ab16-73cc-4c97-a81c-03bb388a6500,Vijay Chaudhary,vijay_chaudhary_769,vijay_chaudhary_769@b2b2h.com,Anna University Regional Campus,Anna University,"Chennai, Tamil Nadu",Computer Science Engineering,3rd Year,OFFLINE,Computer Science Engineering student at Anna University passionate about Game Development and Bioinformatics.,"[""Microservices"", ""Git"", ""FastAPI"", ""C++"", ""Rust"", ""PostgreSQL"", ""Node.js"", ""System Design"", ""Rapid Prototyping""]","[""Game Development"", ""Bioinformatics"", ""Robotics"", ""AgriTech"", ""Drone Tech""]","[""Civil"", ""Biotech"", ""Cybersecurity""]","[{""name"": ""Cloud-Native Civil Security Shield"", ""desc"": ""Zero-trust security monitoring and intrusion detection system using Microservices."", ""tech"": [""Rapid Prototyping"", ""System Design"", ""Git"", ""Rust"", ""Microservices""], ""role"": ""Cybersecurity Analyst""}]",5,0,"{""repos"": 6, ""commits"": 60, ""stars"": 26, ""followers"": 10, ""following"": 16}",70
ec48f2c8-387a-4ec0-b06c-7fc1298bf283,Pooja Sharma,pooja_sharma_233,pooja_sharma_233@b2b2h.com,SSN College of Engineering,SSN,"Chennai, Tamil Nadu",Agricultural Engineering,3rd Year,LOOKING_FOR_TEAM,Agricultural Engineering student at SSN passionate about AgriTech and DevOps.,"[""Remote Sensing"", ""Drone Mapping"", ""Python"", ""AgriTech"", ""IoT Sensors"", ""Soil Mechanics"", ""Hydrology"", ""AutoCAD"", ""Git""]","[""AgriTech"", ""DevOps"", ""CleanTech"", ""AI & ML"", ""Cloud Native""]","[""Automobile"", ""Cybersecurity"", ""IoT"", ""Design""]",[],5,0,"{""repos"": 19, ""commits"": 399, ""stars"": 17, ""followers"": 52, ""following"": 27}",70
a7773a57-50bc-47d6-8134-aaf0c5d7ebf2,Divya Murugan,divya_murugan_588,divya_murugan_588@b2b2h.com,PSG College of Technology,PSG Tech,"Coimbatore, Tamil Nadu",MBA,2nd Year,LOOKING_FOR_MEMBERS,MBA student at PSG Tech passionate about Web3 and IoT.,"[""Market Research"", ""Product Management"", ""Team Leadership"", ""Business Strategy"", ""Data Analytics"", ""Agile/Scrum"", ""Financial Modeling"", ""Strategic Planning"", ""Pitching"", ""Presentation""]","[""Web3"", ""IoT"", ""Assistive Tech""]","[""CleanTech"", ""Product"", ""IoT""]",[],5,0,"{""repos"": 33, ""commits"": 594, ""stars"": 2, ""followers"": 6, ""following"": 19}",96
a1b22b09-722b-4f62-beec-d3e19dbb8026,Vijay Bhat,vijay_bhat_43,vijay_bhat_43@b2b2h.com,Anna University Regional Campus,Anna University,"Chennai, Tamil Nadu",Automobile Engineering,1st Year,OPEN_TO_INVITES,Automobile Engineering student at Anna University passionate about Sustainable Materials and Web3.,"[""ANSYS"", ""Electric Drive Systems"", ""CATIA"", ""Thermodynamics"", ""MATLAB"", ""AutoCAD"", ""CFD"", ""Vehicle Dynamics"", ""Rapid Prototyping"", ""Team Leadership""]","[""Sustainable Materials"", ""Web3"", ""Cloud Native"", ""Autonomous Vehicles"", ""Generative AI""]","[""Automobile"", ""EdTech""]",[],0,0,"{""repos"": 28, ""commits"": 560, ""stars"": 1, ""followers"": 42, ""following"": 19}",93
97f73fec-5bfb-4202-afdc-2b2e1ddf4d87,Preethi Chaudhary,preethi_chaudhary_374,preethi_chaudhary_374@b2b2h.com,SSN College of Engineering,SSN,"Chennai, Tamil Nadu",Biotechnology,4th Year,OPEN_TO_INVITES,Biotechnology student at SSN passionate about Smart Cities and Game Development.,"[""Biostatistics"", ""CRISPR Design"", ""R"", ""Molecular Biology"", ""PyMOL"", ""Data Analysis"", ""Python"", ""Bioprocess Engineering"", ""Microbiology"", ""Rapid Prototyping""]","[""Smart Cities"", ""Game Development"", ""Cybersecurity"", ""Sustainable Materials"", ""SpaceTech""]","[""Aerospace"", ""IoT"", ""AI/ML""]",[],0,0,"{""repos"": 31, ""commits"": 651, ""stars"": 48, ""followers"": 19, ""following"": 8}",72
c9eb73ea-d077-44ec-b88c-690272b8f0e7,Sanjana Natarajan,sanjana_natarajan_469,sanjana_natarajan_469@b2b2h.com,SSN College of Engineering,SSN,"Chennai, Tamil Nadu",Instrumentation Engineering,4th Year,LOOKING_FOR_TEAM,Instrumentation Engineering student at SSN passionate about Quantum Computing and SpaceTech.,"[""PLC"", ""Sensors"", ""DCS"", ""Instrumentation"", ""Rapid Prototyping"", ""Problem Solving""]","[""Quantum Computing"", ""SpaceTech"", ""Drone Tech"", ""Web3""]","[""Design"", ""EdTech"", ""Mechanical"", ""Cybersecurity""]",[],3,0,"{""repos"": 20, ""commits"": 500, ""stars"": 9, ""followers"": 6, ""following"": 12}",81
63d56c69-55e3-4528-b118-8b57a258f729,Gayathri Bhattacharya,gayathri_bhattacharya_505,gayathri_bhattacharya_505@b2b2h.com,BMS College of Engineering,BMSCE,"Bengaluru, Karnataka",Artificial Intelligence & Data Science,3rd Year,LOOKING_FOR_MEMBERS,Artificial Intelligence & Data Science student at BMSCE passionate about Wearable Devices and AR/VR.,"[""R"", ""OpenCV"", ""Vector Embeddings"", ""PyTorch"", ""TensorFlow"", ""Problem Solving"", ""Rapid Prototyping""]","[""Wearable Devices"", ""AR/VR"", ""SpaceTech"", ""Smart Cities""]","[""Biotech"", ""CleanTech"", ""Automobile""]","[{""name"": ""AI-Driven CleanTech Predictive Analytics Engine"", ""desc"": ""Machine learning pipeline leveraging OpenCV for anomaly detection and forecasting in CleanTech."", ""tech"": [""Problem Solving"", ""OpenCV"", ""PyTorch"", ""Vector Embeddings""], ""role"": ""Data Scientist""}, {""name"": ""Precision CleanTech Simulation Suite"", ""desc"": ""High-fidelity finite element modeling and fluid dynamics analysis platform built with OpenCV."", ""tech"": [""Problem Solving"", ""Rapid Prototyping"", ""PyTorch"", ""OpenCV""], ""role"": ""Simulation Specialist""}]",3,1,"{""repos"": 15, ""commits"": 420, ""stars"": 34, ""followers"": 13, ""following"": 37}",68
1ad0e42d-8a29-459b-9e16-ebe914a2f14c,Manikandan Deshmukh,manikandan_deshmukh_458,manikandan_deshmukh_458@b2b2h.com,BMS College of Engineering,BMSCE,"Bengaluru, Karnataka",Robotics,1st Year,IN_TEAM,Robotics student at BMSCE passionate about IoT and Open Source.,"[""Motion Planning"", ""Gazebo"", ""Autonomous Navigation"", ""C++"", ""Python"", ""Robotics Kinematics"", ""OpenCV"", ""ROS"", ""SLAM"", ""Problem Solving"", ""Rapid Prototyping""]","[""IoT"", ""Open Source"", ""SpaceTech"", ""DevOps"", ""Cloud Native""]","[""Automobile"", ""Design"", ""Mobile"", ""Aerospace""]","[{""name"": ""Decentralized Motion Planning Smart Platform"", ""desc"": ""High-throughput microservices architecture powered by Motion Planning for scalable transaction processing."", ""tech"": [""Rapid Prototyping"", ""Robotics Kinematics"", ""Autonomous Navigation"", ""Motion Planning""], ""role"": ""Backend Engineer""}]",2,0,"{""repos"": 0, ""commits"": 0, ""stars"": 0, ""followers"": 0, ""following"": 0}",76
efa39902-d69e-44f9-aad9-c9c79d10edf5,Saravanan Chettiar,saravanan_chettiar_581,saravanan_chettiar_581@b2b2h.com,Coimbatore Institute of Technology,CIT,"Coimbatore, Tamil Nadu",MBA,2nd Year,IN_TEAM,MBA student at CIT passionate about CleanTech and Quantum Computing.,"[""Pitching"", ""Team Leadership"", ""Strategic Planning"", ""Data Analytics"", ""Agile/Scrum"", ""Market Research"", ""Problem Solving"", ""Rapid Prototyping""]","[""CleanTech"", ""Quantum Computing"", ""Web3""]","[""Cloud"", ""Aerospace""]","[{""name"": ""NextGen Aerospace Mobile Assistant"", ""desc"": ""Cross-platform mobile application built using Team Leadership to streamline workflow management in Aerospace."", ""tech"": [""Rapid Prototyping"", ""Strategic Planning"", ""Team Leadership""], ""role"": ""UI/UX Designer""}, {""name"": ""Decentralized Team Leadership Smart Platform"", ""desc"": ""High-throughput microservices architecture powered by Team Leadership for scalable transaction processing."", ""tech"": [""Team Leadership"", ""Strategic Planning"", ""Pitching""], ""role"": ""Full Stack Developer""}]",0,0,"{""repos"": 9, ""commits"": 135, ""stars"": 47, ""followers"": 17, ""following"": 35}",73
29a70b35-707c-484f-8bb5-8b215d6ebcd4,Pranav Krishnan,pranav_krishnan_583,pranav_krishnan_583@b2b2h.com,Vellore Institute of Technology,VIT,"Vellore, Tamil Nadu",Agricultural Engineering,2nd Year,IN_TEAM,Agricultural Engineering student at VIT passionate about AgriTech and Drone Tech.,"[""GIS"", ""Remote Sensing"", ""IoT Sensors"", ""Hydrology"", ""AgriTech"", ""Soil Mechanics"", ""Precision Agriculture"", ""Drone Mapping"", ""Python"", ""Problem Solving"", ""Team Leadership""]","[""AgriTech"", ""Drone Tech"", ""Renewable Energy""]","[""Product"", ""IoT""]",[],5,0,"{""repos"": 32, ""commits"": 416, ""stars"": 16, ""followers"": 44, ""following"": 33}",84
6bd9ad33-a59a-410c-b027-98aa5712fb14,Pavithra Chowdary,pavithra_chowdary_407,pavithra_chowdary_407@b2b2h.com,Coimbatore Institute of Technology,CIT,"Coimbatore, Tamil Nadu",Biotechnology,1st Year,LOOKING_FOR_MEMBERS,Biotechnology student at CIT passionate about Robotics and Blockchain.,"[""Bioprocess Engineering"", ""Biostatistics"", ""Bioinformatics"", ""Molecular Biology"", ""PyMOL"", ""CRISPR Design"", ""Presentation""]","[""Robotics"", ""Blockchain"", ""EdTech""]","[""IoT"", ""Cybersecurity"", ""Aerospace""]","[{""name"": ""AI-Driven Cybersecurity Predictive Analytics Engine"", ""desc"": ""Machine learning pipeline leveraging Bioinformatics for anomaly detection and forecasting in Cybersecurity."", ""tech"": [""PyMOL"", ""Biostatistics"", ""Presentation"", ""Bioinformatics""], ""role"": ""ML Engineer""}]",3,0,"{""repos"": 14, ""commits"": 378, ""stars"": 10, ""followers"": 33, ""following"": 20}",72
294e0a46-ef83-4845-864a-795ff0f17103,Pavithra Soundararajan,pavithra_soundararajan_644,pavithra_soundararajan_644@b2b2h.com,Government College of Technology,GCT,"Coimbatore, Tamil Nadu",Chemical Engineering,1st Year,IN_TEAM,Chemical Engineering student at GCT passionate about FinTech and Web3.,"[""Heat Transfer"", ""MATLAB"", ""Polymer Chemistry"", ""Chemical Safety"", ""Process Control"", ""Rapid Prototyping"", ""Presentation""]","[""FinTech"", ""Web3"", ""Open Source"", ""AI & ML""]","[""AgriTech"", ""Mobile""]",[],1,0,"{""repos"": 32, ""commits"": 896, ""stars"": 47, ""followers"": 51, ""following"": 33}",85
a660ca84-0849-42e6-9324-a286f016aa5b,Lokesh Hegde,lokesh_hegde_126,lokesh_hegde_126@b2b2h.com,SASTRA Deemed University,SASTRA,"Thanjavur, Tamil Nadu",Instrumentation Engineering,3rd Year,OFFLINE,Instrumentation Engineering student at SASTRA passionate about Drone Tech and EdTech.,"[""MATLAB"", ""Embedded Systems"", ""Process Control"", ""DCS"", ""Presentation""]","[""Drone Tech"", ""EdTech"", ""CleanTech"", ""Assistive Tech"", ""Generative AI""]","[""Healthcare"", ""Aerospace"", ""AI/ML""]",[],4,0,"{""repos"": 25, ""commits"": 725, ""stars"": 40, ""followers"": 29, ""following"": 12}",87
2b6fad95-0e6a-43b5-9410-74653a40193b,Utkarsh Deshmukh,utkarsh_deshmukh_834,utkarsh_deshmukh_834@b2b2h.com,Government College of Technology,GCT,"Coimbatore, Tamil Nadu",Cyber Security,3rd Year,OFFLINE,Cyber Security student at GCT passionate about DeepTech and Bioinformatics.,"[""OWASP"", ""SOC Analysis"", ""Wireshark"", ""Linux"", ""Cryptography"", ""Burp Suite"", ""Git"", ""Communication""]","[""DeepTech"", ""Bioinformatics"", ""Wearable Devices"", ""Blockchain"", ""Cybersecurity""]","[""Mobile"", ""Healthcare"", ""Cloud""]",[],0,0,"{""repos"": 23, ""commits"": 391, ""stars"": 48, ""followers"": 55, ""following"": 27}",83
2ed25303-dfc6-477c-8281-739a98dc9cd9,Vikram Malhotra,vikram_malhotra_285,vikram_malhotra_285@b2b2h.com,Indian Institute of Technology Madras,IIT Madras,"Chennai, Tamil Nadu",Biomedical Engineering,4th Year,IN_TEAM,Biomedical Engineering student at IIT Madras passionate about Open Source and AI & ML.,"[""Biomedical Signal Processing"", ""DICOM"", ""LabVIEW"", ""Medical Imaging"", ""Rapid Prototyping"", ""Presentation""]","[""Open Source"", ""AI & ML"", ""Assistive Tech"", ""Drone Tech""]","[""AI/ML"", ""Biotech"", ""Aerospace"", ""Logistics""]",[],5,0,"{""repos"": 16, ""commits"": 400, ""stars"": 17, ""followers"": 22, ""following"": 20}",78
0decaf73-52c9-42b3-86a1-ab4cceda8b82,Vikram Sundaram,vikram_sundaram_589,vikram_sundaram_589@b2b2h.com,PES University,PESU,"Bengaluru, Karnataka",Aerospace Engineering,3rd Year,LOOKING_FOR_TEAM,Aerospace Engineering student at PESU passionate about AI & ML and Quantum Computing.,"[""CATIA"", ""MATLAB"", ""ANSYS"", ""Flight Mechanics"", ""Rapid Prototyping""]","[""AI & ML"", ""Quantum Computing"", ""HealthTech"", ""Renewable Energy""]","[""AgriTech"", ""Cybersecurity""]",[],1,0,"{""repos"": 26, ""commits"": 780, ""stars"": 10, ""followers"": 5, ""following"": 27}",88
08d4043d-ffc3-492c-bacb-0a1005e4a1de,Yash Natarajan,yash_natarajan_681,yash_natarajan_681@b2b2h.com,National Institute of Technology Tiruchirappalli,NIT Trichy,"Tiruchirappalli, Tamil Nadu",MBA,1st Year,LOOKING_FOR_TEAM,MBA student at NIT Trichy passionate about Robotics and Wearable Devices.,"[""Team Leadership"", ""Market Research"", ""Strategic Planning"", ""Agile/Scrum"", ""Pitching"", ""Problem Solving"", ""Presentation""]","[""Robotics"", ""Wearable Devices"", ""Blockchain"", ""Assistive Tech"", ""Quantum Computing""]","[""Cloud"", ""Civil"", ""AI/ML"", ""EdTech""]","[{""name"": ""Precision Cloud Simulation Suite"", ""desc"": ""High-fidelity finite element modeling and fluid dynamics analysis platform built with Team Leadership."", ""tech"": [""Strategic Planning"", ""Presentation"", ""Team Leadership""], ""role"": ""Simulation Specialist""}]",0,0,"{""repos"": 11, ""commits"": 330, ""stars"": 43, ""followers"": 11, ""following"": 6}",84
6c330b26-96e7-4e06-adf2-825da3cf559f,Ananya Kapoor,ananya_kapoor_675,ananya_kapoor_675@b2b2h.com,Anna University Regional Campus,Anna University,"Chennai, Tamil Nadu",Agricultural Engineering,3rd Year,OPEN_TO_INVITES,Agricultural Engineering student at Anna University passionate about Smart Cities and Cybersecurity.,"[""GIS"", ""IoT Sensors"", ""Drone Mapping"", ""Python"", ""Precision Agriculture"", ""AgriTech"", ""Soil Mechanics"", ""Hydrology"", ""Remote Sensing"", ""Communication"", ""Rapid Prototyping""]","[""Smart Cities"", ""Cybersecurity"", ""EdTech"", ""AgriTech""]","[""AI/ML"", ""EdTech"", ""Design"", ""AgriTech""]",[],0,0,"{""repos"": 22, ""commits"": 352, ""stars"": 33, ""followers"": 40, ""following"": 34}",74
47989dab-8699-407f-953a-0ee7d288cd51,Dinesh Das,dinesh_das_671,dinesh_das_671@b2b2h.com,Government College of Technology,GCT,"Coimbatore, Tamil Nadu",Civil Engineering,4th Year,IN_TEAM,Civil Engineering student at GCT passionate about Autonomous Vehicles and Robotics.,"[""Revit"", ""Hydrology"", ""Geotechnical Engineering"", ""Structural Analysis"", ""Git""]","[""Autonomous Vehicles"", ""Robotics"", ""Cybersecurity""]","[""Product"", ""Automobile"", ""Aerospace""]","[{""name"": ""AI-Driven Product Predictive Analytics Engine"", ""desc"": ""Machine learning pipeline leveraging Hydrology for anomaly detection and forecasting in Product."", ""tech"": [""Git"", ""Revit"", ""Hydrology""], ""role"": ""Data Scientist""}]",1,0,"{""repos"": 28, ""commits"": 728, ""stars"": 18, ""followers"": 42, ""following"": 34}",92
4c7158f5-0178-4764-91e9-206adc1abe4b,Hariharan Balakrishnan,hariharan_balakrishnan_94,hariharan_balakrishnan_94@b2b2h.com,Indian Institute of Technology Madras,IIT Madras,"Chennai, Tamil Nadu",Instrumentation Engineering,2nd Year,LOOKING_FOR_MEMBERS,Instrumentation Engineering student at IIT Madras passionate about SpaceTech and Open Source.,"[""Instrumentation"", ""PLC"", ""Process Control"", ""Arduino"", ""Git""]","[""SpaceTech"", ""Open Source"", ""Game Development"", ""Drone Tech""]","[""AI/ML"", ""AgriTech"", ""Automobile"", ""EdTech""]",[],0,0,"{""repos"": 30, ""commits"": 390, ""stars"": 29, ""followers"": 41, ""following"": 40}",69
0e6862eb-7450-4e86-a8fb-ac8b06fd7d2b,Rohan Iyengar,rohan_iyengar_22,rohan_iyengar_22@b2b2h.com,Thiagarajar College of Engineering,TCE,"Madurai, Tamil Nadu",Electronics & Communication Engineering,1st Year,OPEN_TO_INVITES,Electronics & Communication Engineering student at TCE passionate about Smart Cities and Quantum Computing.,"[""MATLAB"", ""PCB Design"", ""Arduino"", ""Verilog"", ""IoT"", ""RF Design"", ""STM32"", ""Problem Solving""]","[""Smart Cities"", ""Quantum Computing"", ""AgriTech"", ""Cloud Native""]","[""Healthcare"", ""Product""]",[],0,0,"{""repos"": 35, ""commits"": 735, ""stars"": 3, ""followers"": 33, ""following"": 38}",73
fef4172a-9569-4d0a-b190-34fb043e7c40,Pranav Banerjee,pranav_banerjee_801,pranav_banerjee_801@b2b2h.com,National Institute of Technology Tiruchirappalli,NIT Trichy,"Tiruchirappalli, Tamil Nadu",Cyber Security,1st Year,OPEN_TO_INVITES,Cyber Security student at NIT Trichy passionate about DevOps and Smart Cities.,"[""SOC Analysis"", ""Ethical Hacking"", ""OWASP"", ""Burp Suite"", ""Penetration Testing"", ""Cryptography"", ""Metasploit"", ""Wireshark"", ""Network Security"", ""Team Leadership""]","[""DevOps"", ""Smart Cities"", ""Renewable Energy""]","[""Automobile"", ""EdTech"", ""CleanTech"", ""Product""]","[{""name"": ""Precision CleanTech Simulation Suite"", ""desc"": ""High-fidelity finite element modeling and fluid dynamics analysis platform built with OWASP."", ""tech"": [""Ethical Hacking"", ""Cryptography"", ""Team Leadership"", ""OWASP""], ""role"": ""CAD/CAE Engineer""}]",0,0,"{""repos"": 5, ""commits"": 110, ""stars"": 4, ""followers"": 58, ""following"": 31}",95
ce451e53-7a3e-478e-827e-ca40c205a0e3,Naveen Menon,naveen_menon_98,naveen_menon_98@b2b2h.com,SSN College of Engineering,SSN,"Chennai, Tamil Nadu",Agricultural Engineering,1st Year,LOOKING_FOR_MEMBERS,Agricultural Engineering student at SSN passionate about Cybersecurity and AI & ML.,"[""Soil Mechanics"", ""Remote Sensing"", ""Hydrology"", ""Drone Mapping"", ""GIS"", ""Team Leadership"", ""Git""]","[""Cybersecurity"", ""AI & ML"", ""Quantum Computing""]","[""EdTech"", ""Design""]","[{""name"": ""Cloud-Native EdTech Security Shield"", ""desc"": ""Zero-trust security monitoring and intrusion detection system using Hydrology."", ""tech"": [""Soil Mechanics"", ""Team Leadership"", ""Drone Mapping"", ""Hydrology""], ""role"": ""DevOps Engineer""}]",0,0,"{""repos"": 18, ""commits"": 414, ""stars"": 31, ""followers"": 5, ""following"": 11}",90
0c20e0a5-30d5-4525-a0ae-81b220872998,Jaya Rao,jaya_rao_953,jaya_rao_953@b2b2h.com,PSG College of Technology,PSG Tech,"Coimbatore, Tamil Nadu",Industrial Engineering,4th Year,LOOKING_FOR_MEMBERS,Industrial Engineering student at PSG Tech passionate about CleanTech and AgriTech.,"[""Supply Chain"", ""Python"", ""Six Sigma"", ""Arena Simulation"", ""Lean Manufacturing"", ""Operations Research"", ""Ergonomics"", ""Presentation"", ""Team Leadership""]","[""CleanTech"", ""AgriTech"", ""Assistive Tech""]","[""Robotics"", ""CleanTech"", ""Product""]",[],4,0,"{""repos"": 0, ""commits"": 0, ""stars"": 0, ""followers"": 0, ""following"": 0}",74
7eae055b-58e7-4ccf-b97e-b3d17f153640,Vishal Iyer,vishal_iyer_169,vishal_iyer_169@b2b2h.com,National Institute of Technology Tiruchirappalli,NIT Trichy,"Tiruchirappalli, Tamil Nadu",Electrical Engineering,4th Year,IN_TEAM,Electrical Engineering student at NIT Trichy passionate about Web3 and FinTech.,"[""Arduino"", ""Simulink"", ""Power Electronics"", ""Control Systems"", ""SCADA"", ""Proteus"", ""Rapid Prototyping"", ""Communication""]","[""Web3"", ""FinTech"", ""Smart Cities""]","[""AgriTech"", ""Mobile"", ""FinTech"", ""CleanTech""]","[{""name"": ""AI-Driven Mobile Predictive Analytics Engine"", ""desc"": ""Machine learning pipeline leveraging Arduino for anomaly detection and forecasting in Mobile."", ""tech"": [""Rapid Prototyping"", ""SCADA"", ""Arduino""], ""role"": ""ML Engineer""}]",1,0,"{""repos"": 31, ""commits"": 837, ""stars"": 47, ""followers"": 37, ""following"": 17}",71
ea4753a7-445e-4faa-88bd-cf82789bca37,Kavya Sundaram,kavya_sundaram_134,kavya_sundaram_134@b2b2h.com,Government College of Technology,GCT,"Coimbatore, Tamil Nadu",Information Technology,2nd Year,OPEN_TO_INVITES,Information Technology student at GCT passionate about HealthTech and DeepTech.,"[""REST API"", ""Tailwind CSS"", ""React"", ""Firebase"", ""Networking"", ""Problem Solving"", ""Presentation""]","[""HealthTech"", ""DeepTech"", ""Game Development""]","[""Cloud"", ""AI/ML"", ""CleanTech""]",[],0,0,"{""repos"": 0, ""commits"": 0, ""stars"": 0, ""followers"": 0, ""following"": 0}",82
fe911f5a-e48a-4d6e-b234-3da83a349930,Radhika Hegde,radhika_hegde_453,radhika_hegde_453@b2b2h.com,PES University,PESU,"Bengaluru, Karnataka",MCA,4th Year,IN_TEAM,MCA student at PESU passionate about AgriTech and Embedded Systems.,"[""Cloud Computing"", ""Software Engineering"", ""Spring Boot"", ""Web Development"", ""Team Leadership""]","[""AgriTech"", ""Embedded Systems"", ""DeepTech"", ""Cybersecurity""]","[""Logistics"", ""EdTech""]",[],1,1,"{""repos"": 33, ""commits"": 363, ""stars"": 5, ""followers"": 19, ""following"": 26}",72
7465b2ff-ad02-4e92-a603-cc3d842cfced,Tanvi Mehta,tanvi_mehta_915,tanvi_mehta_915@b2b2h.com,BMS College of Engineering,BMSCE,"Bengaluru, Karnataka",Industrial Engineering,2nd Year,OFFLINE,Industrial Engineering student at BMSCE passionate about Robotics and SpaceTech.,"[""SQL"", ""Arena Simulation"", ""Tableau"", ""Ergonomics"", ""Communication"", ""Git""]","[""Robotics"", ""SpaceTech"", ""AgriTech"", ""FinTech"", ""AI & ML""]","[""Logistics"", ""EdTech"", ""Web""]",[],1,0,"{""repos"": 17, ""commits"": 255, ""stars"": 6, ""followers"": 17, ""following"": 17}",76
4ab5a38a-79d5-4b12-8437-9bfe42044454,Farhan Chaudhary,farhan_chaudhary_599,farhan_chaudhary_599@b2b2h.com,PES University,PESU,"Bengaluru, Karnataka",Biotechnology,3rd Year,OPEN_TO_INVITES,Biotechnology student at PESU passionate about Autonomous Vehicles and Open Source.,"[""Genomics"", ""Biostatistics"", ""Microbiology"", ""Data Analysis"", ""Molecular Biology"", ""Presentation""]","[""Autonomous Vehicles"", ""Open Source"", ""Cybersecurity"", ""HealthTech"", ""Wearable Devices""]","[""Design"", ""AgriTech"", ""Cybersecurity""]","[{""name"": ""Bio-Inspired Design Diagnostic Pipeline"", ""desc"": ""Computational genomics and sequence analysis tool leveraging Genomics for medical diagnostics."", ""tech"": [""Biostatistics"", ""Molecular Biology"", ""Genomics""], ""role"": ""Bioinformatics Specialist""}]",0,0,"{""repos"": 3, ""commits"": 60, ""stars"": 39, ""followers"": 14, ""following"": 10}",78
03e9d033-81a7-4e41-826e-0f695e2ea75b,Rohan Menon,rohan_menon_70,rohan_menon_70@b2b2h.com,Government College of Technology,GCT,"Coimbatore, Tamil Nadu",Electronics & Communication Engineering,2nd Year,LOOKING_FOR_TEAM,Electronics & Communication Engineering student at GCT passionate about FinTech and Sustainable Materials.,"[""MATLAB"", ""Arduino"", ""Verilog"", ""RF Design"", ""VLSI"", ""VHDL"", ""Signal Processing"", ""C++"", ""Communication"", ""Presentation""]","[""FinTech"", ""Sustainable Materials"", ""Quantum Computing""]","[""Civil"", ""CleanTech"", ""Cybersecurity"", ""Aerospace""]",[],1,0,"{""repos"": 21, ""commits"": 294, ""stars"": 11, ""followers"": 48, ""following"": 2}",98
4cf65dd2-ee7a-4220-9174-7b844f8fcf41,Vikram Balakrishnan,vikram_balakrishnan_881,vikram_balakrishnan_881@b2b2h.com,BMS College of Engineering,BMSCE,"Bengaluru, Karnataka",Cyber Security,1st Year,OPEN_TO_INVITES,Cyber Security student at BMSCE passionate about FinTech and Game Development.,"[""Linux"", ""OWASP"", ""Metasploit"", ""Penetration Testing"", ""SOC Analysis"", ""Cryptography"", ""Wireshark"", ""Ethical Hacking"", ""Communication""]","[""FinTech"", ""Game Development"", ""DeepTech"", ""Web3""]","[""CleanTech"", ""Biotech"", ""Web"", ""Healthcare""]",[],1,0,"{""repos"": 9, ""commits"": 90, ""stars"": 3, ""followers"": 26, ""following"": 30}",91
6af6d70b-45e8-410c-89cf-1c8fa4574c85,Radhika Swaminathan,radhika_swaminathan_514,radhika_swaminathan_514@b2b2h.com,Vellore Institute of Technology,VIT,"Vellore, Tamil Nadu",Chemical Engineering,4th Year,LOOKING_FOR_TEAM,Chemical Engineering student at VIT passionate about Blockchain and Web3.,"[""Chemical Safety"", ""Heat Transfer"", ""Fluid Mechanics"", ""Reaction Engineering"", ""ASPEN Plus"", ""Process Control"", ""Polymer Chemistry"", ""Communication""]","[""Blockchain"", ""Web3"", ""Robotics"", ""FinTech""]","[""Cybersecurity"", ""AI/ML"", ""Design""]","[{""name"": ""Decentralized Heat Transfer Smart Platform"", ""desc"": ""High-throughput microservices architecture powered by Heat Transfer for scalable transaction processing."", ""tech"": [""Communication"", ""Process Control"", ""Chemical Safety"", ""Reaction Engineering"", ""Heat Transfer""], ""role"": ""Full Stack Developer""}]",3,0,"{""repos"": 16, ""commits"": 256, ""stars"": 26, ""followers"": 46, ""following"": 37}",91
c025d911-ca47-4671-903f-1caffc764350,Sudharshan Banerjee,sudharshan_banerjee_686,sudharshan_banerjee_686@b2b2h.com,SASTRA Deemed University,SASTRA,"Thanjavur, Tamil Nadu",Robotics,2nd Year,LOOKING_FOR_TEAM,Robotics student at SASTRA passionate about AI & ML and Quantum Computing.,"[""Sensor Fusion"", ""Robotics Kinematics"", ""SLAM"", ""Motion Planning"", ""Problem Solving""]","[""AI & ML"", ""Quantum Computing"", ""Web3"", ""CleanTech""]","[""Logistics"", ""Civil"", ""FinTech"", ""IoT""]",[],0,0,"{""repos"": 21, ""commits"": 252, ""stars"": 30, ""followers"": 56, ""following"": 9}",77
72848f00-32d0-4c87-a52e-9346570c5189,Nirmal Rajagopal,nirmal_rajagopal_926,nirmal_rajagopal_926@b2b2h.com,Indian Institute of Technology Madras,IIT Madras,"Chennai, Tamil Nadu",Mechatronics,1st Year,OFFLINE,Mechatronics student at IIT Madras passionate about EdTech and Wearable Devices.,"[""SolidWorks"", ""Python"", ""PLC"", ""Microcontrollers"", ""PCB Design"", ""Sensors"", ""ROS"", ""Rapid Prototyping"", ""Presentation""]","[""EdTech"", ""Wearable Devices"", ""AgriTech"", ""Open Source""]","[""Cloud"", ""IoT""]",[],0,0,"{""repos"": 29, ""commits"": 812, ""stars"": 14, ""followers"": 37, ""following"": 5}",94
96ebb060-cb7a-48bc-b2e3-6af9fc20d345,Shankar Swaminathan,shankar_swaminathan_998,shankar_swaminathan_998@b2b2h.com,SSN College of Engineering,SSN,"Chennai, Tamil Nadu",Fashion Technology,4th Year,OFFLINE,Fashion Technology student at SSN passionate about FinTech and HealthTech.,"[""Fashion Analytics"", ""Pattern Making"", ""CAD Fashion"", ""CLO 3D"", ""Merchandising"", ""Problem Solving""]","[""FinTech"", ""HealthTech"", ""Smart Cities"", ""Cybersecurity""]","[""Automobile"", ""AI/ML""]",[],3,0,"{""repos"": 19, ""commits"": 380, ""stars"": 46, ""followers"": 60, ""following"": 6}",70
cf1e539f-ead8-4a9f-9648-f90c9abbaa41,Vignesh Balakrishnan,vignesh_balakrishnan_575,vignesh_balakrishnan_575@b2b2h.com,Manipal Institute of Technology,Manipal,"Manipal, Karnataka",Mechatronics,4th Year,LOOKING_FOR_TEAM,Mechatronics student at Manipal passionate about Drone Tech and Blockchain.,"[""Hydraulics"", ""PCB Design"", ""Pneumatics"", ""PLC"", ""ROS2"", ""Control Theory"", ""SolidWorks"", ""Microcontrollers"", ""C++"", ""Problem Solving""]","[""Drone Tech"", ""Blockchain"", ""Smart Cities"", ""CleanTech"", ""Assistive Tech""]","[""Aerospace"", ""Automobile"", ""Healthcare"", ""Robotics""]",[],4,0,"{""repos"": 28, ""commits"": 392, ""stars"": 39, ""followers"": 40, ""following"": 27}",69
4840528d-44a9-4c59-b980-d62a7738dead,Srinivas Sengupta,srinivas_sengupta_60,srinivas_sengupta_60@b2b2h.com,Thiagarajar College of Engineering,TCE,"Madurai, Tamil Nadu",Aerospace Engineering,3rd Year,LOOKING_FOR_MEMBERS,Aerospace Engineering student at TCE passionate about Cybersecurity and CleanTech.,"[""CFD"", ""Orbital Mechanics"", ""Flight Mechanics"", ""Aerodynamics"", ""Presentation"", ""Problem Solving""]","[""Cybersecurity"", ""CleanTech"", ""Sustainable Materials""]","[""CleanTech"", ""Healthcare"", ""Automobile""]",[],0,0,"{""repos"": 16, ""commits"": 368, ""stars"": 47, ""followers"": 33, ""following"": 35}",95
7920e9ba-5787-4e49-814d-3a6830d89f66,Farhan Pandian,farhan_pandian_820,farhan_pandian_820@b2b2h.com,Anna University Regional Campus,Anna University,"Chennai, Tamil Nadu",Artificial Intelligence & Data Science,3rd Year,OFFLINE,Artificial Intelligence & Data Science student at Anna University passionate about Generative AI and Autonomous Vehicles.,"[""Pandas"", ""Prompt Engineering"", ""Python"", ""TensorFlow"", ""Scikit-Learn"", ""Feature Engineering"", ""R"", ""Problem Solving""]","[""Generative AI"", ""Autonomous Vehicles"", ""Renewable Energy"", ""HealthTech""]","[""Aerospace"", ""Biotech"", ""Mechanical""]","[{""name"": ""Precision Aerospace Simulation Suite"", ""desc"": ""High-fidelity finite element modeling and fluid dynamics analysis platform built with Python."", ""tech"": [""Pandas"", ""Prompt Engineering"", ""Python"", ""TensorFlow""], ""role"": ""Simulation Specialist""}]",0,0,"{""repos"": 33, ""commits"": 924, ""stars"": 35, ""followers"": 24, ""following"": 24}",73
f20141f3-3ec6-4d75-aab3-43d409ef72d5,Jaya Das,jaya_das_38,jaya_das_38@b2b2h.com,Vellore Institute of Technology,VIT,"Vellore, Tamil Nadu",Information Technology,2nd Year,OFFLINE,Information Technology student at VIT passionate about AI & ML and IoT.,"[""MongoDB"", ""Docker"", ""MySQL"", ""Vue.js"", ""HTML/CSS"", ""Git"", ""Problem Solving""]","[""AI & ML"", ""IoT"", ""Cybersecurity"", ""Game Development"", ""FinTech""]","[""Web"", ""EdTech"", ""Healthcare"", ""AgriTech""]",[],1,1,"{""repos"": 32, ""commits"": 576, ""stars"": 13, ""followers"": 31, ""following"": 21}",89
fb226637-2562-4854-b14a-c221fc1c16f5,Dinesh Naidu,dinesh_naidu_114,dinesh_naidu_114@b2b2h.com,Government College of Technology,GCT,"Coimbatore, Tamil Nadu",Industrial Engineering,3rd Year,OFFLINE,Industrial Engineering student at GCT passionate about Renewable Energy and DeepTech.,"[""Python"", ""Ergonomics"", ""Process Optimization"", ""Arena Simulation"", ""Operations Research"", ""Lean Manufacturing"", ""SQL"", ""Supply Chain"", ""Six Sigma"", ""Communication"", ""Presentation""]","[""Renewable Energy"", ""DeepTech"", ""Game Development"", ""CleanTech"", ""HealthTech""]","[""Mechanical"", ""EdTech""]",[],0,0,"{""repos"": 28, ""commits"": 560, ""stars"": 43, ""followers"": 10, ""following"": 3}",88
f7b70b73-2af4-4692-a81e-e6701cc777f8,Keerthana Banerjee,keerthana_banerjee_938,keerthana_banerjee_938@b2b2h.com,Vellore Institute of Technology,VIT,"Vellore, Tamil Nadu",Biotechnology,4th Year,LOOKING_FOR_TEAM,Biotechnology student at VIT passionate about CleanTech and Blockchain.,"[""Biostatistics"", ""Genomics"", ""Microbiology"", ""PyMOL"", ""Data Analysis"", ""Molecular Biology"", ""Bioprocess Engineering"", ""Bioinformatics"", ""Team Leadership"", ""Git""]","[""CleanTech"", ""Blockchain"", ""IoT""]","[""Healthcare"", ""Design""]",[],0,0,"{""repos"": 24, ""commits"": 720, ""stars"": 5, ""followers"": 16, ""following"": 24}",75
58789ed6-e1bc-4d0d-b96e-2f56072b273f,Naveen Swaminathan,naveen_swaminathan_817,naveen_swaminathan_817@b2b2h.com,Manipal Institute of Technology,Manipal,"Manipal, Karnataka",Chemical Engineering,3rd Year,OFFLINE,Chemical Engineering student at Manipal passionate about Cloud Native and Blockchain.,"[""Polymer Chemistry"", ""CHEMCAD"", ""Chemical Safety"", ""ASPEN Plus"", ""Process Control"", ""Mass Transfer"", ""Rapid Prototyping""]","[""Cloud Native"", ""Blockchain"", ""Assistive Tech""]","[""Robotics"", ""Mechanical"", ""AgriTech"", ""Automobile""]","[{""name"": ""Autonomous Polymer Chemistry Navigation System"", ""desc"": ""Real-time path planning and obstacle avoidance pipeline utilizing Polymer Chemistry and sensor fusion."", ""tech"": [""Chemical Safety"", ""ASPEN Plus"", ""Polymer Chemistry""], ""role"": ""AI Developer""}]",0,0,"{""repos"": 14, ""commits"": 168, ""stars"": 31, ""followers"": 23, ""following"": 13}",78
2051f1b1-c94b-48cd-b22b-3b109fa0bc9a,Farhan Sharma,farhan_sharma_472,farhan_sharma_472@b2b2h.com,SASTRA Deemed University,SASTRA,"Thanjavur, Tamil Nadu",Mechanical Engineering,2nd Year,OFFLINE,Mechanical Engineering student at SASTRA passionate about Quantum Computing and IoT.,"[""3D Printing"", ""Rapid Prototyping"", ""Fusion 360"", ""AutoCAD"", ""Thermodynamics"", ""Presentation""]","[""Quantum Computing"", ""IoT"", ""SpaceTech"", ""AI & ML""]","[""Design"", ""FinTech""]",[],2,0,"{""repos"": 15, ""commits"": 150, ""stars"": 43, ""followers"": 2, ""following"": 17}",75
ab16a8ed-a23b-48a9-a4f1-6dbf237e9f9b,Venkatesh Bhattacharya,venkatesh_bhattacharya_142,venkatesh_bhattacharya_142@b2b2h.com,National Institute of Technology Tiruchirappalli,NIT Trichy,"Tiruchirappalli, Tamil Nadu",Biotechnology,3rd Year,OPEN_TO_INVITES,Biotechnology student at NIT Trichy passionate about DeepTech and IoT.,"[""Python"", ""Molecular Biology"", ""Biostatistics"", ""Bioprocess Engineering"", ""Rapid Prototyping"", ""Team Leadership""]","[""DeepTech"", ""IoT"", ""Autonomous Vehicles"", ""Drone Tech""]","[""Cybersecurity"", ""Robotics""]",[],0,0,"{""repos"": 11, ""commits"": 176, ""stars"": 46, ""followers"": 3, ""following"": 39}",84
5fac1111-acb9-4ca4-aef3-3570b9713ec1,Meera Narayanan,meera_narayanan_738,meera_narayanan_738@b2b2h.com,Indian Institute of Technology Madras,IIT Madras,"Chennai, Tamil Nadu",Information Technology,4th Year,LOOKING_FOR_MEMBERS,Information Technology student at IIT Madras passionate about DevOps and AgriTech.,"[""JavaScript"", ""Docker"", ""Node.js"", ""HTML/CSS"", ""Cybersecurity"", ""Python"", ""REST API"", ""DevOps"", ""Rapid Prototyping"", ""Presentation""]","[""DevOps"", ""AgriTech"", ""IoT""]","[""Cloud"", ""FinTech"", ""Web"", ""AgriTech""]",[],3,0,"{""repos"": 11, ""commits"": 253, ""stars"": 6, ""followers"": 34, ""following"": 9}",77
382513f3-1f6e-46a2-bd96-deed53e75a83,Kavya Rajagopal,kavya_rajagopal_213,kavya_rajagopal_213@b2b2h.com,Coimbatore Institute of Technology,CIT,"Coimbatore, Tamil Nadu",Mechanical Engineering,3rd Year,OFFLINE,Mechanical Engineering student at CIT passionate about HealthTech and Renewable Energy.,"[""CFD"", ""GD&T"", ""CATIA"", ""FEA"", ""AutoCAD"", ""Git""]","[""HealthTech"", ""Renewable Energy"", ""IoT"", ""Robotics""]","[""Web"", ""Logistics""]","[{""name"": ""Decentralized CFD Smart Platform"", ""desc"": ""High-throughput microservices architecture powered by CFD for scalable transaction processing."", ""tech"": [""CFD"", ""AutoCAD""], ""role"": ""Full Stack Developer""}]",0,0,"{""repos"": 17, ""commits"": 408, ""stars"": 18, ""followers"": 18, ""following"": 31}",69
bd1afdfb-8481-4dec-afac-ef902e110152,Rohan Rao,rohan_rao_882,rohan_rao_882@b2b2h.com,SASTRA Deemed University,SASTRA,"Thanjavur, Tamil Nadu",Chemical Engineering,3rd Year,IN_TEAM,Chemical Engineering student at SASTRA passionate about Wearable Devices and Robotics.,"[""CHEMCAD"", ""Chemical Safety"", ""ASPEN Plus"", ""Polymer Chemistry"", ""Reaction Engineering"", ""Process Control"", ""Fluid Mechanics"", ""Mass Transfer"", ""Heat Transfer"", ""Presentation"", ""Problem Solving""]","[""Wearable Devices"", ""Robotics"", ""FinTech"", ""Blockchain""]","[""Robotics"", ""Biotech"", ""Healthcare""]",[],3,1,"{""repos"": 13, ""commits"": 169, ""stars"": 8, ""followers"": 46, ""following"": 5}",98
b39b7e89-5127-4811-914d-ab307bcb6379,Kavya Swaminathan,kavya_swaminathan_943,kavya_swaminathan_943@b2b2h.com,Coimbatore Institute of Technology,CIT,"Coimbatore, Tamil Nadu",Aerospace Engineering,4th Year,OPEN_TO_INVITES,Aerospace Engineering student at CIT passionate about Generative AI and Web3.,"[""OpenFOAM"", ""CFD"", ""ANSYS"", ""SolidWorks"", ""Flight Mechanics"", ""CATIA"", ""Propulsion Systems"", ""Orbital Mechanics"", ""Rapid Prototyping""]","[""Generative AI"", ""Web3"", ""AgriTech"", ""Game Development""]","[""Web"", ""Mechanical"", ""EdTech""]",[],2,0,"{""repos"": 18, ""commits"": 450, ""stars"": 22, ""followers"": 44, ""following"": 26}",72
11b8d863-7acf-442d-bcc7-a0b1f0a62bd3,Eshan Sharma,eshan_sharma_668,eshan_sharma_668@b2b2h.com,Anna University Regional Campus,Anna University,"Chennai, Tamil Nadu",Industrial Engineering,4th Year,IN_TEAM,Industrial Engineering student at Anna University passionate about DevOps and Game Development.,"[""Supply Chain"", ""Tableau"", ""Arena Simulation"", ""Python"", ""Six Sigma"", ""Problem Solving"", ""Git""]","[""DevOps"", ""Game Development"", ""SpaceTech""]","[""EdTech"", ""AI/ML"", ""Biotech""]","[{""name"": ""Bio-Inspired AI/ML Diagnostic Pipeline"", ""desc"": ""Computational genomics and sequence analysis tool leveraging Arena Simulation for medical diagnostics."", ""tech"": [""Git"", ""Python"", ""Arena Simulation""], ""role"": ""Data Analyst""}, {""name"": ""Cloud-Native AI/ML Security Shield"", ""desc"": ""Zero-trust security monitoring and intrusion detection system using Supply Chain."", ""tech"": [""Problem Solving"", ""Supply Chain"", ""Git"", ""Python""], ""role"": ""DevOps Engineer""}]",0,0,"{""repos"": 3, ""commits"": 36, ""stars"": 50, ""followers"": 40, ""following"": 21}",96
49d37776-22f9-4efe-8ffc-2b6f76e8f19c,Vignesh Deshmukh,vignesh_deshmukh_680,vignesh_deshmukh_680@b2b2h.com,Indian Institute of Technology Madras,IIT Madras,"Chennai, Tamil Nadu",Agricultural Engineering,3rd Year,LOOKING_FOR_MEMBERS,Agricultural Engineering student at IIT Madras passionate about Embedded Systems and Blockchain.,"[""Hydrology"", ""Drone Mapping"", ""AutoCAD"", ""Soil Mechanics"", ""Presentation"", ""Communication""]","[""Embedded Systems"", ""Blockchain"", ""Drone Tech"", ""Bioinformatics"", ""EdTech""]","[""CleanTech"", ""Aerospace""]","[{""name"": ""NextGen Aerospace Mobile Assistant"", ""desc"": ""Cross-platform mobile application built using AutoCAD to streamline workflow management in Aerospace."", ""tech"": [""Hydrology"", ""Communication"", ""Drone Mapping"", ""Soil Mechanics"", ""AutoCAD""], ""role"": ""Mobile Developer""}]",3,0,"{""repos"": 15, ""commits"": 195, ""stars"": 25, ""followers"": 15, ""following"": 31}",94
c9831642-b32a-482c-8fe5-23aa771dc05a,Tharabai Iyer,tharabai_iyer_785,tharabai_iyer_785@b2b2h.com,Vellore Institute of Technology,VIT,"Vellore, Tamil Nadu",Information Technology,1st Year,IN_TEAM,Information Technology student at VIT passionate about Drone Tech and FinTech.,"[""DevOps"", ""Vue.js"", ""Cloud Computing"", ""Python"", ""AWS"", ""Tailwind CSS"", ""Networking"", ""Git"", ""Rapid Prototyping""]","[""Drone Tech"", ""FinTech"", ""Renewable Energy"", ""Open Source"", ""Sustainable Materials""]","[""IoT"", ""Robotics""]",[],2,1,"{""repos"": 18, ""commits"": 324, ""stars"": 25, ""followers"": 23, ""following"": 20}",82
69079a57-0cef-4caa-8291-7f48b2a1ede0,Nivedita Swaminathan,nivedita_swaminathan_626,nivedita_swaminathan_626@b2b2h.com,Thiagarajar College of Engineering,TCE,"Madurai, Tamil Nadu",MCA,3rd Year,OFFLINE,MCA student at TCE passionate about Game Development and FinTech.,"[""Database Administration"", ""MySQL"", ""Software Engineering"", ""Python"", ""React"", ""Spring Boot"", ""Presentation"", ""Team Leadership""]","[""Game Development"", ""FinTech"", ""Cloud Native"", ""DevOps"", ""Renewable Energy""]","[""CleanTech"", ""IoT"", ""Aerospace"", ""Civil""]","[{""name"": ""Precision Aerospace Simulation Suite"", ""desc"": ""High-fidelity finite element modeling and fluid dynamics analysis platform built with Software Engineering."", ""tech"": [""Database Administration"", ""React"", ""Team Leadership"", ""Software Engineering""], ""role"": ""CAD/CAE Engineer""}]",3,0,"{""repos"": 15, ""commits"": 270, ""stars"": 48, ""followers"": 52, ""following"": 12}",77
c832156b-9640-4fc0-bdab-bf9bf717d549,Elango Subramanian,elango_subramanian_869,elango_subramanian_869@b2b2h.com,Government College of Technology,GCT,"Coimbatore, Tamil Nadu",MBA,3rd Year,OPEN_TO_INVITES,MBA student at GCT passionate about CleanTech and Renewable Energy.,"[""Product Management"", ""Data Analytics"", ""Pitching"", ""Business Strategy"", ""Strategic Planning"", ""Market Research"", ""Financial Modeling"", ""Team Leadership"", ""Git""]","[""CleanTech"", ""Renewable Energy"", ""Bioinformatics"", ""Generative AI"", ""SpaceTech""]","[""Automobile"", ""CleanTech"", ""Design""]",[],0,0,"{""repos"": 0, ""commits"": 0, ""stars"": 0, ""followers"": 0, ""following"": 0}",76
5be666bd-5141-4449-8892-1e2a361b2e84,Jagan Chaudhary,jagan_chaudhary_943,jagan_chaudhary_943@b2b2h.com,Indian Institute of Technology Madras,IIT Madras,"Chennai, Tamil Nadu",MBA,3rd Year,OFFLINE,MBA student at IIT Madras passionate about Quantum Computing and AgriTech.,"[""Business Strategy"", ""Strategic Planning"", ""Financial Modeling"", ""Team Leadership"", ""Market Research"", ""Product Management"", ""Data Analytics"", ""Pitching"", ""Rapid Prototyping""]","[""Quantum Computing"", ""AgriTech"", ""DevOps""]","[""Cloud"", ""Cybersecurity"", ""Healthcare""]",[],0,0,"{""repos"": 12, ""commits"": 132, ""stars"": 9, ""followers"": 22, ""following"": 40}",69
9cd942b8-00f7-495c-9c10-d6c9e2b36f57,Madhavan Rajagopal,madhavan_rajagopal_818,madhavan_rajagopal_818@b2b2h.com,Coimbatore Institute of Technology,CIT,"Coimbatore, Tamil Nadu",Instrumentation Engineering,3rd Year,LOOKING_FOR_TEAM,Instrumentation Engineering student at CIT passionate about DeepTech and HealthTech.,"[""Sensors"", ""Embedded Systems"", ""Process Control"", ""PLC"", ""Instrumentation"", ""LabVIEW"", ""Arduino"", ""MATLAB"", ""SCADA"", ""Communication""]","[""DeepTech"", ""HealthTech"", ""Bioinformatics""]","[""CleanTech"", ""Aerospace"", ""AgriTech""]",[],1,0,"{""repos"": 25, ""commits"": 600, ""stars"": 15, ""followers"": 59, ""following"": 17}",98
345ab973-cb26-4074-b96f-6db8f8e892c3,Raghav Raghavan,raghav_raghavan_947,raghav_raghavan_947@b2b2h.com,BMS College of Engineering,BMSCE,"Bengaluru, Karnataka",Artificial Intelligence & Machine Learning,4th Year,LOOKING_FOR_MEMBERS,Artificial Intelligence & Machine Learning student at BMSCE passionate about HealthTech and Robotics.,"[""Transformer Models"", ""Python"", ""HuggingFace"", ""Deep Learning"", ""RAG"", ""Keras"", ""Generative AI"", ""NLP"", ""Problem Solving"", ""Communication""]","[""HealthTech"", ""Robotics"", ""Cloud Native"", ""Web3"", ""Blockchain""]","[""Design"", ""Logistics""]",[],0,0,"{""repos"": 16, ""commits"": 480, ""stars"": 49, ""followers"": 15, ""following"": 29}",94
b2b9f627-8889-463c-82ff-a50141a94031,Utkarsh Gowda,utkarsh_gowda_858,utkarsh_gowda_858@b2b2h.com,Thiagarajar College of Engineering,TCE,"Madurai, Tamil Nadu",MCA,4th Year,LOOKING_FOR_TEAM,MCA student at TCE passionate about Web3 and Open Source.,"[""Spring Boot"", ""Java"", ""Web Development"", ""Android"", ""Software Engineering"", ""Database Administration"", ""React"", ""MySQL"", ""Cloud Computing"", ""Communication""]","[""Web3"", ""Open Source"", ""Wearable Devices"", ""EdTech"", ""AgriTech""]","[""Robotics"", ""Biotech"", ""Logistics""]",[],3,0,"{""repos"": 10, ""commits"": 270, ""stars"": 0, ""followers"": 43, ""following"": 6}",92
25809a2e-3393-426e-a9de-de07ad084080,Vishal Rao,vishal_rao_727,vishal_rao_727@b2b2h.com,PES University,PESU,"Bengaluru, Karnataka",Artificial Intelligence & Data Science,3rd Year,OFFLINE,Artificial Intelligence & Data Science student at PESU passionate about AI & ML and IoT.,"[""SQL"", ""MLOps"", ""TensorFlow"", ""Pandas"", ""Rapid Prototyping"", ""Presentation""]","[""AI & ML"", ""IoT"", ""FinTech"", ""DevOps"", ""EdTech""]","[""Robotics"", ""Design""]",[],1,0,"{""repos"": 26, ""commits"": 260, ""stars"": 35, ""followers"": 57, ""following"": 37}",72
b40d6b8e-760e-4dd4-9ba6-8fbc4b81f9ab,Diya Sharma,diya_sharma_596,diya_sharma_596@b2b2h.com,Coimbatore Institute of Technology,CIT,"Coimbatore, Tamil Nadu",Biotechnology,1st Year,LOOKING_FOR_MEMBERS,Biotechnology student at CIT passionate about Wearable Devices and AgriTech.,"[""Microbiology"", ""Genomics"", ""CRISPR Design"", ""Bioinformatics"", ""R"", ""Team Leadership""]","[""Wearable Devices"", ""AgriTech"", ""HealthTech"", ""Blockchain"", ""FinTech""]","[""Product"", ""Mobile"", ""Design"", ""Biotech""]","[{""name"": ""Decentralized Genomics Smart Platform"", ""desc"": ""High-throughput microservices architecture powered by Genomics for scalable transaction processing."", ""tech"": [""Microbiology"", ""Genomics"", ""Bioinformatics""], ""role"": ""Backend Engineer""}]",2,0,"{""repos"": 7, ""commits"": 112, ""stars"": 20, ""followers"": 33, ""following"": 30}",78
d052c5f3-b891-454a-84df-4065759115f4,Naveen Naidu,naveen_naidu_166,naveen_naidu_166@b2b2h.com,Coimbatore Institute of Technology,CIT,"Coimbatore, Tamil Nadu",Cyber Security,3rd Year,LOOKING_FOR_MEMBERS,Cyber Security student at CIT passionate about Sustainable Materials and Robotics.,"[""Wireshark"", ""Ethical Hacking"", ""Linux"", ""Metasploit"", ""Network Security"", ""Penetration Testing"", ""Cryptography"", ""Communication"", ""Team Leadership""]","[""Sustainable Materials"", ""Robotics"", ""DeepTech"", ""IoT"", ""Embedded Systems""]","[""Aerospace"", ""AgriTech"", ""Civil""]","[{""name"": ""Decentralized Wireshark Smart Platform"", ""desc"": ""High-throughput microservices architecture powered by Wireshark for scalable transaction processing."", ""tech"": [""Ethical Hacking"", ""Network Security"", ""Cryptography"", ""Team Leadership"", ""Wireshark""], ""role"": ""Full Stack Developer""}, {""name"": ""NextGen Civil Mobile Assistant"", ""desc"": ""Cross-platform mobile application built using Linux to streamline workflow management in Civil."", ""tech"": [""Ethical Hacking"", ""Wireshark"", ""Linux""], ""role"": ""Mobile Developer""}]",3,0,"{""repos"": 33, ""commits"": 990, ""stars"": 49, ""followers"": 11, ""following"": 25}",80
753d8230-daf5-4396-9960-a7410277fe37,Keerthana Sundaram,keerthana_sundaram_485,keerthana_sundaram_485@b2b2h.com,SSN College of Engineering,SSN,"Chennai, Tamil Nadu",Industrial Engineering,1st Year,IN_TEAM,Industrial Engineering student at SSN passionate about FinTech and Open Source.,"[""Process Optimization"", ""Operations Research"", ""Lean Manufacturing"", ""SQL"", ""Ergonomics"", ""Supply Chain"", ""Rapid Prototyping""]","[""FinTech"", ""Open Source"", ""Bioinformatics""]","[""Civil"", ""Aerospace""]",[],0,0,"{""repos"": 34, ""commits"": 578, ""stars"": 4, ""followers"": 18, ""following"": 25}",75
4249c069-1499-4bb4-a274-9589707c4ae3,Utkarsh Chettiar,utkarsh_chettiar_939,utkarsh_chettiar_939@b2b2h.com,BMS College of Engineering,BMSCE,"Bengaluru, Karnataka",Chemical Engineering,4th Year,IN_TEAM,Chemical Engineering student at BMSCE passionate about FinTech and SpaceTech.,"[""ASPEN Plus"", ""Chemical Safety"", ""Process Control"", ""Reaction Engineering"", ""Polymer Chemistry"", ""Mass Transfer"", ""Fluid Mechanics"", ""Git"", ""Presentation""]","[""FinTech"", ""SpaceTech"", ""Game Development"", ""Autonomous Vehicles"", ""Open Source""]","[""AI/ML"", ""Mechanical"", ""Healthcare"", ""Robotics""]","[{""name"": ""IoT-Based Robotics Monitoring Mesh"", ""desc"": ""Distributed telemetry network with embedded sensors for real-time Robotics data analysis."", ""tech"": [""Mass Transfer"", ""Git"", ""Fluid Mechanics"", ""Process Control""], ""role"": ""IoT Specialist""}]",0,0,"{""repos"": 11, ""commits"": 264, ""stars"": 10, ""followers"": 16, ""following"": 6}",84
2307d6c1-e503-4021-b867-985d5bdef21c,Indrajit Deshmukh,indrajit_deshmukh_163,indrajit_deshmukh_163@b2b2h.com,Anna University Regional Campus,Anna University,"Chennai, Tamil Nadu",Electrical Engineering,3rd Year,OFFLINE,Electrical Engineering student at Anna University passionate about Game Development and Wearable Devices.,"[""Simulink"", ""Microcontrollers"", ""SCADA"", ""Arduino"", ""Control Systems"", ""ETAP"", ""IoT Sensors"", ""Power Electronics"", ""LabVIEW"", ""Team Leadership"", ""Git""]","[""Game Development"", ""Wearable Devices"", ""Quantum Computing""]","[""EdTech"", ""Mobile""]",[],0,0,"{""repos"": 13, ""commits"": 182, ""stars"": 40, ""followers"": 34, ""following"": 4}",96
8fb8eaf8-4080-46bb-b74e-1242acd68205,Omkar Reddy,omkar_reddy_180,omkar_reddy_180@b2b2h.com,SASTRA Deemed University,SASTRA,"Thanjavur, Tamil Nadu",Electrical Engineering,4th Year,OFFLINE,Electrical Engineering student at SASTRA passionate about Wearable Devices and Quantum Computing.,"[""Microcontrollers"", ""MATLAB"", ""ETAP"", ""Power Systems"", ""Simulink"", ""SCADA"", ""Proteus"", ""LabVIEW"", ""Rapid Prototyping"", ""Team Leadership""]","[""Wearable Devices"", ""Quantum Computing"", ""AR/VR""]","[""Product"", ""Cybersecurity""]",[],5,0,"{""repos"": 24, ""commits"": 576, ""stars"": 38, ""followers"": 39, ""following"": 6}",75
a483616c-ea51-4637-8408-10f68d7edbd4,Charulatha Sundaram,charulatha_sundaram_121,charulatha_sundaram_121@b2b2h.com,Government College of Technology,GCT,"Coimbatore, Tamil Nadu",Mechanical Engineering,4th Year,OPEN_TO_INVITES,Mechanical Engineering student at GCT passionate about DevOps and Wearable Devices.,"[""Fusion 360"", ""AutoCAD"", ""3D Printing"", ""Thermodynamics"", ""Fluid Mechanics"", ""SolidWorks"", ""MATLAB"", ""CNC Programming"", ""Presentation"", ""Team Leadership""]","[""DevOps"", ""Wearable Devices"", ""AI & ML"", ""DeepTech"", ""Drone Tech""]","[""Automobile"", ""Mechanical"", ""Logistics"", ""Aerospace""]",[],0,0,"{""repos"": 30, ""commits"": 510, ""stars"": 30, ""followers"": 52, ""following"": 26}",79
d0055477-7c39-4e7f-825f-830145a39bcf,Vikram Iyer,vikram_iyer_445,vikram_iyer_445@b2b2h.com,Anna University Regional Campus,Anna University,"Chennai, Tamil Nadu",Mechatronics,4th Year,OPEN_TO_INVITES,Mechatronics student at Anna University passionate about Sustainable Materials and Smart Cities.,"[""C++"", ""Hydraulics"", ""Pneumatics"", ""PLC"", ""Team Leadership"", ""Problem Solving""]","[""Sustainable Materials"", ""Smart Cities"", ""AI & ML"", ""Open Source"", ""Cloud Native""]","[""Mechanical"", ""Web""]",[],3,0,"{""repos"": 9, ""commits"": 126, ""stars"": 27, ""followers"": 43, ""following"": 39}",76
6d5dbc88-26f2-437d-a615-0271948bfefd,Subhash Natarajan,subhash_natarajan_588,subhash_natarajan_588@b2b2h.com,Manipal Institute of Technology,Manipal,"Manipal, Karnataka",Data Science,3rd Year,IN_TEAM,Data Science student at Manipal passionate about AgriTech and CleanTech.,"[""Power BI"", ""Hadoop"", ""Data Visualization"", ""Spark"", ""R"", ""Git"", ""Presentation""]","[""AgriTech"", ""CleanTech"", ""Open Source"", ""Autonomous Vehicles""]","[""Robotics"", ""Cloud"", ""IoT"", ""EdTech""]",[],4,0,"{""repos"": 28, ""commits"": 560, ""stars"": 35, ""followers"": 41, ""following"": 5}",73
375f70ab-cece-48f6-a17c-d18f2d3fca7a,Aarav Pillai,aarav_pillai_853,aarav_pillai_853@b2b2h.com,Anna University Regional Campus,Anna University,"Chennai, Tamil Nadu",Aerospace Engineering,4th Year,LOOKING_FOR_TEAM,Aerospace Engineering student at Anna University passionate about SpaceTech and AR/VR.,"[""Orbital Mechanics"", ""Propulsion Systems"", ""CFD"", ""ANSYS"", ""Presentation""]","[""SpaceTech"", ""AR/VR"", ""Game Development"", ""Cloud Native""]","[""Logistics"", ""Mobile"", ""Cybersecurity""]",[],4,0,"{""repos"": 21, ""commits"": 336, ""stars"": 2, ""followers"": 52, ""following"": 40}",84
f4ba3a88-533b-438e-8ace-e729250c8304,Yash Kapoor,yash_kapoor_183,yash_kapoor_183@b2b2h.com,Indian Institute of Technology Madras,IIT Madras,"Chennai, Tamil Nadu",Information Technology,3rd Year,OPEN_TO_INVITES,Information Technology student at IIT Madras passionate about AI & ML and Sustainable Materials.,"[""Python"", ""Express.js"", ""React"", ""Vue.js"", ""REST API"", ""MySQL"", ""DevOps"", ""HTML/CSS"", ""Cybersecurity"", ""Git"", ""Team Leadership""]","[""AI & ML"", ""Sustainable Materials"", ""Renewable Energy"", ""Web3"", ""DevOps""]","[""Design"", ""Product"", ""Aerospace""]",[],2,0,"{""repos"": 15, ""commits"": 360, ""stars"": 25, ""followers"": 38, ""following"": 2}",76
a8a41195-09bf-4827-8e15-3c311e65a5a4,Ganesh Pandian,ganesh_pandian_119,ganesh_pandian_119@b2b2h.com,SSN College of Engineering,SSN,"Chennai, Tamil Nadu",Artificial Intelligence & Data Science,3rd Year,LOOKING_FOR_MEMBERS,Artificial Intelligence & Data Science student at SSN passionate about Drone Tech and EdTech.,"[""Prompt Engineering"", ""Deep Learning"", ""MLOps"", ""Power BI"", ""Rapid Prototyping"", ""Git""]","[""Drone Tech"", ""EdTech"", ""Robotics"", ""Embedded Systems""]","[""Biotech"", ""Product"", ""Web"", ""Civil""]","[{""name"": ""Decentralized Deep Learning Smart Platform"", ""desc"": ""High-throughput microservices architecture powered by Deep Learning for scalable transaction processing."", ""tech"": [""Git"", ""Deep Learning"", ""Rapid Prototyping""], ""role"": ""Backend Engineer""}]",3,0,"{""repos"": 19, ""commits"": 323, ""stars"": 18, ""followers"": 7, ""following"": 27}",89
ddd531e1-0440-48ae-800a-f20c41af69f6,Tharabai Nair,tharabai_nair_577,tharabai_nair_577@b2b2h.com,Anna University Regional Campus,Anna University,"Chennai, Tamil Nadu",Aerospace Engineering,3rd Year,LOOKING_FOR_MEMBERS,Aerospace Engineering student at Anna University passionate about HealthTech and EdTech.,"[""SolidWorks"", ""Orbital Mechanics"", ""Aerodynamics"", ""CFD"", ""OpenFOAM"", ""Rapid Prototyping""]","[""HealthTech"", ""EdTech"", ""Sustainable Materials"", ""Assistive Tech"", ""AgriTech""]","[""EdTech"", ""FinTech""]","[{""name"": ""IoT-Based FinTech Monitoring Mesh"", ""desc"": ""Distributed telemetry network with embedded sensors for real-time FinTech data analysis."", ""tech"": [""SolidWorks"", ""Rapid Prototyping"", ""Aerodynamics""], ""role"": ""Embedded Systems Developer""}]",4,0,"{""repos"": 26, ""commits"": 754, ""stars"": 20, ""followers"": 33, ""following"": 38}",95
1cff6ddb-077c-49a3-b9b1-c7cdad5c5a66,Preethi Joshi,preethi_joshi_792,preethi_joshi_792@b2b2h.com,SSN College of Engineering,SSN,"Chennai, Tamil Nadu",Mechatronics,4th Year,OPEN_TO_INVITES,Mechatronics student at SSN passionate about Blockchain and Renewable Energy.,"[""SolidWorks"", ""ROS"", ""Pneumatics"", ""PLC"", ""Sensors"", ""Kinematics"", ""Microcontrollers"", ""C++"", ""Rapid Prototyping"", ""Team Leadership""]","[""Blockchain"", ""Renewable Energy"", ""Cloud Native"", ""Embedded Systems""]","[""Web"", ""Logistics"", ""FinTech""]",[],3,0,"{""repos"": 19, ""commits"": 285, ""stars"": 35, ""followers"": 18, ""following"": 17}",76
3c6e4855-a064-45ef-9ba1-692a2a1c9770,Tharabai Narayanan,tharabai_narayanan_198,tharabai_narayanan_198@b2b2h.com,SRM Institute of Science and Technology,SRM,"Kattankulathur, Tamil Nadu",Biomedical Engineering,2nd Year,IN_TEAM,Biomedical Engineering student at SRM passionate about Smart Cities and EdTech.,"[""Medical Imaging"", ""Bioinstrumentation"", ""DICOM"", ""MATLAB"", ""Sensor Design"", ""Biomedical Signal Processing"", ""LabVIEW"", ""Arduino"", ""Medical AI"", ""Presentation""]","[""Smart Cities"", ""EdTech"", ""DevOps"", ""Quantum Computing""]","[""FinTech"", ""Cloud"", ""Product""]",[],4,0,"{""repos"": 11, ""commits"": 330, ""stars"": 33, ""followers"": 36, ""following"": 22}",93
aea35633-2c28-4426-97f5-9cc483a2646b,Madhavan Banerjee,madhavan_banerjee_585,madhavan_banerjee_585@b2b2h.com,PES University,PESU,"Bengaluru, Karnataka",Cyber Security,1st Year,IN_TEAM,Cyber Security student at PESU passionate about Sustainable Materials and Robotics.,"[""Wireshark"", ""Ethical Hacking"", ""Metasploit"", ""Python"", ""Presentation"", ""Problem Solving""]","[""Sustainable Materials"", ""Robotics"", ""AgriTech"", ""Autonomous Vehicles""]","[""Design"", ""Logistics"", ""Healthcare""]","[{""name"": ""Cloud-Native Logistics Security Shield"", ""desc"": ""Zero-trust security monitoring and intrusion detection system using Wireshark."", ""tech"": [""Metasploit"", ""Presentation"", ""Wireshark""], ""role"": ""Cybersecurity Analyst""}]",5,0,"{""repos"": 35, ""commits"": 875, ""stars"": 49, ""followers"": 49, ""following"": 30}",96
6dda9196-0380-414d-9235-c10e43fb414e,Bhuvan Kapoor,bhuvan_kapoor_303,bhuvan_kapoor_303@b2b2h.com,SRM Institute of Science and Technology,SRM,"Kattankulathur, Tamil Nadu",Architecture,2nd Year,OPEN_TO_INVITES,Architecture student at SRM passionate about AgriTech and AR/VR.,"[""Lumion"", ""3ds Max"", ""Sustainable Design"", ""BIM"", ""AutoCAD"", ""Urban Planning"", ""Revit"", ""Rhino"", ""Grasshopper"", ""Communication"", ""Presentation""]","[""AgriTech"", ""AR/VR"", ""Game Development"", ""SpaceTech"", ""DeepTech""]","[""Aerospace"", ""Product"", ""Mechanical""]",[],4,0,"{""repos"": 4, ""commits"": 56, ""stars"": 46, ""followers"": 17, ""following"": 18}",98
cccfb865-01b3-442e-b740-e0b81f505d2a,Ishaan Deshmukh,ishaan_deshmukh_180,ishaan_deshmukh_180@b2b2h.com,Vellore Institute of Technology,VIT,"Vellore, Tamil Nadu",Artificial Intelligence & Machine Learning,1st Year,LOOKING_FOR_TEAM,Artificial Intelligence & Machine Learning student at VIT passionate about Game Development and DeepTech.,"[""PyTorch"", ""Python"", ""Deep Learning"", ""Computer Vision"", ""HuggingFace"", ""Prompt Engineering"", ""Generative AI"", ""Git"", ""Team Leadership""]","[""Game Development"", ""DeepTech"", ""SpaceTech""]","[""EdTech"", ""Logistics"", ""AgriTech""]",[],4,0,"{""repos"": 13, ""commits"": 130, ""stars"": 2, ""followers"": 44, ""following"": 24}",95
03475a14-2a18-4b0b-93f5-ee3f95eb5625,Nirmal Murugan,nirmal_murugan_901,nirmal_murugan_901@b2b2h.com,SSN College of Engineering,SSN,"Chennai, Tamil Nadu",Mechatronics,4th Year,OPEN_TO_INVITES,Mechatronics student at SSN passionate about CleanTech and Autonomous Vehicles.,"[""Pneumatics"", ""SolidWorks"", ""Hydraulics"", ""Kinematics"", ""Sensors"", ""PLC"", ""C++"", ""Microcontrollers"", ""Arduino"", ""Problem Solving""]","[""CleanTech"", ""Autonomous Vehicles"", ""Quantum Computing"", ""AgriTech""]","[""AgriTech"", ""Web""]",[],0,0,"{""repos"": 11, ""commits"": 231, ""stars"": 18, ""followers"": 32, ""following"": 36}",68
8157aedf-3cb8-41e6-acac-ca31f4256129,Preethi Ganesan,preethi_ganesan_316,preethi_ganesan_316@b2b2h.com,Government College of Technology,GCT,"Coimbatore, Tamil Nadu",Biomedical Engineering,3rd Year,OFFLINE,Biomedical Engineering student at GCT passionate about Renewable Energy and Sustainable Materials.,"[""Medical AI"", ""SolidWorks"", ""Medical Imaging"", ""Biomedical Signal Processing"", ""Sensor Design"", ""Rapid Prototyping"", ""Team Leadership""]","[""Renewable Energy"", ""Sustainable Materials"", ""Game Development""]","[""Robotics"", ""EdTech"", ""Healthcare""]",[],0,0,"{""repos"": 18, ""commits"": 468, ""stars"": 48, ""followers"": 53, ""following"": 19}",77
3379e8e7-6522-45ad-8b4b-c42d65e752d1,Subhash Mukherjee,subhash_mukherjee_432,subhash_mukherjee_432@b2b2h.com,PSG College of Technology,PSG Tech,"Coimbatore, Tamil Nadu",Artificial Intelligence & Data Science,2nd Year,OPEN_TO_INVITES,Artificial Intelligence & Data Science student at PSG Tech passionate about Cybersecurity and Generative AI.,"[""Scikit-Learn"", ""Vector Embeddings"", ""Prompt Engineering"", ""Pandas"", ""Power BI"", ""SQL"", ""Team Leadership"", ""Communication""]","[""Cybersecurity"", ""Generative AI"", ""DevOps""]","[""Cybersecurity"", ""IoT""]",[],1,0,"{""repos"": 3, ""commits"": 51, ""stars"": 5, ""followers"": 11, ""following"": 2}",83
9ae589e7-8191-4300-a84f-0a6aad97c42a,Tharabai Swaminathan,tharabai_swaminathan_329,tharabai_swaminathan_329@b2b2h.com,BMS College of Engineering,BMSCE,"Bengaluru, Karnataka",Aerospace Engineering,3rd Year,IN_TEAM,Aerospace Engineering student at BMSCE passionate about Wearable Devices and SpaceTech.,"[""ANSYS"", ""CFD"", ""CATIA"", ""OpenFOAM"", ""MATLAB"", ""SolidWorks"", ""Aerodynamics"", ""Flight Mechanics"", ""Orbital Mechanics"", ""Team Leadership"", ""Presentation""]","[""Wearable Devices"", ""SpaceTech"", ""AI & ML"", ""Blockchain""]","[""EdTech"", ""Robotics"", ""Biotech"", ""Logistics""]",[],0,0,"{""repos"": 9, ""commits"": 234, ""stars"": 42, ""followers"": 15, ""following"": 32}",80
1f9bd25e-d55e-432f-906d-be2832e0475f,Naveen Menon,naveen_menon_172,naveen_menon_172@b2b2h.com,Indian Institute of Technology Madras,IIT Madras,"Chennai, Tamil Nadu",MCA,1st Year,OFFLINE,MCA student at IIT Madras passionate about Game Development and Quantum Computing.,"[""Python"", ""React"", ""Web Development"", ""Android"", ""Spring Boot"", ""Software Engineering"", ""Cloud Computing"", ""Java"", ""Problem Solving""]","[""Game Development"", ""Quantum Computing"", ""Robotics""]","[""Cybersecurity"", ""Healthcare""]",[],0,0,"{""repos"": 18, ""commits"": 180, ""stars"": 2, ""followers"": 39, ""following"": 32}",90
c3febd84-97be-4ed0-9a7b-3c274724031a,Pooja Narayanan,pooja_narayanan_799,pooja_narayanan_799@b2b2h.com,National Institute of Technology Tiruchirappalli,NIT Trichy,"Tiruchirappalli, Tamil Nadu",Civil Engineering,2nd Year,IN_TEAM,Civil Engineering student at NIT Trichy passionate about Cybersecurity and Renewable Energy.,"[""Geotechnical Engineering"", ""Structural Analysis"", ""GIS"", ""AutoCAD"", ""Communication""]","[""Cybersecurity"", ""Renewable Energy"", ""DevOps"", ""Smart Cities"", ""Blockchain""]","[""Civil"", ""EdTech""]",[],2,1,"{""repos"": 4, ""commits"": 88, ""stars"": 22, ""followers"": 48, ""following"": 10}",76
46a01596-9eb8-4790-9e04-ba845207e836,Preethi Soundararajan,preethi_soundararajan_582,preethi_soundararajan_582@b2b2h.com,SASTRA Deemed University,SASTRA,"Thanjavur, Tamil Nadu",Instrumentation Engineering,4th Year,OPEN_TO_INVITES,Instrumentation Engineering student at SASTRA passionate about Cybersecurity and Embedded Systems.,"[""SCADA"", ""Embedded Systems"", ""Sensors"", ""DCS"", ""MATLAB"", ""Process Control"", ""Arduino"", ""Instrumentation"", ""Problem Solving""]","[""Cybersecurity"", ""Embedded Systems"", ""CleanTech"", ""Wearable Devices"", ""AgriTech""]","[""Aerospace"", ""Biotech"", ""Web"", ""Mechanical""]","[{""name"": ""Precision Biotech Simulation Suite"", ""desc"": ""High-fidelity finite element modeling and fluid dynamics analysis platform built with Sensors."", ""tech"": [""Process Control"", ""DCS"", ""Sensors""], ""role"": ""Simulation Specialist""}]",0,0,"{""repos"": 27, ""commits"": 432, ""stars"": 33, ""followers"": 45, ""following"": 33}",92
4255926b-5147-4f6a-8eed-9479ec273f86,Pooja Kapoor,pooja_kapoor_299,pooja_kapoor_299@b2b2h.com,Manipal Institute of Technology,Manipal,"Manipal, Karnataka",Biomedical Engineering,3rd Year,LOOKING_FOR_TEAM,Biomedical Engineering student at Manipal passionate about HealthTech and Blockchain.,"[""SolidWorks"", ""Biomedical Signal Processing"", ""Medical AI"", ""DICOM"", ""Team Leadership""]","[""HealthTech"", ""Blockchain"", ""IoT""]","[""IoT"", ""Mobile""]","[{""name"": ""Precision Mobile Simulation Suite"", ""desc"": ""High-fidelity finite element modeling and fluid dynamics analysis platform built with Medical AI."", ""tech"": [""Team Leadership"", ""Medical AI"", ""SolidWorks"", ""Biomedical Signal Processing""], ""role"": ""CAD/CAE Engineer""}]",0,0,"{""repos"": 0, ""commits"": 0, ""stars"": 0, ""followers"": 0, ""following"": 0}",97
dfc2ebc8-5500-4b50-82be-d77462e965ee,Preethi Pillai,preethi_pillai_489,preethi_pillai_489@b2b2h.com,BMS College of Engineering,BMSCE,"Bengaluru, Karnataka",Architecture,1st Year,LOOKING_FOR_MEMBERS,Architecture student at BMSCE passionate about HealthTech and Cloud Native.,"[""3ds Max"", ""Lumion"", ""AutoCAD"", ""Urban Planning"", ""Grasshopper"", ""SketchUp"", ""BIM"", ""Sustainable Design"", ""Communication""]","[""HealthTech"", ""Cloud Native"", ""Blockchain""]","[""EdTech"", ""Design""]","[{""name"": ""Precision EdTech Simulation Suite"", ""desc"": ""High-fidelity finite element modeling and fluid dynamics analysis platform built with 3ds Max."", ""tech"": [""Urban Planning"", ""AutoCAD"", ""Grasshopper"", ""SketchUp"", ""3ds Max""], ""role"": ""Simulation Specialist""}]",0,0,"{""repos"": 25, ""commits"": 600, ""stars"": 44, ""followers"": 44, ""following"": 29}",96
1a936a97-805b-4cee-9aec-926daf068aae,Radhika Joshi,radhika_joshi_573,radhika_joshi_573@b2b2h.com,Vellore Institute of Technology,VIT,"Vellore, Tamil Nadu",Industrial Engineering,3rd Year,OPEN_TO_INVITES,Industrial Engineering student at VIT passionate about EdTech and Open Source.,"[""Python"", ""Tableau"", ""Arena Simulation"", ""Six Sigma"", ""Ergonomics"", ""SQL"", ""Process Optimization"", ""Supply Chain"", ""Presentation"", ""Communication""]","[""EdTech"", ""Open Source"", ""DevOps"", ""HealthTech"", ""SpaceTech""]","[""Healthcare"", ""Aerospace"", ""Biotech"", ""Design""]","[{""name"": ""Precision Healthcare Simulation Suite"", ""desc"": ""High-fidelity finite element modeling and fluid dynamics analysis platform built with Python."", ""tech"": [""Communication"", ""Python"", ""Arena Simulation""], ""role"": ""Simulation Specialist""}]",0,0,"{""repos"": 17, ""commits"": 272, ""stars"": 20, ""followers"": 3, ""following"": 19}",97
a6cacd0c-eb5c-486a-a0d1-251027a2b59b,Saravanan Shetty,saravanan_shetty_594,saravanan_shetty_594@b2b2h.com,Coimbatore Institute of Technology,CIT,"Coimbatore, Tamil Nadu",Electronics & Communication Engineering,1st Year,LOOKING_FOR_TEAM,Electronics & Communication Engineering student at CIT passionate about Web3 and Open Source.,"[""MATLAB"", ""STM32"", ""Arduino"", ""KiCAD"", ""Verilog"", ""Signal Processing"", ""ESP32"", ""Communication""]","[""Web3"", ""Open Source"", ""SpaceTech"", ""HealthTech""]","[""AI/ML"", ""CleanTech"", ""Civil"", ""Cybersecurity""]",[],4,0,"{""repos"": 0, ""commits"": 0, ""stars"": 0, ""followers"": 0, ""following"": 0}",93
1dcf8fd7-0579-4c7d-b867-2e6bdb73e5eb,Bhuvan Pillai,bhuvan_pillai_808,bhuvan_pillai_808@b2b2h.com,Government College of Technology,GCT,"Coimbatore, Tamil Nadu",Automobile Engineering,3rd Year,IN_TEAM,Automobile Engineering student at GCT passionate about Open Source and Cybersecurity.,"[""CATIA"", ""Vehicle Dynamics"", ""SolidWorks"", ""Electric Drive Systems"", ""MATLAB"", ""ANSYS"", ""Thermodynamics"", ""Communication""]","[""Open Source"", ""Cybersecurity"", ""Robotics"", ""Cloud Native"", ""Renewable Energy""]","[""Cloud"", ""Mobile""]","[{""name"": ""Precision Cloud Simulation Suite"", ""desc"": ""High-fidelity finite element modeling and fluid dynamics analysis platform built with Vehicle Dynamics."", ""tech"": [""Thermodynamics"", ""SolidWorks"", ""Vehicle Dynamics""], ""role"": ""Simulation Specialist""}, {""name"": ""AI-Driven Mobile Predictive Analytics Engine"", ""desc"": ""Machine learning pipeline leveraging CATIA for anomaly detection and forecasting in Mobile."", ""tech"": [""Communication"", ""MATLAB"", ""CATIA""], ""role"": ""Data Scientist""}]",5,1,"{""repos"": 0, ""commits"": 0, ""stars"": 0, ""followers"": 0, ""following"": 0}",84
9bcd80ff-d980-4c47-8d24-7aefd1f1c6d6,Nikhil Sundaram,nikhil_sundaram_502,nikhil_sundaram_502@b2b2h.com,SSN College of Engineering,SSN,"Chennai, Tamil Nadu",Mechanical Engineering,4th Year,IN_TEAM,Mechanical Engineering student at SSN passionate about Blockchain and Bioinformatics.,"[""Thermodynamics"", ""ANSYS"", ""CNC Programming"", ""MATLAB"", ""GD&T"", ""Rapid Prototyping"", ""Fluid Mechanics"", ""SolidWorks"", ""AutoCAD"", ""Communication"", ""Git""]","[""Blockchain"", ""Bioinformatics"", ""Quantum Computing""]","[""Aerospace"", ""Logistics"", ""FinTech""]",[],2,0,"{""repos"": 13, ""commits"": 273, ""stars"": 39, ""followers"": 54, ""following"": 30}",87
8484aefb-b48a-4def-9957-9096f3e5b8dd,Jagan Rao,jagan_rao_956,jagan_rao_956@b2b2h.com,PES University,PESU,"Bengaluru, Karnataka",Civil Engineering,2nd Year,LOOKING_FOR_MEMBERS,Civil Engineering student at PESU passionate about Assistive Tech and Wearable Devices.,"[""Primavera"", ""BIM"", ""AutoCAD Civil 3D"", ""Geotechnical Engineering"", ""AutoCAD"", ""Git""]","[""Assistive Tech"", ""Wearable Devices"", ""CleanTech""]","[""CleanTech"", ""IoT""]","[{""name"": ""NextGen IoT Mobile Assistant"", ""desc"": ""Cross-platform mobile application built using BIM to streamline workflow management in IoT."", ""tech"": [""AutoCAD Civil 3D"", ""BIM""], ""role"": ""Mobile Developer""}]",1,1,"{""repos"": 12, ""commits"": 120, ""stars"": 24, ""followers"": 39, ""following"": 35}",69
a35e9631-e4eb-4557-a26b-6f2609559a9e,Radhika Reddy,radhika_reddy_300,radhika_reddy_300@b2b2h.com,PSG College of Technology,PSG Tech,"Coimbatore, Tamil Nadu",MBA,3rd Year,LOOKING_FOR_TEAM,MBA student at PSG Tech passionate about SpaceTech and EdTech.,"[""Product Management"", ""Market Research"", ""Business Strategy"", ""Data Analytics"", ""Financial Modeling"", ""Agile/Scrum"", ""Strategic Planning"", ""Communication""]","[""SpaceTech"", ""EdTech"", ""Cloud Native"", ""Renewable Energy"", ""Blockchain""]","[""Civil"", ""Design"", ""AI/ML""]",[],0,0,"{""repos"": 32, ""commits"": 864, ""stars"": 45, ""followers"": 3, ""following"": 4}",75
6d281b14-0770-4794-8714-213a98a8e198,Naveen Krishnan,naveen_krishnan_511,naveen_krishnan_511@b2b2h.com,Vellore Institute of Technology,VIT,"Vellore, Tamil Nadu",MCA,2nd Year,LOOKING_FOR_TEAM,MCA student at VIT passionate about DeepTech and SpaceTech.,"[""Android"", ""Software Engineering"", ""React"", ""Python"", ""Web Development"", ""Spring Boot"", ""Presentation""]","[""DeepTech"", ""SpaceTech"", ""Wearable Devices"", ""AI & ML""]","[""Healthcare"", ""EdTech"", ""Cloud"", ""CleanTech""]",[],3,0,"{""repos"": 17, ""commits"": 391, ""stars"": 15, ""followers"": 38, ""following"": 11}",81
121f5340-fe3c-4efd-b588-5f2655416124,Srinivas Soundararajan,srinivas_soundararajan_565,srinivas_soundararajan_565@b2b2h.com,Anna University Regional Campus,Anna University,"Chennai, Tamil Nadu",Mechanical Engineering,2nd Year,OFFLINE,Mechanical Engineering student at Anna University passionate about FinTech and Robotics.,"[""Fluid Mechanics"", ""Rapid Prototyping"", ""ANSYS"", ""AutoCAD"", ""FEA"", ""CNC Programming"", ""MATLAB"", ""GD&T"", ""Presentation""]","[""FinTech"", ""Robotics"", ""Web3"", ""DevOps"", ""Sustainable Materials""]","[""Cybersecurity"", ""CleanTech""]",[],0,0,"{""repos"": 23, ""commits"": 529, ""stars"": 26, ""followers"": 21, ""following"": 30}",91
ab705e8f-b858-4065-affb-a97c46bc3581,Indrajit Subramanian,indrajit_subramanian_807,indrajit_subramanian_807@b2b2h.com,PSG College of Technology,PSG Tech,"Coimbatore, Tamil Nadu",Artificial Intelligence & Machine Learning,2nd Year,OPEN_TO_INVITES,Artificial Intelligence & Machine Learning student at PSG Tech passionate about EdTech and Bioinformatics.,"[""HuggingFace"", ""Transformer Models"", ""Scikit-Learn"", ""Keras"", ""Git""]","[""EdTech"", ""Bioinformatics"", ""AI & ML""]","[""AI/ML"", ""Civil"", ""Cloud""]",[],5,2,"{""repos"": 14, ""commits"": 308, ""stars"": 31, ""followers"": 32, ""following"": 10}",73
3b352acc-0fa8-4b83-9f14-78ace8ade551,Varun Rao,varun_rao_428,varun_rao_428@b2b2h.com,BMS College of Engineering,BMSCE,"Bengaluru, Karnataka",Computer Science Engineering,3rd Year,IN_TEAM,Computer Science Engineering student at BMSCE passionate about DeepTech and EdTech.,"[""Linux"", ""Rust"", ""Python"", ""Go"", ""GraphQL"", ""Presentation"", ""Communication""]","[""DeepTech"", ""EdTech"", ""Quantum Computing"", ""SpaceTech""]","[""Logistics"", ""Robotics""]",[],2,2,"{""repos"": 5, ""commits"": 130, ""stars"": 6, ""followers"": 30, ""following"": 31}",94
df380874-aadc-4db9-bf1b-e42b838fb0f6,Deepak Chettiar,deepak_chettiar_560,deepak_chettiar_560@b2b2h.com,Vellore Institute of Technology,VIT,"Vellore, Tamil Nadu",MCA,1st Year,OFFLINE,MCA student at VIT passionate about CleanTech and AR/VR.,"[""Database Administration"", ""Java"", ""MySQL"", ""Spring Boot"", ""Web Development"", ""Android"", ""Cloud Computing"", ""Rapid Prototyping"", ""Team Leadership""]","[""CleanTech"", ""AR/VR"", ""Generative AI"", ""Renewable Energy""]","[""Cloud"", ""Biotech"", ""Product"", ""AI/ML""]","[{""name"": ""Decentralized Database Administration Smart Platform"", ""desc"": ""High-throughput microservices architecture powered by Database Administration for scalable transaction processing."", ""tech"": [""Cloud Computing"", ""Android"", ""Spring Boot"", ""Database Administration""], ""role"": ""Full Stack Developer""}]",0,0,"{""repos"": 15, ""commits"": 360, ""stars"": 5, ""followers"": 18, ""following"": 22}",90
ed3f2794-a992-4ce0-bd83-2a067fc1022e,Pranav Iyengar,pranav_iyengar_103,pranav_iyengar_103@b2b2h.com,National Institute of Technology Tiruchirappalli,NIT Trichy,"Tiruchirappalli, Tamil Nadu",MBA,4th Year,LOOKING_FOR_MEMBERS,MBA student at NIT Trichy passionate about SpaceTech and Generative AI.,"[""Strategic Planning"", ""Pitching"", ""Data Analytics"", ""Agile/Scrum"", ""Rapid Prototyping""]","[""SpaceTech"", ""Generative AI"", ""Drone Tech"", ""FinTech"", ""Robotics""]","[""Cloud"", ""Cybersecurity"", ""Logistics"", ""Product""]","[{""name"": ""Autonomous Pitching Navigation System"", ""desc"": ""Real-time path planning and obstacle avoidance pipeline utilizing Pitching and sensor fusion."", ""tech"": [""Agile/Scrum"", ""Data Analytics"", ""Rapid Prototyping"", ""Pitching""], ""role"": ""Robotics Engineer""}]",0,0,"{""repos"": 15, ""commits"": 150, ""stars"": 39, ""followers"": 50, ""following"": 18}",68
98819017-823e-4fb9-8740-a987af1920e0,Rajesh Rajagopal,rajesh_rajagopal_566,rajesh_rajagopal_566@b2b2h.com,BMS College of Engineering,BMSCE,"Bengaluru, Karnataka",Computer Science Engineering,4th Year,OPEN_TO_INVITES,Computer Science Engineering student at BMSCE passionate about AI & ML and EdTech.,"[""Microservices"", ""Linux"", ""Redis"", ""GraphQL"", ""Git"", ""Problem Solving""]","[""AI & ML"", ""EdTech"", ""DeepTech"", ""DevOps"", ""AgriTech""]","[""Design"", ""FinTech"", ""Mobile"", ""Cybersecurity""]","[{""name"": ""AI-Driven Mobile Predictive Analytics Engine"", ""desc"": ""Machine learning pipeline leveraging Microservices for anomaly detection and forecasting in Mobile."", ""tech"": [""Linux"", ""Microservices""], ""role"": ""ML Engineer""}, {""name"": ""Cloud-Native Design Security Shield"", ""desc"": ""Zero-trust security monitoring and intrusion detection system using Microservices."", ""tech"": [""GraphQL"", ""Linux"", ""Microservices""], ""role"": ""Cybersecurity Analyst""}]",1,0,"{""repos"": 26, ""commits"": 286, ""stars"": 5, ""followers"": 51, ""following"": 21}",78
65fb74d3-9211-4e75-a64c-e76a89893ccc,Bhuvan Nair,bhuvan_nair_786,bhuvan_nair_786@b2b2h.com,Vellore Institute of Technology,VIT,"Vellore, Tamil Nadu",Instrumentation Engineering,1st Year,LOOKING_FOR_MEMBERS,Instrumentation Engineering student at VIT passionate about Blockchain and Open Source.,"[""SCADA"", ""PLC"", ""Instrumentation"", ""DCS"", ""MATLAB"", ""Process Control"", ""Embedded Systems"", ""Git""]","[""Blockchain"", ""Open Source"", ""Sustainable Materials""]","[""Mechanical"", ""AI/ML"", ""Civil"", ""AgriTech""]","[{""name"": ""Precision Civil Simulation Suite"", ""desc"": ""High-fidelity finite element modeling and fluid dynamics analysis platform built with Instrumentation."", ""tech"": [""Process Control"", ""PLC"", ""MATLAB"", ""Instrumentation""], ""role"": ""Simulation Specialist""}, {""name"": ""Bio-Inspired AI/ML Diagnostic Pipeline"", ""desc"": ""Computational genomics and sequence analysis tool leveraging PLC for medical diagnostics."", ""tech"": [""DCS"", ""Process Control"", ""Instrumentation"", ""PLC""], ""role"": ""Bioinformatics Specialist""}]",0,0,"{""repos"": 0, ""commits"": 0, ""stars"": 0, ""followers"": 0, ""following"": 0}",88
4740cd5d-ac02-4515-ac53-2040e26b69ba,Utkarsh Kapoor,utkarsh_kapoor_434,utkarsh_kapoor_434@b2b2h.com,Vellore Institute of Technology,VIT,"Vellore, Tamil Nadu",Information Technology,3rd Year,LOOKING_FOR_MEMBERS,Information Technology student at VIT passionate about Drone Tech and AI & ML.,"[""MySQL"", ""Python"", ""Docker"", ""Tailwind CSS"", ""Vue.js"", ""Cybersecurity"", ""JavaScript"", ""REST API"", ""Git"", ""Presentation""]","[""Drone Tech"", ""AI & ML"", ""Blockchain"", ""Bioinformatics""]","[""CleanTech"", ""Robotics"", ""Web""]","[{""name"": ""AI-Driven Robotics Predictive Analytics Engine"", ""desc"": ""Machine learning pipeline leveraging MySQL for anomaly detection and forecasting in Robotics."", ""tech"": [""REST API"", ""Presentation"", ""MySQL""], ""role"": ""Data Scientist""}]",4,0,"{""repos"": 24, ""commits"": 576, ""stars"": 50, ""followers"": 54, ""following"": 28}",97
4f42d475-c776-472f-a67f-3721710ad8fa,Farhan Chettiar,farhan_chettiar_316,farhan_chettiar_316@b2b2h.com,Coimbatore Institute of Technology,CIT,"Coimbatore, Tamil Nadu",MCA,3rd Year,OFFLINE,MCA student at CIT passionate about Game Development and DevOps.,"[""Java"", ""MySQL"", ""Android"", ""Cloud Computing"", ""Spring Boot"", ""Software Engineering"", ""Python"", ""Database Administration"", ""Communication""]","[""Game Development"", ""DevOps"", ""Wearable Devices"", ""FinTech""]","[""Logistics"", ""Robotics"", ""Cybersecurity"", ""IoT""]",[],1,0,"{""repos"": 8, ""commits"": 200, ""stars"": 15, ""followers"": 25, ""following"": 30}",94
e431f3da-f600-4d0f-ba76-86bf19ae9a0d,Vaishnavi Chettiar,vaishnavi_chettiar_319,vaishnavi_chettiar_319@b2b2h.com,Anna University Regional Campus,Anna University,"Chennai, Tamil Nadu",Artificial Intelligence & Machine Learning,3rd Year,LOOKING_FOR_TEAM,Artificial Intelligence & Machine Learning student at Anna University passionate about IoT and Sustainable Materials.,"[""TensorFlow"", ""NLP"", ""HuggingFace"", ""Python"", ""Scikit-Learn"", ""Team Leadership""]","[""IoT"", ""Sustainable Materials"", ""Assistive Tech"", ""Cloud Native""]","[""CleanTech"", ""Cloud"", ""IoT""]","[{""name"": ""AI-Driven IoT Predictive Analytics Engine"", ""desc"": ""Machine learning pipeline leveraging TensorFlow for anomaly detection and forecasting in IoT."", ""tech"": [""Python"", ""Team Leadership"", ""TensorFlow""], ""role"": ""Data Scientist""}, {""name"": ""Autonomous NLP Navigation System"", ""desc"": ""Real-time path planning and obstacle avoidance pipeline utilizing NLP and sensor fusion."", ""tech"": [""Scikit-Learn"", ""TensorFlow"", ""HuggingFace"", ""NLP""], ""role"": ""Robotics Engineer""}]",0,0,"{""repos"": 22, ""commits"": 220, ""stars"": 36, ""followers"": 50, ""following"": 21}",88
360fc955-3175-4c3d-9b68-b9c3dc856b80,Raghav Kulkarni,raghav_kulkarni_207,raghav_kulkarni_207@b2b2h.com,SASTRA Deemed University,SASTRA,"Thanjavur, Tamil Nadu",Mechatronics,3rd Year,IN_TEAM,Mechatronics student at SASTRA passionate about Autonomous Vehicles and DevOps.,"[""ROS2"", ""C++"", ""SolidWorks"", ""Kinematics"", ""Microcontrollers"", ""PCB Design"", ""ROS"", ""Hydraulics"", ""PLC"", ""Team Leadership""]","[""Autonomous Vehicles"", ""DevOps"", ""Robotics"", ""AgriTech"", ""Cybersecurity""]","[""AgriTech"", ""Product"", ""EdTech"", ""Cybersecurity""]",[],0,0,"{""repos"": 24, ""commits"": 648, ""stars"": 28, ""followers"": 5, ""following"": 10}",68
d959640c-36fa-40d3-9f9a-7f94c52bddb7,Eshan Iyer,eshan_iyer_402,eshan_iyer_402@b2b2h.com,Government College of Technology,GCT,"Coimbatore, Tamil Nadu",Artificial Intelligence & Data Science,4th Year,IN_TEAM,Artificial Intelligence & Data Science student at GCT passionate about Smart Cities and DevOps.,"[""Vector Embeddings"", ""Power BI"", ""SQL"", ""NumPy"", ""Feature Engineering"", ""Presentation""]","[""Smart Cities"", ""DevOps"", ""Web3"", ""Drone Tech"", ""Embedded Systems""]","[""Cloud"", ""AI/ML"", ""Biotech"", ""IoT""]",[],4,1,"{""repos"": 17, ""commits"": 238, ""stars"": 39, ""followers"": 18, ""following"": 25}",80
c3b38c11-0bcb-49fb-91ff-75f472399a74,Srinivas Menon,srinivas_menon_474,srinivas_menon_474@b2b2h.com,SRM Institute of Science and Technology,SRM,"Kattankulathur, Tamil Nadu",Computer Science Engineering,1st Year,IN_TEAM,Computer Science Engineering student at SRM passionate about Cybersecurity and Cloud Native.,"[""Docker"", ""Redis"", ""GraphQL"", ""Go"", ""Communication"", ""Git""]","[""Cybersecurity"", ""Cloud Native"", ""Blockchain"", ""SpaceTech"", ""Wearable Devices""]","[""IoT"", ""CleanTech"", ""Design"", ""AI/ML""]",[],1,1,"{""repos"": 18, ""commits"": 522, ""stars"": 15, ""followers"": 37, ""following"": 12}",83
7ca1631a-6a33-4d50-b7c4-1812a5884003,Gautam Krishnan,gautam_krishnan_223,gautam_krishnan_223@b2b2h.com,PES University,PESU,"Bengaluru, Karnataka",MBA,4th Year,IN_TEAM,MBA student at PESU passionate about FinTech and CleanTech.,"[""Data Analytics"", ""Business Strategy"", ""Market Research"", ""Strategic Planning"", ""Product Management"", ""Team Leadership"", ""Agile/Scrum"", ""Pitching"", ""Git"", ""Problem Solving""]","[""FinTech"", ""CleanTech"", ""SpaceTech"", ""Web3""]","[""IoT"", ""Robotics"", ""CleanTech"", ""Civil""]",[],0,0,"{""repos"": 0, ""commits"": 0, ""stars"": 0, ""followers"": 0, ""following"": 0}",94
3c7d4f2c-e091-420f-812c-b1f63fa6cc28,Vishal Malhotra,vishal_malhotra_839,vishal_malhotra_839@b2b2h.com,Government College of Technology,GCT,"Coimbatore, Tamil Nadu",Electronics & Communication Engineering,2nd Year,IN_TEAM,Electronics & Communication Engineering student at GCT passionate about Renewable Energy and Autonomous Vehicles.,"[""Signal Processing"", ""LabVIEW"", ""RF Design"", ""IoT"", ""FPGA"", ""ESP32"", ""MATLAB"", ""Verilog"", ""Git"", ""Communication""]","[""Renewable Energy"", ""Autonomous Vehicles"", ""Web3"", ""Open Source""]","[""Logistics"", ""Mechanical""]",[],3,0,"{""repos"": 0, ""commits"": 0, ""stars"": 0, ""followers"": 0, ""following"": 0}",96
11cb9f36-3aa0-45ce-b350-da69f16b4894,Eshan Sharma,eshan_sharma_730,eshan_sharma_730@b2b2h.com,SSN College of Engineering,SSN,"Chennai, Tamil Nadu",Chemical Engineering,1st Year,LOOKING_FOR_MEMBERS,Chemical Engineering student at SSN passionate about SpaceTech and Quantum Computing.,"[""Heat Transfer"", ""MATLAB"", ""Reaction Engineering"", ""Process Control"", ""Presentation"", ""Rapid Prototyping""]","[""SpaceTech"", ""Quantum Computing"", ""DevOps"", ""HealthTech""]","[""Cybersecurity"", ""Civil"", ""Cloud"", ""FinTech""]",[],5,1,"{""repos"": 12, ""commits"": 228, ""stars"": 42, ""followers"": 10, ""following"": 10}",68
10736425-57d9-44fa-9944-ecb1440f16cc,Aditya Subramanian,aditya_subramanian_748,aditya_subramanian_748@b2b2h.com,SRM Institute of Science and Technology,SRM,"Kattankulathur, Tamil Nadu",Fashion Technology,4th Year,OPEN_TO_INVITES,Fashion Technology student at SRM passionate about Cloud Native and Quantum Computing.,"[""Pattern Making"", ""Merchandising"", ""CLO 3D"", ""Adobe Illustrator"", ""Git"", ""Team Leadership""]","[""Cloud Native"", ""Quantum Computing"", ""DevOps"", ""Wearable Devices""]","[""Robotics"", ""Aerospace"", ""EdTech""]","[{""name"": ""AI-Driven EdTech Predictive Analytics Engine"", ""desc"": ""Machine learning pipeline leveraging Merchandising for anomaly detection and forecasting in EdTech."", ""tech"": [""Git"", ""Adobe Illustrator"", ""Merchandising""], ""role"": ""Data Scientist""}]",5,1,"{""repos"": 26, ""commits"": 286, ""stars"": 2, ""followers"": 38, ""following"": 32}",90
a79e2fc6-d588-48d8-aacc-30ae69842200,Lokesh Naidu,lokesh_naidu_503,lokesh_naidu_503@b2b2h.com,Thiagarajar College of Engineering,TCE,"Madurai, Tamil Nadu",Artificial Intelligence & Data Science,2nd Year,OFFLINE,Artificial Intelligence & Data Science student at TCE passionate about Sustainable Materials and Bioinformatics.,"[""Vector Embeddings"", ""Prompt Engineering"", ""TensorFlow"", ""Deep Learning"", ""SQL"", ""PyTorch"", ""Rapid Prototyping""]","[""Sustainable Materials"", ""Bioinformatics"", ""Web3"", ""Game Development"", ""DevOps""]","[""AgriTech"", ""Mobile"", ""CleanTech"", ""Web""]",[],4,2,"{""repos"": 24, ""commits"": 552, ""stars"": 22, ""followers"": 53, ""following"": 20}",77
c5c58e75-ab1c-4fcb-9908-a0ebf6929c26,Chetan Chowdary,chetan_chowdary_777,chetan_chowdary_777@b2b2h.com,SASTRA Deemed University,SASTRA,"Thanjavur, Tamil Nadu",MCA,3rd Year,LOOKING_FOR_TEAM,MCA student at SASTRA passionate about Web3 and Assistive Tech.,"[""Web Development"", ""Spring Boot"", ""Java"", ""Android"", ""Database Administration"", ""React"", ""Software Engineering"", ""Python"", ""Cloud Computing"", ""Team Leadership""]","[""Web3"", ""Assistive Tech"", ""Smart Cities"", ""AgriTech"", ""Cybersecurity""]","[""Healthcare"", ""Logistics"", ""Product"", ""Web""]","[{""name"": ""Decentralized Java Smart Platform"", ""desc"": ""High-throughput microservices architecture powered by Java for scalable transaction processing."", ""tech"": [""Java"", ""Python"", ""React"", ""Software Engineering""], ""role"": ""Full Stack Developer""}, {""name"": ""NextGen Logistics Mobile Assistant"", ""desc"": ""Cross-platform mobile application built using Java to streamline workflow management in Logistics."", ""tech"": [""Java"", ""Cloud Computing"", ""Web Development""], ""role"": ""UI/UX Designer""}]",0,0,"{""repos"": 12, ""commits"": 300, ""stars"": 48, ""followers"": 28, ""following"": 26}",75
aa8e0419-6869-4352-9957-c2ce19a4df19,Jagan Malhotra,jagan_malhotra_181,jagan_malhotra_181@b2b2h.com,PSG College of Technology,PSG Tech,"Coimbatore, Tamil Nadu",Cyber Security,3rd Year,LOOKING_FOR_TEAM,Cyber Security student at PSG Tech passionate about Renewable Energy and SpaceTech.,"[""Python"", ""Penetration Testing"", ""Ethical Hacking"", ""Wireshark"", ""Metasploit"", ""Network Security"", ""Linux"", ""Cryptography"", ""OWASP"", ""Rapid Prototyping""]","[""Renewable Energy"", ""SpaceTech"", ""IoT"", ""AgriTech"", ""Cybersecurity""]","[""Automobile"", ""Web"", ""AgriTech"", ""Biotech""]","[{""name"": ""Precision AgriTech Simulation Suite"", ""desc"": ""High-fidelity finite element modeling and fluid dynamics analysis platform built with Ethical Hacking."", ""tech"": [""Python"", ""Penetration Testing"", ""Network Security"", ""Linux"", ""Ethical Hacking""], ""role"": ""Simulation Specialist""}]",1,1,"{""repos"": 9, ""commits"": 162, ""stars"": 41, ""followers"": 39, ""following"": 27}",82
bf71b5af-5a4f-4e44-ba7a-ca87d9f090ff,Aswin Naidu,aswin_naidu_798,aswin_naidu_798@b2b2h.com,PSG College of Technology,PSG Tech,"Coimbatore, Tamil Nadu",Industrial Engineering,3rd Year,OPEN_TO_INVITES,Industrial Engineering student at PSG Tech passionate about Bioinformatics and Embedded Systems.,"[""Process Optimization"", ""Operations Research"", ""Python"", ""SQL"", ""Tableau"", ""Arena Simulation"", ""Problem Solving"", ""Git""]","[""Bioinformatics"", ""Embedded Systems"", ""Autonomous Vehicles""]","[""AgriTech"", ""Healthcare""]",[],1,0,"{""repos"": 6, ""commits"": 174, ""stars"": 42, ""followers"": 59, ""following"": 15}",98
ae3dcd6d-68be-4555-8891-2616eea6618b,Meera Iyengar,meera_iyengar_98,meera_iyengar_98@b2b2h.com,PES University,PESU,"Bengaluru, Karnataka",Data Science,2nd Year,IN_TEAM,Data Science student at PESU passionate about DeepTech and Bioinformatics.,"[""Data Visualization"", ""Big Data"", ""R"", ""SQL"", ""Statistical Modeling"", ""Spark"", ""Power BI"", ""Pandas"", ""Python"", ""Communication"", ""Rapid Prototyping""]","[""DeepTech"", ""Bioinformatics"", ""Drone Tech"", ""Robotics"", ""AgriTech""]","[""AI/ML"", ""Healthcare""]","[{""name"": ""Autonomous Big Data Navigation System"", ""desc"": ""Real-time path planning and obstacle avoidance pipeline utilizing Big Data and sensor fusion."", ""tech"": [""Data Visualization"", ""Statistical Modeling"", ""Communication"", ""Big Data""], ""role"": ""Robotics Engineer""}, {""name"": ""Bio-Inspired Healthcare Diagnostic Pipeline"", ""desc"": ""Computational genomics and sequence analysis tool leveraging Data Visualization for medical diagnostics."", ""tech"": [""Communication"", ""Power BI"", ""Data Visualization""], ""role"": ""Bioinformatics Specialist""}]",4,0,"{""repos"": 30, ""commits"": 480, ""stars"": 39, ""followers"": 43, ""following"": 8}",97
9544d1fd-71c1-42c2-9919-89bc5fc210bf,Gokul Iyer,gokul_iyer_45,gokul_iyer_45@b2b2h.com,National Institute of Technology Tiruchirappalli,NIT Trichy,"Tiruchirappalli, Tamil Nadu",Artificial Intelligence & Data Science,3rd Year,IN_TEAM,Artificial Intelligence & Data Science student at NIT Trichy passionate about AgriTech and Cybersecurity.,"[""R"", ""Pandas"", ""Python"", ""Vector Embeddings"", ""Presentation""]","[""AgriTech"", ""Cybersecurity"", ""Renewable Energy"", ""Robotics""]","[""Product"", ""Web"", ""Mechanical""]",[],4,1,"{""repos"": 7, ""commits"": 189, ""stars"": 14, ""followers"": 2, ""following"": 26}",98
501caa1d-90ea-4e3d-a62b-21d64b15838b,Pradeep Iyengar,pradeep_iyengar_590,pradeep_iyengar_590@b2b2h.com,SSN College of Engineering,SSN,"Chennai, Tamil Nadu",Chemical Engineering,3rd Year,LOOKING_FOR_MEMBERS,Chemical Engineering student at SSN passionate about DevOps and Generative AI.,"[""ASPEN Plus"", ""CHEMCAD"", ""Process Control"", ""Mass Transfer"", ""Fluid Mechanics"", ""Chemical Safety"", ""Heat Transfer"", ""Presentation"", ""Team Leadership""]","[""DevOps"", ""Generative AI"", ""SpaceTech""]","[""FinTech"", ""AgriTech"", ""Robotics"", ""IoT""]","[{""name"": ""Cloud-Native FinTech Security Shield"", ""desc"": ""Zero-trust security monitoring and intrusion detection system using CHEMCAD."", ""tech"": [""Presentation"", ""Mass Transfer"", ""CHEMCAD"", ""ASPEN Plus""], ""role"": ""Cybersecurity Analyst""}]",0,0,"{""repos"": 18, ""commits"": 450, ""stars"": 24, ""followers"": 6, ""following"": 36}",88
f8ec485a-c1a7-4210-9311-e69a848199f8,Rajesh Gowda,rajesh_gowda_998,rajesh_gowda_998@b2b2h.com,PES University,PESU,"Bengaluru, Karnataka",Agricultural Engineering,1st Year,LOOKING_FOR_TEAM,Agricultural Engineering student at PESU passionate about Sustainable Materials and Open Source.,"[""AgriTech"", ""AutoCAD"", ""Remote Sensing"", ""Hydrology"", ""Drone Mapping"", ""Precision Agriculture"", ""Presentation"", ""Git""]","[""Sustainable Materials"", ""Open Source"", ""EdTech""]","[""Mobile"", ""Cloud""]",[],4,0,"{""repos"": 5, ""commits"": 85, ""stars"": 44, ""followers"": 43, ""following"": 10}",68
d34a1614-05f3-4f9a-88bf-dc0bf2b5aca7,Eshan Bhattacharya,eshan_bhattacharya_850,eshan_bhattacharya_850@b2b2h.com,BMS College of Engineering,BMSCE,"Bengaluru, Karnataka",Artificial Intelligence & Machine Learning,4th Year,OFFLINE,Artificial Intelligence & Machine Learning student at BMSCE passionate about Web3 and Smart Cities.,"[""TensorFlow"", ""Keras"", ""Scikit-Learn"", ""PyTorch"", ""Deep Learning"", ""Git"", ""Presentation""]","[""Web3"", ""Smart Cities"", ""HealthTech""]","[""CleanTech"", ""Robotics"", ""Logistics""]",[],0,0,"{""repos"": 11, ""commits"": 220, ""stars"": 50, ""followers"": 15, ""following"": 4}",86
6c5a40d6-81b7-4c8c-8a43-28cbe9f7b6b1,Srinivas Nair,srinivas_nair_133,srinivas_nair_133@b2b2h.com,SASTRA Deemed University,SASTRA,"Thanjavur, Tamil Nadu",Electronics & Communication Engineering,4th Year,OPEN_TO_INVITES,Electronics & Communication Engineering student at SASTRA passionate about Web3 and AI & ML.,"[""MATLAB"", ""Verilog"", ""FPGA"", ""ESP32"", ""Signal Processing"", ""Embedded C"", ""Arduino"", ""C++"", ""VHDL"", ""Problem Solving""]","[""Web3"", ""AI & ML"", ""FinTech"", ""Renewable Energy""]","[""Product"", ""AgriTech"", ""Automobile"", ""Civil""]","[{""name"": ""AI-Driven AgriTech Predictive Analytics Engine"", ""desc"": ""Machine learning pipeline leveraging MATLAB for anomaly detection and forecasting in AgriTech."", ""tech"": [""Signal Processing"", ""VHDL"", ""C++"", ""ESP32"", ""MATLAB""], ""role"": ""Data Scientist""}]",0,0,"{""repos"": 5, ""commits"": 145, ""stars"": 11, ""followers"": 47, ""following"": 33}",87
60bb75a2-5063-493a-8b0d-af43bcb01f84,Madhavan Venkataraman,madhavan_venkataraman_438,madhavan_venkataraman_438@b2b2h.com,Government College of Technology,GCT,"Coimbatore, Tamil Nadu",Instrumentation Engineering,2nd Year,OPEN_TO_INVITES,Instrumentation Engineering student at GCT passionate about Bioinformatics and HealthTech.,"[""Embedded Systems"", ""PLC"", ""Sensors"", ""Arduino"", ""Rapid Prototyping""]","[""Bioinformatics"", ""HealthTech"", ""AgriTech"", ""Generative AI"", ""Blockchain""]","[""Civil"", ""Logistics""]",[],0,0,"{""repos"": 5, ""commits"": 55, ""stars"": 41, ""followers"": 25, ""following"": 20}",74
c443afae-85b7-4769-9c9b-3aa42d2f9b49,Elango Krishnan,elango_krishnan_641,elango_krishnan_641@b2b2h.com,BMS College of Engineering,BMSCE,"Bengaluru, Karnataka",Agricultural Engineering,1st Year,LOOKING_FOR_TEAM,Agricultural Engineering student at BMSCE passionate about Quantum Computing and HealthTech.,"[""AgriTech"", ""Python"", ""GIS"", ""Precision Agriculture"", ""Remote Sensing"", ""Hydrology"", ""AutoCAD"", ""Soil Mechanics"", ""Drone Mapping"", ""Git"", ""Presentation""]","[""Quantum Computing"", ""HealthTech"", ""Sustainable Materials"", ""Bioinformatics""]","[""EdTech"", ""IoT"", ""CleanTech""]",[],1,0,"{""repos"": 15, ""commits"": 330, ""stars"": 14, ""followers"": 6, ""following"": 32}",86
31923181-f583-4704-8bd5-7071757bb7b2,Eshan Natarajan,eshan_natarajan_158,eshan_natarajan_158@b2b2h.com,PSG College of Technology,PSG Tech,"Coimbatore, Tamil Nadu",Data Science,4th Year,OPEN_TO_INVITES,Data Science student at PSG Tech passionate about Open Source and Generative AI.,"[""Tableau"", ""R"", ""Spark"", ""Pandas"", ""Statistical Modeling"", ""Data Visualization"", ""SQL"", ""Team Leadership"", ""Problem Solving""]","[""Open Source"", ""Generative AI"", ""AgriTech"", ""Cybersecurity"", ""Blockchain""]","[""Biotech"", ""Automobile"", ""Cybersecurity""]","[{""name"": ""Cloud-Native Automobile Security Shield"", ""desc"": ""Zero-trust security monitoring and intrusion detection system using Tableau."", ""tech"": [""Spark"", ""Problem Solving"", ""Statistical Modeling"", ""SQL"", ""Tableau""], ""role"": ""Cybersecurity Analyst""}]",0,0,"{""repos"": 34, ""commits"": 544, ""stars"": 37, ""followers"": 32, ""following"": 31}",76
dcb6a76d-24ae-4ddd-b286-849f0bc7b932,Hariharan Sengupta,hariharan_sengupta_263,hariharan_sengupta_263@b2b2h.com,Manipal Institute of Technology,Manipal,"Manipal, Karnataka",Biomedical Engineering,2nd Year,OFFLINE,Biomedical Engineering student at Manipal passionate about Quantum Computing and Cloud Native.,"[""Bioinstrumentation"", ""Medical AI"", ""DICOM"", ""SolidWorks"", ""Arduino"", ""Presentation"", ""Git""]","[""Quantum Computing"", ""Cloud Native"", ""SpaceTech""]","[""IoT"", ""Biotech"", ""Civil""]",[],1,0,"{""repos"": 29, ""commits"": 464, ""stars"": 8, ""followers"": 24, ""following"": 20}",75
fd53b824-68d3-4bf7-b335-9690414454ca,Jaya Verma,jaya_verma_501,jaya_verma_501@b2b2h.com,Indian Institute of Technology Madras,IIT Madras,"Chennai, Tamil Nadu",Robotics,2nd Year,IN_TEAM,Robotics student at IIT Madras passionate about Embedded Systems and Renewable Energy.,"[""SolidWorks"", ""Robotics Kinematics"", ""ROS2"", ""Motion Planning"", ""Raspberry Pi"", ""Gazebo"", ""Sensor Fusion"", ""OpenCV"", ""Team Leadership"", ""Communication""]","[""Embedded Systems"", ""Renewable Energy"", ""Game Development"", ""AI & ML"", ""Assistive Tech""]","[""AI/ML"", ""Robotics"", ""CleanTech"", ""Mechanical""]","[{""name"": ""Autonomous Robotics Kinematics Navigation System"", ""desc"": ""Real-time path planning and obstacle avoidance pipeline utilizing Robotics Kinematics and sensor fusion."", ""tech"": [""Communication"", ""Team Leadership"", ""Motion Planning"", ""Robotics Kinematics""], ""role"": ""Robotics Engineer""}]",2,0,"{""repos"": 10, ""commits"": 220, ""stars"": 23, ""followers"": 31, ""following"": 4}",79
15d763c8-c667-47dc-b0e4-4b655fcbea47,Rohan Mehta,rohan_mehta_582,rohan_mehta_582@b2b2h.com,Thiagarajar College of Engineering,TCE,"Madurai, Tamil Nadu",Artificial Intelligence & Data Science,2nd Year,OPEN_TO_INVITES,Artificial Intelligence & Data Science student at TCE passionate about Robotics and Autonomous Vehicles.,"[""NLP"", ""Scikit-Learn"", ""R"", ""Power BI"", ""Data Analysis"", ""SQL"", ""Presentation""]","[""Robotics"", ""Autonomous Vehicles"", ""DeepTech""]","[""Mechanical"", ""Automobile"", ""Healthcare""]",[],0,0,"{""repos"": 0, ""commits"": 0, ""stars"": 0, ""followers"": 0, ""following"": 0}",79
dff336e8-f014-4b2f-8fc6-e0d658b2c6ee,Preethi Pandian,preethi_pandian_549,preethi_pandian_549@b2b2h.com,PES University,PESU,"Bengaluru, Karnataka",Artificial Intelligence & Machine Learning,4th Year,OFFLINE,Artificial Intelligence & Machine Learning student at PESU passionate about CleanTech and Web3.,"[""Transformer Models"", ""NLP"", ""Prompt Engineering"", ""RAG"", ""Generative AI"", ""PyTorch"", ""LangChain"", ""Scikit-Learn"", ""Vector Databases"", ""Rapid Prototyping""]","[""CleanTech"", ""Web3"", ""Blockchain""]","[""Healthcare"", ""IoT""]",[],0,0,"{""repos"": 16, ""commits"": 416, ""stars"": 40, ""followers"": 3, ""following"": 20}",81
5c9edf70-b59e-4883-a7bb-83d28eedbee5,Sudharshan Sundaram,sudharshan_sundaram_495,sudharshan_sundaram_495@b2b2h.com,Manipal Institute of Technology,Manipal,"Manipal, Karnataka",Biomedical Engineering,4th Year,LOOKING_FOR_TEAM,Biomedical Engineering student at Manipal passionate about Game Development and Smart Cities.,"[""Sensor Design"", ""Biomedical Signal Processing"", ""Medical AI"", ""DICOM"", ""SolidWorks"", ""LabVIEW"", ""Rapid Prototyping"", ""Git""]","[""Game Development"", ""Smart Cities"", ""Robotics"", ""IoT""]","[""Mechanical"", ""Design"", ""Biotech"", ""Product""]","[{""name"": ""NextGen Design Mobile Assistant"", ""desc"": ""Cross-platform mobile application built using Medical AI to streamline workflow management in Design."", ""tech"": [""Medical AI"", ""Rapid Prototyping"", ""Git""], ""role"": ""Mobile Developer""}]",4,1,"{""repos"": 6, ""commits"": 84, ""stars"": 22, ""followers"": 20, ""following"": 31}",98
017a104d-03fa-4f29-9982-6dda6a7f45c0,Pranav Gowda,pranav_gowda_302,pranav_gowda_302@b2b2h.com,Anna University Regional Campus,Anna University,"Chennai, Tamil Nadu",Electrical Engineering,2nd Year,OPEN_TO_INVITES,Electrical Engineering student at Anna University passionate about HealthTech and DevOps.,"[""Simulink"", ""MATLAB"", ""Control Systems"", ""LabVIEW"", ""PLC"", ""Communication"", ""Presentation""]","[""HealthTech"", ""DevOps"", ""Renewable Energy""]","[""CleanTech"", ""Aerospace""]",[],0,0,"{""repos"": 13, ""commits"": 351, ""stars"": 19, ""followers"": 9, ""following"": 3}",80
f2eaf3e8-b75a-47bc-9b11-9b7cd993df87,Omkar Murugan,omkar_murugan_960,omkar_murugan_960@b2b2h.com,Manipal Institute of Technology,Manipal,"Manipal, Karnataka",Electronics & Communication Engineering,1st Year,OFFLINE,Electronics & Communication Engineering student at Manipal passionate about IoT and DeepTech.,"[""VLSI"", ""Signal Processing"", ""FPGA"", ""STM32"", ""LabVIEW"", ""KiCAD"", ""RF Design"", ""Arduino"", ""Communication"", ""Problem Solving""]","[""IoT"", ""DeepTech"", ""Generative AI"", ""Cybersecurity"", ""Bioinformatics""]","[""IoT"", ""AgriTech"", ""Web"", ""Robotics""]",[],1,1,"{""repos"": 0, ""commits"": 0, ""stars"": 0, ""followers"": 0, ""following"": 0}",69
76a0650f-3ab3-46ef-a7bd-0757f8840278,Siddharth Naidu,siddharth_naidu_549,siddharth_naidu_549@b2b2h.com,PSG College of Technology,PSG Tech,"Coimbatore, Tamil Nadu",Mechatronics,2nd Year,LOOKING_FOR_TEAM,Mechatronics student at PSG Tech passionate about HealthTech and IoT.,"[""Pneumatics"", ""Sensors"", ""Control Theory"", ""Kinematics"", ""Git""]","[""HealthTech"", ""IoT"", ""Robotics"", ""AR/VR""]","[""Mechanical"", ""Mobile"", ""Aerospace"", ""Robotics""]",[],0,0,"{""repos"": 30, ""commits"": 630, ""stars"": 24, ""followers"": 25, ""following"": 2}",77
0664ac18-e4b1-4687-a748-cf62f7e567f9,Venkatesh Bhattacharya,venkatesh_bhattacharya_466,venkatesh_bhattacharya_466@b2b2h.com,PES University,PESU,"Bengaluru, Karnataka",Instrumentation Engineering,1st Year,OPEN_TO_INVITES,Instrumentation Engineering student at PESU passionate about IoT and Assistive Tech.,"[""MATLAB"", ""Arduino"", ""DCS"", ""SCADA"", ""PLC"", ""Process Control"", ""Instrumentation"", ""LabVIEW"", ""Embedded Systems"", ""Team Leadership""]","[""IoT"", ""Assistive Tech"", ""Cloud Native"", ""Robotics""]","[""Product"", ""Robotics""]","[{""name"": ""Decentralized MATLAB Smart Platform"", ""desc"": ""High-throughput microservices architecture powered by MATLAB for scalable transaction processing."", ""tech"": [""PLC"", ""Instrumentation"", ""DCS"", ""Team Leadership"", ""MATLAB""], ""role"": ""Backend Engineer""}]",0,0,"{""repos"": 27, ""commits"": 513, ""stars"": 35, ""followers"": 33, ""following"": 4}",94
67a16551-d041-4a02-a244-08dfd022fb0c,Vishal Bhattacharya,vishal_bhattacharya_515,vishal_bhattacharya_515@b2b2h.com,SSN College of Engineering,SSN,"Chennai, Tamil Nadu",MCA,4th Year,OPEN_TO_INVITES,MCA student at SSN passionate about FinTech and IoT.,"[""Java"", ""Spring Boot"", ""React"", ""Database Administration"", ""Problem Solving"", ""Communication""]","[""FinTech"", ""IoT"", ""Renewable Energy"", ""Game Development""]","[""Web"", ""IoT""]","[{""name"": ""NextGen Web Mobile Assistant"", ""desc"": ""Cross-platform mobile application built using Spring Boot to streamline workflow management in Web."", ""tech"": [""Communication"", ""React"", ""Database Administration"", ""Problem Solving"", ""Spring Boot""], ""role"": ""UI/UX Designer""}]",1,0,"{""repos"": 4, ""commits"": 72, ""stars"": 10, ""followers"": 39, ""following"": 5}",72
bd82c70c-8fc0-4f72-a2ed-52a22a50ea58,Manikandan Sundaram,manikandan_sundaram_375,manikandan_sundaram_375@b2b2h.com,Anna University Regional Campus,Anna University,"Chennai, Tamil Nadu",Information Technology,3rd Year,LOOKING_FOR_MEMBERS,Information Technology student at Anna University passionate about Drone Tech and Blockchain.,"[""Tailwind CSS"", ""JavaScript"", ""Firebase"", ""Vue.js"", ""AWS"", ""HTML/CSS"", ""DevOps"", ""Presentation""]","[""Drone Tech"", ""Blockchain"", ""AR/VR""]","[""Design"", ""CleanTech""]",[],2,1,"{""repos"": 26, ""commits"": 338, ""stars"": 34, ""followers"": 39, ""following"": 24}",94
fba696b3-c8c2-4675-ba02-4061a30aef16,Ananya Sundaram,ananya_sundaram_540,ananya_sundaram_540@b2b2h.com,SASTRA Deemed University,SASTRA,"Thanjavur, Tamil Nadu",Chemical Engineering,4th Year,IN_TEAM,Chemical Engineering student at SASTRA passionate about Renewable Energy and Wearable Devices.,"[""Fluid Mechanics"", ""CHEMCAD"", ""Heat Transfer"", ""Reaction Engineering"", ""Mass Transfer"", ""MATLAB"", ""Git""]","[""Renewable Energy"", ""Wearable Devices"", ""Cloud Native"", ""Assistive Tech"", ""DevOps""]","[""Design"", ""IoT"", ""Automobile"", ""Biotech""]",[],0,0,"{""repos"": 11, ""commits"": 110, ""stars"": 30, ""followers"": 24, ""following"": 21}",90
4bf3230d-f348-44df-8f97-f2f8545feb5b,Nivedita Soundararajan,nivedita_soundararajan_921,nivedita_soundararajan_921@b2b2h.com,Coimbatore Institute of Technology,CIT,"Coimbatore, Tamil Nadu",Industrial Engineering,3rd Year,OPEN_TO_INVITES,Industrial Engineering student at CIT passionate about Quantum Computing and Renewable Energy.,"[""Ergonomics"", ""Operations Research"", ""Supply Chain"", ""Tableau"", ""SQL"", ""Arena Simulation"", ""Python"", ""Lean Manufacturing"", ""Process Optimization"", ""Team Leadership""]","[""Quantum Computing"", ""Renewable Energy"", ""Drone Tech""]","[""AI/ML"", ""Web""]",[],4,0,"{""repos"": 5, ""commits"": 130, ""stars"": 37, ""followers"": 5, ""following"": 32}",71
2af7712b-5192-4039-b527-b1a51858eda8,Diya Nair,diya_nair_318,diya_nair_318@b2b2h.com,Indian Institute of Technology Madras,IIT Madras,"Chennai, Tamil Nadu",Computer Science Engineering,1st Year,LOOKING_FOR_TEAM,Computer Science Engineering student at IIT Madras passionate about FinTech and Assistive Tech.,"[""Rust"", ""Microservices"", ""Linux"", ""Go"", ""Docker"", ""JavaScript"", ""Python"", ""Redis"", ""Git"", ""Communication""]","[""FinTech"", ""Assistive Tech"", ""Cloud Native"", ""Drone Tech""]","[""Logistics"", ""EdTech"", ""Mechanical"", ""AI/ML""]",[],0,0,"{""repos"": 3, ""commits"": 78, ""stars"": 13, ""followers"": 47, ""following"": 14}",98
1ec54584-53e9-4aeb-849b-1ecb628f6920,Radhika Gowda,radhika_gowda_14,radhika_gowda_14@b2b2h.com,Thiagarajar College of Engineering,TCE,"Madurai, Tamil Nadu",Artificial Intelligence & Machine Learning,2nd Year,OFFLINE,Artificial Intelligence & Machine Learning student at TCE passionate about EdTech and Quantum Computing.,"[""Prompt Engineering"", ""RAG"", ""Vector Databases"", ""Transformer Models"", ""TensorFlow"", ""NLP"", ""PyTorch"", ""Keras"", ""Scikit-Learn"", ""Rapid Prototyping"", ""Team Leadership""]","[""EdTech"", ""Quantum Computing"", ""Blockchain"", ""Drone Tech"", ""Robotics""]","[""Biotech"", ""IoT""]",[],5,0,"{""repos"": 21, ""commits"": 567, ""stars"": 46, ""followers"": 4, ""following"": 7}",78
fa9c63b6-6671-44c4-a83a-564068563133,Lokesh Raghavan,lokesh_raghavan_300,lokesh_raghavan_300@b2b2h.com,SRM Institute of Science and Technology,SRM,"Kattankulathur, Tamil Nadu",Data Science,3rd Year,IN_TEAM,Data Science student at SRM passionate about Autonomous Vehicles and FinTech.,"[""Hadoop"", ""Power BI"", ""Scikit-Learn"", ""Data Visualization"", ""Pandas"", ""Rapid Prototyping""]","[""Autonomous Vehicles"", ""FinTech"", ""AI & ML"", ""Bioinformatics"", ""IoT""]","[""IoT"", ""Robotics"", ""Biotech"", ""Mechanical""]",[],0,0,"{""repos"": 28, ""commits"": 616, ""stars"": 44, ""followers"": 39, ""following"": 8}",91
69f3a439-decd-43f9-bbdd-a6d89724db17,Gautam Narayanan,gautam_narayanan_213,gautam_narayanan_213@b2b2h.com,Manipal Institute of Technology,Manipal,"Manipal, Karnataka",Mechanical Engineering,4th Year,LOOKING_FOR_TEAM,Mechanical Engineering student at Manipal passionate about IoT and Bioinformatics.,"[""MATLAB"", ""CATIA"", ""GD&T"", ""3D Printing"", ""FEA"", ""Presentation"", ""Rapid Prototyping""]","[""IoT"", ""Bioinformatics"", ""AR/VR"", ""SpaceTech""]","[""Mechanical"", ""Healthcare"", ""Cloud""]","[{""name"": ""Bio-Inspired Mechanical Diagnostic Pipeline"", ""desc"": ""Computational genomics and sequence analysis tool leveraging MATLAB for medical diagnostics."", ""tech"": [""3D Printing"", ""Rapid Prototyping"", ""CATIA"", ""MATLAB""], ""role"": ""Bioinformatics Specialist""}]",0,0,"{""repos"": 0, ""commits"": 0, ""stars"": 0, ""followers"": 0, ""following"": 0}",69
0b5106f1-f666-4035-8004-d8f2e00a6a1d,Rajesh Verma,rajesh_verma_193,rajesh_verma_193@b2b2h.com,Vellore Institute of Technology,VIT,"Vellore, Tamil Nadu",Data Science,3rd Year,OPEN_TO_INVITES,Data Science student at VIT passionate about IoT and Cloud Native.,"[""Big Data"", ""Statistical Modeling"", ""SQL"", ""Data Visualization"", ""Spark"", ""Power BI"", ""Team Leadership"", ""Communication""]","[""IoT"", ""Cloud Native"", ""AgriTech"", ""DevOps"", ""Robotics""]","[""Design"", ""Web"", ""Mobile"", ""Automobile""]","[{""name"": ""Decentralized Statistical Modeling Smart Platform"", ""desc"": ""High-throughput microservices architecture powered by Statistical Modeling for scalable transaction processing."", ""tech"": [""Team Leadership"", ""Data Visualization"", ""Communication"", ""Statistical Modeling""], ""role"": ""Full Stack Developer""}, {""name"": ""Autonomous Big Data Navigation System"", ""desc"": ""Real-time path planning and obstacle avoidance pipeline utilizing Big Data and sensor fusion."", ""tech"": [""SQL"", ""Data Visualization"", ""Team Leadership"", ""Statistical Modeling"", ""Big Data""], ""role"": ""AI Developer""}]",3,0,"{""repos"": 34, ""commits"": 918, ""stars"": 43, ""followers"": 36, ""following"": 38}",83
d0b145e9-d7e7-4c2c-8a38-d3590f04765d,Vignesh Patel,vignesh_patel_528,vignesh_patel_528@b2b2h.com,Government College of Technology,GCT,"Coimbatore, Tamil Nadu",Biotechnology,3rd Year,IN_TEAM,Biotechnology student at GCT passionate about Smart Cities and Sustainable Materials.,"[""CRISPR Design"", ""Biostatistics"", ""Microbiology"", ""Molecular Biology"", ""Bioinformatics"", ""Python"", ""Data Analysis"", ""Bioprocess Engineering"", ""Communication""]","[""Smart Cities"", ""Sustainable Materials"", ""Open Source"", ""AI & ML""]","[""CleanTech"", ""Robotics"", ""IoT"", ""Automobile""]","[{""name"": ""Cloud-Native Automobile Security Shield"", ""desc"": ""Zero-trust security monitoring and intrusion detection system using Biostatistics."", ""tech"": [""CRISPR Design"", ""Molecular Biology"", ""Biostatistics""], ""role"": ""Cybersecurity Analyst""}]",1,0,"{""repos"": 10, ""commits"": 200, ""stars"": 10, ""followers"": 3, ""following"": 36}",78
cba3356f-8ea7-4b80-afcb-bdb783165508,Lavanya Bhat,lavanya_bhat_894,lavanya_bhat_894@b2b2h.com,Vellore Institute of Technology,VIT,"Vellore, Tamil Nadu",Cyber Security,4th Year,LOOKING_FOR_MEMBERS,Cyber Security student at VIT passionate about Open Source and Blockchain.,"[""Cryptography"", ""OWASP"", ""Ethical Hacking"", ""Linux"", ""Git"", ""Rapid Prototyping""]","[""Open Source"", ""Blockchain"", ""Smart Cities"", ""IoT""]","[""FinTech"", ""CleanTech""]","[{""name"": ""Bio-Inspired CleanTech Diagnostic Pipeline"", ""desc"": ""Computational genomics and sequence analysis tool leveraging Ethical Hacking for medical diagnostics."", ""tech"": [""Git"", ""Ethical Hacking""], ""role"": ""Data Analyst""}]",3,0,"{""repos"": 7, ""commits"": 189, ""stars"": 13, ""followers"": 20, ""following"": 18}",69
6784c2a4-5419-4346-bd1e-8ddef76ea579,Vikram Balakrishnan,vikram_balakrishnan_833,vikram_balakrishnan_833@b2b2h.com,PSG College of Technology,PSG Tech,"Coimbatore, Tamil Nadu",Data Science,1st Year,OFFLINE,Data Science student at PSG Tech passionate about Smart Cities and Web3.,"[""Big Data"", ""Tableau"", ""Scikit-Learn"", ""SQL"", ""Rapid Prototyping"", ""Team Leadership""]","[""Smart Cities"", ""Web3"", ""Game Development"", ""Wearable Devices""]","[""Mechanical"", ""AgriTech"", ""Automobile""]",[],5,0,"{""repos"": 19, ""commits"": 551, ""stars"": 32, ""followers"": 31, ""following"": 37}",73
3ee193d8-7126-4f80-b986-fd42c72759c2,Shankar Joshi,shankar_joshi_600,shankar_joshi_600@b2b2h.com,SRM Institute of Science and Technology,SRM,"Kattankulathur, Tamil Nadu",Mechanical Engineering,4th Year,LOOKING_FOR_MEMBERS,Mechanical Engineering student at SRM passionate about Sustainable Materials and Bioinformatics.,"[""CNC Programming"", ""Rapid Prototyping"", ""Thermodynamics"", ""CATIA"", ""GD&T"", ""SolidWorks"", ""ANSYS"", ""AutoCAD"", ""3D Printing"", ""Team Leadership""]","[""Sustainable Materials"", ""Bioinformatics"", ""Drone Tech""]","[""Automobile"", ""Logistics"", ""CleanTech""]","[{""name"": ""Decentralized Thermodynamics Smart Platform"", ""desc"": ""High-throughput microservices architecture powered by Thermodynamics for scalable transaction processing."", ""tech"": [""GD&T"", ""Team Leadership"", ""Thermodynamics""], ""role"": ""Backend Engineer""}]",1,0,"{""repos"": 15, ""commits"": 150, ""stars"": 15, ""followers"": 53, ""following"": 21}",82
d0eb8a5d-6237-4eec-a4e0-158099cc2659,Vignesh Natarajan,vignesh_natarajan_442,vignesh_natarajan_442@b2b2h.com,Indian Institute of Technology Madras,IIT Madras,"Chennai, Tamil Nadu",Information Technology,2nd Year,OPEN_TO_INVITES,Information Technology student at IIT Madras passionate about Sustainable Materials and IoT.,"[""Vue.js"", ""Python"", ""AWS"", ""REST API"", ""Networking"", ""Docker"", ""Presentation""]","[""Sustainable Materials"", ""IoT"", ""Smart Cities""]","[""Mobile"", ""AI/ML""]","[{""name"": ""Cloud-Native AI/ML Security Shield"", ""desc"": ""Zero-trust security monitoring and intrusion detection system using AWS."", ""tech"": [""REST API"", ""AWS""], ""role"": ""Cybersecurity Analyst""}]",3,0,"{""repos"": 35, ""commits"": 455, ""stars"": 33, ""followers"": 44, ""following"": 39}",98
b94dbd3e-01cf-41d6-986f-f35a63a849a8,Elango Rajagopal,elango_rajagopal_915,elango_rajagopal_915@b2b2h.com,National Institute of Technology Tiruchirappalli,NIT Trichy,"Tiruchirappalli, Tamil Nadu",Civil Engineering,1st Year,LOOKING_FOR_MEMBERS,Civil Engineering student at NIT Trichy passionate about HealthTech and AgriTech.,"[""Structural Analysis"", ""BIM"", ""SAP2000"", ""Revit"", ""Geotechnical Engineering"", ""Primavera"", ""Problem Solving""]","[""HealthTech"", ""AgriTech"", ""Embedded Systems""]","[""Healthcare"", ""Product"", ""Mobile""]",[],4,0,"{""repos"": 30, ""commits"": 750, ""stars"": 43, ""followers"": 17, ""following"": 19}",96
e20b63aa-1094-46b0-89e8-7e6311e5962c,Zahir Ganesan,zahir_ganesan_742,zahir_ganesan_742@b2b2h.com,Manipal Institute of Technology,Manipal,"Manipal, Karnataka",Robotics,1st Year,OFFLINE,Robotics student at Manipal passionate about Game Development and Renewable Energy.,"[""SolidWorks"", ""Autonomous Navigation"", ""ROS2"", ""Python"", ""Git"", ""Rapid Prototyping""]","[""Game Development"", ""Renewable Energy"", ""Autonomous Vehicles"", ""DeepTech""]","[""IoT"", ""Design"", ""EdTech"", ""Biotech""]","[{""name"": ""Precision Biotech Simulation Suite"", ""desc"": ""High-fidelity finite element modeling and fluid dynamics analysis platform built with SolidWorks."", ""tech"": [""ROS2"", ""SolidWorks"", ""Autonomous Navigation""], ""role"": ""Simulation Specialist""}]",1,0,"{""repos"": 29, ""commits"": 319, ""stars"": 17, ""followers"": 57, ""following"": 7}",94
49c9b4ca-d134-4461-a277-992b4d6ed843,Nirmal Swaminathan,nirmal_swaminathan_958,nirmal_swaminathan_958@b2b2h.com,PES University,PESU,"Bengaluru, Karnataka",Automobile Engineering,4th Year,LOOKING_FOR_TEAM,Automobile Engineering student at PESU passionate about Game Development and FinTech.,"[""Thermodynamics"", ""MATLAB"", ""CATIA"", ""Battery Management"", ""Vehicle Dynamics"", ""Rapid Prototyping"", ""Problem Solving""]","[""Game Development"", ""FinTech"", ""Embedded Systems""]","[""Cloud"", ""Web"", ""Robotics"", ""FinTech""]",[],1,0,"{""repos"": 18, ""commits"": 468, ""stars"": 45, ""followers"": 51, ""following"": 10}",95
1b0eb8d9-5d90-4feb-85f8-57e9bb66294b,Ganesh Menon,ganesh_menon_472,ganesh_menon_472@b2b2h.com,SRM Institute of Science and Technology,SRM,"Kattankulathur, Tamil Nadu",MCA,2nd Year,LOOKING_FOR_MEMBERS,MCA student at SRM passionate about DeepTech and SpaceTech.,"[""Software Engineering"", ""Android"", ""React"", ""Python"", ""Java"", ""Communication"", ""Team Leadership""]","[""DeepTech"", ""SpaceTech"", ""Wearable Devices"", ""Open Source""]","[""Web"", ""Logistics""]","[{""name"": ""IoT-Based Logistics Monitoring Mesh"", ""desc"": ""Distributed telemetry network with embedded sensors for real-time Logistics data analysis."", ""tech"": [""React"", ""Communication"", ""Software Engineering""], ""role"": ""Embedded Systems Developer""}]",0,0,"{""repos"": 30, ""commits"": 870, ""stars"": 16, ""followers"": 11, ""following"": 7}",98
a229e7eb-4cc4-4904-bc99-f96417bb5bf0,Radhika Hegde,radhika_hegde_130,radhika_hegde_130@b2b2h.com,Government College of Technology,GCT,"Coimbatore, Tamil Nadu",MBA,4th Year,IN_TEAM,MBA student at GCT passionate about AR/VR and HealthTech.,"[""Team Leadership"", ""Market Research"", ""Strategic Planning"", ""Data Analytics"", ""Pitching"", ""Agile/Scrum"", ""Business Strategy"", ""Financial Modeling"", ""Product Management"", ""Rapid Prototyping""]","[""AR/VR"", ""HealthTech"", ""Wearable Devices""]","[""FinTech"", ""Automobile"", ""Cybersecurity""]","[{""name"": ""Precision FinTech Simulation Suite"", ""desc"": ""High-fidelity finite element modeling and fluid dynamics analysis platform built with Team Leadership."", ""tech"": [""Pitching"", ""Data Analytics"", ""Financial Modeling"", ""Team Leadership""], ""role"": ""CAD/CAE Engineer""}]",2,0,"{""repos"": 0, ""commits"": 0, ""stars"": 0, ""followers"": 0, ""following"": 0}",72
67a7cfcd-2ec3-4d77-a65d-e632b87f5456,Dinesh Deshmukh,dinesh_deshmukh_740,dinesh_deshmukh_740@b2b2h.com,Vellore Institute of Technology,VIT,"Vellore, Tamil Nadu",MBA,4th Year,OFFLINE,MBA student at VIT passionate about AR/VR and Bioinformatics.,"[""Market Research"", ""Strategic Planning"", ""Agile/Scrum"", ""Product Management"", ""Data Analytics"", ""Financial Modeling"", ""Rapid Prototyping""]","[""AR/VR"", ""Bioinformatics"", ""Smart Cities"", ""Renewable Energy""]","[""Mobile"", ""Web"", ""Healthcare"", ""Mechanical""]",[],3,1,"{""repos"": 11, ""commits"": 297, ""stars"": 2, ""followers"": 39, ""following"": 13}",76
16e1d5c0-c928-45c9-9206-d483c8771a33,Sandhya Rajagopal,sandhya_rajagopal_962,sandhya_rajagopal_962@b2b2h.com,Manipal Institute of Technology,Manipal,"Manipal, Karnataka",Agricultural Engineering,2nd Year,LOOKING_FOR_TEAM,Agricultural Engineering student at Manipal passionate about Assistive Tech and Wearable Devices.,"[""Python"", ""IoT Sensors"", ""GIS"", ""Drone Mapping"", ""AgriTech"", ""Remote Sensing"", ""Team Leadership""]","[""Assistive Tech"", ""Wearable Devices"", ""AgriTech"", ""Sustainable Materials""]","[""Automobile"", ""AgriTech"", ""Healthcare""]","[{""name"": ""NextGen AgriTech Mobile Assistant"", ""desc"": ""Cross-platform mobile application built using GIS to streamline workflow management in AgriTech."", ""tech"": [""IoT Sensors"", ""GIS"", ""Drone Mapping""], ""role"": ""Mobile Developer""}]",5,0,"{""repos"": 6, ""commits"": 102, ""stars"": 11, ""followers"": 4, ""following"": 32}",76
b7e2ecbc-d330-413a-92ac-d3f85a79ef85,Manikandan Natarajan,manikandan_natarajan_128,manikandan_natarajan_128@b2b2h.com,SRM Institute of Science and Technology,SRM,"Kattankulathur, Tamil Nadu",Information Technology,4th Year,LOOKING_FOR_MEMBERS,Information Technology student at SRM passionate about FinTech and Wearable Devices.,"[""Docker"", ""Cloud Computing"", ""Networking"", ""MongoDB"", ""JavaScript"", ""Tailwind CSS"", ""React"", ""Cybersecurity"", ""Express.js"", ""Team Leadership""]","[""FinTech"", ""Wearable Devices"", ""Sustainable Materials"", ""Cloud Native""]","[""Product"", ""Logistics"", ""FinTech""]","[{""name"": ""Autonomous Networking Navigation System"", ""desc"": ""Real-time path planning and obstacle avoidance pipeline utilizing Networking and sensor fusion."", ""tech"": [""React"", ""Cloud Computing"", ""Networking""], ""role"": ""Robotics Engineer""}]",4,0,"{""repos"": 0, ""commits"": 0, ""stars"": 0, ""followers"": 0, ""following"": 0}",89
1044be72-5821-47e7-92b6-0796d7cba486,Meera Balakrishnan,meera_balakrishnan_392,meera_balakrishnan_392@b2b2h.com,Coimbatore Institute of Technology,CIT,"Coimbatore, Tamil Nadu",Artificial Intelligence & Machine Learning,3rd Year,OPEN_TO_INVITES,Artificial Intelligence & Machine Learning student at CIT passionate about Bioinformatics and AI & ML.,"[""TensorFlow"", ""NLP"", ""Keras"", ""Vector Databases"", ""Rapid Prototyping"", ""Communication""]","[""Bioinformatics"", ""AI & ML"", ""Robotics"", ""Generative AI"", ""Game Development""]","[""Biotech"", ""CleanTech"", ""Cloud"", ""FinTech""]","[{""name"": ""Autonomous Keras Navigation System"", ""desc"": ""Real-time path planning and obstacle avoidance pipeline utilizing Keras and sensor fusion."", ""tech"": [""TensorFlow"", ""Communication"", ""Vector Databases"", ""Keras""], ""role"": ""Robotics Engineer""}]",3,0,"{""repos"": 28, ""commits"": 336, ""stars"": 1, ""followers"": 56, ""following"": 15}",73
ebd67270-7b36-40e2-ba76-ffe10b3142c3,Divya Das,divya_das_672,divya_das_672@b2b2h.com,BMS College of Engineering,BMSCE,"Bengaluru, Karnataka",Architecture,2nd Year,LOOKING_FOR_TEAM,Architecture student at BMSCE passionate about Cloud Native and HealthTech.,"[""BIM"", ""3ds Max"", ""Grasshopper"", ""Lumion"", ""Urban Planning"", ""Revit"", ""Presentation"", ""Problem Solving""]","[""Cloud Native"", ""HealthTech"", ""IoT"", ""Embedded Systems""]","[""Civil"", ""Healthcare"", ""Automobile""]",[],0,0,"{""repos"": 26, ""commits"": 754, ""stars"": 11, ""followers"": 29, ""following"": 29}",70
14f94e94-7722-4ae8-8b7e-be63c79c6533,Saravanan Krishnan,saravanan_krishnan_484,saravanan_krishnan_484@b2b2h.com,Indian Institute of Technology Madras,IIT Madras,"Chennai, Tamil Nadu",Civil Engineering,2nd Year,IN_TEAM,Civil Engineering student at IIT Madras passionate about Bioinformatics and DeepTech.,"[""Geotechnical Engineering"", ""Primavera"", ""Surveying"", ""AutoCAD Civil 3D"", ""ETABS"", ""Hydrology"", ""Revit"", ""AutoCAD"", ""Communication"", ""Team Leadership""]","[""Bioinformatics"", ""DeepTech"", ""CleanTech""]","[""Mechanical"", ""Automobile""]",[],1,0,"{""repos"": 35, ""commits"": 455, ""stars"": 32, ""followers"": 29, ""following"": 28}",71
84b11712-b999-4294-9216-31439dee842d,Vijay Banerjee,vijay_banerjee_373,vijay_banerjee_373@b2b2h.com,SASTRA Deemed University,SASTRA,"Thanjavur, Tamil Nadu",Cyber Security,1st Year,OFFLINE,Cyber Security student at SASTRA passionate about DeepTech and Renewable Energy.,"[""Penetration Testing"", ""Cryptography"", ""Wireshark"", ""SOC Analysis"", ""Problem Solving"", ""Presentation""]","[""DeepTech"", ""Renewable Energy"", ""CleanTech"", ""Robotics""]","[""Biotech"", ""Logistics"", ""Healthcare"", ""CleanTech""]",[],0,0,"{""repos"": 8, ""commits"": 232, ""stars"": 16, ""followers"": 57, ""following"": 8}",81
41548c0f-f749-405b-8baa-0d455112ae92,Aditya Sharma,aditya_sharma_414,aditya_sharma_414@b2b2h.com,National Institute of Technology Tiruchirappalli,NIT Trichy,"Tiruchirappalli, Tamil Nadu",Computer Science Engineering,2nd Year,IN_TEAM,Computer Science Engineering student at NIT Trichy passionate about AI & ML and HealthTech.,"[""Kubernetes"", ""REST API"", ""Redis"", ""FastAPI"", ""Docker"", ""Linux"", ""Microservices"", ""Team Leadership""]","[""AI & ML"", ""HealthTech"", ""Blockchain""]","[""FinTech"", ""Web""]","[{""name"": ""IoT-Based FinTech Monitoring Mesh"", ""desc"": ""Distributed telemetry network with embedded sensors for real-time FinTech data analysis."", ""tech"": [""FastAPI"", ""Team Leadership"", ""Linux"", ""Docker"", ""REST API""], ""role"": ""Embedded Systems Developer""}]",0,0,"{""repos"": 32, ""commits"": 448, ""stars"": 30, ""followers"": 29, ""following"": 3}",71
c0d7e26a-5ff2-486e-9549-731319f1a415,Pooja Soundararajan,pooja_soundararajan_996,pooja_soundararajan_996@b2b2h.com,SRM Institute of Science and Technology,SRM,"Kattankulathur, Tamil Nadu",Aerospace Engineering,1st Year,IN_TEAM,Aerospace Engineering student at SRM passionate about Quantum Computing and Assistive Tech.,"[""Propulsion Systems"", ""SolidWorks"", ""Orbital Mechanics"", ""MATLAB"", ""Flight Mechanics"", ""ANSYS"", ""Aerodynamics"", ""OpenFOAM"", ""Presentation""]","[""Quantum Computing"", ""Assistive Tech"", ""IoT"", ""Sustainable Materials"", ""Open Source""]","[""Design"", ""AgriTech"", ""Mobile"", ""Civil""]",[],3,2,"{""repos"": 34, ""commits"": 578, ""stars"": 45, ""followers"": 5, ""following"": 35}",68
408c11bf-3b81-445f-b34d-5dc8d82d98a6,Vikram Menon,vikram_menon_576,vikram_menon_576@b2b2h.com,National Institute of Technology Tiruchirappalli,NIT Trichy,"Tiruchirappalli, Tamil Nadu",Mechatronics,4th Year,IN_TEAM,Mechatronics student at NIT Trichy passionate about FinTech and CleanTech.,"[""Sensors"", ""Hydraulics"", ""Control Theory"", ""Python"", ""Presentation"", ""Rapid Prototyping""]","[""FinTech"", ""CleanTech"", ""Sustainable Materials""]","[""Civil"", ""Aerospace""]","[{""name"": ""Bio-Inspired Civil Diagnostic Pipeline"", ""desc"": ""Computational genomics and sequence analysis tool leveraging Sensors for medical diagnostics."", ""tech"": [""Rapid Prototyping"", ""Control Theory"", ""Python"", ""Sensors""], ""role"": ""Data Analyst""}]",3,2,"{""repos"": 26, ""commits"": 650, ""stars"": 10, ""followers"": 41, ""following"": 15}",77
72784713-9bf5-4872-b81e-90d330240b55,Jaya Bhat,jaya_bhat_504,jaya_bhat_504@b2b2h.com,Anna University Regional Campus,Anna University,"Chennai, Tamil Nadu",Electrical Engineering,2nd Year,OPEN_TO_INVITES,Electrical Engineering student at Anna University passionate about DeepTech and AgriTech.,"[""Proteus"", ""Simulink"", ""Arduino"", ""ETAP"", ""Power Systems"", ""SCADA"", ""IoT Sensors"", ""Power Electronics"", ""Problem Solving""]","[""DeepTech"", ""AgriTech"", ""Autonomous Vehicles"", ""Bioinformatics""]","[""Cybersecurity"", ""Mechanical""]",[],0,0,"{""repos"": 24, ""commits"": 552, ""stars"": 7, ""followers"": 41, ""following"": 16}",71
2eb80ac5-5cde-49bd-92de-1cea1c48bc1e,Varun Rajagopal,varun_rajagopal_274,varun_rajagopal_274@b2b2h.com,Manipal Institute of Technology,Manipal,"Manipal, Karnataka",Chemical Engineering,1st Year,OFFLINE,Chemical Engineering student at Manipal passionate about AR/VR and Smart Cities.,"[""Fluid Mechanics"", ""Reaction Engineering"", ""CHEMCAD"", ""Process Control"", ""ASPEN Plus"", ""Heat Transfer"", ""Problem Solving"", ""Presentation""]","[""AR/VR"", ""Smart Cities"", ""Assistive Tech"", ""Blockchain"", ""Wearable Devices""]","[""Mobile"", ""Mechanical"", ""IoT"", ""Cybersecurity""]",[],0,0,"{""repos"": 26, ""commits"": 390, ""stars"": 46, ""followers"": 20, ""following"": 30}",92
ae7ebec1-fd6e-42b9-8252-7ca6592ae554,Rajesh Iyer,rajesh_iyer_167,rajesh_iyer_167@b2b2h.com,Indian Institute of Technology Madras,IIT Madras,"Chennai, Tamil Nadu",Chemical Engineering,3rd Year,OPEN_TO_INVITES,Chemical Engineering student at IIT Madras passionate about Robotics and CleanTech.,"[""Heat Transfer"", ""Polymer Chemistry"", ""MATLAB"", ""Reaction Engineering"", ""Team Leadership""]","[""Robotics"", ""CleanTech"", ""Cloud Native"", ""FinTech""]","[""Healthcare"", ""Aerospace""]","[{""name"": ""Precision Healthcare Simulation Suite"", ""desc"": ""High-fidelity finite element modeling and fluid dynamics analysis platform built with Polymer Chemistry."", ""tech"": [""Team Leadership"", ""Reaction Engineering"", ""Polymer Chemistry""], ""role"": ""CAD/CAE Engineer""}]",0,0,"{""repos"": 29, ""commits"": 667, ""stars"": 29, ""followers"": 56, ""following"": 35}",93
8232d63e-d487-4977-bd32-327717e11fb0,Zahir Verma,zahir_verma_463,zahir_verma_463@b2b2h.com,Anna University Regional Campus,Anna University,"Chennai, Tamil Nadu",Computer Science Engineering,1st Year,LOOKING_FOR_TEAM,Computer Science Engineering student at Anna University passionate about Cybersecurity and DeepTech.,"[""PostgreSQL"", ""Kubernetes"", ""Go"", ""Git"", ""TypeScript"", ""CI/CD"", ""Presentation""]","[""Cybersecurity"", ""DeepTech"", ""Open Source"", ""Generative AI"", ""Game Development""]","[""Mechanical"", ""AgriTech"", ""Automobile"", ""Robotics""]",[],5,1,"{""repos"": 3, ""commits"": 54, ""stars"": 33, ""followers"": 41, ""following"": 11}",90
387913f7-3bc9-49cb-8fe2-9330745c9851,Kiran Mehta,kiran_mehta_220,kiran_mehta_220@b2b2h.com,SSN College of Engineering,SSN,"Chennai, Tamil Nadu",Data Science,4th Year,LOOKING_FOR_MEMBERS,Data Science student at SSN passionate about DevOps and CleanTech.,"[""Power BI"", ""Pandas"", ""Scikit-Learn"", ""SQL"", ""Python"", ""Big Data"", ""R"", ""Data Visualization"", ""Hadoop"", ""Team Leadership"", ""Problem Solving""]","[""DevOps"", ""CleanTech"", ""Cloud Native"", ""Robotics"", ""Drone Tech""]","[""Cybersecurity"", ""Web"", ""Product"", ""Healthcare""]","[{""name"": ""IoT-Based Healthcare Monitoring Mesh"", ""desc"": ""Distributed telemetry network with embedded sensors for real-time Healthcare data analysis."", ""tech"": [""Pandas"", ""Power BI"", ""Big Data"", ""Python""], ""role"": ""IoT Specialist""}]",0,0,"{""repos"": 0, ""commits"": 0, ""stars"": 0, ""followers"": 0, ""following"": 0}",88
937d18e2-38a4-4b49-a93a-047fab3db10e,Kiran Bhattacharya,kiran_bhattacharya_596,kiran_bhattacharya_596@b2b2h.com,Thiagarajar College of Engineering,TCE,"Madurai, Tamil Nadu",Computer Science Engineering,4th Year,LOOKING_FOR_MEMBERS,Computer Science Engineering student at TCE passionate about CleanTech and Bioinformatics.,"[""Microservices"", ""CI/CD"", ""Linux"", ""System Design"", ""REST API"", ""Communication""]","[""CleanTech"", ""Bioinformatics"", ""Smart Cities"", ""Wearable Devices""]","[""Product"", ""Cloud"", ""Robotics"", ""Mechanical""]","[{""name"": ""IoT-Based Robotics Monitoring Mesh"", ""desc"": ""Distributed telemetry network with embedded sensors for real-time Robotics data analysis."", ""tech"": [""REST API"", ""CI/CD"", ""Linux"", ""Communication"", ""Microservices""], ""role"": ""Embedded Systems Developer""}, {""name"": ""AI-Driven Mechanical Predictive Analytics Engine"", ""desc"": ""Machine learning pipeline leveraging Linux for anomaly detection and forecasting in Mechanical."", ""tech"": [""Microservices"", ""Communication"", ""REST API"", ""Linux""], ""role"": ""ML Engineer""}]",0,0,"{""repos"": 31, ""commits"": 372, ""stars"": 23, ""followers"": 45, ""following"": 35}",80
9c588639-a077-4e52-b96e-abc5b46ed667,Vignesh Chettiar,vignesh_chettiar_807,vignesh_chettiar_807@b2b2h.com,Vellore Institute of Technology,VIT,"Vellore, Tamil Nadu",Mechatronics,4th Year,IN_TEAM,Mechatronics student at VIT passionate about Renewable Energy and Cloud Native.,"[""Kinematics"", ""Sensors"", ""PCB Design"", ""PLC"", ""SolidWorks"", ""Hydraulics"", ""Pneumatics"", ""Presentation"", ""Rapid Prototyping""]","[""Renewable Energy"", ""Cloud Native"", ""Assistive Tech""]","[""IoT"", ""FinTech"", ""Biotech"", ""Civil""]","[{""name"": ""Autonomous PCB Design Navigation System"", ""desc"": ""Real-time path planning and obstacle avoidance pipeline utilizing PCB Design and sensor fusion."", ""tech"": [""Hydraulics"", ""Sensors"", ""SolidWorks"", ""PLC"", ""PCB Design""], ""role"": ""Robotics Engineer""}]",0,0,"{""repos"": 21, ""commits"": 231, ""stars"": 33, ""followers"": 11, ""following"": 9}",79
e08544ce-9fea-4ed5-926b-df8a4054cef4,Abhinav Bhattacharya,abhinav_bhattacharya_311,abhinav_bhattacharya_311@b2b2h.com,SRM Institute of Science and Technology,SRM,"Kattankulathur, Tamil Nadu",Computer Science Engineering,2nd Year,OPEN_TO_INVITES,Computer Science Engineering student at SRM passionate about Web3 and Assistive Tech.,"[""Git"", ""TypeScript"", ""FastAPI"", ""REST API"", ""Rust"", ""Go"", ""Redis"", ""JavaScript""]","[""Web3"", ""Assistive Tech"", ""Generative AI"", ""Quantum Computing""]","[""Product"", ""AgriTech"", ""Biotech""]","[{""name"": ""Cloud-Native AgriTech Security Shield"", ""desc"": ""Zero-trust security monitoring and intrusion detection system using TypeScript."", ""tech"": [""FastAPI"", ""Redis"", ""TypeScript"", ""Rust""], ""role"": ""DevOps Engineer""}]",4,0,"{""repos"": 23, ""commits"": 276, ""stars"": 39, ""followers"": 44, ""following"": 28}",80
11ae27ca-bf45-46bd-9607-4def4f4b9847,Dinesh Krishnan,dinesh_krishnan_563,dinesh_krishnan_563@b2b2h.com,Government College of Technology,GCT,"Coimbatore, Tamil Nadu",Fashion Technology,4th Year,LOOKING_FOR_MEMBERS,Fashion Technology student at GCT passionate about Open Source and Drone Tech.,"[""Textile Science"", ""Adobe Illustrator"", ""Fashion Analytics"", ""CAD Fashion"", ""Pattern Making"", ""CLO 3D"", ""Garment Manufacturing"", ""Merchandising"", ""Git""]","[""Open Source"", ""Drone Tech"", ""Generative AI"", ""Cloud Native"", ""HealthTech""]","[""Mechanical"", ""Web"", ""IoT""]","[{""name"": ""AI-Driven Web Predictive Analytics Engine"", ""desc"": ""Machine learning pipeline leveraging Textile Science for anomaly detection and forecasting in Web."", ""tech"": [""CAD Fashion"", ""Merchandising"", ""Textile Science""], ""role"": ""Data Scientist""}]",5,1,"{""repos"": 34, ""commits"": 340, ""stars"": 21, ""followers"": 29, ""following"": 13}",81
5bb79aa1-96a0-4574-ab8a-8a44cc9b7d84,Sneha Menon,sneha_menon_401,sneha_menon_401@b2b2h.com,SASTRA Deemed University,SASTRA,"Thanjavur, Tamil Nadu",Artificial Intelligence & Data Science,1st Year,LOOKING_FOR_TEAM,Artificial Intelligence & Data Science student at SASTRA passionate about AR/VR and Robotics.,"[""NumPy"", ""SQL"", ""Pandas"", ""TensorFlow"", ""R"", ""Data Analysis"", ""PyTorch"", ""Vector Embeddings"", ""Rapid Prototyping"", ""Team Leadership""]","[""AR/VR"", ""Robotics"", ""FinTech""]","[""Mobile"", ""AgriTech""]","[{""name"": ""Precision AgriTech Simulation Suite"", ""desc"": ""High-fidelity finite element modeling and fluid dynamics analysis platform built with NumPy."", ""tech"": [""PyTorch"", ""Data Analysis"", ""NumPy""], ""role"": ""Simulation Specialist""}]",3,0,"{""repos"": 18, ""commits"": 450, ""stars"": 32, ""followers"": 50, ""following"": 34}",80
e12d2d84-0277-4bcb-84ff-63450e3cc004,Hemant Reddy,hemant_reddy_335,hemant_reddy_335@b2b2h.com,SRM Institute of Science and Technology,SRM,"Kattankulathur, Tamil Nadu",Instrumentation Engineering,4th Year,LOOKING_FOR_TEAM,Instrumentation Engineering student at SRM passionate about Smart Cities and Cybersecurity.,"[""LabVIEW"", ""Arduino"", ""Process Control"", ""DCS"", ""SCADA"", ""Instrumentation"", ""Embedded Systems"", ""Git""]","[""Smart Cities"", ""Cybersecurity"", ""CleanTech"", ""Open Source"", ""Quantum Computing""]","[""AI/ML"", ""Mechanical"", ""FinTech""]","[{""name"": ""AI-Driven FinTech Predictive Analytics Engine"", ""desc"": ""Machine learning pipeline leveraging Arduino for anomaly detection and forecasting in FinTech."", ""tech"": [""DCS"", ""SCADA"", ""Arduino""], ""role"": ""ML Engineer""}]",5,0,"{""repos"": 0, ""commits"": 0, ""stars"": 0, ""followers"": 0, ""following"": 0}",82
fe99f611-2c6c-4443-b5ca-7a9efb2bbdf1,Keerthana Mehta,keerthana_mehta_181,keerthana_mehta_181@b2b2h.com,Government College of Technology,GCT,"Coimbatore, Tamil Nadu",Information Technology,4th Year,LOOKING_FOR_MEMBERS,Information Technology student at GCT passionate about DevOps and Open Source.,"[""AWS"", ""REST API"", ""Tailwind CSS"", ""Cybersecurity"", ""HTML/CSS"", ""Node.js"", ""Firebase"", ""Docker"", ""Problem Solving"", ""Team Leadership""]","[""DevOps"", ""Open Source"", ""Web3"", ""CleanTech"", ""SpaceTech""]","[""IoT"", ""Cloud"", ""Design"", ""Healthcare""]",[],3,0,"{""repos"": 24, ""commits"": 720, ""stars"": 16, ""followers"": 50, ""following"": 30}",76
b3b6351b-3567-4776-9e69-58952ccbd617,Raghav Krishnan,raghav_krishnan_225,raghav_krishnan_225@b2b2h.com,SRM Institute of Science and Technology,SRM,"Kattankulathur, Tamil Nadu",Data Science,3rd Year,LOOKING_FOR_TEAM,Data Science student at SRM passionate about Smart Cities and DeepTech.,"[""R"", ""Data Visualization"", ""Python"", ""Spark"", ""Big Data"", ""Hadoop"", ""Tableau"", ""SQL"", ""Pandas"", ""Rapid Prototyping"", ""Git""]","[""Smart Cities"", ""DeepTech"", ""Game Development""]","[""AI/ML"", ""Design"", ""Web"", ""Biotech""]",[],0,0,"{""repos"": 27, ""commits"": 783, ""stars"": 22, ""followers"": 26, ""following"": 13}",94
d98f74bd-f178-4c27-b181-e77e0b0e657d,Ananya Iyengar,ananya_iyengar_483,ananya_iyengar_483@b2b2h.com,Manipal Institute of Technology,Manipal,"Manipal, Karnataka",Mechanical Engineering,4th Year,LOOKING_FOR_TEAM,Mechanical Engineering student at Manipal passionate about Game Development and CleanTech.,"[""GD&T"", ""SolidWorks"", ""FEA"", ""Fluid Mechanics"", ""CFD"", ""Problem Solving""]","[""Game Development"", ""CleanTech"", ""Smart Cities"", ""Renewable Energy"", ""EdTech""]","[""Civil"", ""Aerospace""]","[{""name"": ""Autonomous SolidWorks Navigation System"", ""desc"": ""Real-time path planning and obstacle avoidance pipeline utilizing SolidWorks and sensor fusion."", ""tech"": [""Problem Solving"", ""CFD"", ""SolidWorks"", ""GD&T""], ""role"": ""Robotics Engineer""}]",3,0,"{""repos"": 34, ""commits"": 510, ""stars"": 35, ""followers"": 14, ""following"": 38}",89
6f77d6a3-8da9-4180-a762-e5768bd04a12,Vijay Joshi,vijay_joshi_76,vijay_joshi_76@b2b2h.com,Coimbatore Institute of Technology,CIT,"Coimbatore, Tamil Nadu",Electronics & Communication Engineering,1st Year,OPEN_TO_INVITES,Electronics & Communication Engineering student at CIT passionate about AI & ML and Quantum Computing.,"[""FPGA"", ""PCB Design"", ""ESP32"", ""RTOS"", ""VLSI"", ""Embedded C"", ""Presentation"", ""Git""]","[""AI & ML"", ""Quantum Computing"", ""Game Development"", ""Bioinformatics""]","[""Mobile"", ""CleanTech"", ""Automobile"", ""Design""]",[],1,0,"{""repos"": 5, ""commits"": 85, ""stars"": 3, ""followers"": 19, ""following"": 28}",85
f0ae74dd-8a44-49f8-b614-11c3abb9efb5,Pavithra Sharma,pavithra_sharma_411,pavithra_sharma_411@b2b2h.com,PSG College of Technology,PSG Tech,"Coimbatore, Tamil Nadu",Automobile Engineering,1st Year,OFFLINE,Automobile Engineering student at PSG Tech passionate about CleanTech and Web3.,"[""Vehicle Dynamics"", ""Electric Drive Systems"", ""CATIA"", ""Powertrain Design"", ""Team Leadership""]","[""CleanTech"", ""Web3"", ""Game Development"", ""Blockchain""]","[""Civil"", ""Automobile""]",[],0,0,"{""repos"": 24, ""commits"": 432, ""stars"": 15, ""followers"": 8, ""following"": 32}",75
b33c7dd8-cc1e-4f75-abd7-db482c0308b4,Eshan Krishnan,eshan_krishnan_542,eshan_krishnan_542@b2b2h.com,BMS College of Engineering,BMSCE,"Bengaluru, Karnataka",Civil Engineering,1st Year,OFFLINE,Civil Engineering student at BMSCE passionate about Generative AI and Smart Cities.,"[""Hydrology"", ""AutoCAD Civil 3D"", ""Geotechnical Engineering"", ""Primavera"", ""BIM"", ""Surveying"", ""AutoCAD"", ""SAP2000"", ""Communication"", ""Problem Solving""]","[""Generative AI"", ""Smart Cities"", ""Embedded Systems""]","[""AgriTech"", ""Automobile""]","[{""name"": ""Decentralized Hydrology Smart Platform"", ""desc"": ""High-throughput microservices architecture powered by Hydrology for scalable transaction processing."", ""tech"": [""Hydrology"", ""BIM"", ""AutoCAD"", ""Primavera""], ""role"": ""Full Stack Developer""}, {""name"": ""Precision AgriTech Simulation Suite"", ""desc"": ""High-fidelity finite element modeling and fluid dynamics analysis platform built with Hydrology."", ""tech"": [""AutoCAD"", ""SAP2000"", ""Problem Solving"", ""Hydrology""], ""role"": ""CAD/CAE Engineer""}]",2,0,"{""repos"": 15, ""commits"": 195, ""stars"": 6, ""followers"": 2, ""following"": 40}",90
4a4c9e97-9845-42a6-98b8-c94aad38f9e6,Siddharth Hegde,siddharth_hegde_139,siddharth_hegde_139@b2b2h.com,Indian Institute of Technology Madras,IIT Madras,"Chennai, Tamil Nadu",Industrial Engineering,3rd Year,LOOKING_FOR_MEMBERS,Industrial Engineering student at IIT Madras passionate about Quantum Computing and Cloud Native.,"[""Tableau"", ""Python"", ""Six Sigma"", ""Supply Chain"", ""SQL"", ""Operations Research"", ""Ergonomics"", ""Communication""]","[""Quantum Computing"", ""Cloud Native"", ""Game Development"", ""Drone Tech"", ""Autonomous Vehicles""]","[""Product"", ""Design"", ""Cloud""]",[],0,0,"{""repos"": 24, ""commits"": 456, ""stars"": 23, ""followers"": 2, ""following"": 35}",86
286ddc0f-e370-4a6a-b71d-eafbac97a95f,Omkar Reddy,omkar_reddy_253,omkar_reddy_253@b2b2h.com,SSN College of Engineering,SSN,"Chennai, Tamil Nadu",Instrumentation Engineering,1st Year,IN_TEAM,Instrumentation Engineering student at SSN passionate about Renewable Energy and Embedded Systems.,"[""Process Control"", ""DCS"", ""Embedded Systems"", ""Arduino"", ""LabVIEW"", ""SCADA"", ""Presentation""]","[""Renewable Energy"", ""Embedded Systems"", ""AR/VR"", ""Robotics""]","[""Product"", ""CleanTech"", ""AgriTech"", ""Automobile""]",[],2,0,"{""repos"": 5, ""commits"": 125, ""stars"": 14, ""followers"": 60, ""following"": 2}",88
43965359-ca1d-45cf-91a8-d082153130f9,Yash Murugan,yash_murugan_648,yash_murugan_648@b2b2h.com,PSG College of Technology,PSG Tech,"Coimbatore, Tamil Nadu",Civil Engineering,4th Year,LOOKING_FOR_MEMBERS,Civil Engineering student at PSG Tech passionate about Cybersecurity and CleanTech.,"[""SAP2000"", ""Revit"", ""Primavera"", ""STAAD Pro"", ""AutoCAD"", ""GIS"", ""Surveying"", ""Geotechnical Engineering"", ""Structural Analysis"", ""Git""]","[""Cybersecurity"", ""CleanTech"", ""Embedded Systems""]","[""Product"", ""Aerospace""]","[{""name"": ""Autonomous SAP2000 Navigation System"", ""desc"": ""Real-time path planning and obstacle avoidance pipeline utilizing SAP2000 and sensor fusion."", ""tech"": [""AutoCAD"", ""Primavera"", ""SAP2000""], ""role"": ""Robotics Engineer""}, {""name"": ""NextGen Product Mobile Assistant"", ""desc"": ""Cross-platform mobile application built using Primavera to streamline workflow management in Product."", ""tech"": [""Structural Analysis"", ""STAAD Pro"", ""Primavera""], ""role"": ""Mobile Developer""}]",0,0,"{""repos"": 19, ""commits"": 247, ""stars"": 1, ""followers"": 55, ""following"": 10}",80
eea395fd-93bf-4317-b6e5-0916f9cab3b2,Lokesh Krishnan,lokesh_krishnan_968,lokesh_krishnan_968@b2b2h.com,PSG College of Technology,PSG Tech,"Coimbatore, Tamil Nadu",Robotics,4th Year,OPEN_TO_INVITES,Robotics student at PSG Tech passionate about DeepTech and Cybersecurity.,"[""Raspberry Pi"", ""OpenCV"", ""Autonomous Navigation"", ""Gazebo"", ""SLAM"", ""Sensor Fusion"", ""Problem Solving""]","[""DeepTech"", ""Cybersecurity"", ""Smart Cities""]","[""FinTech"", ""Design""]","[{""name"": ""Precision Design Simulation Suite"", ""desc"": ""High-fidelity finite element modeling and fluid dynamics analysis platform built with Autonomous Navigation."", ""tech"": [""SLAM"", ""Gazebo"", ""OpenCV"", ""Autonomous Navigation""], ""role"": ""CAD/CAE Engineer""}]",1,0,"{""repos"": 6, ""commits"": 180, ""stars"": 50, ""followers"": 19, ""following"": 10}",95
d650a5ef-4b67-4938-b860-7cdad70abcaa,Vishal Rajagopal,vishal_rajagopal_224,vishal_rajagopal_224@b2b2h.com,Thiagarajar College of Engineering,TCE,"Madurai, Tamil Nadu",Artificial Intelligence & Data Science,4th Year,OFFLINE,Artificial Intelligence & Data Science student at TCE passionate about FinTech and Robotics.,"[""NumPy"", ""Prompt Engineering"", ""Data Analysis"", ""R"", ""Rapid Prototyping"", ""Git""]","[""FinTech"", ""Robotics"", ""Renewable Energy"", ""Autonomous Vehicles""]","[""Civil"", ""Logistics"", ""Product"", ""Healthcare""]",[],3,0,"{""repos"": 15, ""commits"": 360, ""stars"": 15, ""followers"": 27, ""following"": 15}",77
5061b396-fa5f-47ae-a0ae-f1592c9af4bc,Bhuvan Hegde,bhuvan_hegde_170,bhuvan_hegde_170@b2b2h.com,PES University,PESU,"Bengaluru, Karnataka",Chemical Engineering,3rd Year,OFFLINE,Chemical Engineering student at PESU passionate about Embedded Systems and Cloud Native.,"[""Fluid Mechanics"", ""CHEMCAD"", ""Mass Transfer"", ""Heat Transfer"", ""Team Leadership"", ""Git""]","[""Embedded Systems"", ""Cloud Native"", ""AR/VR""]","[""Automobile"", ""Biotech"", ""Product""]","[{""name"": ""Precision Biotech Simulation Suite"", ""desc"": ""High-fidelity finite element modeling and fluid dynamics analysis platform built with CHEMCAD."", ""tech"": [""Mass Transfer"", ""Git"", ""Heat Transfer"", ""CHEMCAD""], ""role"": ""CAD/CAE Engineer""}]",0,0,"{""repos"": 19, ""commits"": 570, ""stars"": 4, ""followers"": 24, ""following"": 7}",77
6e3fd000-3350-4764-982f-563f6caa0a70,Saravanan Gowda,saravanan_gowda_669,saravanan_gowda_669@b2b2h.com,National Institute of Technology Tiruchirappalli,NIT Trichy,"Tiruchirappalli, Tamil Nadu",Mechatronics,2nd Year,LOOKING_FOR_TEAM,Mechatronics student at NIT Trichy passionate about Bioinformatics and Robotics.,"[""ROS2"", ""Python"", ""ROS"", ""Pneumatics"", ""Communication""]","[""Bioinformatics"", ""Robotics"", ""AgriTech""]","[""Healthcare"", ""FinTech"", ""Cloud""]","[{""name"": ""NextGen FinTech Mobile Assistant"", ""desc"": ""Cross-platform mobile application built using ROS2 to streamline workflow management in FinTech."", ""tech"": [""ROS"", ""Pneumatics"", ""Python"", ""ROS2""], ""role"": ""Mobile Developer""}, {""name"": ""Bio-Inspired Cloud Diagnostic Pipeline"", ""desc"": ""Computational genomics and sequence analysis tool leveraging ROS for medical diagnostics."", ""tech"": [""Pneumatics"", ""Python"", ""ROS""], ""role"": ""Bioinformatics Specialist""}]",1,0,"{""repos"": 32, ""commits"": 768, ""stars"": 21, ""followers"": 52, ""following"": 7}",78
c1177040-dce4-4597-81dd-d97175e6d848,Hariharan Swaminathan,hariharan_swaminathan_224,hariharan_swaminathan_224@b2b2h.com,SRM Institute of Science and Technology,SRM,"Kattankulathur, Tamil Nadu",Agricultural Engineering,1st Year,LOOKING_FOR_MEMBERS,Agricultural Engineering student at SRM passionate about EdTech and Quantum Computing.,"[""Remote Sensing"", ""GIS"", ""Soil Mechanics"", ""AutoCAD"", ""AgriTech"", ""Presentation"", ""Communication""]","[""EdTech"", ""Quantum Computing"", ""Bioinformatics"", ""Drone Tech""]","[""Design"", ""AgriTech"", ""CleanTech""]",[],0,0,"{""repos"": 5, ""commits"": 70, ""stars"": 9, ""followers"": 23, ""following"": 38}",88
fd0feb1e-8702-4e30-9a7d-f1a6152889b2,Vikram Balakrishnan,vikram_balakrishnan_400,vikram_balakrishnan_400@b2b2h.com,PSG College of Technology,PSG Tech,"Coimbatore, Tamil Nadu",Biotechnology,1st Year,OFFLINE,Biotechnology student at PSG Tech passionate about Bioinformatics and DevOps.,"[""Genomics"", ""Bioprocess Engineering"", ""R"", ""Microbiology"", ""Molecular Biology"", ""PyMOL"", ""Bioinformatics"", ""Team Leadership""]","[""Bioinformatics"", ""DevOps"", ""FinTech""]","[""Logistics"", ""Civil""]",[],0,0,"{""repos"": 7, ""commits"": 154, ""stars"": 18, ""followers"": 15, ""following"": 16}",77
7414c738-2eef-4913-994b-6afa09ab6f6b,Sneha Nair,sneha_nair_475,sneha_nair_475@b2b2h.com,Government College of Technology,GCT,"Coimbatore, Tamil Nadu",Chemical Engineering,1st Year,OPEN_TO_INVITES,Chemical Engineering student at GCT passionate about DeepTech and Assistive Tech.,"[""MATLAB"", ""Chemical Safety"", ""Fluid Mechanics"", ""ASPEN Plus"", ""CHEMCAD"", ""Mass Transfer"", ""Rapid Prototyping"", ""Problem Solving""]","[""DeepTech"", ""Assistive Tech"", ""HealthTech"", ""Cybersecurity""]","[""AgriTech"", ""Automobile""]",[],4,0,"{""repos"": 35, ""commits"": 840, ""stars"": 17, ""followers"": 14, ""following"": 2}",72
8995f629-3c40-4be3-af08-55a1ef05567b,Gautam Balakrishnan,gautam_balakrishnan_629,gautam_balakrishnan_629@b2b2h.com,BMS College of Engineering,BMSCE,"Bengaluru, Karnataka",Civil Engineering,3rd Year,OFFLINE,Civil Engineering student at BMSCE passionate about AR/VR and Wearable Devices.,"[""Hydrology"", ""Primavera"", ""Structural Analysis"", ""AutoCAD"", ""AutoCAD Civil 3D"", ""ETABS"", ""GIS"", ""Communication"", ""Presentation""]","[""AR/VR"", ""Wearable Devices"", ""Smart Cities"", ""Assistive Tech""]","[""Automobile"", ""EdTech""]",[],0,0,"{""repos"": 30, ""commits"": 720, ""stars"": 24, ""followers"": 60, ""following"": 13}",90
aaf15e54-2ea9-4302-9eb0-49002b6784b3,Karthik Balakrishnan,karthik_balakrishnan_725,karthik_balakrishnan_725@b2b2h.com,Government College of Technology,GCT,"Coimbatore, Tamil Nadu",Civil Engineering,2nd Year,LOOKING_FOR_MEMBERS,Civil Engineering student at GCT passionate about Drone Tech and Robotics.,"[""Surveying"", ""ETABS"", ""Geotechnical Engineering"", ""AutoCAD Civil 3D"", ""Revit"", ""Hydrology"", ""Primavera"", ""BIM"", ""AutoCAD"", ""Problem Solving"", ""Presentation""]","[""Drone Tech"", ""Robotics"", ""Quantum Computing"", ""Embedded Systems"", ""FinTech""]","[""FinTech"", ""Mechanical"", ""Mobile""]",[],4,0,"{""repos"": 32, ""commits"": 704, ""stars"": 21, ""followers"": 49, ""following"": 27}",95
10bc86f8-4c4f-44c5-ac1f-8300667bcd91,Dinesh Rao,dinesh_rao_20,dinesh_rao_20@b2b2h.com,SASTRA Deemed University,SASTRA,"Thanjavur, Tamil Nadu",Artificial Intelligence & Machine Learning,2nd Year,LOOKING_FOR_MEMBERS,Artificial Intelligence & Machine Learning student at SASTRA passionate about Wearable Devices and AI & ML.,"[""Scikit-Learn"", ""NLP"", ""Prompt Engineering"", ""PyTorch"", ""Deep Learning"", ""HuggingFace"", ""LangChain"", ""Keras"", ""TensorFlow"", ""Communication"", ""Team Leadership""]","[""Wearable Devices"", ""AI & ML"", ""AR/VR""]","[""Cybersecurity"", ""AgriTech""]",[],0,0,"{""repos"": 28, ""commits"": 420, ""stars"": 4, ""followers"": 44, ""following"": 2}",89
7e0352df-50b1-49a4-85bc-9954988090f0,Pooja Soundararajan,pooja_soundararajan_376,pooja_soundararajan_376@b2b2h.com,Anna University Regional Campus,Anna University,"Chennai, Tamil Nadu",Mechanical Engineering,1st Year,OFFLINE,Mechanical Engineering student at Anna University passionate about CleanTech and Embedded Systems.,"[""3D Printing"", ""GD&T"", ""SolidWorks"", ""Fluid Mechanics"", ""CNC Programming"", ""Rapid Prototyping""]","[""CleanTech"", ""Embedded Systems"", ""Generative AI"", ""AR/VR"", ""AI & ML""]","[""Robotics"", ""FinTech""]",[],1,0,"{""repos"": 4, ""commits"": 92, ""stars"": 1, ""followers"": 2, ""following"": 23}",94
5fbb6942-6c35-4a1b-ad7e-c04350c2a97c,Gautam Chaudhary,gautam_chaudhary_991,gautam_chaudhary_991@b2b2h.com,National Institute of Technology Tiruchirappalli,NIT Trichy,"Tiruchirappalli, Tamil Nadu",Fashion Technology,2nd Year,OPEN_TO_INVITES,Fashion Technology student at NIT Trichy passionate about HealthTech and DevOps.,"[""Adobe Illustrator"", ""Garment Manufacturing"", ""CAD Fashion"", ""Pattern Making"", ""Git"", ""Team Leadership""]","[""HealthTech"", ""DevOps"", ""SpaceTech"", ""Quantum Computing"", ""Blockchain""]","[""FinTech"", ""IoT""]",[],2,0,"{""repos"": 0, ""commits"": 0, ""stars"": 0, ""followers"": 0, ""following"": 0}",88
eceb9a38-a02e-488b-8056-dfe93cb6e122,Ananya Raghavan,ananya_raghavan_227,ananya_raghavan_227@b2b2h.com,SRM Institute of Science and Technology,SRM,"Kattankulathur, Tamil Nadu",Civil Engineering,1st Year,LOOKING_FOR_MEMBERS,Civil Engineering student at SRM passionate about Smart Cities and Assistive Tech.,"[""Structural Analysis"", ""GIS"", ""AutoCAD"", ""AutoCAD Civil 3D"", ""Revit"", ""SAP2000"", ""STAAD Pro"", ""ETABS"", ""Surveying"", ""Presentation""]","[""Smart Cities"", ""Assistive Tech"", ""Open Source"", ""FinTech"", ""AgriTech""]","[""Logistics"", ""CleanTech""]",[],3,0,"{""repos"": 23, ""commits"": 575, ""stars"": 4, ""followers"": 23, ""following"": 3}",87
bcbb259f-658e-4461-8c3d-c07b29aa5e23,Kiran Raghavan,kiran_raghavan_533,kiran_raghavan_533@b2b2h.com,Indian Institute of Technology Madras,IIT Madras,"Chennai, Tamil Nadu",MCA,2nd Year,OFFLINE,MCA student at IIT Madras passionate about Generative AI and Cybersecurity.,"[""Java"", ""MySQL"", ""Software Engineering"", ""React"", ""Web Development"", ""Spring Boot"", ""Python"", ""Cloud Computing"", ""Team Leadership"", ""Git""]","[""Generative AI"", ""Cybersecurity"", ""Autonomous Vehicles""]","[""AgriTech"", ""FinTech"", ""Cloud""]","[{""name"": ""Precision Cloud Simulation Suite"", ""desc"": ""High-fidelity finite element modeling and fluid dynamics analysis platform built with Java."", ""tech"": [""React"", ""Cloud Computing"", ""Java""], ""role"": ""Simulation Specialist""}]",0,0,"{""repos"": 5, ""commits"": 130, ""stars"": 50, ""followers"": 28, ""following"": 20}",92
91c33b06-c698-49f7-b17c-be3d4a8a4efe,Yash Krishnan,yash_krishnan_360,yash_krishnan_360@b2b2h.com,PSG College of Technology,PSG Tech,"Coimbatore, Tamil Nadu",Mechanical Engineering,1st Year,OPEN_TO_INVITES,Mechanical Engineering student at PSG Tech passionate about Web3 and HealthTech.,"[""GD&T"", ""MATLAB"", ""ANSYS"", ""Thermodynamics"", ""CATIA"", ""CNC Programming"", ""CFD"", ""Fusion 360"", ""Rapid Prototyping"", ""Problem Solving""]","[""Web3"", ""HealthTech"", ""Generative AI"", ""Game Development""]","[""FinTech"", ""Cloud""]",[],0,0,"{""repos"": 16, ""commits"": 272, ""stars"": 32, ""followers"": 7, ""following"": 29}",91
62e37ce6-ceca-4f3a-aa3a-b3f14c0ccdde,Naveen Patel,naveen_patel_748,naveen_patel_748@b2b2h.com,PSG College of Technology,PSG Tech,"Coimbatore, Tamil Nadu",Civil Engineering,4th Year,OPEN_TO_INVITES,Civil Engineering student at PSG Tech passionate about SpaceTech and FinTech.,"[""Revit"", ""ETABS"", ""BIM"", ""Structural Analysis"", ""Hydrology"", ""Primavera"", ""STAAD Pro"", ""Surveying"", ""Communication""]","[""SpaceTech"", ""FinTech"", ""IoT"", ""Embedded Systems""]","[""Mechanical"", ""Automobile"", ""Cloud""]",[],4,0,"{""repos"": 8, ""commits"": 152, ""stars"": 38, ""followers"": 36, ""following"": 11}",85
6da5d977-9417-4177-8d85-9d17ec4d57b1,Rohan Banerjee,rohan_banerjee_399,rohan_banerjee_399@b2b2h.com,SRM Institute of Science and Technology,SRM,"Kattankulathur, Tamil Nadu",Robotics,4th Year,LOOKING_FOR_MEMBERS,Robotics student at SRM passionate about AI & ML and Assistive Tech.,"[""SLAM"", ""Robotics Kinematics"", ""Motion Planning"", ""ROS"", ""OpenCV"", ""Gazebo"", ""Raspberry Pi"", ""Team Leadership"", ""Presentation""]","[""AI & ML"", ""Assistive Tech"", ""Cloud Native""]","[""Aerospace"", ""Civil"", ""Robotics"", ""Automobile""]",[],3,1,"{""repos"": 7, ""commits"": 161, ""stars"": 2, ""followers"": 60, ""following"": 9}",80
0ccf56e5-46bd-47b3-b230-cc2db88dabf9,Pranav Kulkarni,pranav_kulkarni_791,pranav_kulkarni_791@b2b2h.com,Vellore Institute of Technology,VIT,"Vellore, Tamil Nadu",Mechatronics,3rd Year,OFFLINE,Mechatronics student at VIT passionate about Wearable Devices and Autonomous Vehicles.,"[""Sensors"", ""Control Theory"", ""Kinematics"", ""Python"", ""ROS"", ""PLC"", ""Pneumatics"", ""Microcontrollers"", ""ROS2"", ""Rapid Prototyping""]","[""Wearable Devices"", ""Autonomous Vehicles"", ""Game Development""]","[""Web"", ""Cloud"", ""Healthcare"", ""Biotech""]","[{""name"": ""AI-Driven Cloud Predictive Analytics Engine"", ""desc"": ""Machine learning pipeline leveraging Control Theory for anomaly detection and forecasting in Cloud."", ""tech"": [""Rapid Prototyping"", ""Kinematics"", ""Sensors"", ""Microcontrollers"", ""Control Theory""], ""role"": ""Data Scientist""}]",3,2,"{""repos"": 8, ""commits"": 208, ""stars"": 12, ""followers"": 58, ""following"": 29}",73
6c14e06c-348f-4870-8099-0da821e87a20,Elango Bhattacharya,elango_bhattacharya_522,elango_bhattacharya_522@b2b2h.com,SSN College of Engineering,SSN,"Chennai, Tamil Nadu",Fashion Technology,4th Year,OFFLINE,Fashion Technology student at SSN passionate about HealthTech and Sustainable Materials.,"[""Adobe Illustrator"", ""Fashion Analytics"", ""Merchandising"", ""CAD Fashion"", ""Garment Manufacturing"", ""Pattern Making"", ""Team Leadership"", ""Communication""]","[""HealthTech"", ""Sustainable Materials"", ""SpaceTech"", ""Renewable Energy"", ""CleanTech""]","[""Cybersecurity"", ""Civil""]","[{""name"": ""Autonomous Adobe Illustrator Navigation System"", ""desc"": ""Real-time path planning and obstacle avoidance pipeline utilizing Adobe Illustrator and sensor fusion."", ""tech"": [""Team Leadership"", ""Garment Manufacturing"", ""CAD Fashion"", ""Merchandising"", ""Adobe Illustrator""], ""role"": ""AI Developer""}]",0,0,"{""repos"": 14, ""commits"": 196, ""stars"": 12, ""followers"": 33, ""following"": 13}",84
3121dc95-f26c-4d0e-822b-4b9f324d2bb8,Kiran Hegde,kiran_hegde_843,kiran_hegde_843@b2b2h.com,PSG College of Technology,PSG Tech,"Coimbatore, Tamil Nadu",Electrical Engineering,2nd Year,LOOKING_FOR_TEAM,Electrical Engineering student at PSG Tech passionate about SpaceTech and Blockchain.,"[""PLC"", ""SCADA"", ""Power Systems"", ""Arduino"", ""Proteus"", ""Simulink"", ""LabVIEW"", ""Control Systems"", ""Power Electronics"", ""Communication""]","[""SpaceTech"", ""Blockchain"", ""AgriTech""]","[""CleanTech"", ""Web""]",[],1,1,"{""repos"": 9, ""commits"": 90, ""stars"": 3, ""followers"": 19, ""following"": 2}",89
7c59a687-5d33-4f1e-b160-4b4af927664b,Diya Iyer,diya_iyer_226,diya_iyer_226@b2b2h.com,SSN College of Engineering,SSN,"Chennai, Tamil Nadu",Computer Science Engineering,4th Year,OFFLINE,Computer Science Engineering student at SSN passionate about Bioinformatics and SpaceTech.,"[""React"", ""Redis"", ""CI/CD"", ""PostgreSQL"", ""Git"", ""Microservices"", ""Docker"", ""MongoDB"", ""Communication"", ""Team Leadership""]","[""Bioinformatics"", ""SpaceTech"", ""AR/VR"", ""Generative AI""]","[""CleanTech"", ""IoT"", ""Web""]","[{""name"": ""Bio-Inspired IoT Diagnostic Pipeline"", ""desc"": ""Computational genomics and sequence analysis tool leveraging CI/CD for medical diagnostics."", ""tech"": [""CI/CD"", ""React"", ""Redis"", ""Docker""], ""role"": ""Data Analyst""}]",1,1,"{""repos"": 33, ""commits"": 858, ""stars"": 26, ""followers"": 44, ""following"": 14}",68
5a5e88c1-5f2d-4dda-bf2b-57bab8f82575,Raghav Verma,raghav_verma_658,raghav_verma_658@b2b2h.com,Manipal Institute of Technology,Manipal,"Manipal, Karnataka",Information Technology,3rd Year,IN_TEAM,Information Technology student at Manipal passionate about SpaceTech and CleanTech.,"[""Cloud Computing"", ""REST API"", ""React"", ""Express.js"", ""MySQL"", ""Presentation"", ""Problem Solving""]","[""SpaceTech"", ""CleanTech"", ""AR/VR"", ""HealthTech"", ""Renewable Energy""]","[""Mechanical"", ""Product""]",[],5,0,"{""repos"": 8, ""commits"": 152, ""stars"": 43, ""followers"": 37, ""following"": 31}",73
9bd2188b-b88c-4911-b3b0-168e9e3e1ab3,Lokesh Ganesan,lokesh_ganesan_688,lokesh_ganesan_688@b2b2h.com,SSN College of Engineering,SSN,"Chennai, Tamil Nadu",Civil Engineering,2nd Year,OPEN_TO_INVITES,Civil Engineering student at SSN passionate about DeepTech and SpaceTech.,"[""Primavera"", ""Geotechnical Engineering"", ""AutoCAD Civil 3D"", ""BIM"", ""SAP2000"", ""Team Leadership""]","[""DeepTech"", ""SpaceTech"", ""Drone Tech"", ""AgriTech""]","[""Healthcare"", ""Civil""]",[],0,0,"{""repos"": 34, ""commits"": 408, ""stars"": 50, ""followers"": 46, ""following"": 23}",95
6604b8b7-f568-4fb9-a52b-767a49585bc8,Vikram Chowdary,vikram_chowdary_76,vikram_chowdary_76@b2b2h.com,Indian Institute of Technology Madras,IIT Madras,"Chennai, Tamil Nadu",Automobile Engineering,4th Year,IN_TEAM,Automobile Engineering student at IIT Madras passionate about Sustainable Materials and Open Source.,"[""Powertrain Design"", ""MATLAB"", ""Electric Drive Systems"", ""Vehicle Dynamics"", ""CATIA"", ""ANSYS"", ""SolidWorks"", ""Battery Management"", ""Thermodynamics"", ""Problem Solving""]","[""Sustainable Materials"", ""Open Source"", ""HealthTech"", ""Blockchain""]","[""Aerospace"", ""Cloud"", ""CleanTech"", ""Robotics""]",[],0,0,"{""repos"": 15, ""commits"": 330, ""stars"": 27, ""followers"": 22, ""following"": 25}",93
6c984ec2-ddc4-4ca1-8e04-8fe558b7446a,Nikhil Chettiar,nikhil_chettiar_689,nikhil_chettiar_689@b2b2h.com,Coimbatore Institute of Technology,CIT,"Coimbatore, Tamil Nadu",Cyber Security,2nd Year,LOOKING_FOR_TEAM,Cyber Security student at CIT passionate about AR/VR and CleanTech.,"[""Ethical Hacking"", ""SOC Analysis"", ""Cryptography"", ""Linux"", ""Penetration Testing"", ""Wireshark"", ""Network Security"", ""Presentation"", ""Rapid Prototyping""]","[""AR/VR"", ""CleanTech"", ""Cybersecurity""]","[""Mobile"", ""CleanTech"", ""AgriTech"", ""Mechanical""]",[],0,0,"{""repos"": 33, ""commits"": 990, ""stars"": 13, ""followers"": 33, ""following"": 20}",90
79ace0f3-d328-4e54-99d8-c5fdd11aa452,Farhan Krishnan,farhan_krishnan_166,farhan_krishnan_166@b2b2h.com,PES University,PESU,"Bengaluru, Karnataka",MBA,2nd Year,OPEN_TO_INVITES,MBA student at PESU passionate about IoT and Autonomous Vehicles.,"[""Product Management"", ""Financial Modeling"", ""Pitching"", ""Business Strategy"", ""Data Analytics"", ""Team Leadership"", ""Agile/Scrum"", ""Strategic Planning"", ""Market Research"", ""Communication"", ""Rapid Prototyping""]","[""IoT"", ""Autonomous Vehicles"", ""Drone Tech"", ""SpaceTech"", ""Web3""]","[""AgriTech"", ""Logistics"", ""FinTech"", ""Robotics""]","[{""name"": ""Decentralized Product Management Smart Platform"", ""desc"": ""High-throughput microservices architecture powered by Product Management for scalable transaction processing."", ""tech"": [""Product Management"", ""Data Analytics"", ""Strategic Planning"", ""Pitching""], ""role"": ""Full Stack Developer""}]",4,1,"{""repos"": 16, ""commits"": 256, ""stars"": 47, ""followers"": 14, ""following"": 2}",79
30591ae9-51a7-49ff-915a-2774d3908f84,Vikram Iyer,vikram_iyer_704,vikram_iyer_704@b2b2h.com,BMS College of Engineering,BMSCE,"Bengaluru, Karnataka",Electronics & Communication Engineering,4th Year,IN_TEAM,Electronics & Communication Engineering student at BMSCE passionate about Game Development and Sustainable Materials.,"[""Verilog"", ""C++"", ""KiCAD"", ""RF Design"", ""FPGA"", ""Arduino"", ""Embedded C"", ""IoT"", ""PCB Design"", ""Git"", ""Rapid Prototyping""]","[""Game Development"", ""Sustainable Materials"", ""SpaceTech""]","[""Mobile"", ""IoT""]","[{""name"": ""IoT-Based IoT Monitoring Mesh"", ""desc"": ""Distributed telemetry network with embedded sensors for real-time IoT data analysis."", ""tech"": [""Git"", ""KiCAD"", ""Embedded C"", ""C++""], ""role"": ""Embedded Systems Developer""}, {""name"": ""Bio-Inspired IoT Diagnostic Pipeline"", ""desc"": ""Computational genomics and sequence analysis tool leveraging KiCAD for medical diagnostics."", ""tech"": [""Rapid Prototyping"", ""IoT"", ""Arduino"", ""KiCAD""], ""role"": ""Bioinformatics Specialist""}]",0,0,"{""repos"": 10, ""commits"": 250, ""stars"": 41, ""followers"": 44, ""following"": 34}",75
25f8a3d3-8ede-4e0d-bda4-823968c1f78a,Vikram Hegde,vikram_hegde_501,vikram_hegde_501@b2b2h.com,SASTRA Deemed University,SASTRA,"Thanjavur, Tamil Nadu",MBA,1st Year,OFFLINE,MBA student at SASTRA passionate about Robotics and Web3.,"[""Pitching"", ""Team Leadership"", ""Data Analytics"", ""Strategic Planning"", ""Business Strategy"", ""Git""]","[""Robotics"", ""Web3"", ""Renewable Energy""]","[""Cybersecurity"", ""Robotics"", ""Web"", ""Product""]","[{""name"": ""Bio-Inspired Cybersecurity Diagnostic Pipeline"", ""desc"": ""Computational genomics and sequence analysis tool leveraging Pitching for medical diagnostics."", ""tech"": [""Git"", ""Pitching""], ""role"": ""Bioinformatics Specialist""}]",0,0,"{""repos"": 0, ""commits"": 0, ""stars"": 0, ""followers"": 0, ""following"": 0}",82
09e66042-dbeb-44f2-87d2-6575477a1ea9,Meera Rao,meera_rao_141,meera_rao_141@b2b2h.com,Coimbatore Institute of Technology,CIT,"Coimbatore, Tamil Nadu",Mechanical Engineering,2nd Year,LOOKING_FOR_TEAM,Mechanical Engineering student at CIT passionate about AI & ML and EdTech.,"[""FEA"", ""Rapid Prototyping"", ""SolidWorks"", ""Fusion 360"", ""Fluid Mechanics"", ""CNC Programming"", ""MATLAB"", ""AutoCAD""]","[""AI & ML"", ""EdTech"", ""CleanTech"", ""Generative AI"", ""Cloud Native""]","[""Design"", ""Biotech"", ""Cloud""]",[],4,1,"{""repos"": 35, ""commits"": 560, ""stars"": 44, ""followers"": 8, ""following"": 4}",75
538469bd-76bb-4282-8098-c3a4b49df851,Siddharth Subramanian,siddharth_subramanian_316,siddharth_subramanian_316@b2b2h.com,PES University,PESU,"Bengaluru, Karnataka",Mechanical Engineering,2nd Year,OFFLINE,Mechanical Engineering student at PESU passionate about DeepTech and FinTech.,"[""ANSYS"", ""Thermodynamics"", ""CFD"", ""FEA"", ""AutoCAD"", ""CATIA"", ""Fusion 360"", ""Fluid Mechanics"", ""Communication"", ""Rapid Prototyping""]","[""DeepTech"", ""FinTech"", ""SpaceTech"", ""Embedded Systems"", ""Web3""]","[""Automobile"", ""Cloud"", ""Design""]",[],1,0,"{""repos"": 15, ""commits"": 315, ""stars"": 36, ""followers"": 44, ""following"": 34}",87
c7e4375f-a8fd-4865-8103-37abae37a3a5,Gayathri Subramanian,gayathri_subramanian_333,gayathri_subramanian_333@b2b2h.com,BMS College of Engineering,BMSCE,"Bengaluru, Karnataka",Biomedical Engineering,4th Year,LOOKING_FOR_TEAM,Biomedical Engineering student at BMSCE passionate about Robotics and Drone Tech.,"[""Sensor Design"", ""Biomedical Signal Processing"", ""LabVIEW"", ""Medical AI"", ""Arduino"", ""DICOM"", ""Bioinstrumentation"", ""Medical Imaging"", ""Presentation"", ""Problem Solving""]","[""Robotics"", ""Drone Tech"", ""AgriTech"", ""Cybersecurity""]","[""Healthcare"", ""Web""]","[{""name"": ""Decentralized Biomedical Signal Processing Smart Platform"", ""desc"": ""High-throughput microservices architecture powered by Biomedical Signal Processing for scalable transaction processing."", ""tech"": [""Biomedical Signal Processing"", ""Problem Solving"", ""LabVIEW""], ""role"": ""Backend Engineer""}]",4,0,"{""repos"": 21, ""commits"": 567, ""stars"": 17, ""followers"": 40, ""following"": 8}",96
eaaf1148-a323-40bb-9ae9-592ace11a073,Radhika Menon,radhika_menon_979,radhika_menon_979@b2b2h.com,BMS College of Engineering,BMSCE,"Bengaluru, Karnataka",Biotechnology,2nd Year,LOOKING_FOR_MEMBERS,Biotechnology student at BMSCE passionate about Cybersecurity and SpaceTech.,"[""PyMOL"", ""Data Analysis"", ""Biostatistics"", ""CRISPR Design"", ""Genomics"", ""Molecular Biology"", ""R"", ""Bioinformatics"", ""Python"", ""Presentation""]","[""Cybersecurity"", ""SpaceTech"", ""Open Source""]","[""Healthcare"", ""Mobile"", ""Aerospace"", ""EdTech""]",[],3,0,"{""repos"": 25, ""commits"": 600, ""stars"": 32, ""followers"": 20, ""following"": 19}",98
348841ad-ba6a-47d4-b330-96d68c5c0b3f,Shankar Chaudhary,shankar_chaudhary_322,shankar_chaudhary_322@b2b2h.com,Indian Institute of Technology Madras,IIT Madras,"Chennai, Tamil Nadu",Artificial Intelligence & Data Science,3rd Year,IN_TEAM,Artificial Intelligence & Data Science student at IIT Madras passionate about Web3 and Sustainable Materials.,"[""TensorFlow"", ""MLOps"", ""Prompt Engineering"", ""Power BI"", ""Scikit-Learn"", ""PyTorch"", ""Git""]","[""Web3"", ""Sustainable Materials"", ""CleanTech""]","[""Civil"", ""Web"", ""Automobile"", ""Mechanical""]","[{""name"": ""AI-Driven Mechanical Predictive Analytics Engine"", ""desc"": ""Machine learning pipeline leveraging MLOps for anomaly detection and forecasting in Mechanical."", ""tech"": [""PyTorch"", ""Git"", ""Scikit-Learn"", ""TensorFlow"", ""MLOps""], ""role"": ""ML Engineer""}]",0,0,"{""repos"": 3, ""commits"": 69, ""stars"": 44, ""followers"": 36, ""following"": 24}",75
359cd95a-3ba1-415a-89c5-e2d4d3e11945,Sneha Chowdary,sneha_chowdary_53,sneha_chowdary_53@b2b2h.com,Coimbatore Institute of Technology,CIT,"Coimbatore, Tamil Nadu",Agricultural Engineering,2nd Year,OFFLINE,Agricultural Engineering student at CIT passionate about SpaceTech and FinTech.,"[""GIS"", ""Precision Agriculture"", ""AutoCAD"", ""IoT Sensors"", ""Python"", ""Problem Solving"", ""Rapid Prototyping""]","[""SpaceTech"", ""FinTech"", ""Autonomous Vehicles"", ""Blockchain""]","[""EdTech"", ""Design"", ""IoT""]","[{""name"": ""NextGen Design Mobile Assistant"", ""desc"": ""Cross-platform mobile application built using Precision Agriculture to streamline workflow management in Design."", ""tech"": [""AutoCAD"", ""Precision Agriculture"", ""GIS""], ""role"": ""UI/UX Designer""}]",1,0,"{""repos"": 34, ""commits"": 374, ""stars"": 22, ""followers"": 2, ""following"": 31}",78
0f60b7fb-bc7e-48e4-95b5-f5b0a7f7bc31,Yamini Iyer,yamini_iyer_15,yamini_iyer_15@b2b2h.com,Manipal Institute of Technology,Manipal,"Manipal, Karnataka",MCA,2nd Year,IN_TEAM,MCA student at Manipal passionate about IoT and AI & ML.,"[""Java"", ""Python"", ""Cloud Computing"", ""MySQL"", ""Database Administration"", ""Software Engineering"", ""Rapid Prototyping""]","[""IoT"", ""AI & ML"", ""Cybersecurity""]","[""Healthcare"", ""EdTech"", ""Civil"", ""Robotics""]",[],2,1,"{""repos"": 14, ""commits"": 378, ""stars"": 17, ""followers"": 8, ""following"": 30}",89
afc2bd90-04a1-4a8a-82b7-e1582e9a16d8,Pranav Sundaram,pranav_sundaram_372,pranav_sundaram_372@b2b2h.com,Thiagarajar College of Engineering,TCE,"Madurai, Tamil Nadu",Biomedical Engineering,1st Year,LOOKING_FOR_MEMBERS,Biomedical Engineering student at TCE passionate about HealthTech and IoT.,"[""Sensor Design"", ""Biomedical Signal Processing"", ""Bioinstrumentation"", ""MATLAB"", ""Medical AI"", ""SolidWorks"", ""Arduino"", ""LabVIEW"", ""DICOM"", ""Team Leadership""]","[""HealthTech"", ""IoT"", ""Bioinformatics"", ""AgriTech"", ""Blockchain""]","[""Civil"", ""Design"", ""Logistics""]","[{""name"": ""AI-Driven Design Predictive Analytics Engine"", ""desc"": ""Machine learning pipeline leveraging Biomedical Signal Processing for anomaly detection and forecasting in Design."", ""tech"": [""Arduino"", ""Bioinstrumentation"", ""Biomedical Signal Processing"", ""Sensor Design""], ""role"": ""Data Scientist""}]",0,0,"{""repos"": 35, ""commits"": 350, ""stars"": 49, ""followers"": 45, ""following"": 17}",69
1bf2ac9a-4858-4f47-8632-78375ffd5317,Tharabai Natarajan,tharabai_natarajan_621,tharabai_natarajan_621@b2b2h.com,Thiagarajar College of Engineering,TCE,"Madurai, Tamil Nadu",Computer Science Engineering,4th Year,IN_TEAM,Computer Science Engineering student at TCE passionate about Drone Tech and Blockchain.,"[""FastAPI"", ""Redis"", ""Python"", ""Git"", ""Node.js"", ""C++"", ""Team Leadership""]","[""Drone Tech"", ""Blockchain"", ""Assistive Tech"", ""AgriTech""]","[""EdTech"", ""Automobile"", ""FinTech"", ""Civil""]",[],0,0,"{""repos"": 35, ""commits"": 1015, ""stars"": 11, ""followers"": 14, ""following"": 39}",88
7b1118d2-ff79-4404-acfb-d497a98b3256,Pooja Chaudhary,pooja_chaudhary_133,pooja_chaudhary_133@b2b2h.com,Anna University Regional Campus,Anna University,"Chennai, Tamil Nadu",Biotechnology,1st Year,LOOKING_FOR_MEMBERS,Biotechnology student at Anna University passionate about Cloud Native and CleanTech.,"[""Bioinformatics"", ""CRISPR Design"", ""Python"", ""Genomics"", ""Data Analysis"", ""Rapid Prototyping""]","[""Cloud Native"", ""CleanTech"", ""Renewable Energy"", ""Game Development""]","[""EdTech"", ""CleanTech""]",[],3,0,"{""repos"": 6, ""commits"": 114, ""stars"": 7, ""followers"": 19, ""following"": 25}",76
dc121a55-7e67-46ad-8a5e-d5f29f0627c4,Gayathri Sengupta,gayathri_sengupta_337,gayathri_sengupta_337@b2b2h.com,Government College of Technology,GCT,"Coimbatore, Tamil Nadu",Electrical Engineering,1st Year,LOOKING_FOR_TEAM,Electrical Engineering student at GCT passionate about Blockchain and Quantum Computing.,"[""Microcontrollers"", ""IoT Sensors"", ""Control Systems"", ""SCADA"", ""Rapid Prototyping"", ""Communication""]","[""Blockchain"", ""Quantum Computing"", ""FinTech"", ""AgriTech"", ""IoT""]","[""CleanTech"", ""AgriTech"", ""IoT""]","[{""name"": ""Decentralized Control Systems Smart Platform"", ""desc"": ""High-throughput microservices architecture powered by Control Systems for scalable transaction processing."", ""tech"": [""Rapid Prototyping"", ""IoT Sensors"", ""Control Systems"", ""Communication""], ""role"": ""Backend Engineer""}, {""name"": ""Cloud-Native IoT Security Shield"", ""desc"": ""Zero-trust security monitoring and intrusion detection system using Microcontrollers."", ""tech"": [""IoT Sensors"", ""Rapid Prototyping"", ""SCADA"", ""Microcontrollers""], ""role"": ""Cybersecurity Analyst""}]",0,0,"{""repos"": 10, ""commits"": 110, ""stars"": 37, ""followers"": 60, ""following"": 14}",74
1ac50d1b-e5e1-448b-9a7c-d0b1946dd32f,Kiran Iyer,kiran_iyer_86,kiran_iyer_86@b2b2h.com,SSN College of Engineering,SSN,"Chennai, Tamil Nadu",Data Science,3rd Year,LOOKING_FOR_MEMBERS,Data Science student at SSN passionate about Renewable Energy and Blockchain.,"[""Spark"", ""Pandas"", ""Hadoop"", ""R"", ""Python"", ""SQL"", ""Power BI"", ""Data Visualization"", ""Big Data"", ""Communication"", ""Rapid Prototyping""]","[""Renewable Energy"", ""Blockchain"", ""Quantum Computing"", ""Web3"", ""IoT""]","[""Mechanical"", ""Logistics"", ""Web""]","[{""name"": ""AI-Driven Logistics Predictive Analytics Engine"", ""desc"": ""Machine learning pipeline leveraging Hadoop for anomaly detection and forecasting in Logistics."", ""tech"": [""Hadoop"", ""Python"", ""Spark"", ""Big Data""], ""role"": ""Data Scientist""}, {""name"": ""Precision Web Simulation Suite"", ""desc"": ""High-fidelity finite element modeling and fluid dynamics analysis platform built with Pandas."", ""tech"": [""Big Data"", ""Pandas"", ""Hadoop"", ""Data Visualization""], ""role"": ""Simulation Specialist""}]",5,1,"{""repos"": 16, ""commits"": 240, ""stars"": 0, ""followers"": 12, ""following"": 38}",74
aef464f5-af76-44a4-87e7-f6be50045a9c,Ananya Pandian,ananya_pandian_476,ananya_pandian_476@b2b2h.com,SSN College of Engineering,SSN,"Chennai, Tamil Nadu",MBA,3rd Year,LOOKING_FOR_MEMBERS,MBA student at SSN passionate about EdTech and CleanTech.,"[""Agile/Scrum"", ""Strategic Planning"", ""Team Leadership"", ""Product Management"", ""Market Research"", ""Problem Solving""]","[""EdTech"", ""CleanTech"", ""Generative AI"", ""Game Development"", ""Cybersecurity""]","[""Cloud"", ""Healthcare"", ""Mobile""]","[{""name"": ""IoT-Based Mobile Monitoring Mesh"", ""desc"": ""Distributed telemetry network with embedded sensors for real-time Mobile data analysis."", ""tech"": [""Agile/Scrum"", ""Team Leadership""], ""role"": ""IoT Specialist""}]",2,0,"{""repos"": 29, ""commits"": 841, ""stars"": 18, ""followers"": 22, ""following"": 5}",88
133a715d-4f56-43a7-bb5f-3e79e3b6da6c,Yamini Chaudhary,yamini_chaudhary_758,yamini_chaudhary_758@b2b2h.com,SASTRA Deemed University,SASTRA,"Thanjavur, Tamil Nadu",Electrical Engineering,3rd Year,LOOKING_FOR_TEAM,Electrical Engineering student at SASTRA passionate about HealthTech and Open Source.,"[""Microcontrollers"", ""LabVIEW"", ""Simulink"", ""Arduino"", ""Power Systems"", ""SCADA"", ""IoT Sensors"", ""Proteus"", ""Communication""]","[""HealthTech"", ""Open Source"", ""Game Development"", ""Smart Cities""]","[""Cloud"", ""Biotech"", ""EdTech""]","[{""name"": ""Precision Cloud Simulation Suite"", ""desc"": ""High-fidelity finite element modeling and fluid dynamics analysis platform built with LabVIEW."", ""tech"": [""LabVIEW"", ""Proteus"", ""Communication""], ""role"": ""Simulation Specialist""}]",0,0,"{""repos"": 14, ""commits"": 224, ""stars"": 36, ""followers"": 33, ""following"": 13}",88
087b73f9-9ad8-434c-b57d-4f1046ff9811,Aditya Bhattacharya,aditya_bhattacharya_176,aditya_bhattacharya_176@b2b2h.com,Anna University Regional Campus,Anna University,"Chennai, Tamil Nadu",Biotechnology,2nd Year,LOOKING_FOR_TEAM,Biotechnology student at Anna University passionate about Sustainable Materials and Drone Tech.,"[""R"", ""CRISPR Design"", ""Genomics"", ""Bioprocess Engineering"", ""Microbiology"", ""Problem Solving"", ""Git""]","[""Sustainable Materials"", ""Drone Tech"", ""Smart Cities""]","[""Logistics"", ""IoT""]","[{""name"": ""Precision Logistics Simulation Suite"", ""desc"": ""High-fidelity finite element modeling and fluid dynamics analysis platform built with CRISPR Design."", ""tech"": [""Git"", ""R"", ""CRISPR Design""], ""role"": ""CAD/CAE Engineer""}]",0,0,"{""repos"": 8, ""commits"": 144, ""stars"": 9, ""followers"": 42, ""following"": 40}",68
2c3a61f7-7a00-431a-88b8-3cebad4617d3,Kavya Gowda,kavya_gowda_763,kavya_gowda_763@b2b2h.com,PES University,PESU,"Bengaluru, Karnataka",Automobile Engineering,1st Year,OPEN_TO_INVITES,Automobile Engineering student at PESU passionate about Generative AI and DevOps.,"[""AutoCAD"", ""CFD"", ""Powertrain Design"", ""ANSYS"", ""MATLAB"", ""Rapid Prototyping"", ""Team Leadership""]","[""Generative AI"", ""DevOps"", ""Renewable Energy""]","[""Design"", ""IoT"", ""Web""]",[],0,0,"{""repos"": 21, ""commits"": 273, ""stars"": 32, ""followers"": 58, ""following"": 28}",72
5f1f946b-d5f8-40bb-8a4e-e31b98a7063b,Varun Verma,varun_verma_242,varun_verma_242@b2b2h.com,Vellore Institute of Technology,VIT,"Vellore, Tamil Nadu",Biotechnology,2nd Year,LOOKING_FOR_MEMBERS,Biotechnology student at VIT passionate about Robotics and Blockchain.,"[""Molecular Biology"", ""Genomics"", ""CRISPR Design"", ""R"", ""Biostatistics"", ""Bioprocess Engineering"", ""Python"", ""Microbiology"", ""PyMOL"", ""Communication"", ""Problem Solving""]","[""Robotics"", ""Blockchain"", ""Autonomous Vehicles"", ""Web3"", ""DeepTech""]","[""Logistics"", ""Cloud""]",[],0,0,"{""repos"": 24, ""commits"": 696, ""stars"": 11, ""followers"": 45, ""following"": 29}",72
930e1ffd-fd29-4319-a6b1-cc15b7906c5b,Madhavan Kapoor,madhavan_kapoor_847,madhavan_kapoor_847@b2b2h.com,SASTRA Deemed University,SASTRA,"Thanjavur, Tamil Nadu",Chemical Engineering,1st Year,LOOKING_FOR_MEMBERS,Chemical Engineering student at SASTRA passionate about Sustainable Materials and Smart Cities.,"[""Process Control"", ""Mass Transfer"", ""CHEMCAD"", ""MATLAB"", ""ASPEN Plus"", ""Polymer Chemistry"", ""Reaction Engineering"", ""Team Leadership"", ""Rapid Prototyping""]","[""Sustainable Materials"", ""Smart Cities"", ""IoT"", ""Wearable Devices""]","[""IoT"", ""Product""]","[{""name"": ""Precision Product Simulation Suite"", ""desc"": ""High-fidelity finite element modeling and fluid dynamics analysis platform built with CHEMCAD."", ""tech"": [""Mass Transfer"", ""Polymer Chemistry"", ""CHEMCAD""], ""role"": ""CAD/CAE Engineer""}]",0,0,"{""repos"": 25, ""commits"": 500, ""stars"": 31, ""followers"": 29, ""following"": 32}",90
1940ff65-3c28-41a4-9813-5a3ada45eb94,Srinivas Sundaram,srinivas_sundaram_831,srinivas_sundaram_831@b2b2h.com,Indian Institute of Technology Madras,IIT Madras,"Chennai, Tamil Nadu",Civil Engineering,4th Year,IN_TEAM,Civil Engineering student at IIT Madras passionate about Smart Cities and Sustainable Materials.,"[""Hydrology"", ""Surveying"", ""BIM"", ""Primavera"", ""Geotechnical Engineering"", ""Revit"", ""Structural Analysis"", ""AutoCAD"", ""Git"", ""Presentation""]","[""Smart Cities"", ""Sustainable Materials"", ""EdTech"", ""Renewable Energy"", ""Web3""]","[""Aerospace"", ""Web""]",[],1,0,"{""repos"": 11, ""commits"": 143, ""stars"": 3, ""followers"": 60, ""following"": 24}",79
1538ac8c-01d2-479a-9cc9-7eca051bd928,Keerthana Murugan,keerthana_murugan_157,keerthana_murugan_157@b2b2h.com,PES University,PESU,"Bengaluru, Karnataka",Instrumentation Engineering,4th Year,OPEN_TO_INVITES,Instrumentation Engineering student at PESU passionate about AI & ML and Renewable Energy.,"[""Process Control"", ""LabVIEW"", ""SCADA"", ""Embedded Systems"", ""Sensors"", ""Rapid Prototyping""]","[""AI & ML"", ""Renewable Energy"", ""Quantum Computing"", ""Autonomous Vehicles"", ""Generative AI""]","[""IoT"", ""Product"", ""AI/ML"", ""Civil""]","[{""name"": ""AI-Driven Product Predictive Analytics Engine"", ""desc"": ""Machine learning pipeline leveraging Process Control for anomaly detection and forecasting in Product."", ""tech"": [""LabVIEW"", ""Process Control"", ""Rapid Prototyping""], ""role"": ""Data Scientist""}]",0,0,"{""repos"": 29, ""commits"": 406, ""stars"": 48, ""followers"": 13, ""following"": 32}",91
61b17d01-04ee-42cb-bbfc-f28d39781cbd,Sneha Bhattacharya,sneha_bhattacharya_491,sneha_bhattacharya_491@b2b2h.com,Vellore Institute of Technology,VIT,"Vellore, Tamil Nadu",MCA,3rd Year,IN_TEAM,MCA student at VIT passionate about Bioinformatics and DeepTech.,"[""Java"", ""React"", ""Python"", ""Web Development"", ""Software Engineering"", ""Android"", ""Cloud Computing"", ""Spring Boot"", ""Database Administration"", ""Rapid Prototyping""]","[""Bioinformatics"", ""DeepTech"", ""Embedded Systems"", ""DevOps""]","[""Healthcare"", ""Product"", ""Mechanical"", ""AgriTech""]",[],1,0,"{""repos"": 8, ""commits"": 208, ""stars"": 24, ""followers"": 10, ""following"": 15}",80
0dabe4e1-350b-4355-83ee-2950ef0ed983,Farhan Chaudhary,farhan_chaudhary_411,farhan_chaudhary_411@b2b2h.com,Anna University Regional Campus,Anna University,"Chennai, Tamil Nadu",MCA,1st Year,IN_TEAM,MCA student at Anna University passionate about Blockchain and Web3.,"[""Android"", ""Cloud Computing"", ""Database Administration"", ""Python"", ""Java"", ""Spring Boot"", ""MySQL"", ""Communication""]","[""Blockchain"", ""Web3"", ""Autonomous Vehicles""]","[""CleanTech"", ""Web"", ""EdTech"", ""AgriTech""]",[],0,0,"{""repos"": 7, ""commits"": 112, ""stars"": 38, ""followers"": 2, ""following"": 21}",74
5cab9df0-fce9-4f96-b7d4-77b04d8ef79a,Tanvi Malhotra,tanvi_malhotra_961,tanvi_malhotra_961@b2b2h.com,Government College of Technology,GCT,"Coimbatore, Tamil Nadu",Civil Engineering,3rd Year,LOOKING_FOR_TEAM,Civil Engineering student at GCT passionate about SpaceTech and Cloud Native.,"[""Structural Analysis"", ""AutoCAD"", ""Primavera"", ""Hydrology"", ""BIM"", ""Surveying"", ""STAAD Pro"", ""Geotechnical Engineering"", ""Problem Solving"", ""Communication""]","[""SpaceTech"", ""Cloud Native"", ""HealthTech"", ""Robotics""]","[""Aerospace"", ""Cloud"", ""IoT""]",[],2,2,"{""repos"": 35, ""commits"": 490, ""stars"": 1, ""followers"": 39, ""following"": 26}",83
0366bf32-f9d4-4aa2-a3f8-e65520b0768c,Chetan Das,chetan_das_175,chetan_das_175@b2b2h.com,Anna University Regional Campus,Anna University,"Chennai, Tamil Nadu",Fashion Technology,4th Year,LOOKING_FOR_TEAM,Fashion Technology student at Anna University passionate about Autonomous Vehicles and AR/VR.,"[""Textile Science"", ""Merchandising"", ""Fashion Analytics"", ""Adobe Illustrator"", ""Garment Manufacturing"", ""Pattern Making"", ""CAD Fashion"", ""CLO 3D"", ""Team Leadership"", ""Communication""]","[""Autonomous Vehicles"", ""AR/VR"", ""Assistive Tech"", ""Quantum Computing""]","[""Robotics"", ""EdTech""]",[],1,0,"{""repos"": 34, ""commits"": 442, ""stars"": 0, ""followers"": 11, ""following"": 21}",85
a77319ee-9873-49de-b21e-6b3e001b5e9a,Rajesh Iyer,rajesh_iyer_475,rajesh_iyer_475@b2b2h.com,Manipal Institute of Technology,Manipal,"Manipal, Karnataka",Electrical Engineering,3rd Year,OPEN_TO_INVITES,Electrical Engineering student at Manipal passionate about Renewable Energy and Drone Tech.,"[""Power Systems"", ""LabVIEW"", ""Control Systems"", ""Microcontrollers"", ""Problem Solving""]","[""Renewable Energy"", ""Drone Tech"", ""Embedded Systems""]","[""Civil"", ""Healthcare"", ""Biotech""]","[{""name"": ""AI-Driven Biotech Predictive Analytics Engine"", ""desc"": ""Machine learning pipeline leveraging Power Systems for anomaly detection and forecasting in Biotech."", ""tech"": [""Power Systems"", ""Control Systems"", ""LabVIEW""], ""role"": ""ML Engineer""}]",3,0,"{""repos"": 23, ""commits"": 483, ""stars"": 5, ""followers"": 45, ""following"": 28}",84
f3c3b313-5833-4177-8e71-e4f43b160626,Gokul Rao,gokul_rao_645,gokul_rao_645@b2b2h.com,Indian Institute of Technology Madras,IIT Madras,"Chennai, Tamil Nadu",Information Technology,2nd Year,OFFLINE,Information Technology student at IIT Madras passionate about Assistive Tech and Web3.,"[""Vue.js"", ""Node.js"", ""Firebase"", ""MySQL"", ""Git""]","[""Assistive Tech"", ""Web3"", ""EdTech"", ""SpaceTech""]","[""AI/ML"", ""Aerospace"", ""Biotech""]","[{""name"": ""Bio-Inspired Biotech Diagnostic Pipeline"", ""desc"": ""Computational genomics and sequence analysis tool leveraging Firebase for medical diagnostics."", ""tech"": [""Vue.js"", ""Git"", ""MySQL"", ""Firebase""], ""role"": ""Bioinformatics Specialist""}]",3,0,"{""repos"": 7, ""commits"": 140, ""stars"": 21, ""followers"": 40, ""following"": 33}",74
47bb619e-c8da-4f9d-b2b8-c1f34353bcbe,Nirmal Iyengar,nirmal_iyengar_295,nirmal_iyengar_295@b2b2h.com,SRM Institute of Science and Technology,SRM,"Kattankulathur, Tamil Nadu",Information Technology,2nd Year,IN_TEAM,Information Technology student at SRM passionate about IoT and HealthTech.,"[""MySQL"", ""HTML/CSS"", ""JavaScript"", ""Firebase"", ""REST API"", ""Problem Solving"", ""Communication""]","[""IoT"", ""HealthTech"", ""Generative AI"", ""Assistive Tech""]","[""Automobile"", ""Healthcare""]",[],1,0,"{""repos"": 20, ""commits"": 440, ""stars"": 5, ""followers"": 21, ""following"": 30}",95
e2fce6e3-f948-4770-b5e5-a66e7d104e15,Sneha Deshmukh,sneha_deshmukh_695,sneha_deshmukh_695@b2b2h.com,SASTRA Deemed University,SASTRA,"Thanjavur, Tamil Nadu",Electrical Engineering,1st Year,LOOKING_FOR_TEAM,Electrical Engineering student at SASTRA passionate about Quantum Computing and Autonomous Vehicles.,"[""Control Systems"", ""Power Systems"", ""PLC"", ""SCADA"", ""ETAP"", ""Arduino"", ""LabVIEW"", ""Git"", ""Team Leadership""]","[""Quantum Computing"", ""Autonomous Vehicles"", ""Renewable Energy"", ""Open Source"", ""SpaceTech""]","[""Design"", ""FinTech""]",[],0,0,"{""repos"": 12, ""commits"": 240, ""stars"": 42, ""followers"": 54, ""following"": 22}",68
865025ab-17ab-4a0a-9d53-5985612261a0,Lavanya Subramanian,lavanya_subramanian_521,lavanya_subramanian_521@b2b2h.com,PES University,PESU,"Bengaluru, Karnataka",Automobile Engineering,1st Year,IN_TEAM,Automobile Engineering student at PESU passionate about Sustainable Materials and HealthTech.,"[""MATLAB"", ""SolidWorks"", ""AutoCAD"", ""ANSYS"", ""Battery Management"", ""Vehicle Dynamics"", ""Problem Solving""]","[""Sustainable Materials"", ""HealthTech"", ""Quantum Computing""]","[""Design"", ""Cybersecurity"", ""Robotics"", ""FinTech""]",[],2,0,"{""repos"": 3, ""commits"": 63, ""stars"": 23, ""followers"": 3, ""following"": 21}",96
8fdb4f75-2082-46bd-ac46-3d880127590a,Sandhya Iyengar,sandhya_iyengar_726,sandhya_iyengar_726@b2b2h.com,SRM Institute of Science and Technology,SRM,"Kattankulathur, Tamil Nadu",Architecture,4th Year,IN_TEAM,Architecture student at SRM passionate about DevOps and AR/VR.,"[""Lumion"", ""Urban Planning"", ""3ds Max"", ""Grasshopper"", ""SketchUp"", ""AutoCAD"", ""Revit"", ""Rapid Prototyping"", ""Communication""]","[""DevOps"", ""AR/VR"", ""FinTech""]","[""Automobile"", ""Robotics"", ""AgriTech"", ""Logistics""]",[],1,0,"{""repos"": 9, ""commits"": 108, ""stars"": 41, ""followers"": 3, ""following"": 28}",71
4b17ddf9-16f9-48fc-9d6d-51afa2390456,Sudharshan Iyer,sudharshan_iyer_658,sudharshan_iyer_658@b2b2h.com,SRM Institute of Science and Technology,SRM,"Kattankulathur, Tamil Nadu",Industrial Engineering,1st Year,LOOKING_FOR_MEMBERS,Industrial Engineering student at SRM passionate about Quantum Computing and Wearable Devices.,"[""Lean Manufacturing"", ""Python"", ""Tableau"", ""Ergonomics"", ""Process Optimization"", ""Operations Research"", ""Supply Chain"", ""Problem Solving"", ""Communication""]","[""Quantum Computing"", ""Wearable Devices"", ""Game Development"", ""Renewable Energy""]","[""Robotics"", ""Web"", ""Aerospace"", ""EdTech""]","[{""name"": ""NextGen Aerospace Mobile Assistant"", ""desc"": ""Cross-platform mobile application built using Python to streamline workflow management in Aerospace."", ""tech"": [""Supply Chain"", ""Ergonomics"", ""Lean Manufacturing"", ""Python""], ""role"": ""UI/UX Designer""}]",0,0,"{""repos"": 0, ""commits"": 0, ""stars"": 0, ""followers"": 0, ""following"": 0}",72
c65f13b3-7b3a-48d0-afed-fd8dde83f3c3,Shankar Chowdary,shankar_chowdary_335,shankar_chowdary_335@b2b2h.com,Manipal Institute of Technology,Manipal,"Manipal, Karnataka",Electrical Engineering,4th Year,OPEN_TO_INVITES,Electrical Engineering student at Manipal passionate about DeepTech and Robotics.,"[""Arduino"", ""SCADA"", ""LabVIEW"", ""ETAP"", ""MATLAB"", ""Microcontrollers"", ""Simulink"", ""Control Systems"", ""Presentation"", ""Team Leadership""]","[""DeepTech"", ""Robotics"", ""Cloud Native"", ""FinTech""]","[""EdTech"", ""IoT"", ""Cloud""]","[{""name"": ""Decentralized LabVIEW Smart Platform"", ""desc"": ""High-throughput microservices architecture powered by LabVIEW for scalable transaction processing."", ""tech"": [""MATLAB"", ""Presentation"", ""LabVIEW""], ""role"": ""Backend Engineer""}]",1,0,"{""repos"": 0, ""commits"": 0, ""stars"": 0, ""followers"": 0, ""following"": 0}",68
4628ab0b-3b8f-4738-8e72-f931e9ca9aa3,Pooja Verma,pooja_verma_642,pooja_verma_642@b2b2h.com,Thiagarajar College of Engineering,TCE,"Madurai, Tamil Nadu",Instrumentation Engineering,1st Year,OFFLINE,Instrumentation Engineering student at TCE passionate about CleanTech and HealthTech.,"[""LabVIEW"", ""SCADA"", ""MATLAB"", ""Sensors"", ""Arduino"", ""Embedded Systems"", ""PLC"", ""Presentation""]","[""CleanTech"", ""HealthTech"", ""DevOps""]","[""Robotics"", ""Healthcare""]",[],0,0,"{""repos"": 12, ""commits"": 360, ""stars"": 1, ""followers"": 42, ""following"": 39}",95
31dcad26-4ef6-4733-ae9d-014171bbf233,Lokesh Murugan,lokesh_murugan_959,lokesh_murugan_959@b2b2h.com,Coimbatore Institute of Technology,CIT,"Coimbatore, Tamil Nadu",Artificial Intelligence & Machine Learning,1st Year,OPEN_TO_INVITES,Artificial Intelligence & Machine Learning student at CIT passionate about IoT and Smart Cities.,"[""HuggingFace"", ""Scikit-Learn"", ""TensorFlow"", ""PyTorch"", ""Deep Learning"", ""NLP"", ""Team Leadership"", ""Rapid Prototyping""]","[""IoT"", ""Smart Cities"", ""AI & ML""]","[""AI/ML"", ""Civil"", ""Logistics""]","[{""name"": ""IoT-Based Civil Monitoring Mesh"", ""desc"": ""Distributed telemetry network with embedded sensors for real-time Civil data analysis."", ""tech"": [""NLP"", ""Rapid Prototyping"", ""PyTorch"", ""TensorFlow""], ""role"": ""Embedded Systems Developer""}]",0,0,"{""repos"": 14, ""commits"": 392, ""stars"": 40, ""followers"": 40, ""following"": 4}",71
61fd5470-3e56-4a8f-95c3-c80c3571e83a,Venkatesh Ganesan,venkatesh_ganesan_638,venkatesh_ganesan_638@b2b2h.com,Coimbatore Institute of Technology,CIT,"Coimbatore, Tamil Nadu",Instrumentation Engineering,1st Year,OPEN_TO_INVITES,Instrumentation Engineering student at CIT passionate about Blockchain and DeepTech.,"[""Instrumentation"", ""PLC"", ""Process Control"", ""DCS"", ""LabVIEW"", ""Arduino"", ""Sensors"", ""SCADA"", ""Team Leadership""]","[""Blockchain"", ""DeepTech"", ""HealthTech"", ""AI & ML""]","[""Cloud"", ""EdTech"", ""AI/ML""]","[{""name"": ""AI-Driven EdTech Predictive Analytics Engine"", ""desc"": ""Machine learning pipeline leveraging PLC for anomaly detection and forecasting in EdTech."", ""tech"": [""DCS"", ""PLC"", ""Process Control""], ""role"": ""ML Engineer""}]",4,1,"{""repos"": 28, ""commits"": 448, ""stars"": 16, ""followers"": 13, ""following"": 14}",89
1d66819b-e8d6-4d38-a01a-7c1e10682d7a,Indrajit Balakrishnan,indrajit_balakrishnan_115,indrajit_balakrishnan_115@b2b2h.com,Coimbatore Institute of Technology,CIT,"Coimbatore, Tamil Nadu",Cyber Security,3rd Year,OPEN_TO_INVITES,Cyber Security student at CIT passionate about AR/VR and SpaceTech.,"[""Cryptography"", ""Network Security"", ""Burp Suite"", ""OWASP"", ""Python"", ""Communication"", ""Git""]","[""AR/VR"", ""SpaceTech"", ""Quantum Computing""]","[""Product"", ""Aerospace""]",[],2,0,"{""repos"": 5, ""commits"": 130, ""stars"": 16, ""followers"": 39, ""following"": 28}",77
9bba2348-18e5-4a9c-af06-3a0a13237599,Sneha Venkataraman,sneha_venkataraman_417,sneha_venkataraman_417@b2b2h.com,Government College of Technology,GCT,"Coimbatore, Tamil Nadu",Artificial Intelligence & Machine Learning,2nd Year,LOOKING_FOR_MEMBERS,Artificial Intelligence & Machine Learning student at GCT passionate about AI & ML and Robotics.,"[""RAG"", ""Prompt Engineering"", ""LangChain"", ""PyTorch"", ""Keras"", ""Generative AI"", ""Scikit-Learn"", ""Team Leadership"", ""Communication""]","[""AI & ML"", ""Robotics"", ""Renewable Energy""]","[""CleanTech"", ""FinTech""]","[{""name"": ""Bio-Inspired FinTech Diagnostic Pipeline"", ""desc"": ""Computational genomics and sequence analysis tool leveraging LangChain for medical diagnostics."", ""tech"": [""Communication"", ""Prompt Engineering"", ""LangChain""], ""role"": ""Data Analyst""}]",1,0,"{""repos"": 20, ""commits"": 580, ""stars"": 42, ""followers"": 6, ""following"": 38}",96
ae6cb331-f877-4763-9728-6e2651b1be61,Gayathri Natarajan,gayathri_natarajan_335,gayathri_natarajan_335@b2b2h.com,PES University,PESU,"Bengaluru, Karnataka",Automobile Engineering,2nd Year,OPEN_TO_INVITES,Automobile Engineering student at PESU passionate about FinTech and AR/VR.,"[""AutoCAD"", ""Powertrain Design"", ""SolidWorks"", ""Thermodynamics"", ""Problem Solving"", ""Presentation""]","[""FinTech"", ""AR/VR"", ""Robotics"", ""Open Source""]","[""EdTech"", ""Product"", ""Web""]",[],1,0,"{""repos"": 21, ""commits"": 294, ""stars"": 25, ""followers"": 4, ""following"": 36}",97
7330eba1-85ce-43aa-866d-b5df0c4f5175,Diya Krishnan,diya_krishnan_670,diya_krishnan_670@b2b2h.com,Government College of Technology,GCT,"Coimbatore, Tamil Nadu",Artificial Intelligence & Data Science,4th Year,LOOKING_FOR_TEAM,Artificial Intelligence & Data Science student at GCT passionate about SpaceTech and CleanTech.,"[""SQL"", ""Deep Learning"", ""Tableau"", ""Data Analysis"", ""NumPy"", ""OpenCV"", ""PyTorch"", ""Rapid Prototyping"", ""Git""]","[""SpaceTech"", ""CleanTech"", ""Renewable Energy""]","[""Civil"", ""IoT"", ""Aerospace""]","[{""name"": ""Decentralized SQL Smart Platform"", ""desc"": ""High-throughput microservices architecture powered by SQL for scalable transaction processing."", ""tech"": [""SQL"", ""Tableau""], ""role"": ""Full Stack Developer""}]",2,0,"{""repos"": 15, ""commits"": 315, ""stars"": 34, ""followers"": 2, ""following"": 5}",76
d095cbba-302b-48b1-b0fc-d4269950c37a,Lokesh Reddy,lokesh_reddy_979,lokesh_reddy_979@b2b2h.com,SASTRA Deemed University,SASTRA,"Thanjavur, Tamil Nadu",Artificial Intelligence & Data Science,3rd Year,LOOKING_FOR_MEMBERS,Artificial Intelligence & Data Science student at SASTRA passionate about Game Development and Embedded Systems.,"[""Data Analysis"", ""Deep Learning"", ""NumPy"", ""Vector Embeddings"", ""TensorFlow"", ""SQL"", ""NLP"", ""PyTorch"", ""Feature Engineering"", ""Team Leadership"", ""Git""]","[""Game Development"", ""Embedded Systems"", ""Bioinformatics"", ""Blockchain""]","[""Mechanical"", ""EdTech"", ""Civil"", ""Design""]",[],1,1,"{""repos"": 19, ""commits"": 361, ""stars"": 45, ""followers"": 7, ""following"": 24}",85
764a5184-1cb3-4b67-90a5-b8daa11ab4db,Utkarsh Nair,utkarsh_nair_86,utkarsh_nair_86@b2b2h.com,SRM Institute of Science and Technology,SRM,"Kattankulathur, Tamil Nadu",Information Technology,2nd Year,LOOKING_FOR_TEAM,Information Technology student at SRM passionate about Cybersecurity and Assistive Tech.,"[""MySQL"", ""Networking"", ""REST API"", ""Node.js"", ""MongoDB"", ""JavaScript"", ""Express.js"", ""DevOps"", ""Firebase"", ""Communication"", ""Rapid Prototyping""]","[""Cybersecurity"", ""Assistive Tech"", ""Cloud Native"", ""Blockchain"", ""EdTech""]","[""Robotics"", ""Biotech"", ""Mechanical""]","[{""name"": ""IoT-Based Robotics Monitoring Mesh"", ""desc"": ""Distributed telemetry network with embedded sensors for real-time Robotics data analysis."", ""tech"": [""MongoDB"", ""Express.js"", ""Networking""], ""role"": ""Embedded Systems Developer""}]",1,0,"{""repos"": 9, ""commits"": 117, ""stars"": 15, ""followers"": 3, ""following"": 31}",73
da656870-ec8c-477f-ac77-d99f762a096a,Bhavya Ganesan,bhavya_ganesan_687,bhavya_ganesan_687@b2b2h.com,SSN College of Engineering,SSN,"Chennai, Tamil Nadu",Agricultural Engineering,3rd Year,LOOKING_FOR_MEMBERS,Agricultural Engineering student at SSN passionate about Cloud Native and Quantum Computing.,"[""Python"", ""Precision Agriculture"", ""AutoCAD"", ""Hydrology"", ""Team Leadership""]","[""Cloud Native"", ""Quantum Computing"", ""Robotics"", ""Generative AI""]","[""Healthcare"", ""Aerospace"", ""IoT""]","[{""name"": ""Autonomous AutoCAD Navigation System"", ""desc"": ""Real-time path planning and obstacle avoidance pipeline utilizing AutoCAD and sensor fusion."", ""tech"": [""Hydrology"", ""Precision Agriculture"", ""Team Leadership"", ""Python"", ""AutoCAD""], ""role"": ""AI Developer""}, {""name"": ""AI-Driven Aerospace Predictive Analytics Engine"", ""desc"": ""Machine learning pipeline leveraging AutoCAD for anomaly detection and forecasting in Aerospace."", ""tech"": [""Team Leadership"", ""Hydrology"", ""AutoCAD"", ""Precision Agriculture""], ""role"": ""Data Scientist""}]",0,0,"{""repos"": 10, ""commits"": 170, ""stars"": 7, ""followers"": 5, ""following"": 4}",86
c4dd2160-9823-4402-81d3-8707c241bdd5,Aswin Nair,aswin_nair_554,aswin_nair_554@b2b2h.com,National Institute of Technology Tiruchirappalli,NIT Trichy,"Tiruchirappalli, Tamil Nadu",Mechatronics,2nd Year,OFFLINE,Mechatronics student at NIT Trichy passionate about Game Development and CleanTech.,"[""Kinematics"", ""PLC"", ""Microcontrollers"", ""PCB Design"", ""ROS2"", ""Arduino"", ""C++"", ""Pneumatics"", ""Hydraulics"", ""Team Leadership""]","[""Game Development"", ""CleanTech"", ""Renewable Energy"", ""AR/VR""]","[""Web"", ""IoT"", ""Cybersecurity""]",[],5,2,"{""repos"": 18, ""commits"": 270, ""stars"": 20, ""followers"": 45, ""following"": 6}",73
37921f8e-6940-4221-a34b-d7be678be5c4,Srinivas Murugan,srinivas_murugan_155,srinivas_murugan_155@b2b2h.com,Government College of Technology,GCT,"Coimbatore, Tamil Nadu",Fashion Technology,4th Year,IN_TEAM,Fashion Technology student at GCT passionate about IoT and Open Source.,"[""CAD Fashion"", ""Textile Science"", ""Pattern Making"", ""Fashion Analytics"", ""Adobe Illustrator"", ""Merchandising"", ""Git""]","[""IoT"", ""Open Source"", ""AI & ML"", ""Assistive Tech""]","[""Civil"", ""IoT""]","[{""name"": ""Autonomous CAD Fashion Navigation System"", ""desc"": ""Real-time path planning and obstacle avoidance pipeline utilizing CAD Fashion and sensor fusion."", ""tech"": [""Adobe Illustrator"", ""Git"", ""CAD Fashion""], ""role"": ""Robotics Engineer""}, {""name"": ""AI-Driven Civil Predictive Analytics Engine"", ""desc"": ""Machine learning pipeline leveraging CAD Fashion for anomaly detection and forecasting in Civil."", ""tech"": [""Git"", ""Merchandising"", ""Pattern Making"", ""CAD Fashion""], ""role"": ""ML Engineer""}]",4,1,"{""repos"": 19, ""commits"": 399, ""stars"": 29, ""followers"": 2, ""following"": 24}",77
550d3980-7d3a-4102-86fa-046f33d46845,Srinivas Chettiar,srinivas_chettiar_803,srinivas_chettiar_803@b2b2h.com,Indian Institute of Technology Madras,IIT Madras,"Chennai, Tamil Nadu",Data Science,4th Year,LOOKING_FOR_TEAM,Data Science student at IIT Madras passionate about Autonomous Vehicles and IoT.,"[""Data Visualization"", ""Hadoop"", ""Python"", ""R"", ""Power BI"", ""Spark"", ""Presentation""]","[""Autonomous Vehicles"", ""IoT"", ""AI & ML""]","[""Product"", ""Automobile""]","[{""name"": ""Cloud-Native Product Security Shield"", ""desc"": ""Zero-trust security monitoring and intrusion detection system using Data Visualization."", ""tech"": [""R"", ""Spark"", ""Data Visualization""], ""role"": ""Cybersecurity Analyst""}]",1,0,"{""repos"": 25, ""commits"": 500, ""stars"": 25, ""followers"": 39, ""following"": 28}",98
b4480ab9-68c4-405e-89c5-4425b42b6a50,Naveen Kulkarni,naveen_kulkarni_52,naveen_kulkarni_52@b2b2h.com,Coimbatore Institute of Technology,CIT,"Coimbatore, Tamil Nadu",Industrial Engineering,3rd Year,OFFLINE,Industrial Engineering student at CIT passionate about Bioinformatics and Cybersecurity.,"[""SQL"", ""Tableau"", ""Arena Simulation"", ""Six Sigma"", ""Problem Solving""]","[""Bioinformatics"", ""Cybersecurity"", ""Embedded Systems"", ""Cloud Native""]","[""Logistics"", ""Design"", ""Cybersecurity""]",[],1,1,"{""repos"": 0, ""commits"": 0, ""stars"": 0, ""followers"": 0, ""following"": 0}",77
1d9b4b3e-c4c0-43ca-8453-f32f9ffec287,Lavanya Rao,lavanya_rao_232,lavanya_rao_232@b2b2h.com,SASTRA Deemed University,SASTRA,"Thanjavur, Tamil Nadu",Cyber Security,1st Year,LOOKING_FOR_TEAM,Cyber Security student at SASTRA passionate about Smart Cities and Assistive Tech.,"[""Python"", ""Ethical Hacking"", ""Network Security"", ""Linux"", ""Cryptography"", ""OWASP"", ""SOC Analysis"", ""Team Leadership"", ""Communication""]","[""Smart Cities"", ""Assistive Tech"", ""Cloud Native"", ""Bioinformatics""]","[""Cloud"", ""AI/ML"", ""Healthcare"", ""Logistics""]",[],1,0,"{""repos"": 5, ""commits"": 125, ""stars"": 22, ""followers"": 17, ""following"": 26}",81
0d7aa2ad-f54e-438f-805a-7cb4ac9fb423,Karthik Banerjee,karthik_banerjee_952,karthik_banerjee_952@b2b2h.com,SASTRA Deemed University,SASTRA,"Thanjavur, Tamil Nadu",Data Science,3rd Year,OPEN_TO_INVITES,Data Science student at SASTRA passionate about Web3 and CleanTech.,"[""Power BI"", ""Data Visualization"", ""Tableau"", ""R"", ""Pandas"", ""Hadoop"", ""SQL"", ""Spark"", ""Communication""]","[""Web3"", ""CleanTech"", ""Open Source"", ""Game Development""]","[""Design"", ""Cybersecurity"", ""Robotics""]",[],3,0,"{""repos"": 23, ""commits"": 598, ""stars"": 43, ""followers"": 47, ""following"": 24}",82
1cca7ff7-949b-4b61-ab87-5e3a12f08e01,Hariharan Murugan,hariharan_murugan_440,hariharan_murugan_440@b2b2h.com,Vellore Institute of Technology,VIT,"Vellore, Tamil Nadu",Agricultural Engineering,1st Year,OFFLINE,Agricultural Engineering student at VIT passionate about Autonomous Vehicles and Cybersecurity.,"[""IoT Sensors"", ""Precision Agriculture"", ""GIS"", ""Soil Mechanics"", ""Team Leadership"", ""Git""]","[""Autonomous Vehicles"", ""Cybersecurity"", ""AR/VR"", ""DevOps"", ""DeepTech""]","[""AgriTech"", ""Mobile"", ""Robotics"", ""Cloud""]","[{""name"": ""Precision AgriTech Simulation Suite"", ""desc"": ""High-fidelity finite element modeling and fluid dynamics analysis platform built with GIS."", ""tech"": [""Team Leadership"", ""Soil Mechanics"", ""IoT Sensors"", ""GIS""], ""role"": ""CAD/CAE Engineer""}]",0,0,"{""repos"": 9, ""commits"": 180, ""stars"": 38, ""followers"": 8, ""following"": 20}",86
2f7aab88-8c56-4ac2-afb3-ea61ddce7899,Srinivas Reddy,srinivas_reddy_134,srinivas_reddy_134@b2b2h.com,Thiagarajar College of Engineering,TCE,"Madurai, Tamil Nadu",Cyber Security,1st Year,OPEN_TO_INVITES,Cyber Security student at TCE passionate about AR/VR and Renewable Energy.,"[""Wireshark"", ""SOC Analysis"", ""Cryptography"", ""Burp Suite"", ""Penetration Testing"", ""Linux"", ""Network Security"", ""OWASP"", ""Presentation"", ""Problem Solving""]","[""AR/VR"", ""Renewable Energy"", ""HealthTech"", ""Blockchain""]","[""Web"", ""Cloud""]","[{""name"": ""Decentralized Cryptography Smart Platform"", ""desc"": ""High-throughput microservices architecture powered by Cryptography for scalable transaction processing."", ""tech"": [""Burp Suite"", ""SOC Analysis"", ""Cryptography""], ""role"": ""Backend Engineer""}]",0,0,"{""repos"": 31, ""commits"": 682, ""stars"": 3, ""followers"": 9, ""following"": 21}",80
bb770a17-7d83-4cbb-aca4-e2a868dafa3e,Sanjana Sengupta,sanjana_sengupta_871,sanjana_sengupta_871@b2b2h.com,PES University,PESU,"Bengaluru, Karnataka",Instrumentation Engineering,3rd Year,OFFLINE,Instrumentation Engineering student at PESU passionate about Renewable Energy and DevOps.,"[""MATLAB"", ""PLC"", ""Arduino"", ""Embedded Systems"", ""Sensors"", ""LabVIEW"", ""DCS"", ""Instrumentation"", ""SCADA"", ""Git""]","[""Renewable Energy"", ""DevOps"", ""HealthTech"", ""IoT"", ""CleanTech""]","[""IoT"", ""Product"", ""Civil""]","[{""name"": ""Cloud-Native Product Security Shield"", ""desc"": ""Zero-trust security monitoring and intrusion detection system using Arduino."", ""tech"": [""DCS"", ""PLC"", ""Instrumentation"", ""Arduino""], ""role"": ""DevOps Engineer""}]",3,0,"{""repos"": 10, ""commits"": 280, ""stars"": 24, ""followers"": 2, ""following"": 39}",77
db9b9a6c-7010-490f-b192-b87384ac6cdb,Jagan Rao,jagan_rao_939,jagan_rao_939@b2b2h.com,Manipal Institute of Technology,Manipal,"Manipal, Karnataka",Electronics & Communication Engineering,4th Year,IN_TEAM,Electronics & Communication Engineering student at Manipal passionate about Cloud Native and Web3.,"[""Embedded C"", ""Verilog"", ""KiCAD"", ""PCB Design"", ""RTOS"", ""ESP32"", ""Presentation"", ""Git""]","[""Cloud Native"", ""Web3"", ""FinTech"", ""Game Development""]","[""Aerospace"", ""Product""]","[{""name"": ""Cloud-Native Aerospace Security Shield"", ""desc"": ""Zero-trust security monitoring and intrusion detection system using Verilog."", ""tech"": [""RTOS"", ""PCB Design"", ""Embedded C"", ""Verilog""], ""role"": ""DevOps Engineer""}]",3,2,"{""repos"": 35, ""commits"": 910, ""stars"": 16, ""followers"": 10, ""following"": 22}",86
4b282682-3a5b-46d9-9de9-e6085fcaf92c,Venkatesh Naidu,venkatesh_naidu_642,venkatesh_naidu_642@b2b2h.com,PES University,PESU,"Bengaluru, Karnataka",Biotechnology,1st Year,LOOKING_FOR_TEAM,Biotechnology student at PESU passionate about Drone Tech and EdTech.,"[""Bioinformatics"", ""Genomics"", ""R"", ""Data Analysis"", ""Presentation"", ""Rapid Prototyping""]","[""Drone Tech"", ""EdTech"", ""Smart Cities"", ""Sustainable Materials""]","[""IoT"", ""Cybersecurity""]",[],3,0,"{""repos"": 0, ""commits"": 0, ""stars"": 0, ""followers"": 0, ""following"": 0}",76
43e5a54e-789c-45a4-8d3a-342e4cd105d1,Chetan Nair,chetan_nair_462,chetan_nair_462@b2b2h.com,BMS College of Engineering,BMSCE,"Bengaluru, Karnataka",Chemical Engineering,1st Year,OPEN_TO_INVITES,Chemical Engineering student at BMSCE passionate about IoT and Embedded Systems.,"[""CHEMCAD"", ""Polymer Chemistry"", ""MATLAB"", ""Chemical Safety"", ""Process Control"", ""Mass Transfer"", ""Team Leadership""]","[""IoT"", ""Embedded Systems"", ""Bioinformatics"", ""CleanTech""]","[""FinTech"", ""Cybersecurity""]",[],3,0,"{""repos"": 9, ""commits"": 144, ""stars"": 2, ""followers"": 53, ""following"": 10}",96
38812e74-0884-4445-9981-78634874951b,Zahir Swaminathan,zahir_swaminathan_591,zahir_swaminathan_591@b2b2h.com,SSN College of Engineering,SSN,"Chennai, Tamil Nadu",Artificial Intelligence & Data Science,3rd Year,OPEN_TO_INVITES,Artificial Intelligence & Data Science student at SSN passionate about Smart Cities and Web3.,"[""Prompt Engineering"", ""R"", ""OpenCV"", ""Feature Engineering"", ""Scikit-Learn"", ""SQL"", ""NLP"", ""Deep Learning"", ""NumPy"", ""Git"", ""Presentation""]","[""Smart Cities"", ""Web3"", ""Embedded Systems""]","[""Robotics"", ""AI/ML"", ""Product""]",[],0,0,"{""repos"": 22, ""commits"": 286, ""stars"": 7, ""followers"": 33, ""following"": 16}",69
bb674ff0-1424-4409-99df-9f0eebde85eb,Sudharshan Krishnan,sudharshan_krishnan_33,sudharshan_krishnan_33@b2b2h.com,PSG College of Technology,PSG Tech,"Coimbatore, Tamil Nadu",Robotics,3rd Year,IN_TEAM,Robotics student at PSG Tech passionate about DevOps and Renewable Energy.,"[""OpenCV"", ""ROS"", ""Gazebo"", ""C++"", ""SolidWorks"", ""Python"", ""Sensor Fusion"", ""Robotics Kinematics"", ""Raspberry Pi"", ""Rapid Prototyping"", ""Git""]","[""DevOps"", ""Renewable Energy"", ""DeepTech""]","[""Product"", ""Civil""]",[],1,0,"{""repos"": 19, ""commits"": 304, ""stars"": 21, ""followers"": 58, ""following"": 5}",72
6750c492-31c8-4aa9-8d43-05cfda6f0f44,Swetha Krishnan,swetha_krishnan_956,swetha_krishnan_956@b2b2h.com,BMS College of Engineering,BMSCE,"Bengaluru, Karnataka",Fashion Technology,1st Year,OPEN_TO_INVITES,Fashion Technology student at BMSCE passionate about DeepTech and DevOps.,"[""Textile Science"", ""Adobe Illustrator"", ""Garment Manufacturing"", ""Merchandising"", ""CAD Fashion"", ""Fashion Analytics"", ""CLO 3D"", ""Git"", ""Presentation""]","[""DeepTech"", ""DevOps"", ""IoT""]","[""Healthcare"", ""Mobile""]",[],0,0,"{""repos"": 0, ""commits"": 0, ""stars"": 0, ""followers"": 0, ""following"": 0}",84
89d8fc5d-e5fd-43e4-9fa2-b97feeb783d5,Venkatesh Natarajan,venkatesh_natarajan_499,venkatesh_natarajan_499@b2b2h.com,SASTRA Deemed University,SASTRA,"Thanjavur, Tamil Nadu",Civil Engineering,1st Year,LOOKING_FOR_TEAM,Civil Engineering student at SASTRA passionate about IoT and Generative AI.,"[""Primavera"", ""Revit"", ""Surveying"", ""Structural Analysis"", ""Presentation"", ""Problem Solving""]","[""IoT"", ""Generative AI"", ""SpaceTech"", ""Drone Tech"", ""Renewable Energy""]","[""Automobile"", ""Logistics""]","[{""name"": ""AI-Driven Logistics Predictive Analytics Engine"", ""desc"": ""Machine learning pipeline leveraging Primavera for anomaly detection and forecasting in Logistics."", ""tech"": [""Presentation"", ""Surveying"", ""Primavera""], ""role"": ""ML Engineer""}, {""name"": ""IoT-Based Logistics Monitoring Mesh"", ""desc"": ""Distributed telemetry network with embedded sensors for real-time Logistics data analysis."", ""tech"": [""Revit"", ""Problem Solving""], ""role"": ""Embedded Systems Developer""}]",0,0,"{""repos"": 5, ""commits"": 50, ""stars"": 46, ""followers"": 17, ""following"": 5}",70
aff604cd-f7da-4db8-84b1-9a8b7025294f,Nikhil Soundararajan,nikhil_soundararajan_194,nikhil_soundararajan_194@b2b2h.com,SASTRA Deemed University,SASTRA,"Thanjavur, Tamil Nadu",Information Technology,3rd Year,LOOKING_FOR_MEMBERS,Information Technology student at SASTRA passionate about DevOps and HealthTech.,"[""MongoDB"", ""Firebase"", ""Vue.js"", ""DevOps"", ""MySQL"", ""Docker"", ""HTML/CSS"", ""JavaScript"", ""Problem Solving""]","[""DevOps"", ""HealthTech"", ""IoT"", ""Renewable Energy""]","[""Aerospace"", ""EdTech"", ""Biotech"", ""AgriTech""]",[],2,0,"{""repos"": 20, ""commits"": 400, ""stars"": 44, ""followers"": 36, ""following"": 34}",71
8ad6c823-a9c7-4460-aa3b-8594a99e72f2,Venkatesh Swaminathan,venkatesh_swaminathan_732,venkatesh_swaminathan_732@b2b2h.com,Coimbatore Institute of Technology,CIT,"Coimbatore, Tamil Nadu",Aerospace Engineering,3rd Year,LOOKING_FOR_TEAM,Aerospace Engineering student at CIT passionate about Sustainable Materials and Wearable Devices.,"[""Aerodynamics"", ""Flight Mechanics"", ""Propulsion Systems"", ""SolidWorks"", ""CFD"", ""Problem Solving""]","[""Sustainable Materials"", ""Wearable Devices"", ""Smart Cities"", ""Cybersecurity""]","[""EdTech"", ""Biotech""]",[],4,0,"{""repos"": 5, ""commits"": 90, ""stars"": 17, ""followers"": 39, ""following"": 26}",77
4a592bb5-0eb1-4432-9361-7200f4085604,Farhan Mukherjee,farhan_mukherjee_885,farhan_mukherjee_885@b2b2h.com,Coimbatore Institute of Technology,CIT,"Coimbatore, Tamil Nadu",Biotechnology,4th Year,LOOKING_FOR_TEAM,Biotechnology student at CIT passionate about CleanTech and Generative AI.,"[""CRISPR Design"", ""Bioprocess Engineering"", ""Python"", ""Genomics"", ""R"", ""Biostatistics"", ""PyMOL"", ""Git"", ""Problem Solving""]","[""CleanTech"", ""Generative AI"", ""DevOps"", ""Drone Tech"", ""Autonomous Vehicles""]","[""Logistics"", ""CleanTech""]",[],1,0,"{""repos"": 30, ""commits"": 690, ""stars"": 50, ""followers"": 48, ""following"": 5}",93
47a94596-24f8-4c7c-9961-3337e72d1feb,Swetha Raghavan,swetha_raghavan_985,swetha_raghavan_985@b2b2h.com,Thiagarajar College of Engineering,TCE,"Madurai, Tamil Nadu",Fashion Technology,3rd Year,OFFLINE,Fashion Technology student at TCE passionate about AI & ML and AgriTech.,"[""Adobe Illustrator"", ""Garment Manufacturing"", ""Merchandising"", ""Fashion Analytics"", ""Pattern Making"", ""CAD Fashion"", ""Textile Science"", ""Presentation"", ""Team Leadership""]","[""AI & ML"", ""AgriTech"", ""Smart Cities""]","[""Healthcare"", ""AI/ML"", ""EdTech"", ""AgriTech""]","[{""name"": ""Cloud-Native AgriTech Security Shield"", ""desc"": ""Zero-trust security monitoring and intrusion detection system using Merchandising."", ""tech"": [""Pattern Making"", ""CAD Fashion"", ""Merchandising""], ""role"": ""DevOps Engineer""}, {""name"": ""NextGen Healthcare Mobile Assistant"", ""desc"": ""Cross-platform mobile application built using Merchandising to streamline workflow management in Healthcare."", ""tech"": [""Pattern Making"", ""CAD Fashion"", ""Merchandising""], ""role"": ""UI/UX Designer""}]",0,0,"{""repos"": 4, ""commits"": 96, ""stars"": 0, ""followers"": 31, ""following"": 4}",98
e2cd9ecd-2a7e-47a0-a70f-5b6c97586fa9,Pradeep Malhotra,pradeep_malhotra_874,pradeep_malhotra_874@b2b2h.com,SSN College of Engineering,SSN,"Chennai, Tamil Nadu",Mechanical Engineering,4th Year,LOOKING_FOR_TEAM,Mechanical Engineering student at SSN passionate about Cybersecurity and EdTech.,"[""Fusion 360"", ""FEA"", ""Thermodynamics"", ""CNC Programming"", ""CFD"", ""MATLAB"", ""3D Printing"", ""Fluid Mechanics"", ""Communication"", ""Presentation""]","[""Cybersecurity"", ""EdTech"", ""Game Development"", ""FinTech""]","[""Logistics"", ""Mobile""]","[{""name"": ""IoT-Based Logistics Monitoring Mesh"", ""desc"": ""Distributed telemetry network with embedded sensors for real-time Logistics data analysis."", ""tech"": [""Communication"", ""Fluid Mechanics"", ""Fusion 360""], ""role"": ""IoT Specialist""}]",0,0,"{""repos"": 17, ""commits"": 187, ""stars"": 45, ""followers"": 18, ""following"": 18}",68
2fbfa86f-52f2-4cd0-a0d9-623b6209eccd,Yamini Gowda,yamini_gowda_745,yamini_gowda_745@b2b2h.com,Government College of Technology,GCT,"Coimbatore, Tamil Nadu",Data Science,2nd Year,LOOKING_FOR_MEMBERS,Data Science student at GCT passionate about Robotics and Open Source.,"[""SQL"", ""Hadoop"", ""Spark"", ""Statistical Modeling"", ""Team Leadership""]","[""Robotics"", ""Open Source"", ""Autonomous Vehicles""]","[""Automobile"", ""AI/ML"", ""Logistics"", ""AgriTech""]","[{""name"": ""AI-Driven Logistics Predictive Analytics Engine"", ""desc"": ""Machine learning pipeline leveraging SQL for anomaly detection and forecasting in Logistics."", ""tech"": [""Spark"", ""Team Leadership"", ""Hadoop"", ""Statistical Modeling"", ""SQL""], ""role"": ""ML Engineer""}, {""name"": ""NextGen Automobile Mobile Assistant"", ""desc"": ""Cross-platform mobile application built using Spark to streamline workflow management in Automobile."", ""tech"": [""Spark"", ""SQL""], ""role"": ""UI/UX Designer""}]",0,0,"{""repos"": 4, ""commits"": 52, ""stars"": 38, ""followers"": 15, ""following"": 22}",84
ceb57173-b7f5-48a0-998f-44a39197a8ac,Saravanan Naidu,saravanan_naidu_739,saravanan_naidu_739@b2b2h.com,Manipal Institute of Technology,Manipal,"Manipal, Karnataka",Mechanical Engineering,4th Year,OFFLINE,Mechanical Engineering student at Manipal passionate about Open Source and Cloud Native.,"[""Fluid Mechanics"", ""GD&T"", ""AutoCAD"", ""CATIA"", ""Problem Solving""]","[""Open Source"", ""Cloud Native"", ""Game Development""]","[""Automobile"", ""Design"", ""IoT"", ""Mechanical""]",[],0,0,"{""repos"": 31, ""commits"": 620, ""stars"": 17, ""followers"": 14, ""following"": 38}",77
f37400af-de93-44f8-b68e-61e1a07cbf84,Srinivas Sengupta,srinivas_sengupta_828,srinivas_sengupta_828@b2b2h.com,BMS College of Engineering,BMSCE,"Bengaluru, Karnataka",Chemical Engineering,2nd Year,IN_TEAM,Chemical Engineering student at BMSCE passionate about Cloud Native and Web3.,"[""CHEMCAD"", ""Heat Transfer"", ""Polymer Chemistry"", ""Process Control"", ""Reaction Engineering"", ""Fluid Mechanics"", ""Communication""]","[""Cloud Native"", ""Web3"", ""Autonomous Vehicles"", ""Game Development"", ""IoT""]","[""EdTech"", ""Biotech"", ""Automobile"", ""Logistics""]","[{""name"": ""AI-Driven Biotech Predictive Analytics Engine"", ""desc"": ""Machine learning pipeline leveraging Polymer Chemistry for anomaly detection and forecasting in Biotech."", ""tech"": [""Fluid Mechanics"", ""Reaction Engineering"", ""Heat Transfer"", ""Polymer Chemistry""], ""role"": ""ML Engineer""}]",1,1,"{""repos"": 29, ""commits"": 667, ""stars"": 32, ""followers"": 11, ""following"": 38}",83
c5644ec7-56a1-4c47-9050-b7704cf711bd,Tanvi Joshi,tanvi_joshi_907,tanvi_joshi_907@b2b2h.com,SRM Institute of Science and Technology,SRM,"Kattankulathur, Tamil Nadu",Computer Science Engineering,2nd Year,LOOKING_FOR_TEAM,Computer Science Engineering student at SRM passionate about Web3 and Cybersecurity.,"[""React"", ""System Design"", ""Redis"", ""Java"", ""C++"", ""TypeScript"", ""Git"", ""Presentation""]","[""Web3"", ""Cybersecurity"", ""Cloud Native""]","[""Robotics"", ""Automobile"", ""Aerospace"", ""Cloud""]",[],3,0,"{""repos"": 24, ""commits"": 672, ""stars"": 38, ""followers"": 41, ""following"": 8}",91
25444a13-cd34-4765-9746-ff99a1521325,Harini Venkataraman,harini_venkataraman_982,harini_venkataraman_982@b2b2h.com,SRM Institute of Science and Technology,SRM,"Kattankulathur, Tamil Nadu",Biomedical Engineering,4th Year,IN_TEAM,Biomedical Engineering student at SRM passionate about Open Source and Autonomous Vehicles.,"[""Arduino"", ""MATLAB"", ""SolidWorks"", ""Medical Imaging"", ""LabVIEW"", ""DICOM"", ""Team Leadership""]","[""Open Source"", ""Autonomous Vehicles"", ""Bioinformatics""]","[""Biotech"", ""Robotics"", ""CleanTech"", ""Logistics""]","[{""name"": ""AI-Driven CleanTech Predictive Analytics Engine"", ""desc"": ""Machine learning pipeline leveraging SolidWorks for anomaly detection and forecasting in CleanTech."", ""tech"": [""MATLAB"", ""SolidWorks""], ""role"": ""ML Engineer""}, {""name"": ""Cloud-Native Logistics Security Shield"", ""desc"": ""Zero-trust security monitoring and intrusion detection system using Arduino."", ""tech"": [""SolidWorks"", ""Medical Imaging"", ""Team Leadership"", ""Arduino""], ""role"": ""Cybersecurity Analyst""}]",0,0,"{""repos"": 0, ""commits"": 0, ""stars"": 0, ""followers"": 0, ""following"": 0}",98
9819149e-0509-4b74-a86f-7975147d2768,Utkarsh Natarajan,utkarsh_natarajan_541,utkarsh_natarajan_541@b2b2h.com,SASTRA Deemed University,SASTRA,"Thanjavur, Tamil Nadu",Cyber Security,3rd Year,LOOKING_FOR_TEAM,Cyber Security student at SASTRA passionate about AgriTech and AR/VR.,"[""Python"", ""Wireshark"", ""Penetration Testing"", ""Burp Suite"", ""OWASP"", ""Metasploit"", ""Team Leadership"", ""Presentation""]","[""AgriTech"", ""AR/VR"", ""Drone Tech"", ""Blockchain""]","[""Healthcare"", ""Cloud""]","[{""name"": ""Decentralized Python Smart Platform"", ""desc"": ""High-throughput microservices architecture powered by Python for scalable transaction processing."", ""tech"": [""Python"", ""OWASP""], ""role"": ""Full Stack Developer""}, {""name"": ""Autonomous Wireshark Navigation System"", ""desc"": ""Real-time path planning and obstacle avoidance pipeline utilizing Wireshark and sensor fusion."", ""tech"": [""Burp Suite"", ""Penetration Testing"", ""OWASP"", ""Wireshark""], ""role"": ""AI Developer""}]",4,0,"{""repos"": 10, ""commits"": 130, ""stars"": 28, ""followers"": 58, ""following"": 29}",83
73959e1f-79e1-4754-a8eb-88b8c30b76cb,Jaya Sundaram,jaya_sundaram_295,jaya_sundaram_295@b2b2h.com,Thiagarajar College of Engineering,TCE,"Madurai, Tamil Nadu",Fashion Technology,1st Year,LOOKING_FOR_MEMBERS,Fashion Technology student at TCE passionate about AgriTech and Embedded Systems.,"[""CLO 3D"", ""Merchandising"", ""CAD Fashion"", ""Pattern Making"", ""Git""]","[""AgriTech"", ""Embedded Systems"", ""Game Development"", ""Sustainable Materials""]","[""AI/ML"", ""CleanTech"", ""Mobile"", ""Automobile""]","[{""name"": ""Decentralized CAD Fashion Smart Platform"", ""desc"": ""High-throughput microservices architecture powered by CAD Fashion for scalable transaction processing."", ""tech"": [""Git"", ""CLO 3D"", ""CAD Fashion""], ""role"": ""Full Stack Developer""}]",1,0,"{""repos"": 17, ""commits"": 272, ""stars"": 16, ""followers"": 32, ""following"": 11}",83
ee0e5321-7a36-48e8-a779-33227c94a127,Rajesh Das,rajesh_das_144,rajesh_das_144@b2b2h.com,PSG College of Technology,PSG Tech,"Coimbatore, Tamil Nadu",Architecture,1st Year,OFFLINE,Architecture student at PSG Tech passionate about AgriTech and AR/VR.,"[""Rhino"", ""AutoCAD"", ""3ds Max"", ""Sustainable Design"", ""Urban Planning"", ""Grasshopper"", ""Revit"", ""SketchUp"", ""BIM"", ""Rapid Prototyping""]","[""AgriTech"", ""AR/VR"", ""SpaceTech"", ""Game Development"", ""Open Source""]","[""Aerospace"", ""Civil""]",[],5,0,"{""repos"": 21, ""commits"": 525, ""stars"": 31, ""followers"": 52, ""following"": 27}",87
595e0130-e17f-413e-b188-78166328de09,Sudharshan Ganesan,sudharshan_ganesan_312,sudharshan_ganesan_312@b2b2h.com,National Institute of Technology Tiruchirappalli,NIT Trichy,"Tiruchirappalli, Tamil Nadu",Civil Engineering,1st Year,LOOKING_FOR_MEMBERS,Civil Engineering student at NIT Trichy passionate about Renewable Energy and SpaceTech.,"[""Hydrology"", ""GIS"", ""Revit"", ""SAP2000"", ""AutoCAD Civil 3D"", ""STAAD Pro"", ""Geotechnical Engineering"", ""Presentation"", ""Problem Solving""]","[""Renewable Energy"", ""SpaceTech"", ""Cybersecurity"", ""Drone Tech""]","[""Civil"", ""Automobile"", ""EdTech""]","[{""name"": ""Autonomous GIS Navigation System"", ""desc"": ""Real-time path planning and obstacle avoidance pipeline utilizing GIS and sensor fusion."", ""tech"": [""SAP2000"", ""Geotechnical Engineering"", ""Hydrology"", ""AutoCAD Civil 3D"", ""GIS""], ""role"": ""AI Developer""}]",1,1,"{""repos"": 31, ""commits"": 713, ""stars"": 25, ""followers"": 18, ""following"": 5}",76
ee8e02a0-9f5d-4f2a-98f8-77485ed5989e,Varun Krishnan,varun_krishnan_661,varun_krishnan_661@b2b2h.com,PES University,PESU,"Bengaluru, Karnataka",Information Technology,3rd Year,IN_TEAM,Information Technology student at PESU passionate about AI & ML and Sustainable Materials.,"[""MongoDB"", ""Express.js"", ""MySQL"", ""REST API"", ""HTML/CSS"", ""JavaScript"", ""Firebase"", ""Team Leadership"", ""Git""]","[""AI & ML"", ""Sustainable Materials"", ""Smart Cities"", ""SpaceTech"", ""Web3""]","[""CleanTech"", ""Aerospace"", ""Design"", ""AI/ML""]","[{""name"": ""Autonomous MySQL Navigation System"", ""desc"": ""Real-time path planning and obstacle avoidance pipeline utilizing MySQL and sensor fusion."", ""tech"": [""Git"", ""REST API"", ""Express.js"", ""MySQL""], ""role"": ""AI Developer""}]",1,0,"{""repos"": 24, ""commits"": 552, ""stars"": 13, ""followers"": 37, ""following"": 17}",98
32ac216b-0872-4b63-8b3d-efe240162165,Chetan Verma,chetan_verma_783,chetan_verma_783@b2b2h.com,SSN College of Engineering,SSN,"Chennai, Tamil Nadu",Artificial Intelligence & Machine Learning,4th Year,IN_TEAM,Artificial Intelligence & Machine Learning student at SSN passionate about EdTech and Generative AI.,"[""RAG"", ""LlamaIndex"", ""Scikit-Learn"", ""Python"", ""Presentation""]","[""EdTech"", ""Generative AI"", ""AgriTech"", ""Sustainable Materials"", ""Blockchain""]","[""Robotics"", ""Cloud"", ""Healthcare""]",[],0,0,"{""repos"": 0, ""commits"": 0, ""stars"": 0, ""followers"": 0, ""following"": 0}",84
71356e5d-9127-4bbd-9772-a4c4e1f40a13,Gayathri Verma,gayathri_verma_25,gayathri_verma_25@b2b2h.com,Thiagarajar College of Engineering,TCE,"Madurai, Tamil Nadu",Instrumentation Engineering,2nd Year,LOOKING_FOR_TEAM,Instrumentation Engineering student at TCE passionate about Blockchain and AgriTech.,"[""DCS"", ""Arduino"", ""Process Control"", ""Embedded Systems"", ""Instrumentation"", ""SCADA"", ""Sensors"", ""PLC"", ""LabVIEW"", ""Communication"", ""Rapid Prototyping""]","[""Blockchain"", ""AgriTech"", ""Game Development""]","[""Civil"", ""Robotics"", ""AgriTech"", ""Automobile""]","[{""name"": ""Decentralized DCS Smart Platform"", ""desc"": ""High-throughput microservices architecture powered by DCS for scalable transaction processing."", ""tech"": [""Instrumentation"", ""PLC"", ""Rapid Prototyping"", ""Embedded Systems"", ""DCS""], ""role"": ""Backend Engineer""}]",0,0,"{""repos"": 28, ""commits"": 588, ""stars"": 48, ""followers"": 36, ""following"": 8}",82
039089eb-97a5-449d-bee2-00908fe0a587,Vikram Verma,vikram_verma_416,vikram_verma_416@b2b2h.com,BMS College of Engineering,BMSCE,"Bengaluru, Karnataka",Civil Engineering,4th Year,LOOKING_FOR_MEMBERS,Civil Engineering student at BMSCE passionate about FinTech and HealthTech.,"[""Structural Analysis"", ""AutoCAD Civil 3D"", ""Geotechnical Engineering"", ""ETABS"", ""GIS"", ""STAAD Pro"", ""SAP2000"", ""Problem Solving""]","[""FinTech"", ""HealthTech"", ""Assistive Tech"", ""IoT"", ""Open Source""]","[""AI/ML"", ""Cloud""]",[],3,2,"{""repos"": 17, ""commits"": 187, ""stars"": 49, ""followers"": 33, ""following"": 18}",81
9f9b0eda-2962-4e7d-b183-2577399042d9,Tharabai Subramanian,tharabai_subramanian_47,tharabai_subramanian_47@b2b2h.com,Manipal Institute of Technology,Manipal,"Manipal, Karnataka",MBA,4th Year,LOOKING_FOR_TEAM,MBA student at Manipal passionate about DevOps and Assistive Tech.,"[""Business Strategy"", ""Team Leadership"", ""Agile/Scrum"", ""Strategic Planning"", ""Financial Modeling"", ""Market Research"", ""Rapid Prototyping"", ""Presentation""]","[""DevOps"", ""Assistive Tech"", ""Sustainable Materials"", ""Web3"", ""Blockchain""]","[""AI/ML"", ""Robotics"", ""Cloud""]",[],0,0,"{""repos"": 10, ""commits"": 150, ""stars"": 12, ""followers"": 30, ""following"": 9}",69
fcf55a24-23c2-4309-a192-7f47d52acf29,Rajesh Patel,rajesh_patel_651,rajesh_patel_651@b2b2h.com,BMS College of Engineering,BMSCE,"Bengaluru, Karnataka",Industrial Engineering,4th Year,OPEN_TO_INVITES,Industrial Engineering student at BMSCE passionate about Game Development and FinTech.,"[""Process Optimization"", ""SQL"", ""Python"", ""Operations Research"", ""Six Sigma"", ""Tableau"", ""Lean Manufacturing"", ""Supply Chain"", ""Arena Simulation"", ""Git"", ""Communication""]","[""Game Development"", ""FinTech"", ""Cybersecurity"", ""CleanTech"", ""Cloud Native""]","[""FinTech"", ""Aerospace"", ""Mechanical"", ""Healthcare""]",[],4,0,"{""repos"": 11, ""commits"": 165, ""stars"": 33, ""followers"": 47, ""following"": 32}",68
c1a1ab53-2ff7-4fec-b883-968673ac227a,Gayathri Joshi,gayathri_joshi_163,gayathri_joshi_163@b2b2h.com,SRM Institute of Science and Technology,SRM,"Kattankulathur, Tamil Nadu",Artificial Intelligence & Data Science,1st Year,LOOKING_FOR_MEMBERS,Artificial Intelligence & Data Science student at SRM passionate about Autonomous Vehicles and Game Development.,"[""OpenCV"", ""MLOps"", ""Scikit-Learn"", ""Deep Learning"", ""NLP"", ""NumPy"", ""PyTorch"", ""Python"", ""SQL"", ""Git"", ""Team Leadership""]","[""Autonomous Vehicles"", ""Game Development"", ""DevOps""]","[""Aerospace"", ""Web""]",[],1,1,"{""repos"": 30, ""commits"": 840, ""stars"": 46, ""followers"": 21, ""following"": 25}",87
5f9cfcc6-552b-4718-a0ae-2c03abd29b11,Elango Shetty,elango_shetty_564,elango_shetty_564@b2b2h.com,Indian Institute of Technology Madras,IIT Madras,"Chennai, Tamil Nadu",Fashion Technology,2nd Year,LOOKING_FOR_TEAM,Fashion Technology student at IIT Madras passionate about Game Development and Drone Tech.,"[""Pattern Making"", ""CAD Fashion"", ""Merchandising"", ""Textile Science"", ""Fashion Analytics"", ""Adobe Illustrator"", ""Garment Manufacturing"", ""CLO 3D"", ""Git""]","[""Game Development"", ""Drone Tech"", ""SpaceTech"", ""Robotics"", ""Open Source""]","[""Logistics"", ""Healthcare"", ""Civil"", ""FinTech""]",[],0,0,"{""repos"": 0, ""commits"": 0, ""stars"": 0, ""followers"": 0, ""following"": 0}",75
0c35f9a0-6d65-4934-a241-359a7e8a4f8b,Jaya Kapoor,jaya_kapoor_160,jaya_kapoor_160@b2b2h.com,Anna University Regional Campus,Anna University,"Chennai, Tamil Nadu",Electrical Engineering,4th Year,LOOKING_FOR_TEAM,Electrical Engineering student at Anna University passionate about Drone Tech and Blockchain.,"[""Simulink"", ""MATLAB"", ""PLC"", ""Power Electronics"", ""Proteus"", ""Arduino"", ""Communication"", ""Presentation""]","[""Drone Tech"", ""Blockchain"", ""EdTech"", ""DevOps"", ""SpaceTech""]","[""Robotics"", ""Civil"", ""Aerospace""]",[],1,0,"{""repos"": 16, ""commits"": 240, ""stars"": 40, ""followers"": 55, ""following"": 19}",90
e010432f-7f95-480f-9c68-b6292bbbbefd,Iswarya Shetty,iswarya_shetty_462,iswarya_shetty_462@b2b2h.com,SRM Institute of Science and Technology,SRM,"Kattankulathur, Tamil Nadu",MBA,3rd Year,LOOKING_FOR_TEAM,MBA student at SRM passionate about DeepTech and HealthTech.,"[""Pitching"", ""Data Analytics"", ""Market Research"", ""Product Management"", ""Financial Modeling"", ""Business Strategy"", ""Agile/Scrum"", ""Strategic Planning"", ""Team Leadership"", ""Git""]","[""DeepTech"", ""HealthTech"", ""SpaceTech"", ""Autonomous Vehicles"", ""FinTech""]","[""Web"", ""FinTech"", ""Biotech"", ""Aerospace""]","[{""name"": ""IoT-Based Biotech Monitoring Mesh"", ""desc"": ""Distributed telemetry network with embedded sensors for real-time Biotech data analysis."", ""tech"": [""Data Analytics"", ""Business Strategy"", ""Financial Modeling"", ""Pitching""], ""role"": ""Embedded Systems Developer""}]",1,0,"{""repos"": 28, ""commits"": 308, ""stars"": 44, ""followers"": 47, ""following"": 18}",76
f2678cee-0f88-456f-9d8c-da04a86f8ea8,Farhan Hegde,farhan_hegde_853,farhan_hegde_853@b2b2h.com,Government College of Technology,GCT,"Coimbatore, Tamil Nadu",MBA,4th Year,OFFLINE,MBA student at GCT passionate about FinTech and Assistive Tech.,"[""Team Leadership"", ""Strategic Planning"", ""Market Research"", ""Business Strategy"", ""Agile/Scrum"", ""Product Management"", ""Data Analytics"", ""Pitching"", ""Financial Modeling"", ""Presentation""]","[""FinTech"", ""Assistive Tech"", ""Cybersecurity"", ""Web3"", ""Quantum Computing""]","[""Mobile"", ""Biotech""]",[],0,0,"{""repos"": 20, ""commits"": 320, ""stars"": 41, ""followers"": 41, ""following"": 3}",78
2df251e3-b72c-4b1c-be29-4f4a1a0e19f7,Pavithra Patel,pavithra_patel_937,pavithra_patel_937@b2b2h.com,Coimbatore Institute of Technology,CIT,"Coimbatore, Tamil Nadu",MCA,3rd Year,OFFLINE,MCA student at CIT passionate about Sustainable Materials and AgriTech.,"[""Cloud Computing"", ""Software Engineering"", ""Java"", ""Web Development"", ""Git""]","[""Sustainable Materials"", ""AgriTech"", ""Web3""]","[""Biotech"", ""Mobile""]","[{""name"": ""NextGen Biotech Mobile Assistant"", ""desc"": ""Cross-platform mobile application built using Java to streamline workflow management in Biotech."", ""tech"": [""Git"", ""Web Development"", ""Cloud Computing"", ""Java""], ""role"": ""UI/UX Designer""}]",1,0,"{""repos"": 8, ""commits"": 224, ""stars"": 29, ""followers"": 7, ""following"": 9}",97
ee3b1533-299c-4e72-98f8-51677fd888c2,Sanjana Pillai,sanjana_pillai_200,sanjana_pillai_200@b2b2h.com,Manipal Institute of Technology,Manipal,"Manipal, Karnataka",Cyber Security,1st Year,OPEN_TO_INVITES,Cyber Security student at Manipal passionate about Game Development and DeepTech.,"[""Metasploit"", ""Linux"", ""Cryptography"", ""Penetration Testing"", ""Communication""]","[""Game Development"", ""DeepTech"", ""Assistive Tech"", ""HealthTech"", ""Sustainable Materials""]","[""Cloud"", ""AgriTech"", ""Mobile"", ""Robotics""]","[{""name"": ""NextGen Mobile Mobile Assistant"", ""desc"": ""Cross-platform mobile application built using Metasploit to streamline workflow management in Mobile."", ""tech"": [""Communication"", ""Cryptography"", ""Metasploit""], ""role"": ""UI/UX Designer""}]",1,0,"{""repos"": 14, ""commits"": 266, ""stars"": 16, ""followers"": 46, ""following"": 30}",76
03152bf2-5613-4b4e-bfb1-5457c4f81fb3,Preethi Venkataraman,preethi_venkataraman_602,preethi_venkataraman_602@b2b2h.com,Manipal Institute of Technology,Manipal,"Manipal, Karnataka",Chemical Engineering,4th Year,OPEN_TO_INVITES,Chemical Engineering student at Manipal passionate about Autonomous Vehicles and Game Development.,"[""Chemical Safety"", ""MATLAB"", ""Fluid Mechanics"", ""Mass Transfer"", ""Presentation""]","[""Autonomous Vehicles"", ""Game Development"", ""Smart Cities"", ""Bioinformatics""]","[""FinTech"", ""CleanTech"", ""Mechanical""]",[],5,0,"{""repos"": 16, ""commits"": 288, ""stars"": 13, ""followers"": 31, ""following"": 18}",69
61ef963c-2d5a-43ec-831d-06a2131d686e,Shankar Bhat,shankar_bhat_656,shankar_bhat_656@b2b2h.com,Anna University Regional Campus,Anna University,"Chennai, Tamil Nadu",Aerospace Engineering,2nd Year,IN_TEAM,Aerospace Engineering student at Anna University passionate about Assistive Tech and DeepTech.,"[""CFD"", ""SolidWorks"", ""OpenFOAM"", ""Flight Mechanics"", ""Orbital Mechanics"", ""ANSYS"", ""Aerodynamics"", ""Propulsion Systems"", ""Presentation""]","[""Assistive Tech"", ""DeepTech"", ""AI & ML"", ""FinTech""]","[""Civil"", ""CleanTech"", ""Product""]","[{""name"": ""Decentralized CFD Smart Platform"", ""desc"": ""High-throughput microservices architecture powered by CFD for scalable transaction processing."", ""tech"": [""OpenFOAM"", ""Propulsion Systems"", ""Orbital Mechanics"", ""CFD""], ""role"": ""Full Stack Developer""}, {""name"": ""Autonomous SolidWorks Navigation System"", ""desc"": ""Real-time path planning and obstacle avoidance pipeline utilizing SolidWorks and sensor fusion."", ""tech"": [""Aerodynamics"", ""Presentation"", ""Flight Mechanics"", ""SolidWorks""], ""role"": ""Robotics Engineer""}]",1,1,"{""repos"": 28, ""commits"": 532, ""stars"": 2, ""followers"": 58, ""following"": 16}",92
9c7b6795-f410-4c60-a33d-1b394b14a28e,Kavya Swaminathan,kavya_swaminathan_446,kavya_swaminathan_446@b2b2h.com,BMS College of Engineering,BMSCE,"Bengaluru, Karnataka",Mechatronics,4th Year,OFFLINE,Mechatronics student at BMSCE passionate about Cybersecurity and Bioinformatics.,"[""SolidWorks"", ""Pneumatics"", ""PCB Design"", ""C++"", ""Git""]","[""Cybersecurity"", ""Bioinformatics"", ""Robotics""]","[""AI/ML"", ""AgriTech""]","[{""name"": ""AI-Driven AgriTech Predictive Analytics Engine"", ""desc"": ""Machine learning pipeline leveraging Pneumatics for anomaly detection and forecasting in AgriTech."", ""tech"": [""Pneumatics"", ""C++"", ""SolidWorks""], ""role"": ""Data Scientist""}]",1,0,"{""repos"": 14, ""commits"": 238, ""stars"": 13, ""followers"": 29, ""following"": 7}",91
906b7c83-8d8a-4fd8-91e5-44be728572c1,Pooja Shetty,pooja_shetty_875,pooja_shetty_875@b2b2h.com,BMS College of Engineering,BMSCE,"Bengaluru, Karnataka",Chemical Engineering,1st Year,IN_TEAM,Chemical Engineering student at BMSCE passionate about Bioinformatics and SpaceTech.,"[""Process Control"", ""CHEMCAD"", ""Polymer Chemistry"", ""Mass Transfer"", ""Chemical Safety"", ""Presentation"", ""Team Leadership""]","[""Bioinformatics"", ""SpaceTech"", ""Wearable Devices"", ""Embedded Systems""]","[""EdTech"", ""IoT"", ""Robotics"", ""Cloud""]",[],2,0,"{""repos"": 21, ""commits"": 483, ""stars"": 38, ""followers"": 27, ""following"": 36}",70
2e6429ae-0f2a-44a0-a1f8-20065eb6cfe2,Preethi Bhat,preethi_bhat_768,preethi_bhat_768@b2b2h.com,Coimbatore Institute of Technology,CIT,"Coimbatore, Tamil Nadu",Computer Science Engineering,2nd Year,OFFLINE,Computer Science Engineering student at CIT passionate about IoT and HealthTech.,"[""Node.js"", ""Docker"", ""PostgreSQL"", ""MongoDB"", ""JavaScript"", ""Problem Solving"", ""Team Leadership""]","[""IoT"", ""HealthTech"", ""Generative AI""]","[""AgriTech"", ""Automobile""]",[],0,0,"{""repos"": 14, ""commits"": 322, ""stars"": 9, ""followers"": 20, ""following"": 21}",80
c2c837eb-9da5-4084-8bad-249a505da0ef,Pradeep Rao,pradeep_rao_277,pradeep_rao_277@b2b2h.com,Vellore Institute of Technology,VIT,"Vellore, Tamil Nadu",Electrical Engineering,2nd Year,IN_TEAM,Electrical Engineering student at VIT passionate about Open Source and Cloud Native.,"[""Power Electronics"", ""Simulink"", ""Proteus"", ""IoT Sensors"", ""Control Systems"", ""LabVIEW"", ""ETAP"", ""SCADA"", ""MATLAB"", ""Communication""]","[""Open Source"", ""Cloud Native"", ""SpaceTech""]","[""Biotech"", ""Web"", ""Civil"", ""Robotics""]","[{""name"": ""Precision Civil Simulation Suite"", ""desc"": ""High-fidelity finite element modeling and fluid dynamics analysis platform built with Power Electronics."", ""tech"": [""Control Systems"", ""Simulink"", ""SCADA"", ""Power Electronics""], ""role"": ""Simulation Specialist""}]",4,1,"{""repos"": 14, ""commits"": 322, ""stars"": 34, ""followers"": 50, ""following"": 26}",95
c07b1843-8687-4258-9ad7-9ab65909a578,Ishaan Subramanian,ishaan_subramanian_17,ishaan_subramanian_17@b2b2h.com,Manipal Institute of Technology,Manipal,"Manipal, Karnataka",MBA,3rd Year,OPEN_TO_INVITES,MBA student at Manipal passionate about Bioinformatics and Autonomous Vehicles.,"[""Team Leadership"", ""Pitching"", ""Product Management"", ""Business Strategy"", ""Financial Modeling"", ""Strategic Planning"", ""Data Analytics"", ""Market Research"", ""Communication"", ""Problem Solving""]","[""Bioinformatics"", ""Autonomous Vehicles"", ""AgriTech"", ""Quantum Computing"", ""Robotics""]","[""AgriTech"", ""Web"", ""Design"", ""Healthcare""]",[],0,0,"{""repos"": 29, ""commits"": 290, ""stars"": 28, ""followers"": 22, ""following"": 21}",88
661f3618-4b9f-4890-b5b9-ac942b752fd5,Lokesh Venkataraman,lokesh_venkataraman_759,lokesh_venkataraman_759@b2b2h.com,Government College of Technology,GCT,"Coimbatore, Tamil Nadu",Instrumentation Engineering,4th Year,OPEN_TO_INVITES,Instrumentation Engineering student at GCT passionate about Quantum Computing and DeepTech.,"[""PLC"", ""Embedded Systems"", ""DCS"", ""MATLAB"", ""Sensors"", ""Presentation""]","[""Quantum Computing"", ""DeepTech"", ""AgriTech"", ""Autonomous Vehicles""]","[""Logistics"", ""EdTech"", ""Mechanical""]",[],4,0,"{""repos"": 5, ""commits"": 70, ""stars"": 38, ""followers"": 48, ""following"": 8}",80
19d329f2-3d8d-46b4-9a4c-c52d841a38aa,Ishaan Krishnan,ishaan_krishnan_959,ishaan_krishnan_959@b2b2h.com,Indian Institute of Technology Madras,IIT Madras,"Chennai, Tamil Nadu",MCA,3rd Year,IN_TEAM,MCA student at IIT Madras passionate about AgriTech and CleanTech.,"[""Java"", ""Spring Boot"", ""React"", ""Android"", ""Cloud Computing"", ""Software Engineering"", ""MySQL"", ""Team Leadership""]","[""AgriTech"", ""CleanTech"", ""AR/VR"", ""Cloud Native"", ""DevOps""]","[""Mobile"", ""Aerospace""]","[{""name"": ""Bio-Inspired Aerospace Diagnostic Pipeline"", ""desc"": ""Computational genomics and sequence analysis tool leveraging Java for medical diagnostics."", ""tech"": [""React"", ""Team Leadership"", ""Cloud Computing"", ""Java""], ""role"": ""Bioinformatics Specialist""}]",3,0,"{""repos"": 29, ""commits"": 464, ""stars"": 1, ""followers"": 52, ""following"": 28}",89
d25bd5e3-330a-4555-a834-db21146c8618,Indrajit Mukherjee,indrajit_mukherjee_483,indrajit_mukherjee_483@b2b2h.com,Coimbatore Institute of Technology,CIT,"Coimbatore, Tamil Nadu",Architecture,3rd Year,LOOKING_FOR_TEAM,Architecture student at CIT passionate about Open Source and Quantum Computing.,"[""Rhino"", ""AutoCAD"", ""Lumion"", ""Revit"", ""Sustainable Design"", ""Presentation"", ""Git""]","[""Open Source"", ""Quantum Computing"", ""Game Development"", ""AR/VR""]","[""Design"", ""Robotics"", ""Civil""]",[],5,0,"{""repos"": 25, ""commits"": 600, ""stars"": 9, ""followers"": 31, ""following"": 33}",74
a488a43c-38ab-4a5d-b6d1-e4ebb9f9c281,Radhika Raghavan,radhika_raghavan_271,radhika_raghavan_271@b2b2h.com,Vellore Institute of Technology,VIT,"Vellore, Tamil Nadu",Information Technology,1st Year,IN_TEAM,Information Technology student at VIT passionate about Cybersecurity and AR/VR.,"[""Tailwind CSS"", ""React"", ""MySQL"", ""Docker"", ""AWS"", ""Express.js"", ""Vue.js"", ""Networking"", ""Rapid Prototyping"", ""Presentation""]","[""Cybersecurity"", ""AR/VR"", ""Open Source""]","[""Logistics"", ""Aerospace""]","[{""name"": ""Precision Logistics Simulation Suite"", ""desc"": ""High-fidelity finite element modeling and fluid dynamics analysis platform built with React."", ""tech"": [""Rapid Prototyping"", ""Networking"", ""Docker"", ""React""], ""role"": ""Simulation Specialist""}]",5,0,"{""repos"": 10, ""commits"": 130, ""stars"": 25, ""followers"": 15, ""following"": 15}",71
ea526b22-b31d-4bcc-bf22-b26e667a0389,Keerthana Joshi,keerthana_joshi_895,keerthana_joshi_895@b2b2h.com,Anna University Regional Campus,Anna University,"Chennai, Tamil Nadu",MCA,4th Year,OFFLINE,MCA student at Anna University passionate about Game Development and Drone Tech.,"[""Android"", ""MySQL"", ""Cloud Computing"", ""React"", ""Spring Boot"", ""Software Engineering"", ""Web Development"", ""Presentation""]","[""Game Development"", ""Drone Tech"", ""Robotics"", ""Cloud Native"", ""DevOps""]","[""Robotics"", ""EdTech"", ""Logistics"", ""Civil""]",[],4,1,"{""repos"": 14, ""commits"": 308, ""stars"": 18, ""followers"": 2, ""following"": 36}",94
026d7a41-6d0c-4425-bc94-74799fa8319f,Manikandan Mehta,manikandan_mehta_186,manikandan_mehta_186@b2b2h.com,Indian Institute of Technology Madras,IIT Madras,"Chennai, Tamil Nadu",Artificial Intelligence & Machine Learning,4th Year,OFFLINE,Artificial Intelligence & Machine Learning student at IIT Madras passionate about Sustainable Materials and Quantum Computing.,"[""Keras"", ""Computer Vision"", ""Scikit-Learn"", ""LangChain"", ""Generative AI"", ""Python"", ""Transformer Models"", ""Deep Learning"", ""TensorFlow"", ""Git""]","[""Sustainable Materials"", ""Quantum Computing"", ""AI & ML"", ""Robotics"", ""AR/VR""]","[""Cybersecurity"", ""Product""]","[{""name"": ""Bio-Inspired Cybersecurity Diagnostic Pipeline"", ""desc"": ""Computational genomics and sequence analysis tool leveraging Scikit-Learn for medical diagnostics."", ""tech"": [""Keras"", ""Transformer Models"", ""LangChain"", ""Scikit-Learn""], ""role"": ""Bioinformatics Specialist""}]",4,0,"{""repos"": 15, ""commits"": 300, ""stars"": 8, ""followers"": 20, ""following"": 6}",96
4f7b4233-d37f-40e9-b1c8-3850e71693d5,Utkarsh Hegde,utkarsh_hegde_482,utkarsh_hegde_482@b2b2h.com,SRM Institute of Science and Technology,SRM,"Kattankulathur, Tamil Nadu",Civil Engineering,4th Year,OPEN_TO_INVITES,Civil Engineering student at SRM passionate about Sustainable Materials and Web3.,"[""Hydrology"", ""Surveying"", ""Geotechnical Engineering"", ""AutoCAD Civil 3D"", ""GIS"", ""Team Leadership""]","[""Sustainable Materials"", ""Web3"", ""AI & ML"", ""Generative AI""]","[""Automobile"", ""Mechanical"", ""Civil"", ""Robotics""]","[{""name"": ""Decentralized Surveying Smart Platform"", ""desc"": ""High-throughput microservices architecture powered by Surveying for scalable transaction processing."", ""tech"": [""GIS"", ""Hydrology"", ""Team Leadership"", ""Surveying""], ""role"": ""Backend Engineer""}]",0,0,"{""repos"": 28, ""commits"": 308, ""stars"": 23, ""followers"": 27, ""following"": 34}",88
0fb77dc3-3168-4912-8bdb-eb91f70010dd,Jagan Natarajan,jagan_natarajan_816,jagan_natarajan_816@b2b2h.com,National Institute of Technology Tiruchirappalli,NIT Trichy,"Tiruchirappalli, Tamil Nadu",Artificial Intelligence & Machine Learning,2nd Year,LOOKING_FOR_MEMBERS,Artificial Intelligence & Machine Learning student at NIT Trichy passionate about AgriTech and Blockchain.,"[""LangChain"", ""Vector Databases"", ""TensorFlow"", ""RAG"", ""Computer Vision"", ""Generative AI"", ""Deep Learning"", ""Keras"", ""Rapid Prototyping""]","[""AgriTech"", ""Blockchain"", ""Robotics""]","[""AI/ML"", ""Biotech"", ""Civil"", ""EdTech""]",[],1,1,"{""repos"": 24, ""commits"": 576, ""stars"": 44, ""followers"": 18, ""following"": 38}",76
c14cdc98-76b8-4f75-94a7-d0af30fa0dec,Chetan Sundaram,chetan_sundaram_161,chetan_sundaram_161@b2b2h.com,SSN College of Engineering,SSN,"Chennai, Tamil Nadu",Robotics,1st Year,OPEN_TO_INVITES,Robotics student at SSN passionate about CleanTech and Cybersecurity.,"[""Robotics Kinematics"", ""OpenCV"", ""C++"", ""Autonomous Navigation"", ""Gazebo"", ""Raspberry Pi"", ""Presentation"", ""Rapid Prototyping""]","[""CleanTech"", ""Cybersecurity"", ""Sustainable Materials"", ""Smart Cities"", ""Renewable Energy""]","[""Cloud"", ""AgriTech""]","[{""name"": ""Precision Cloud Simulation Suite"", ""desc"": ""High-fidelity finite element modeling and fluid dynamics analysis platform built with OpenCV."", ""tech"": [""Autonomous Navigation"", ""Gazebo"", ""OpenCV""], ""role"": ""Simulation Specialist""}]",0,0,"{""repos"": 19, ""commits"": 399, ""stars"": 46, ""followers"": 34, ""following"": 35}",80
202833cf-72c1-4a1a-94cf-7da9f9466fd7,Radhika Venkataraman,radhika_venkataraman_669,radhika_venkataraman_669@b2b2h.com,Anna University Regional Campus,Anna University,"Chennai, Tamil Nadu",Cyber Security,3rd Year,OFFLINE,Cyber Security student at Anna University passionate about EdTech and CleanTech.,"[""Network Security"", ""Cryptography"", ""Wireshark"", ""OWASP"", ""Penetration Testing"", ""Metasploit"", ""Problem Solving"", ""Presentation""]","[""EdTech"", ""CleanTech"", ""HealthTech"", ""Cybersecurity""]","[""Logistics"", ""IoT"", ""FinTech""]",[],2,1,"{""repos"": 3, ""commits"": 78, ""stars"": 14, ""followers"": 49, ""following"": 14}",79
cccfba1b-ed2e-4a9a-bd25-c6065845a27c,Chetan Balakrishnan,chetan_balakrishnan_651,chetan_balakrishnan_651@b2b2h.com,National Institute of Technology Tiruchirappalli,NIT Trichy,"Tiruchirappalli, Tamil Nadu",Automobile Engineering,1st Year,LOOKING_FOR_MEMBERS,Automobile Engineering student at NIT Trichy passionate about FinTech and Renewable Energy.,"[""MATLAB"", ""Powertrain Design"", ""CATIA"", ""SolidWorks"", ""Vehicle Dynamics"", ""Thermodynamics"", ""Battery Management"", ""CFD"", ""Communication""]","[""FinTech"", ""Renewable Energy"", ""Game Development"", ""Assistive Tech"", ""EdTech""]","[""Biotech"", ""Cybersecurity""]",[],0,0,"{""repos"": 20, ""commits"": 540, ""stars"": 17, ""followers"": 7, ""following"": 14}",91
ef7c61a2-dde5-449b-88e6-13dd92fbe187,Nikhil Chettiar,nikhil_chettiar_320,nikhil_chettiar_320@b2b2h.com,Government College of Technology,GCT,"Coimbatore, Tamil Nadu",Mechanical Engineering,2nd Year,OPEN_TO_INVITES,Mechanical Engineering student at GCT passionate about Blockchain and Embedded Systems.,"[""Rapid Prototyping"", ""Thermodynamics"", ""3D Printing"", ""GD&T"", ""Fusion 360"", ""CNC Programming"", ""SolidWorks"", ""AutoCAD"", ""Team Leadership""]","[""Blockchain"", ""Embedded Systems"", ""Web3"", ""IoT""]","[""IoT"", ""Design""]",[],1,1,"{""repos"": 30, ""commits"": 390, ""stars"": 46, ""followers"": 58, ""following"": 30}",92
ba86a929-17c0-4066-af10-99311c211163,Siddharth Naidu,siddharth_naidu_835,siddharth_naidu_835@b2b2h.com,Indian Institute of Technology Madras,IIT Madras,"Chennai, Tamil Nadu",Data Science,4th Year,LOOKING_FOR_TEAM,Data Science student at IIT Madras passionate about CleanTech and AgriTech.,"[""Power BI"", ""Big Data"", ""Scikit-Learn"", ""Spark"", ""R"", ""Hadoop"", ""Git"", ""Communication""]","[""CleanTech"", ""AgriTech"", ""Assistive Tech"", ""DevOps"", ""EdTech""]","[""Healthcare"", ""Design"", ""Mechanical""]","[{""name"": ""NextGen Design Mobile Assistant"", ""desc"": ""Cross-platform mobile application built using Scikit-Learn to streamline workflow management in Design."", ""tech"": [""Scikit-Learn"", ""Spark""], ""role"": ""Mobile Developer""}]",2,1,"{""repos"": 7, ""commits"": 161, ""stars"": 43, ""followers"": 21, ""following"": 8}",97
e887736d-bf55-4cf8-919a-9a3b332033d1,Tharabai Malhotra,tharabai_malhotra_713,tharabai_malhotra_713@b2b2h.com,SSN College of Engineering,SSN,"Chennai, Tamil Nadu",Electrical Engineering,2nd Year,LOOKING_FOR_TEAM,Electrical Engineering student at SSN passionate about HealthTech and Open Source.,"[""SCADA"", ""Power Systems"", ""Power Electronics"", ""IoT Sensors"", ""Control Systems"", ""Problem Solving"", ""Communication""]","[""HealthTech"", ""Open Source"", ""Bioinformatics"", ""Cybersecurity"", ""Robotics""]","[""FinTech"", ""Robotics""]",[],0,0,"{""repos"": 13, ""commits"": 260, ""stars"": 33, ""followers"": 32, ""following"": 40}",93
ffe0d273-f719-408a-aa21-4cf1c812a031,Hemant Chaudhary,hemant_chaudhary_965,hemant_chaudhary_965@b2b2h.com,SASTRA Deemed University,SASTRA,"Thanjavur, Tamil Nadu",Aerospace Engineering,3rd Year,LOOKING_FOR_MEMBERS,Aerospace Engineering student at SASTRA passionate about Open Source and SpaceTech.,"[""Orbital Mechanics"", ""CFD"", ""Flight Mechanics"", ""OpenFOAM"", ""MATLAB"", ""Rapid Prototyping"", ""Communication""]","[""Open Source"", ""SpaceTech"", ""Drone Tech"", ""Quantum Computing""]","[""Robotics"", ""Mobile""]","[{""name"": ""Precision Robotics Simulation Suite"", ""desc"": ""High-fidelity finite element modeling and fluid dynamics analysis platform built with CFD."", ""tech"": [""Communication"", ""Flight Mechanics"", ""Orbital Mechanics"", ""CFD""], ""role"": ""CAD/CAE Engineer""}]",1,1,"{""repos"": 4, ""commits"": 80, ""stars"": 27, ""followers"": 52, ""following"": 26}",78
887a6e2f-751f-4c67-b70f-e6710e6db785,Vignesh Kulkarni,vignesh_kulkarni_826,vignesh_kulkarni_826@b2b2h.com,PSG College of Technology,PSG Tech,"Coimbatore, Tamil Nadu",Data Science,4th Year,LOOKING_FOR_MEMBERS,Data Science student at PSG Tech passionate about Generative AI and Drone Tech.,"[""SQL"", ""Pandas"", ""R"", ""Tableau"", ""Presentation"", ""Git""]","[""Generative AI"", ""Drone Tech"", ""Bioinformatics"", ""SpaceTech""]","[""Civil"", ""EdTech"", ""Healthcare"", ""Robotics""]",[],0,0,"{""repos"": 24, ""commits"": 432, ""stars"": 34, ""followers"": 25, ""following"": 30}",97
1aa4dd0e-1723-4fe7-82c4-cc8f8c26eaf8,Lokesh Ganesan,lokesh_ganesan_147,lokesh_ganesan_147@b2b2h.com,Thiagarajar College of Engineering,TCE,"Madurai, Tamil Nadu",Artificial Intelligence & Data Science,3rd Year,IN_TEAM,Artificial Intelligence & Data Science student at TCE passionate about DevOps and Drone Tech.,"[""Pandas"", ""SQL"", ""OpenCV"", ""Deep Learning"", ""PyTorch"", ""Team Leadership"", ""Communication""]","[""DevOps"", ""Drone Tech"", ""Bioinformatics"", ""AgriTech"", ""Cloud Native""]","[""Web"", ""Cloud"", ""AI/ML""]",[],2,1,"{""repos"": 16, ""commits"": 240, ""stars"": 20, ""followers"": 31, ""following"": 16}",82
dfd6a237-0a98-43be-8837-4607f5015d2c,Srinivas Kulkarni,srinivas_kulkarni_703,srinivas_kulkarni_703@b2b2h.com,Thiagarajar College of Engineering,TCE,"Madurai, Tamil Nadu",Mechatronics,3rd Year,OFFLINE,Mechatronics student at TCE passionate about Cloud Native and Autonomous Vehicles.,"[""ROS"", ""SolidWorks"", ""ROS2"", ""Control Theory"", ""PLC"", ""Hydraulics"", ""Pneumatics"", ""Sensors"", ""Arduino"", ""Git""]","[""Cloud Native"", ""Autonomous Vehicles"", ""AI & ML""]","[""Automobile"", ""Mobile"", ""Mechanical"", ""CleanTech""]","[{""name"": ""Bio-Inspired Mechanical Diagnostic Pipeline"", ""desc"": ""Computational genomics and sequence analysis tool leveraging SolidWorks for medical diagnostics."", ""tech"": [""SolidWorks"", ""Git"", ""Arduino"", ""PLC""], ""role"": ""Bioinformatics Specialist""}]",5,0,"{""repos"": 32, ""commits"": 928, ""stars"": 41, ""followers"": 14, ""following"": 6}",92
fce40198-f588-46cb-81a7-fb2b2f159039,Iswarya Mukherjee,iswarya_mukherjee_486,iswarya_mukherjee_486@b2b2h.com,SRM Institute of Science and Technology,SRM,"Kattankulathur, Tamil Nadu",MCA,2nd Year,LOOKING_FOR_MEMBERS,MCA student at SRM passionate about CleanTech and AI & ML.,"[""Spring Boot"", ""Android"", ""Web Development"", ""React"", ""Problem Solving"", ""Rapid Prototyping""]","[""CleanTech"", ""AI & ML"", ""AR/VR"", ""Wearable Devices"", ""SpaceTech""]","[""Web"", ""EdTech""]",[],2,0,"{""repos"": 17, ""commits"": 476, ""stars"": 43, ""followers"": 51, ""following"": 22}",85
a9f3c96e-2956-41f4-8111-071edbcacdc0,Tanvi Hegde,tanvi_hegde_957,tanvi_hegde_957@b2b2h.com,Manipal Institute of Technology,Manipal,"Manipal, Karnataka",MBA,2nd Year,OPEN_TO_INVITES,MBA student at Manipal passionate about Autonomous Vehicles and Web3.,"[""Business Strategy"", ""Agile/Scrum"", ""Market Research"", ""Product Management"", ""Data Analytics"", ""Team Leadership""]","[""Autonomous Vehicles"", ""Web3"", ""Robotics"", ""Assistive Tech"", ""EdTech""]","[""FinTech"", ""Logistics"", ""AgriTech"", ""Cybersecurity""]",[],3,0,"{""repos"": 16, ""commits"": 336, ""stars"": 1, ""followers"": 10, ""following"": 30}",71
03e288d6-b5f5-4c3f-b75d-3807da225e35,Bhavya Soundararajan,bhavya_soundararajan_898,bhavya_soundararajan_898@b2b2h.com,Thiagarajar College of Engineering,TCE,"Madurai, Tamil Nadu",MCA,2nd Year,IN_TEAM,MCA student at TCE passionate about Wearable Devices and Blockchain.,"[""Web Development"", ""Software Engineering"", ""Cloud Computing"", ""Python"", ""Rapid Prototyping""]","[""Wearable Devices"", ""Blockchain"", ""Web3"", ""FinTech"", ""Cloud Native""]","[""Mechanical"", ""IoT"", ""Cybersecurity"", ""FinTech""]",[],0,0,"{""repos"": 25, ""commits"": 500, ""stars"": 26, ""followers"": 14, ""following"": 15}",70
c942d9cb-4340-4ddb-9e60-09cb93fcb96d,Zahir Ganesan,zahir_ganesan_271,zahir_ganesan_271@b2b2h.com,SSN College of Engineering,SSN,"Chennai, Tamil Nadu",Artificial Intelligence & Machine Learning,4th Year,LOOKING_FOR_TEAM,Artificial Intelligence & Machine Learning student at SSN passionate about CleanTech and Wearable Devices.,"[""Deep Learning"", ""Prompt Engineering"", ""Computer Vision"", ""Keras"", ""Communication""]","[""CleanTech"", ""Wearable Devices"", ""Web3"", ""Quantum Computing""]","[""AgriTech"", ""EdTech"", ""AI/ML"", ""Robotics""]",[],4,0,"{""repos"": 23, ""commits"": 253, ""stars"": 9, ""followers"": 56, ""following"": 17}",73
6d04bbd9-50f3-4969-a3f7-bb0d4f0614fe,Ananya Sundaram,ananya_sundaram_541,ananya_sundaram_541@b2b2h.com,Anna University Regional Campus,Anna University,"Chennai, Tamil Nadu",Electronics & Communication Engineering,4th Year,LOOKING_FOR_TEAM,Electronics & Communication Engineering student at Anna University passionate about FinTech and Cloud Native.,"[""VHDL"", ""Signal Processing"", ""Verilog"", ""KiCAD"", ""Team Leadership"", ""Rapid Prototyping""]","[""FinTech"", ""Cloud Native"", ""Cybersecurity""]","[""Cybersecurity"", ""Aerospace"", ""IoT"", ""Logistics""]","[{""name"": ""Autonomous Signal Processing Navigation System"", ""desc"": ""Real-time path planning and obstacle avoidance pipeline utilizing Signal Processing and sensor fusion."", ""tech"": [""KiCAD"", ""Verilog"", ""Team Leadership"", ""Signal Processing""], ""role"": ""AI Developer""}, {""name"": ""Autonomous VHDL Navigation System"", ""desc"": ""Real-time path planning and obstacle avoidance pipeline utilizing VHDL and sensor fusion."", ""tech"": [""KiCAD"", ""VHDL""], ""role"": ""Robotics Engineer""}]",3,0,"{""repos"": 13, ""commits"": 195, ""stars"": 6, ""followers"": 2, ""following"": 24}",96
6865cca3-4c65-4233-ad13-01f07df1e294,Jaya Swaminathan,jaya_swaminathan_77,jaya_swaminathan_77@b2b2h.com,National Institute of Technology Tiruchirappalli,NIT Trichy,"Tiruchirappalli, Tamil Nadu",Aerospace Engineering,4th Year,IN_TEAM,Aerospace Engineering student at NIT Trichy passionate about AR/VR and Bioinformatics.,"[""MATLAB"", ""Aerodynamics"", ""ANSYS"", ""Flight Mechanics"", ""Propulsion Systems"", ""CFD"", ""OpenFOAM"", ""SolidWorks"", ""Presentation"", ""Git""]","[""AR/VR"", ""Bioinformatics"", ""Renewable Energy"", ""Blockchain""]","[""Civil"", ""Product"", ""FinTech""]","[{""name"": ""AI-Driven FinTech Predictive Analytics Engine"", ""desc"": ""Machine learning pipeline leveraging MATLAB for anomaly detection and forecasting in FinTech."", ""tech"": [""ANSYS"", ""Flight Mechanics"", ""MATLAB""], ""role"": ""Data Scientist""}, {""name"": ""Decentralized ANSYS Smart Platform"", ""desc"": ""High-throughput microservices architecture powered by ANSYS for scalable transaction processing."", ""tech"": [""Git"", ""Aerodynamics"", ""Flight Mechanics"", ""ANSYS""], ""role"": ""Full Stack Developer""}]",1,0,"{""repos"": 32, ""commits"": 896, ""stars"": 33, ""followers"": 35, ""following"": 38}",96
b5b19d8a-de3e-45ba-bba5-521f2a25f95f,Nikhil Menon,nikhil_menon_442,nikhil_menon_442@b2b2h.com,Manipal Institute of Technology,Manipal,"Manipal, Karnataka",Fashion Technology,2nd Year,OFFLINE,Fashion Technology student at Manipal passionate about SpaceTech and Robotics.,"[""CAD Fashion"", ""Merchandising"", ""CLO 3D"", ""Fashion Analytics"", ""Textile Science"", ""Garment Manufacturing"", ""Pattern Making"", ""Adobe Illustrator"", ""Team Leadership""]","[""SpaceTech"", ""Robotics"", ""AI & ML""]","[""Civil"", ""Logistics"", ""Aerospace"", ""FinTech""]",[],3,0,"{""repos"": 19, ""commits"": 513, ""stars"": 28, ""followers"": 9, ""following"": 19}",88
1e0e2f42-c427-4c4d-83bd-e57542369eb1,Tharabai Krishnan,tharabai_krishnan_923,tharabai_krishnan_923@b2b2h.com,Anna University Regional Campus,Anna University,"Chennai, Tamil Nadu",Mechatronics,3rd Year,IN_TEAM,Mechatronics student at Anna University passionate about Cybersecurity and Blockchain.,"[""Sensors"", ""Control Theory"", ""ROS2"", ""Microcontrollers"", ""Python"", ""Pneumatics"", ""C++"", ""ROS"", ""Rapid Prototyping"", ""Problem Solving""]","[""Cybersecurity"", ""Blockchain"", ""EdTech"", ""Embedded Systems"", ""Wearable Devices""]","[""IoT"", ""Design""]",[],1,0,"{""repos"": 30, ""commits"": 810, ""stars"": 5, ""followers"": 57, ""following"": 34}",73
b7dad599-a16d-4fcf-b509-98101812c67c,Saravanan Kulkarni,saravanan_kulkarni_155,saravanan_kulkarni_155@b2b2h.com,PES University,PESU,"Bengaluru, Karnataka",Fashion Technology,2nd Year,LOOKING_FOR_TEAM,Fashion Technology student at PESU passionate about Cloud Native and FinTech.,"[""Merchandising"", ""Garment Manufacturing"", ""Adobe Illustrator"", ""Textile Science"", ""CAD Fashion"", ""Git"", ""Team Leadership""]","[""Cloud Native"", ""FinTech"", ""Autonomous Vehicles"", ""Blockchain"", ""Bioinformatics""]","[""Logistics"", ""EdTech""]",[],0,0,"{""repos"": 30, ""commits"": 480, ""stars"": 17, ""followers"": 5, ""following"": 27}",77
689ef428-5690-41ea-8a1b-ebc15103c183,Shankar Swaminathan,shankar_swaminathan_925,shankar_swaminathan_925@b2b2h.com,SRM Institute of Science and Technology,SRM,"Kattankulathur, Tamil Nadu",Agricultural Engineering,3rd Year,OPEN_TO_INVITES,Agricultural Engineering student at SRM passionate about Cybersecurity and IoT.,"[""Soil Mechanics"", ""AgriTech"", ""Precision Agriculture"", ""GIS"", ""AutoCAD"", ""Remote Sensing"", ""IoT Sensors"", ""Python"", ""Hydrology"", ""Rapid Prototyping""]","[""Cybersecurity"", ""IoT"", ""Wearable Devices""]","[""EdTech"", ""Robotics""]","[{""name"": ""AI-Driven Robotics Predictive Analytics Engine"", ""desc"": ""Machine learning pipeline leveraging Precision Agriculture for anomaly detection and forecasting in Robotics."", ""tech"": [""Rapid Prototyping"", ""GIS"", ""Hydrology"", ""Precision Agriculture""], ""role"": ""ML Engineer""}]",0,0,"{""repos"": 20, ""commits"": 280, ""stars"": 25, ""followers"": 9, ""following"": 39}",98
b0c406c2-cfd3-4349-b3de-c77e91c6b52c,Pooja Deshmukh,pooja_deshmukh_464,pooja_deshmukh_464@b2b2h.com,Anna University Regional Campus,Anna University,"Chennai, Tamil Nadu",Fashion Technology,3rd Year,LOOKING_FOR_MEMBERS,Fashion Technology student at Anna University passionate about IoT and EdTech.,"[""Textile Science"", ""Garment Manufacturing"", ""Pattern Making"", ""Adobe Illustrator"", ""Presentation""]","[""IoT"", ""EdTech"", ""Bioinformatics"", ""Embedded Systems"", ""CleanTech""]","[""Design"", ""Biotech""]",[],0,0,"{""repos"": 0, ""commits"": 0, ""stars"": 0, ""followers"": 0, ""following"": 0}",92
b72b4665-e42c-4033-9c61-31b99ebc5161,Tharabai Mukherjee,tharabai_mukherjee_982,tharabai_mukherjee_982@b2b2h.com,Government College of Technology,GCT,"Coimbatore, Tamil Nadu",Biotechnology,3rd Year,LOOKING_FOR_TEAM,Biotechnology student at GCT passionate about Quantum Computing and Generative AI.,"[""Bioprocess Engineering"", ""CRISPR Design"", ""Bioinformatics"", ""PyMOL"", ""Biostatistics"", ""Data Analysis"", ""R"", ""Python"", ""Genomics"", ""Team Leadership"", ""Rapid Prototyping""]","[""Quantum Computing"", ""Generative AI"", ""Game Development"", ""Blockchain"", ""Assistive Tech""]","[""Healthcare"", ""Logistics"", ""Mechanical""]","[{""name"": ""Cloud-Native Mechanical Security Shield"", ""desc"": ""Zero-trust security monitoring and intrusion detection system using CRISPR Design."", ""tech"": [""Data Analysis"", ""CRISPR Design"", ""Bioprocess Engineering""], ""role"": ""Cybersecurity Analyst""}, {""name"": ""Bio-Inspired Mechanical Diagnostic Pipeline"", ""desc"": ""Computational genomics and sequence analysis tool leveraging Bioprocess Engineering for medical diagnostics."", ""tech"": [""PyMOL"", ""Team Leadership"", ""R"", ""Bioprocess Engineering""], ""role"": ""Data Analyst""}]",0,0,"{""repos"": 34, ""commits"": 918, ""stars"": 38, ""followers"": 55, ""following"": 38}",80
3a212f49-df4c-495e-9787-a66a9881678f,Shankar Bhat,shankar_bhat_401,shankar_bhat_401@b2b2h.com,Government College of Technology,GCT,"Coimbatore, Tamil Nadu",Data Science,1st Year,OFFLINE,Data Science student at GCT passionate about Game Development and Smart Cities.,"[""SQL"", ""Big Data"", ""Statistical Modeling"", ""Data Visualization"", ""Pandas"", ""R"", ""Scikit-Learn"", ""Tableau"", ""Spark"", ""Presentation"", ""Problem Solving""]","[""Game Development"", ""Smart Cities"", ""Embedded Systems"", ""Assistive Tech""]","[""Product"", ""Mechanical"", ""Mobile""]","[{""name"": ""Precision Mobile Simulation Suite"", ""desc"": ""High-fidelity finite element modeling and fluid dynamics analysis platform built with Statistical Modeling."", ""tech"": [""Problem Solving"", ""SQL"", ""Data Visualization"", ""Statistical Modeling""], ""role"": ""CAD/CAE Engineer""}]",0,0,"{""repos"": 24, ""commits"": 312, ""stars"": 18, ""followers"": 60, ""following"": 28}",93
085e4057-c0dd-431b-a78c-ff334b23176d,Lavanya Banerjee,lavanya_banerjee_377,lavanya_banerjee_377@b2b2h.com,PES University,PESU,"Bengaluru, Karnataka",Fashion Technology,3rd Year,LOOKING_FOR_MEMBERS,Fashion Technology student at PESU passionate about Drone Tech and Assistive Tech.,"[""Garment Manufacturing"", ""CLO 3D"", ""CAD Fashion"", ""Pattern Making"", ""Adobe Illustrator"", ""Team Leadership"", ""Presentation""]","[""Drone Tech"", ""Assistive Tech"", ""DevOps"", ""Game Development"", ""Robotics""]","[""Robotics"", ""Aerospace"", ""Cybersecurity"", ""Civil""]",[],0,0,"{""repos"": 17, ""commits"": 340, ""stars"": 19, ""followers"": 8, ""following"": 7}",88
7b929e32-04b2-4631-ad5e-edb95f7b57ce,Pavithra Kapoor,pavithra_kapoor_519,pavithra_kapoor_519@b2b2h.com,Indian Institute of Technology Madras,IIT Madras,"Chennai, Tamil Nadu",Electrical Engineering,4th Year,OPEN_TO_INVITES,Electrical Engineering student at IIT Madras passionate about AI & ML and Blockchain.,"[""IoT Sensors"", ""Proteus"", ""Control Systems"", ""Microcontrollers"", ""ETAP"", ""LabVIEW"", ""Team Leadership""]","[""AI & ML"", ""Blockchain"", ""HealthTech"", ""Open Source""]","[""Mechanical"", ""Design"", ""AgriTech""]","[{""name"": ""AI-Driven AgriTech Predictive Analytics Engine"", ""desc"": ""Machine learning pipeline leveraging Proteus for anomaly detection and forecasting in AgriTech."", ""tech"": [""IoT Sensors"", ""Proteus"", ""Team Leadership"", ""ETAP""], ""role"": ""ML Engineer""}]",1,0,"{""repos"": 28, ""commits"": 392, ""stars"": 24, ""followers"": 8, ""following"": 20}",87
1312ab45-4134-46b2-a7bc-80cc06648943,Ishaan Menon,ishaan_menon_240,ishaan_menon_240@b2b2h.com,SRM Institute of Science and Technology,SRM,"Kattankulathur, Tamil Nadu",Information Technology,2nd Year,OFFLINE,Information Technology student at SRM passionate about Embedded Systems and Game Development.,"[""AWS"", ""Python"", ""Cloud Computing"", ""Node.js"", ""Cybersecurity"", ""Team Leadership""]","[""Embedded Systems"", ""Game Development"", ""Smart Cities""]","[""Cloud"", ""Web""]",[],1,0,"{""repos"": 33, ""commits"": 792, ""stars"": 26, ""followers"": 37, ""following"": 37}",86
89725f1b-cf77-46ec-b600-8d479c5336f0,Ganesh Joshi,ganesh_joshi_878,ganesh_joshi_878@b2b2h.com,SSN College of Engineering,SSN,"Chennai, Tamil Nadu",Cyber Security,4th Year,OFFLINE,Cyber Security student at SSN passionate about Renewable Energy and Cybersecurity.,"[""Python"", ""Linux"", ""Burp Suite"", ""Network Security"", ""Wireshark"", ""Cryptography"", ""Penetration Testing"", ""Git"", ""Communication""]","[""Renewable Energy"", ""Cybersecurity"", ""Robotics""]","[""EdTech"", ""Design"", ""Cloud"", ""IoT""]",[],5,2,"{""repos"": 17, ""commits"": 357, ""stars"": 45, ""followers"": 46, ""following"": 37}",94
3ed7abd2-0827-4ed4-b481-04b77872f7ed,Manikandan Mukherjee,manikandan_mukherjee_598,manikandan_mukherjee_598@b2b2h.com,PES University,PESU,"Bengaluru, Karnataka",Information Technology,4th Year,OFFLINE,Information Technology student at PESU passionate about Assistive Tech and Renewable Energy.,"[""Cloud Computing"", ""Cybersecurity"", ""React"", ""Docker"", ""Python"", ""AWS"", ""MongoDB"", ""Communication""]","[""Assistive Tech"", ""Renewable Energy"", ""Cybersecurity"", ""Web3""]","[""Aerospace"", ""AI/ML"", ""Healthcare"", ""Design""]","[{""name"": ""Autonomous React Navigation System"", ""desc"": ""Real-time path planning and obstacle avoidance pipeline utilizing React and sensor fusion."", ""tech"": [""React"", ""Docker"", ""Cybersecurity""], ""role"": ""AI Developer""}]",1,1,"{""repos"": 35, ""commits"": 805, ""stars"": 9, ""followers"": 51, ""following"": 36}",89
b5bdc175-0d76-4760-ba9e-a6886725d1cc,Pavithra Sharma,pavithra_sharma_634,pavithra_sharma_634@b2b2h.com,Government College of Technology,GCT,"Coimbatore, Tamil Nadu",MBA,3rd Year,OFFLINE,MBA student at GCT passionate about EdTech and AR/VR.,"[""Market Research"", ""Strategic Planning"", ""Agile/Scrum"", ""Business Strategy"", ""Presentation""]","[""EdTech"", ""AR/VR"", ""Drone Tech""]","[""Cybersecurity"", ""Web""]",[],4,0,"{""repos"": 0, ""commits"": 0, ""stars"": 0, ""followers"": 0, ""following"": 0}",98
26c0644c-a983-46f1-8011-8113f9f5e1e8,Vikram Raghavan,vikram_raghavan_834,vikram_raghavan_834@b2b2h.com,Vellore Institute of Technology,VIT,"Vellore, Tamil Nadu",Biotechnology,4th Year,OPEN_TO_INVITES,Biotechnology student at VIT passionate about FinTech and AgriTech.,"[""Bioinformatics"", ""R"", ""Molecular Biology"", ""Microbiology"", ""Biostatistics"", ""Bioprocess Engineering"", ""Communication"", ""Rapid Prototyping""]","[""FinTech"", ""AgriTech"", ""SpaceTech""]","[""EdTech"", ""Aerospace""]",[],0,0,"{""repos"": 9, ""commits"": 234, ""stars"": 16, ""followers"": 3, ""following"": 40}",69
38ec06b2-32c5-44b5-9006-583e15a4e8de,Farhan Narayanan,farhan_narayanan_107,farhan_narayanan_107@b2b2h.com,Anna University Regional Campus,Anna University,"Chennai, Tamil Nadu",Computer Science Engineering,1st Year,LOOKING_FOR_TEAM,Computer Science Engineering student at Anna University passionate about AR/VR and IoT.,"[""Kubernetes"", ""FastAPI"", ""JavaScript"", ""Microservices"", ""Docker"", ""Python"", ""Team Leadership""]","[""AR/VR"", ""IoT"", ""FinTech"", ""DevOps"", ""HealthTech""]","[""IoT"", ""Cloud"", ""Aerospace""]",[],0,0,"{""repos"": 14, ""commits"": 364, ""stars"": 9, ""followers"": 54, ""following"": 30}",68
97f1639b-02d7-491e-b55e-723ec9973a3b,Chetan Gowda,chetan_gowda_919,chetan_gowda_919@b2b2h.com,BMS College of Engineering,BMSCE,"Bengaluru, Karnataka",Artificial Intelligence & Machine Learning,3rd Year,LOOKING_FOR_MEMBERS,Artificial Intelligence & Machine Learning student at BMSCE passionate about HealthTech and AR/VR.,"[""Vector Databases"", ""Generative AI"", ""TensorFlow"", ""Transformer Models"", ""Problem Solving""]","[""HealthTech"", ""AR/VR"", ""Cybersecurity"", ""Robotics""]","[""Design"", ""Robotics"", ""Biotech""]","[{""name"": ""Decentralized TensorFlow Smart Platform"", ""desc"": ""High-throughput microservices architecture powered by TensorFlow for scalable transaction processing."", ""tech"": [""TensorFlow"", ""Generative AI""], ""role"": ""Backend Engineer""}, {""name"": ""AI-Driven Robotics Predictive Analytics Engine"", ""desc"": ""Machine learning pipeline leveraging Vector Databases for anomaly detection and forecasting in Robotics."", ""tech"": [""Transformer Models"", ""Vector Databases""], ""role"": ""ML Engineer""}]",0,0,"{""repos"": 33, ""commits"": 924, ""stars"": 6, ""followers"": 56, ""following"": 35}",70
71347510-c0fa-4c17-9340-1d4f34a9e024,Raghav Chettiar,raghav_chettiar_586,raghav_chettiar_586@b2b2h.com,Coimbatore Institute of Technology,CIT,"Coimbatore, Tamil Nadu",MBA,4th Year,OFFLINE,MBA student at CIT passionate about AI & ML and IoT.,"[""Business Strategy"", ""Agile/Scrum"", ""Financial Modeling"", ""Market Research"", ""Strategic Planning"", ""Data Analytics"", ""Team Leadership"", ""Pitching"", ""Product Management"", ""Rapid Prototyping"", ""Problem Solving""]","[""AI & ML"", ""IoT"", ""Blockchain"", ""Robotics""]","[""Civil"", ""Robotics"", ""AgriTech"", ""Logistics""]","[{""name"": ""NextGen Civil Mobile Assistant"", ""desc"": ""Cross-platform mobile application built using Financial Modeling to streamline workflow management in Civil."", ""tech"": [""Business Strategy"", ""Market Research"", ""Agile/Scrum"", ""Strategic Planning"", ""Financial Modeling""], ""role"": ""Mobile Developer""}]",2,0,"{""repos"": 0, ""commits"": 0, ""stars"": 0, ""followers"": 0, ""following"": 0}",77
78fc6901-7fbc-449d-ba7c-32ccbe16273a,Siddharth Venkataraman,siddharth_venkataraman_997,siddharth_venkataraman_997@b2b2h.com,SSN College of Engineering,SSN,"Chennai, Tamil Nadu",Information Technology,4th Year,OFFLINE,Information Technology student at SSN passionate about Robotics and Web3.,"[""Express.js"", ""DevOps"", ""Tailwind CSS"", ""HTML/CSS"", ""Cloud Computing"", ""Python"", ""Node.js"", ""JavaScript"", ""Team Leadership"", ""Presentation""]","[""Robotics"", ""Web3"", ""Renewable Energy"", ""HealthTech"", ""IoT""]","[""Product"", ""Web""]","[{""name"": ""Autonomous DevOps Navigation System"", ""desc"": ""Real-time path planning and obstacle avoidance pipeline utilizing DevOps and sensor fusion."", ""tech"": [""DevOps"", ""Cloud Computing"", ""Express.js"", ""Presentation""], ""role"": ""AI Developer""}]",0,0,"{""repos"": 17, ""commits"": 357, ""stars"": 25, ""followers"": 4, ""following"": 11}",72
57f1deb3-f6b6-4040-937c-f8842a4bdeb1,Deepak Kapoor,deepak_kapoor_694,deepak_kapoor_694@b2b2h.com,SASTRA Deemed University,SASTRA,"Thanjavur, Tamil Nadu",Biomedical Engineering,3rd Year,OPEN_TO_INVITES,Biomedical Engineering student at SASTRA passionate about Renewable Energy and SpaceTech.,"[""LabVIEW"", ""DICOM"", ""Medical AI"", ""Sensor Design"", ""SolidWorks"", ""Medical Imaging"", ""MATLAB"", ""Arduino"", ""Biomedical Signal Processing"", ""Git"", ""Problem Solving""]","[""Renewable Energy"", ""SpaceTech"", ""Generative AI"", ""Drone Tech"", ""Embedded Systems""]","[""EdTech"", ""AI/ML""]","[{""name"": ""Decentralized LabVIEW Smart Platform"", ""desc"": ""High-throughput microservices architecture powered by LabVIEW for scalable transaction processing."", ""tech"": [""DICOM"", ""Medical AI"", ""Biomedical Signal Processing"", ""LabVIEW""], ""role"": ""Backend Engineer""}]",0,0,"{""repos"": 19, ""commits"": 418, ""stars"": 18, ""followers"": 36, ""following"": 20}",77
2c34b234-dd0c-4b60-91a8-9959c95c9859,Gokul Iyer,gokul_iyer_789,gokul_iyer_789@b2b2h.com,National Institute of Technology Tiruchirappalli,NIT Trichy,"Tiruchirappalli, Tamil Nadu",Biotechnology,2nd Year,LOOKING_FOR_TEAM,Biotechnology student at NIT Trichy passionate about FinTech and Web3.,"[""Bioprocess Engineering"", ""Genomics"", ""Bioinformatics"", ""Python"", ""Biostatistics"", ""CRISPR Design"", ""PyMOL"", ""Molecular Biology"", ""Problem Solving""]","[""FinTech"", ""Web3"", ""Drone Tech"", ""Renewable Energy""]","[""EdTech"", ""Automobile""]",[],2,2,"{""repos"": 5, ""commits"": 130, ""stars"": 49, ""followers"": 14, ""following"": 15}",91
61651476-b23b-4e95-9a84-a886cfb57efc,Diya Hegde,diya_hegde_24,diya_hegde_24@b2b2h.com,Anna University Regional Campus,Anna University,"Chennai, Tamil Nadu",Automobile Engineering,3rd Year,OPEN_TO_INVITES,Automobile Engineering student at Anna University passionate about FinTech and Game Development.,"[""AutoCAD"", ""Vehicle Dynamics"", ""SolidWorks"", ""Electric Drive Systems"", ""CFD"", ""CATIA"", ""Git"", ""Problem Solving""]","[""FinTech"", ""Game Development"", ""HealthTech""]","[""Biotech"", ""Web"", ""Logistics""]","[{""name"": ""Decentralized AutoCAD Smart Platform"", ""desc"": ""High-throughput microservices architecture powered by AutoCAD for scalable transaction processing."", ""tech"": [""CFD"", ""Problem Solving"", ""Vehicle Dynamics"", ""CATIA"", ""AutoCAD""], ""role"": ""Backend Engineer""}]",0,0,"{""repos"": 7, ""commits"": 161, ""stars"": 33, ""followers"": 36, ""following"": 3}",87
0c8bb400-827f-49e1-a7d9-1d94cb7f8dfc,Radhika Menon,radhika_menon_389,radhika_menon_389@b2b2h.com,Government College of Technology,GCT,"Coimbatore, Tamil Nadu",Electronics & Communication Engineering,1st Year,OPEN_TO_INVITES,Electronics & Communication Engineering student at GCT passionate about Drone Tech and Game Development.,"[""LabVIEW"", ""Embedded C"", ""Signal Processing"", ""KiCAD"", ""Git"", ""Problem Solving""]","[""Drone Tech"", ""Game Development"", ""Generative AI""]","[""Design"", ""AI/ML"", ""Web"", ""Civil""]",[],3,1,"{""repos"": 18, ""commits"": 450, ""stars"": 39, ""followers"": 18, ""following"": 24}",88
8500cf34-7cf8-4e37-896e-0444443e65af,Pradeep Subramanian,pradeep_subramanian_475,pradeep_subramanian_475@b2b2h.com,SSN College of Engineering,SSN,"Chennai, Tamil Nadu",Chemical Engineering,2nd Year,OPEN_TO_INVITES,Chemical Engineering student at SSN passionate about Embedded Systems and Quantum Computing.,"[""Fluid Mechanics"", ""MATLAB"", ""Mass Transfer"", ""CHEMCAD"", ""Chemical Safety"", ""ASPEN Plus"", ""Communication"", ""Team Leadership""]","[""Embedded Systems"", ""Quantum Computing"", ""Renewable Energy""]","[""EdTech"", ""Robotics"", ""Cloud"", ""Aerospace""]","[{""name"": ""IoT-Based Aerospace Monitoring Mesh"", ""desc"": ""Distributed telemetry network with embedded sensors for real-time Aerospace data analysis."", ""tech"": [""Team Leadership"", ""ASPEN Plus"", ""CHEMCAD"", ""MATLAB""], ""role"": ""IoT Specialist""}]",3,1,"{""repos"": 28, ""commits"": 392, ""stars"": 46, ""followers"": 35, ""following"": 15}",75
d92644e4-b1af-4c67-97b4-42a739dc989f,Siddharth Hegde,siddharth_hegde_209,siddharth_hegde_209@b2b2h.com,PES University,PESU,"Bengaluru, Karnataka",MCA,3rd Year,IN_TEAM,MCA student at PESU passionate about Generative AI and HealthTech.,"[""Cloud Computing"", ""Android"", ""React"", ""Python"", ""MySQL"", ""Software Engineering"", ""Database Administration"", ""Java"", ""Communication"", ""Git""]","[""Generative AI"", ""HealthTech"", ""Robotics"", ""DevOps""]","[""Robotics"", ""Mechanical""]","[{""name"": ""Precision Mechanical Simulation Suite"", ""desc"": ""High-fidelity finite element modeling and fluid dynamics analysis platform built with Cloud Computing."", ""tech"": [""Python"", ""Database Administration"", ""Cloud Computing""], ""role"": ""CAD/CAE Engineer""}]",1,0,"{""repos"": 15, ""commits"": 210, ""stars"": 26, ""followers"": 22, ""following"": 31}",75
be383411-f3cf-4b9b-86fc-e4856043fba8,Nikhil Rajagopal,nikhil_rajagopal_333,nikhil_rajagopal_333@b2b2h.com,Coimbatore Institute of Technology,CIT,"Coimbatore, Tamil Nadu",Data Science,1st Year,LOOKING_FOR_TEAM,Data Science student at CIT passionate about HealthTech and Sustainable Materials.,"[""SQL"", ""Python"", ""Data Visualization"", ""Big Data"", ""Problem Solving"", ""Communication""]","[""HealthTech"", ""Sustainable Materials"", ""Cybersecurity"", ""CleanTech""]","[""Aerospace"", ""CleanTech""]",[],4,1,"{""repos"": 21, ""commits"": 399, ""stars"": 6, ""followers"": 53, ""following"": 37}",73
3f631164-dc26-430c-8497-8c7760bfcedd,Pranav Swaminathan,pranav_swaminathan_131,pranav_swaminathan_131@b2b2h.com,SSN College of Engineering,SSN,"Chennai, Tamil Nadu",Data Science,4th Year,OPEN_TO_INVITES,Data Science student at SSN passionate about DeepTech and SpaceTech.,"[""Hadoop"", ""Data Visualization"", ""Spark"", ""Scikit-Learn"", ""Pandas"", ""Python"", ""Tableau"", ""SQL"", ""Problem Solving"", ""Presentation""]","[""DeepTech"", ""SpaceTech"", ""IoT""]","[""Civil"", ""Cybersecurity"", ""Web""]",[],2,2,"{""repos"": 31, ""commits"": 310, ""stars"": 31, ""followers"": 44, ""following"": 38}",79
9aa99dc7-a5e9-4eee-acb5-b5656d6583c8,Ishaan Narayanan,ishaan_narayanan_80,ishaan_narayanan_80@b2b2h.com,Anna University Regional Campus,Anna University,"Chennai, Tamil Nadu",Electronics & Communication Engineering,3rd Year,IN_TEAM,Electronics & Communication Engineering student at Anna University passionate about Smart Cities and IoT.,"[""ESP32"", ""VHDL"", ""VLSI"", ""Verilog"", ""STM32"", ""Communication""]","[""Smart Cities"", ""IoT"", ""AI & ML"", ""AR/VR"", ""DeepTech""]","[""Automobile"", ""Cybersecurity"", ""Aerospace"", ""Healthcare""]",[],1,0,"{""repos"": 13, ""commits"": 143, ""stars"": 41, ""followers"": 17, ""following"": 21}",76
0be069f8-4359-46f5-8597-2da68f4dacb5,Iswarya Krishnan,iswarya_krishnan_51,iswarya_krishnan_51@b2b2h.com,SASTRA Deemed University,SASTRA,"Thanjavur, Tamil Nadu",MCA,4th Year,LOOKING_FOR_TEAM,MCA student at SASTRA passionate about HealthTech and DeepTech.,"[""Database Administration"", ""Java"", ""Spring Boot"", ""Cloud Computing"", ""React"", ""Software Engineering"", ""Communication""]","[""HealthTech"", ""DeepTech"", ""IoT"", ""SpaceTech""]","[""Mobile"", ""Healthcare"", ""Robotics""]",[],2,1,"{""repos"": 24, ""commits"": 336, ""stars"": 22, ""followers"": 48, ""following"": 18}",85
0c80f749-3d68-49f7-b466-a887bbecea6b,Preethi Das,preethi_das_283,preethi_das_283@b2b2h.com,National Institute of Technology Tiruchirappalli,NIT Trichy,"Tiruchirappalli, Tamil Nadu",Agricultural Engineering,1st Year,LOOKING_FOR_MEMBERS,Agricultural Engineering student at NIT Trichy passionate about Smart Cities and EdTech.,"[""Precision Agriculture"", ""AgriTech"", ""GIS"", ""IoT Sensors"", ""Python"", ""Remote Sensing"", ""AutoCAD"", ""Hydrology"", ""Problem Solving"", ""Team Leadership""]","[""Smart Cities"", ""EdTech"", ""Drone Tech"", ""Web3"", ""Assistive Tech""]","[""Web"", ""Logistics""]",[],2,0,"{""repos"": 32, ""commits"": 960, ""stars"": 21, ""followers"": 52, ""following"": 8}",87
7b2e3b2a-c45e-40d1-b5a3-f4c25123b11c,Farhan Sundaram,farhan_sundaram_214,farhan_sundaram_214@b2b2h.com,Thiagarajar College of Engineering,TCE,"Madurai, Tamil Nadu",Artificial Intelligence & Data Science,2nd Year,LOOKING_FOR_TEAM,Artificial Intelligence & Data Science student at TCE passionate about IoT and Wearable Devices.,"[""TensorFlow"", ""Python"", ""Feature Engineering"", ""Data Analysis"", ""Tableau"", ""Scikit-Learn"", ""Vector Embeddings"", ""Prompt Engineering"", ""PyTorch"", ""Communication"", ""Git""]","[""IoT"", ""Wearable Devices"", ""HealthTech""]","[""Civil"", ""Cybersecurity"", ""Logistics"", ""AgriTech""]",[],0,0,"{""repos"": 35, ""commits"": 350, ""stars"": 5, ""followers"": 13, ""following"": 14}",76
bcd5ab2e-cbc6-4fb3-8f9e-4e431f84a173,Sudharshan Hegde,sudharshan_hegde_203,sudharshan_hegde_203@b2b2h.com,Thiagarajar College of Engineering,TCE,"Madurai, Tamil Nadu",Artificial Intelligence & Machine Learning,1st Year,OPEN_TO_INVITES,Artificial Intelligence & Machine Learning student at TCE passionate about Game Development and CleanTech.,"[""Generative AI"", ""Deep Learning"", ""LangChain"", ""TensorFlow"", ""Computer Vision"", ""Git"", ""Rapid Prototyping""]","[""Game Development"", ""CleanTech"", ""HealthTech"", ""Quantum Computing"", ""AgriTech""]","[""EdTech"", ""Mechanical"", ""Web""]","[{""name"": ""NextGen EdTech Mobile Assistant"", ""desc"": ""Cross-platform mobile application built using Deep Learning to streamline workflow management in EdTech."", ""tech"": [""Generative AI"", ""Rapid Prototyping"", ""Deep Learning""], ""role"": ""UI/UX Designer""}]",2,0,"{""repos"": 0, ""commits"": 0, ""stars"": 0, ""followers"": 0, ""following"": 0}",92
ed5299a2-0bad-49b4-926e-1cf67c877fe8,Kiran Sharma,kiran_sharma_772,kiran_sharma_772@b2b2h.com,Indian Institute of Technology Madras,IIT Madras,"Chennai, Tamil Nadu",Artificial Intelligence & Data Science,3rd Year,OFFLINE,Artificial Intelligence & Data Science student at IIT Madras passionate about Drone Tech and IoT.,"[""TensorFlow"", ""Deep Learning"", ""Tableau"", ""NLP"", ""NumPy"", ""Power BI"", ""Communication"", ""Rapid Prototyping""]","[""Drone Tech"", ""IoT"", ""Robotics"", ""DevOps""]","[""FinTech"", ""EdTech"", ""Cybersecurity"", ""Mobile""]",[],2,1,"{""repos"": 23, ""commits"": 506, ""stars"": 29, ""followers"": 57, ""following"": 31}",82
6d8f0325-f1c0-4cae-b27e-784bc5bd1b60,Omkar Raghavan,omkar_raghavan_439,omkar_raghavan_439@b2b2h.com,Government College of Technology,GCT,"Coimbatore, Tamil Nadu",Electronics & Communication Engineering,3rd Year,IN_TEAM,Electronics & Communication Engineering student at GCT passionate about SpaceTech and IoT.,"[""STM32"", ""LabVIEW"", ""Verilog"", ""Embedded C"", ""VHDL"", ""VLSI"", ""Arduino"", ""MATLAB"", ""Signal Processing"", ""Problem Solving""]","[""SpaceTech"", ""IoT"", ""Cybersecurity""]","[""CleanTech"", ""FinTech"", ""Web""]","[{""name"": ""Bio-Inspired CleanTech Diagnostic Pipeline"", ""desc"": ""Computational genomics and sequence analysis tool leveraging LabVIEW for medical diagnostics."", ""tech"": [""Signal Processing"", ""VHDL"", ""Embedded C"", ""LabVIEW""], ""role"": ""Bioinformatics Specialist""}]",4,1,"{""repos"": 13, ""commits"": 325, ""stars"": 42, ""followers"": 5, ""following"": 24}",98
9365a220-90af-4de1-ab03-eb3a03eac0e3,Gautam Menon,gautam_menon_732,gautam_menon_732@b2b2h.com,SRM Institute of Science and Technology,SRM,"Kattankulathur, Tamil Nadu",Data Science,3rd Year,OPEN_TO_INVITES,Data Science student at SRM passionate about FinTech and Robotics.,"[""Hadoop"", ""Spark"", ""Pandas"", ""Power BI"", ""Data Visualization"", ""Communication""]","[""FinTech"", ""Robotics"", ""Game Development"", ""CleanTech"", ""Bioinformatics""]","[""Automobile"", ""IoT"", ""Cloud"", ""Mechanical""]","[{""name"": ""NextGen Cloud Mobile Assistant"", ""desc"": ""Cross-platform mobile application built using Spark to streamline workflow management in Cloud."", ""tech"": [""Spark"", ""Pandas"", ""Power BI"", ""Hadoop""], ""role"": ""Mobile Developer""}, {""name"": ""Bio-Inspired Mechanical Diagnostic Pipeline"", ""desc"": ""Computational genomics and sequence analysis tool leveraging Spark for medical diagnostics."", ""tech"": [""Spark"", ""Pandas""], ""role"": ""Bioinformatics Specialist""}]",2,1,"{""repos"": 24, ""commits"": 384, ""stars"": 8, ""followers"": 22, ""following"": 38}",97
542b7d19-73c7-45fb-b92c-53bcb997d9cf,Aswin Sengupta,aswin_sengupta_510,aswin_sengupta_510@b2b2h.com,Coimbatore Institute of Technology,CIT,"Coimbatore, Tamil Nadu",Aerospace Engineering,1st Year,LOOKING_FOR_MEMBERS,Aerospace Engineering student at CIT passionate about Drone Tech and HealthTech.,"[""CATIA"", ""OpenFOAM"", ""Aerodynamics"", ""Orbital Mechanics"", ""MATLAB"", ""ANSYS"", ""Propulsion Systems"", ""SolidWorks"", ""Problem Solving"", ""Rapid Prototyping""]","[""Drone Tech"", ""HealthTech"", ""Smart Cities"", ""AgriTech""]","[""Cloud"", ""Aerospace"", ""Mobile"", ""Civil""]","[{""name"": ""IoT-Based Cloud Monitoring Mesh"", ""desc"": ""Distributed telemetry network with embedded sensors for real-time Cloud data analysis."", ""tech"": [""ANSYS"", ""SolidWorks"", ""Aerodynamics"", ""CATIA""], ""role"": ""IoT Specialist""}]",2,1,"{""repos"": 15, ""commits"": 450, ""stars"": 12, ""followers"": 40, ""following"": 40}",71
fe666b31-cdfb-495a-9c8a-2288a74bae75,Farhan Kulkarni,farhan_kulkarni_546,farhan_kulkarni_546@b2b2h.com,BMS College of Engineering,BMSCE,"Bengaluru, Karnataka",Industrial Engineering,3rd Year,OPEN_TO_INVITES,Industrial Engineering student at BMSCE passionate about Game Development and Drone Tech.,"[""SQL"", ""Operations Research"", ""Ergonomics"", ""Six Sigma"", ""Supply Chain"", ""Arena Simulation"", ""Python"", ""Problem Solving""]","[""Game Development"", ""Drone Tech"", ""Quantum Computing"", ""Web3"", ""Autonomous Vehicles""]","[""Cloud"", ""Biotech"", ""Robotics""]",[],5,0,"{""repos"": 9, ""commits"": 162, ""stars"": 29, ""followers"": 19, ""following"": 14}",90
7bd82166-0181-4cbe-b9a6-a1cf8a92be4c,Lavanya Das,lavanya_das_176,lavanya_das_176@b2b2h.com,Coimbatore Institute of Technology,CIT,"Coimbatore, Tamil Nadu",Electronics & Communication Engineering,3rd Year,LOOKING_FOR_TEAM,Electronics & Communication Engineering student at CIT passionate about SpaceTech and DevOps.,"[""C++"", ""VLSI"", ""PCB Design"", ""FPGA"", ""Team Leadership"", ""Communication""]","[""SpaceTech"", ""DevOps"", ""AI & ML"", ""Game Development"", ""Quantum Computing""]","[""CleanTech"", ""Robotics"", ""Cybersecurity"", ""Logistics""]","[{""name"": ""Autonomous PCB Design Navigation System"", ""desc"": ""Real-time path planning and obstacle avoidance pipeline utilizing PCB Design and sensor fusion."", ""tech"": [""Team Leadership"", ""Communication"", ""C++"", ""PCB Design""], ""role"": ""Robotics Engineer""}]",0,0,"{""repos"": 7, ""commits"": 98, ""stars"": 9, ""followers"": 8, ""following"": 35}",73
8c18a2bb-3ec0-4545-8fa8-02ccbc89971c,Aswin Pillai,aswin_pillai_782,aswin_pillai_782@b2b2h.com,Manipal Institute of Technology,Manipal,"Manipal, Karnataka",Chemical Engineering,3rd Year,LOOKING_FOR_TEAM,Chemical Engineering student at Manipal passionate about Wearable Devices and Web3.,"[""Process Control"", ""CHEMCAD"", ""Polymer Chemistry"", ""Heat Transfer"", ""Mass Transfer"", ""ASPEN Plus"", ""MATLAB"", ""Presentation"", ""Team Leadership""]","[""Wearable Devices"", ""Web3"", ""HealthTech"", ""Embedded Systems"", ""FinTech""]","[""Healthcare"", ""EdTech""]",[],1,0,"{""repos"": 0, ""commits"": 0, ""stars"": 0, ""followers"": 0, ""following"": 0}",94
e1d8cfae-372f-4a25-b650-e90bcb367e87,Varun Ganesan,varun_ganesan_53,varun_ganesan_53@b2b2h.com,Government College of Technology,GCT,"Coimbatore, Tamil Nadu",Civil Engineering,2nd Year,OPEN_TO_INVITES,Civil Engineering student at GCT passionate about IoT and AI & ML.,"[""Surveying"", ""GIS"", ""BIM"", ""SAP2000"", ""Structural Analysis"", ""Git""]","[""IoT"", ""AI & ML"", ""Bioinformatics"", ""Renewable Energy""]","[""Automobile"", ""Design"", ""AI/ML"", ""Mobile""]",[],1,0,"{""repos"": 34, ""commits"": 340, ""stars"": 22, ""followers"": 46, ""following"": 7}",86
0398edf0-1654-443e-8430-98ce7d688969,Saravanan Patel,saravanan_patel_416,saravanan_patel_416@b2b2h.com,PSG College of Technology,PSG Tech,"Coimbatore, Tamil Nadu",Electronics & Communication Engineering,1st Year,OFFLINE,Electronics & Communication Engineering student at PSG Tech passionate about DeepTech and AgriTech.,"[""PCB Design"", ""MATLAB"", ""RF Design"", ""VHDL"", ""Arduino"", ""ESP32"", ""Communication"", ""Team Leadership""]","[""DeepTech"", ""AgriTech"", ""SpaceTech"", ""Blockchain""]","[""AgriTech"", ""Biotech"", ""Web"", ""Product""]",[],5,0,"{""repos"": 5, ""commits"": 110, ""stars"": 6, ""followers"": 49, ""following"": 15}",74
556e9915-9ae4-403c-be22-8db0499bc5e5,Madhavan Deshmukh,madhavan_deshmukh_917,madhavan_deshmukh_917@b2b2h.com,Coimbatore Institute of Technology,CIT,"Coimbatore, Tamil Nadu",Robotics,3rd Year,IN_TEAM,Robotics student at CIT passionate about CleanTech and AI & ML.,"[""Autonomous Navigation"", ""Raspberry Pi"", ""Python"", ""Robotics Kinematics"", ""Team Leadership"", ""Git""]","[""CleanTech"", ""AI & ML"", ""HealthTech""]","[""CleanTech"", ""FinTech""]",[],4,2,"{""repos"": 28, ""commits"": 812, ""stars"": 48, ""followers"": 12, ""following"": 33}",83
6743983b-209e-4bf0-9eed-5c7d813f9a5a,Janani Bhat,janani_bhat_887,janani_bhat_887@b2b2h.com,PSG College of Technology,PSG Tech,"Coimbatore, Tamil Nadu",Artificial Intelligence & Data Science,1st Year,LOOKING_FOR_TEAM,Artificial Intelligence & Data Science student at PSG Tech passionate about SpaceTech and Sustainable Materials.,"[""PyTorch"", ""Python"", ""Deep Learning"", ""Vector Embeddings"", ""Communication""]","[""SpaceTech"", ""Sustainable Materials"", ""Open Source"", ""FinTech""]","[""Mobile"", ""Aerospace""]","[{""name"": ""IoT-Based Mobile Monitoring Mesh"", ""desc"": ""Distributed telemetry network with embedded sensors for real-time Mobile data analysis."", ""tech"": [""Deep Learning"", ""PyTorch"", ""Python""], ""role"": ""IoT Specialist""}]",0,0,"{""repos"": 5, ""commits"": 65, ""stars"": 19, ""followers"": 11, ""following"": 18}",82
8b572eff-2e4b-4c15-8ec4-0e9a89a990c8,Meera Malhotra,meera_malhotra_772,meera_malhotra_772@b2b2h.com,Indian Institute of Technology Madras,IIT Madras,"Chennai, Tamil Nadu",Computer Science Engineering,4th Year,OPEN_TO_INVITES,Computer Science Engineering student at IIT Madras passionate about Open Source and IoT.,"[""Java"", ""Python"", ""Node.js"", ""GraphQL"", ""Communication"", ""Problem Solving""]","[""Open Source"", ""IoT"", ""Web3"", ""Sustainable Materials"", ""Renewable Energy""]","[""FinTech"", ""AI/ML""]",[],3,0,"{""repos"": 0, ""commits"": 0, ""stars"": 0, ""followers"": 0, ""following"": 0}",81
89fd636c-f318-4056-861f-7c69aabaed3f,Ganesh Joshi,ganesh_joshi_23,ganesh_joshi_23@b2b2h.com,Coimbatore Institute of Technology,CIT,"Coimbatore, Tamil Nadu",Information Technology,1st Year,LOOKING_FOR_MEMBERS,Information Technology student at CIT passionate about Smart Cities and AI & ML.,"[""Firebase"", ""Cloud Computing"", ""MySQL"", ""REST API"", ""Vue.js"", ""Python"", ""HTML/CSS"", ""Cybersecurity"", ""Node.js"", ""Presentation""]","[""Smart Cities"", ""AI & ML"", ""Game Development"", ""Generative AI""]","[""Automobile"", ""Design"", ""Civil"", ""EdTech""]",[],0,0,"{""repos"": 8, ""commits"": 232, ""stars"": 23, ""followers"": 31, ""following"": 32}",85
03b5c41b-9b04-4bc6-9771-af990671b169,Abhinav Bhat,abhinav_bhat_933,abhinav_bhat_933@b2b2h.com,Manipal Institute of Technology,Manipal,"Manipal, Karnataka",MCA,2nd Year,LOOKING_FOR_MEMBERS,MCA student at Manipal passionate about Bioinformatics and DevOps.,"[""Android"", ""Cloud Computing"", ""Spring Boot"", ""React"", ""MySQL"", ""Web Development"", ""Software Engineering"", ""Python"", ""Database Administration"", ""Presentation""]","[""Bioinformatics"", ""DevOps"", ""Quantum Computing"", ""Autonomous Vehicles""]","[""AI/ML"", ""Healthcare"", ""Cloud""]","[{""name"": ""Cloud-Native Cloud Security Shield"", ""desc"": ""Zero-trust security monitoring and intrusion detection system using Cloud Computing."", ""tech"": [""Python"", ""Database Administration"", ""Spring Boot"", ""Cloud Computing""], ""role"": ""Cybersecurity Analyst""}]",2,0,"{""repos"": 13, ""commits"": 364, ""stars"": 8, ""followers"": 54, ""following"": 15}",94
