student_id,project_id,project_rank,student_rank,final_score,pred_compat_score,prob_good_fit,compatibility_score,match_outcome,skill_overlap_ratio,matched_skill_count,required_skill_count,tfidf_similarity,domain_match,interest_overlap_ratio,cluster_id,cluster_segment,explanation
7c59a687-5d33-4f1e-b160-4b4af927664b,proj_0001,1,3,59.9141,51.0889,0.9996,50.5385,1,0.5,2,4,0.1327,1,0.0,2,High Open-Source Contributor,Strong match (Score: 59.9). Matched 2/4 required skills (50%). domain aligned. Segment: High Open-Source Contributor.
bf5c6dbf-7b36-4028-b03b-7b4abbf3532f,proj_0001,2,20,51.1605,36.8387,0.9992,45.7811,1,0.5,2,4,0.0966,0,0.0,0,Applied Project Specialist,Strong match (Score: 51.2). Matched 2/4 required skills (50%). Segment: Applied Project Specialist.
132eafd1-24b7-4dd8-b703-0907cb2db46e,proj_0001,3,20,51.0079,36.6409,0.9987,30.4543,1,0.5,2,4,0.0927,0,0.0,0,Applied Project Specialist,Strong match (Score: 51.0). Matched 2/4 required skills (50%). Segment: Applied Project Specialist.
b94ac878-a11a-4440-8721-86ece96b9784,proj_0001,4,11,50.3047,34.058,0.9993,28.7296,1,0.5,2,4,0.1135,0,0.0,2,High Open-Source Contributor,Strong match (Score: 50.3). Matched 2/4 required skills (50%). Segment: High Open-Source Contributor.
41548c0f-f749-405b-8baa-0d455112ae92,proj_0001,5,11,50.1638,35.2619,0.9926,34.3833,1,0.25,1,4,0.0854,1,0.0,2,High Open-Source Contributor,Strong match (Score: 50.2). Matched 1/4 required skills (25%). domain aligned. Segment: High Open-Source Contributor.
c3b38c11-0bcb-49fb-91ff-75f472399a74,proj_0001,6,8,49.7481,33.2253,0.9994,38.663,1,0.5,2,4,0.0984,0,0.0,1,Hackathon Champion,Moderate match (Score: 49.7). Matched 2/4 required skills (50%). Segment: Hackathon Champion.
2e6429ae-0f2a-44a0-a1f8-20065eb6cfe2,proj_0001,7,8,49.734,33.3475,0.9994,33.5204,1,0.5,2,4,0.0942,0,0.0,3,Emerging Generalist Builder,Moderate match (Score: 49.7). Matched 2/4 required skills (50%). Segment: Emerging Generalist Builder.
2af7712b-5192-4039-b527-b1a51858eda8,proj_0001,8,19,49.3063,31.4158,0.9994,33.3261,1,0.5,2,4,0.1172,0,0.0,3,Emerging Generalist Builder,Moderate match (Score: 49.3). Matched 2/4 required skills (50%). Segment: Emerging Generalist Builder.
8232d63e-d487-4977-bd32-327717e11fb0,proj_0001,9,4,49.1522,31.4242,0.9994,33.6322,1,0.5,2,4,0.1067,0,0.0,1,Hackathon Champion,Moderate match (Score: 49.2). Matched 2/4 required skills (50%). Segment: Hackathon Champion.
4740cd5d-ac02-4515-ac53-2040e26b69ba,proj_0001,10,14,48.7659,32.6335,0.9972,32.1997,1,0.25,1,4,0.0531,1,0.0,2,High Open-Source Contributor,Moderate match (Score: 48.8). Matched 1/4 required skills (25%). domain aligned. Segment: High Open-Source Contributor.
bf5c6dbf-7b36-4028-b03b-7b4abbf3532f,proj_0002,1,23,50.5009,35.9772,0.9992,31.7528,1,0.5,2,4,0.0756,0,0.0,0,Applied Project Specialist,Strong match (Score: 50.5). Matched 2/4 required skills (50%). Segment: Applied Project Specialist.
c5644ec7-56a1-4c47-9050-b7704cf711bd,proj_0002,2,17,49.4825,33.0899,0.9994,36.0642,1,0.5,2,4,0.0843,0,0.0,2,High Open-Source Contributor,Moderate match (Score: 49.5). Matched 2/4 required skills (50%). Segment: High Open-Source Contributor.
8d64530c-b109-44d6-898f-58a15a3429d0,proj_0002,3,34,49.2768,33.7307,0.9994,33.0494,1,0.5,2,4,0.0535,0,0.0,0,Applied Project Specialist,Moderate match (Score: 49.3). Matched 2/4 required skills (50%). Segment: Applied Project Specialist.
1b0eb8d9-5d90-4feb-85f8-57e9bb66294b,proj_0002,4,56,41.6829,22.061,0.9804,20.3749,1,0.25,1,4,0.0631,0,0.0,2,High Open-Source Contributor,Moderate match (Score: 41.7). Matched 1/4 required skills (25%). Segment: High Open-Source Contributor.
19d329f2-3d8d-46b4-9a4c-c52d841a38aa,proj_0002,5,64,41.1949,21.7823,0.9701,33.9856,1,0.25,1,4,0.0586,0,0.0,2,High Open-Source Contributor,Moderate match (Score: 41.2). Matched 1/4 required skills (25%). Segment: High Open-Source Contributor.
c5c58e75-ab1c-4fcb-9908-a0ebf6929c26,proj_0002,6,65,41.0858,22.0645,0.9658,20.206,1,0.25,1,4,0.0524,0,0.0,0,Applied Project Specialist,Moderate match (Score: 41.1). Matched 1/4 required skills (25%). Segment: Applied Project Specialist.
132eafd1-24b7-4dd8-b703-0907cb2db46e,proj_0002,7,76,40.9745,21.9099,0.969,20.7834,1,0.25,1,4,0.0427,0,0.0,0,Applied Project Specialist,Moderate match (Score: 41.0). Matched 1/4 required skills (25%). Segment: Applied Project Specialist.
b4c077d2-148e-42f9-bc80-1515091459a8,proj_0002,8,49,40.9255,21.8024,0.9683,22.4342,1,0.25,1,4,0.0437,0,0.0,0,Applied Project Specialist,Moderate match (Score: 40.9). Matched 1/4 required skills (25%). Segment: Applied Project Specialist.
389062fe-a5c8-4f8d-ab5a-72f522fa00fa,proj_0002,9,79,40.8882,21.473,0.9661,27.9458,1,0.25,1,4,0.0544,0,0.0,0,Applied Project Specialist,Moderate match (Score: 40.9). Matched 1/4 required skills (25%). Segment: Applied Project Specialist.
d92644e4-b1af-4c67-97b4-42a739dc989f,proj_0002,10,74,40.8517,21.4754,0.963,22.0236,1,0.25,1,4,0.0581,0,0.0,3,Emerging Generalist Builder,Moderate match (Score: 40.9). Matched 1/4 required skills (25%). Segment: Emerging Generalist Builder.
38ec06b2-32c5-44b5-9006-583e15a4e8de,proj_0003,1,1,65.7349,59.5147,0.9996,59.0064,1,0.75,3,4,0.1294,1,0.0,3,Emerging Generalist Builder,Strong match (Score: 65.7). Matched 3/4 required skills (75%). domain aligned. Segment: Emerging Generalist Builder.
132eafd1-24b7-4dd8-b703-0907cb2db46e,proj_0003,2,4,59.2034,49.9798,0.9995,48.544,1,0.75,3,4,0.1151,0,0.0,0,Applied Project Specialist,Strong match (Score: 59.2). Matched 3/4 required skills (75%). Segment: Applied Project Specialist.
03b5c41b-9b04-4bc6-9771-af990671b169,proj_0003,3,9,58.8382,49.2654,0.9996,45.2405,1,0.5,2,4,0.1096,1,0.0,3,Emerging Generalist Builder,Strong match (Score: 58.8). Matched 2/4 required skills (50%). domain aligned. Segment: Emerging Generalist Builder.
bf5c6dbf-7b36-4028-b03b-7b4abbf3532f,proj_0003,4,5,58.7029,49.4597,0.9994,53.4893,1,0.75,3,4,0.0958,0,0.0,0,Applied Project Specialist,Strong match (Score: 58.7). Matched 3/4 required skills (75%). Segment: Applied Project Specialist.
389062fe-a5c8-4f8d-ab5a-72f522fa00fa,proj_0003,5,1,58.631,48.3237,0.9995,41.1309,1,0.75,3,4,0.1211,0,0.0,0,Applied Project Specialist,Strong match (Score: 58.6). Matched 3/4 required skills (75%). Segment: Applied Project Specialist.
bcbb259f-658e-4461-8c3d-c07b29aa5e23,proj_0003,6,9,58.4461,48.0716,0.9996,41.2193,1,0.5,2,4,0.1153,1,0.0,3,Emerging Generalist Builder,Strong match (Score: 58.4). Matched 2/4 required skills (50%). domain aligned. Segment: Emerging Generalist Builder.
6d281b14-0770-4794-8714-213a98a8e198,proj_0003,7,3,58.2419,47.9434,0.9995,50.9599,1,0.5,2,4,0.1053,1,0.0,3,Emerging Generalist Builder,Strong match (Score: 58.2). Matched 2/4 required skills (50%). domain aligned. Segment: Emerging Generalist Builder.
3ed7abd2-0827-4ed4-b481-04b77872f7ed,proj_0003,8,6,57.9954,47.7435,0.9994,50.694,1,0.75,3,4,0.0944,0,0.0,2,High Open-Source Contributor,Strong match (Score: 58.0). Matched 3/4 required skills (75%). Segment: High Open-Source Contributor.
087481f9-5507-4faf-9389-4e4246f98b69,proj_0003,9,11,57.9436,47.1866,0.9995,41.6113,1,0.5,2,4,0.1056,1,0.0,3,Emerging Generalist Builder,Strong match (Score: 57.9). Matched 2/4 required skills (50%). domain aligned. Segment: Emerging Generalist Builder.
8d64530c-b109-44d6-898f-58a15a3429d0,proj_0003,10,7,57.016,46.2363,0.9994,50.3288,1,0.75,3,4,0.0693,0,0.0,0,Applied Project Specialist,Strong match (Score: 57.0). Matched 3/4 required skills (75%). Segment: Applied Project Specialist.
bf5c6dbf-7b36-4028-b03b-7b4abbf3532f,proj_0004,1,10,55.3996,42.7102,0.9995,38.5764,1,0.6667,2,3,0.1109,0,0.0,0,Applied Project Specialist,Strong match (Score: 55.4). Matched 2/3 required skills (67%). Segment: Applied Project Specialist.
132eafd1-24b7-4dd8-b703-0907cb2db46e,proj_0004,2,10,55.1466,42.2614,0.9993,42.1052,1,0.6667,2,3,0.1064,0,0.0,0,Applied Project Specialist,Strong match (Score: 55.1). Matched 2/3 required skills (67%). Segment: Applied Project Specialist.
b94ac878-a11a-4440-8721-86ece96b9784,proj_0004,3,4,55.0121,41.029,0.9993,40.5615,1,0.6667,2,3,0.1303,0,0.0,2,High Open-Source Contributor,Strong match (Score: 55.0). Matched 2/3 required skills (67%). Segment: High Open-Source Contributor.
7c59a687-5d33-4f1e-b160-4b4af927664b,proj_0004,4,8,54.2331,40.3865,0.9994,40.577,1,0.6667,2,3,0.0953,0,0.0,2,High Open-Source Contributor,Strong match (Score: 54.2). Matched 2/3 required skills (67%). Segment: High Open-Source Contributor.
c478ab16-73cc-4c97-a81c-03bb388a6500,proj_0004,5,3,54.1539,39.0072,0.9995,37.2204,1,0.6667,2,3,0.1266,0,0.0,3,Emerging Generalist Builder,Strong match (Score: 54.2). Matched 2/3 required skills (67%). Segment: Emerging Generalist Builder.
2e6429ae-0f2a-44a0-a1f8-20065eb6cfe2,proj_0004,6,1,53.9413,39.1696,0.9995,44.6767,1,0.6667,2,3,0.1081,0,0.0,3,Emerging Generalist Builder,Strong match (Score: 53.9). Matched 2/3 required skills (67%). Segment: Emerging Generalist Builder.
2af7712b-5192-4039-b527-b1a51858eda8,proj_0004,7,9,52.7785,36.5099,0.9994,38.7391,1,0.6667,2,3,0.1017,0,0.0,3,Emerging Generalist Builder,Strong match (Score: 52.8). Matched 2/3 required skills (67%). Segment: Emerging Generalist Builder.
b4c077d2-148e-42f9-bc80-1515091459a8,proj_0004,8,21,43.3526,24.149,0.9881,25.7485,1,0.3333,1,3,0.0478,0,0.0,0,Applied Project Specialist,Moderate match (Score: 43.4). Matched 1/3 required skills (33%). Segment: Applied Project Specialist.
e08544ce-9fea-4ed5-926b-df8a4054cef4,proj_0004,9,13,43.3048,23.3283,0.9885,17.5569,1,0.3333,1,3,0.0657,0,0.0,2,High Open-Source Contributor,Moderate match (Score: 43.3). Matched 1/3 required skills (33%). Segment: High Open-Source Contributor.
8d64530c-b109-44d6-898f-58a15a3429d0,proj_0004,10,75,43.1777,24.2217,0.9883,27.3769,1,0.3333,1,3,0.0338,0,0.0,0,Applied Project Specialist,Moderate match (Score: 43.2). Matched 1/3 required skills (33%). Segment: Applied Project Specialist.
bf5c6dbf-7b36-4028-b03b-7b4abbf3532f,proj_0005,1,23,50.5009,35.9772,0.9992,42.421,1,0.5,2,4,0.0756,0,0.0,0,Applied Project Specialist,Strong match (Score: 50.5). Matched 2/4 required skills (50%). Segment: Applied Project Specialist.
c5644ec7-56a1-4c47-9050-b7704cf711bd,proj_0005,2,17,49.4825,33.0899,0.9994,33.4939,1,0.5,2,4,0.0843,0,0.0,2,High Open-Source Contributor,Moderate match (Score: 49.5). Matched 2/4 required skills (50%). Segment: High Open-Source Contributor.
8d64530c-b109-44d6-898f-58a15a3429d0,proj_0005,3,34,49.2768,33.7307,0.9994,36.8165,1,0.5,2,4,0.0535,0,0.0,0,Applied Project Specialist,Moderate match (Score: 49.3). Matched 2/4 required skills (50%). Segment: Applied Project Specialist.
1b0eb8d9-5d90-4feb-85f8-57e9bb66294b,proj_0005,4,56,41.6829,22.061,0.9804,22.7542,1,0.25,1,4,0.0631,0,0.0,2,High Open-Source Contributor,Moderate match (Score: 41.7). Matched 1/4 required skills (25%). Segment: High Open-Source Contributor.
19d329f2-3d8d-46b4-9a4c-c52d841a38aa,proj_0005,5,64,41.1949,21.7823,0.9701,27.7915,1,0.25,1,4,0.0586,0,0.0,2,High Open-Source Contributor,Moderate match (Score: 41.2). Matched 1/4 required skills (25%). Segment: High Open-Source Contributor.
c5c58e75-ab1c-4fcb-9908-a0ebf6929c26,proj_0005,6,65,41.0858,22.0645,0.9658,25.2169,1,0.25,1,4,0.0524,0,0.0,0,Applied Project Specialist,Moderate match (Score: 41.1). Matched 1/4 required skills (25%). Segment: Applied Project Specialist.
132eafd1-24b7-4dd8-b703-0907cb2db46e,proj_0005,7,76,40.9745,21.9099,0.969,7.3538,0,0.25,1,4,0.0427,0,0.0,0,Applied Project Specialist,Moderate match (Score: 41.0). Matched 1/4 required skills (25%). Segment: Applied Project Specialist.
b4c077d2-148e-42f9-bc80-1515091459a8,proj_0005,8,49,40.9255,21.8024,0.9683,26.1168,1,0.25,1,4,0.0437,0,0.0,0,Applied Project Specialist,Moderate match (Score: 40.9). Matched 1/4 required skills (25%). Segment: Applied Project Specialist.
389062fe-a5c8-4f8d-ab5a-72f522fa00fa,proj_0005,9,79,40.8882,21.473,0.9661,20.5786,1,0.25,1,4,0.0544,0,0.0,0,Applied Project Specialist,Moderate match (Score: 40.9). Matched 1/4 required skills (25%). Segment: Applied Project Specialist.
d92644e4-b1af-4c67-97b4-42a739dc989f,proj_0005,10,74,40.8517,21.4754,0.963,19.0858,1,0.25,1,4,0.0581,0,0.0,3,Emerging Generalist Builder,Moderate match (Score: 40.9). Matched 1/4 required skills (25%). Segment: Emerging Generalist Builder.
38ec06b2-32c5-44b5-9006-583e15a4e8de,proj_0006,1,1,65.7349,59.5147,0.9996,61.3899,1,0.75,3,4,0.1294,1,0.0,3,Emerging Generalist Builder,Strong match (Score: 65.7). Matched 3/4 required skills (75%). domain aligned. Segment: Emerging Generalist Builder.
132eafd1-24b7-4dd8-b703-0907cb2db46e,proj_0006,2,4,59.2034,49.9798,0.9995,57.2654,1,0.75,3,4,0.1151,0,0.0,0,Applied Project Specialist,Strong match (Score: 59.2). Matched 3/4 required skills (75%). Segment: Applied Project Specialist.
03b5c41b-9b04-4bc6-9771-af990671b169,proj_0006,3,9,58.8382,49.2654,0.9996,56.6762,1,0.5,2,4,0.1096,1,0.0,3,Emerging Generalist Builder,Strong match (Score: 58.8). Matched 2/4 required skills (50%). domain aligned. Segment: Emerging Generalist Builder.
bf5c6dbf-7b36-4028-b03b-7b4abbf3532f,proj_0006,4,5,58.7029,49.4597,0.9994,50.3371,1,0.75,3,4,0.0958,0,0.0,0,Applied Project Specialist,Strong match (Score: 58.7). Matched 3/4 required skills (75%). Segment: Applied Project Specialist.
389062fe-a5c8-4f8d-ab5a-72f522fa00fa,proj_0006,5,1,58.631,48.3237,0.9995,41.5522,1,0.75,3,4,0.1211,0,0.0,0,Applied Project Specialist,Strong match (Score: 58.6). Matched 3/4 required skills (75%). Segment: Applied Project Specialist.
bcbb259f-658e-4461-8c3d-c07b29aa5e23,proj_0006,6,9,58.4461,48.0716,0.9996,42.086,1,0.5,2,4,0.1153,1,0.0,3,Emerging Generalist Builder,Strong match (Score: 58.4). Matched 2/4 required skills (50%). domain aligned. Segment: Emerging Generalist Builder.
6d281b14-0770-4794-8714-213a98a8e198,proj_0006,7,3,58.2419,47.9434,0.9995,47.9165,1,0.5,2,4,0.1053,1,0.0,3,Emerging Generalist Builder,Strong match (Score: 58.2). Matched 2/4 required skills (50%). domain aligned. Segment: Emerging Generalist Builder.
3ed7abd2-0827-4ed4-b481-04b77872f7ed,proj_0006,8,6,57.9954,47.7435,0.9994,42.9799,1,0.75,3,4,0.0944,0,0.0,2,High Open-Source Contributor,Strong match (Score: 58.0). Matched 3/4 required skills (75%). Segment: High Open-Source Contributor.
087481f9-5507-4faf-9389-4e4246f98b69,proj_0006,9,11,57.9436,47.1866,0.9995,50.4563,1,0.5,2,4,0.1056,1,0.0,3,Emerging Generalist Builder,Strong match (Score: 57.9). Matched 2/4 required skills (50%). domain aligned. Segment: Emerging Generalist Builder.
8d64530c-b109-44d6-898f-58a15a3429d0,proj_0006,10,7,57.016,46.2363,0.9994,33.9919,1,0.75,3,4,0.0693,0,0.0,0,Applied Project Specialist,Strong match (Score: 57.0). Matched 3/4 required skills (75%). Segment: Applied Project Specialist.
bf5c6dbf-7b36-4028-b03b-7b4abbf3532f,proj_0007,1,10,55.3996,42.7102,0.9995,37.8937,1,0.6667,2,3,0.1109,0,0.0,0,Applied Project Specialist,Strong match (Score: 55.4). Matched 2/3 required skills (67%). Segment: Applied Project Specialist.
132eafd1-24b7-4dd8-b703-0907cb2db46e,proj_0007,2,10,55.1466,42.2614,0.9993,38.7985,1,0.6667,2,3,0.1064,0,0.0,0,Applied Project Specialist,Strong match (Score: 55.1). Matched 2/3 required skills (67%). Segment: Applied Project Specialist.
b94ac878-a11a-4440-8721-86ece96b9784,proj_0007,3,4,55.0121,41.029,0.9993,38.3813,1,0.6667,2,3,0.1303,0,0.0,2,High Open-Source Contributor,Strong match (Score: 55.0). Matched 2/3 required skills (67%). Segment: High Open-Source Contributor.
7c59a687-5d33-4f1e-b160-4b4af927664b,proj_0007,4,8,54.2331,40.3865,0.9994,38.0461,1,0.6667,2,3,0.0953,0,0.0,2,High Open-Source Contributor,Strong match (Score: 54.2). Matched 2/3 required skills (67%). Segment: High Open-Source Contributor.
c478ab16-73cc-4c97-a81c-03bb388a6500,proj_0007,5,3,54.1539,39.0072,0.9995,43.3851,1,0.6667,2,3,0.1266,0,0.0,3,Emerging Generalist Builder,Strong match (Score: 54.2). Matched 2/3 required skills (67%). Segment: Emerging Generalist Builder.
2e6429ae-0f2a-44a0-a1f8-20065eb6cfe2,proj_0007,6,1,53.9413,39.1696,0.9995,41.1838,1,0.6667,2,3,0.1081,0,0.0,3,Emerging Generalist Builder,Strong match (Score: 53.9). Matched 2/3 required skills (67%). Segment: Emerging Generalist Builder.
2af7712b-5192-4039-b527-b1a51858eda8,proj_0007,7,9,52.7785,36.5099,0.9994,38.8188,1,0.6667,2,3,0.1017,0,0.0,3,Emerging Generalist Builder,Strong match (Score: 52.8). Matched 2/3 required skills (67%). Segment: Emerging Generalist Builder.
b4c077d2-148e-42f9-bc80-1515091459a8,proj_0007,8,21,43.3526,24.149,0.9881,29.3842,1,0.3333,1,3,0.0478,0,0.0,0,Applied Project Specialist,Moderate match (Score: 43.4). Matched 1/3 required skills (33%). Segment: Applied Project Specialist.
e08544ce-9fea-4ed5-926b-df8a4054cef4,proj_0007,9,13,43.3048,23.3283,0.9885,26.2381,1,0.3333,1,3,0.0657,0,0.0,2,High Open-Source Contributor,Moderate match (Score: 43.3). Matched 1/3 required skills (33%). Segment: High Open-Source Contributor.
8d64530c-b109-44d6-898f-58a15a3429d0,proj_0007,10,75,43.1777,24.2217,0.9883,35.1189,1,0.3333,1,3,0.0338,0,0.0,0,Applied Project Specialist,Moderate match (Score: 43.2). Matched 1/3 required skills (33%). Segment: Applied Project Specialist.
7c59a687-5d33-4f1e-b160-4b4af927664b,proj_0008,1,3,59.9141,51.0889,0.9996,49.4816,1,0.5,2,4,0.1327,1,0.0,2,High Open-Source Contributor,Strong match (Score: 59.9). Matched 2/4 required skills (50%). domain aligned. Segment: High Open-Source Contributor.
bf5c6dbf-7b36-4028-b03b-7b4abbf3532f,proj_0008,2,20,51.1605,36.8387,0.9992,40.5955,1,0.5,2,4,0.0966,0,0.0,0,Applied Project Specialist,Strong match (Score: 51.2). Matched 2/4 required skills (50%). Segment: Applied Project Specialist.
132eafd1-24b7-4dd8-b703-0907cb2db46e,proj_0008,3,20,51.0079,36.6409,0.9987,35.8254,1,0.5,2,4,0.0927,0,0.0,0,Applied Project Specialist,Strong match (Score: 51.0). Matched 2/4 required skills (50%). Segment: Applied Project Specialist.
b94ac878-a11a-4440-8721-86ece96b9784,proj_0008,4,11,50.3047,34.058,0.9993,29.9379,1,0.5,2,4,0.1135,0,0.0,2,High Open-Source Contributor,Strong match (Score: 50.3). Matched 2/4 required skills (50%). Segment: High Open-Source Contributor.
41548c0f-f749-405b-8baa-0d455112ae92,proj_0008,5,11,50.1638,35.2619,0.9926,31.549,1,0.25,1,4,0.0854,1,0.0,2,High Open-Source Contributor,Strong match (Score: 50.2). Matched 1/4 required skills (25%). domain aligned. Segment: High Open-Source Contributor.
c3b38c11-0bcb-49fb-91ff-75f472399a74,proj_0008,6,8,49.7481,33.2253,0.9994,34.2854,1,0.5,2,4,0.0984,0,0.0,1,Hackathon Champion,Moderate match (Score: 49.7). Matched 2/4 required skills (50%). Segment: Hackathon Champion.
2e6429ae-0f2a-44a0-a1f8-20065eb6cfe2,proj_0008,7,8,49.734,33.3475,0.9994,35.4394,1,0.5,2,4,0.0942,0,0.0,3,Emerging Generalist Builder,Moderate match (Score: 49.7). Matched 2/4 required skills (50%). Segment: Emerging Generalist Builder.
2af7712b-5192-4039-b527-b1a51858eda8,proj_0008,8,19,49.3063,31.4158,0.9994,34.6312,1,0.5,2,4,0.1172,0,0.0,3,Emerging Generalist Builder,Moderate match (Score: 49.3). Matched 2/4 required skills (50%). Segment: Emerging Generalist Builder.
8232d63e-d487-4977-bd32-327717e11fb0,proj_0008,9,4,49.1522,31.4242,0.9994,33.5395,1,0.5,2,4,0.1067,0,0.0,1,Hackathon Champion,Moderate match (Score: 49.2). Matched 2/4 required skills (50%). Segment: Hackathon Champion.
4740cd5d-ac02-4515-ac53-2040e26b69ba,proj_0008,10,14,48.7659,32.6335,0.9972,32.7692,1,0.25,1,4,0.0531,1,0.0,2,High Open-Source Contributor,Moderate match (Score: 48.8). Matched 1/4 required skills (25%). domain aligned. Segment: High Open-Source Contributor.
bf5c6dbf-7b36-4028-b03b-7b4abbf3532f,proj_0009,1,23,50.5009,35.9772,0.9992,28.5977,1,0.5,2,4,0.0756,0,0.0,0,Applied Project Specialist,Strong match (Score: 50.5). Matched 2/4 required skills (50%). Segment: Applied Project Specialist.
c5644ec7-56a1-4c47-9050-b7704cf711bd,proj_0009,2,17,49.4825,33.0899,0.9994,39.5529,1,0.5,2,4,0.0843,0,0.0,2,High Open-Source Contributor,Moderate match (Score: 49.5). Matched 2/4 required skills (50%). Segment: High Open-Source Contributor.
8d64530c-b109-44d6-898f-58a15a3429d0,proj_0009,3,34,49.2768,33.7307,0.9994,30.802,1,0.5,2,4,0.0535,0,0.0,0,Applied Project Specialist,Moderate match (Score: 49.3). Matched 2/4 required skills (50%). Segment: Applied Project Specialist.
1b0eb8d9-5d90-4feb-85f8-57e9bb66294b,proj_0009,4,56,41.6829,22.061,0.9804,19.4553,1,0.25,1,4,0.0631,0,0.0,2,High Open-Source Contributor,Moderate match (Score: 41.7). Matched 1/4 required skills (25%). Segment: High Open-Source Contributor.
19d329f2-3d8d-46b4-9a4c-c52d841a38aa,proj_0009,5,64,41.1949,21.7823,0.9701,22.6594,1,0.25,1,4,0.0586,0,0.0,2,High Open-Source Contributor,Moderate match (Score: 41.2). Matched 1/4 required skills (25%). Segment: High Open-Source Contributor.
c5c58e75-ab1c-4fcb-9908-a0ebf6929c26,proj_0009,6,65,41.0858,22.0645,0.9658,19.3298,1,0.25,1,4,0.0524,0,0.0,0,Applied Project Specialist,Moderate match (Score: 41.1). Matched 1/4 required skills (25%). Segment: Applied Project Specialist.
132eafd1-24b7-4dd8-b703-0907cb2db46e,proj_0009,7,76,40.9745,21.9099,0.969,19.9971,1,0.25,1,4,0.0427,0,0.0,0,Applied Project Specialist,Moderate match (Score: 41.0). Matched 1/4 required skills (25%). Segment: Applied Project Specialist.
b4c077d2-148e-42f9-bc80-1515091459a8,proj_0009,8,49,40.9255,21.8024,0.9683,27.8401,1,0.25,1,4,0.0437,0,0.0,0,Applied Project Specialist,Moderate match (Score: 40.9). Matched 1/4 required skills (25%). Segment: Applied Project Specialist.
389062fe-a5c8-4f8d-ab5a-72f522fa00fa,proj_0009,9,79,40.8882,21.473,0.9661,26.9645,1,0.25,1,4,0.0544,0,0.0,0,Applied Project Specialist,Moderate match (Score: 40.9). Matched 1/4 required skills (25%). Segment: Applied Project Specialist.
d92644e4-b1af-4c67-97b4-42a739dc989f,proj_0009,10,74,40.8517,21.4754,0.963,24.2969,1,0.25,1,4,0.0581,0,0.0,3,Emerging Generalist Builder,Moderate match (Score: 40.9). Matched 1/4 required skills (25%). Segment: Emerging Generalist Builder.
38ec06b2-32c5-44b5-9006-583e15a4e8de,proj_0010,1,1,65.7349,59.5147,0.9996,59.3423,1,0.75,3,4,0.1294,1,0.0,3,Emerging Generalist Builder,Strong match (Score: 65.7). Matched 3/4 required skills (75%). domain aligned. Segment: Emerging Generalist Builder.
132eafd1-24b7-4dd8-b703-0907cb2db46e,proj_0010,2,4,59.2034,49.9798,0.9995,55.4992,1,0.75,3,4,0.1151,0,0.0,0,Applied Project Specialist,Strong match (Score: 59.2). Matched 3/4 required skills (75%). Segment: Applied Project Specialist.
03b5c41b-9b04-4bc6-9771-af990671b169,proj_0010,3,9,58.8382,49.2654,0.9996,49.2749,1,0.5,2,4,0.1096,1,0.0,3,Emerging Generalist Builder,Strong match (Score: 58.8). Matched 2/4 required skills (50%). domain aligned. Segment: Emerging Generalist Builder.
bf5c6dbf-7b36-4028-b03b-7b4abbf3532f,proj_0010,4,5,58.7029,49.4597,0.9994,55.9503,1,0.75,3,4,0.0958,0,0.0,0,Applied Project Specialist,Strong match (Score: 58.7). Matched 3/4 required skills (75%). Segment: Applied Project Specialist.
389062fe-a5c8-4f8d-ab5a-72f522fa00fa,proj_0010,5,1,58.631,48.3237,0.9995,40.5349,1,0.75,3,4,0.1211,0,0.0,0,Applied Project Specialist,Strong match (Score: 58.6). Matched 3/4 required skills (75%). Segment: Applied Project Specialist.
bcbb259f-658e-4461-8c3d-c07b29aa5e23,proj_0010,6,9,58.4461,48.0716,0.9996,50.9202,1,0.5,2,4,0.1153,1,0.0,3,Emerging Generalist Builder,Strong match (Score: 58.4). Matched 2/4 required skills (50%). domain aligned. Segment: Emerging Generalist Builder.
6d281b14-0770-4794-8714-213a98a8e198,proj_0010,7,3,58.2419,47.9434,0.9995,38.191,1,0.5,2,4,0.1053,1,0.0,3,Emerging Generalist Builder,Strong match (Score: 58.2). Matched 2/4 required skills (50%). domain aligned. Segment: Emerging Generalist Builder.
3ed7abd2-0827-4ed4-b481-04b77872f7ed,proj_0010,8,6,57.9954,47.7435,0.9994,50.5105,1,0.75,3,4,0.0944,0,0.0,2,High Open-Source Contributor,Strong match (Score: 58.0). Matched 3/4 required skills (75%). Segment: High Open-Source Contributor.
087481f9-5507-4faf-9389-4e4246f98b69,proj_0010,9,11,57.9436,47.1866,0.9995,44.8015,1,0.5,2,4,0.1056,1,0.0,3,Emerging Generalist Builder,Strong match (Score: 57.9). Matched 2/4 required skills (50%). domain aligned. Segment: Emerging Generalist Builder.
8d64530c-b109-44d6-898f-58a15a3429d0,proj_0010,10,7,57.016,46.2363,0.9994,54.4324,1,0.75,3,4,0.0693,0,0.0,0,Applied Project Specialist,Strong match (Score: 57.0). Matched 3/4 required skills (75%). Segment: Applied Project Specialist.
bf5c6dbf-7b36-4028-b03b-7b4abbf3532f,proj_0011,1,8,56.4342,44.6968,0.9995,44.2171,1,0.6667,2,3,0.1269,0,0.0,0,Applied Project Specialist,Strong match (Score: 56.4). Matched 2/3 required skills (67%). Segment: Applied Project Specialist.
2e6429ae-0f2a-44a0-a1f8-20065eb6cfe2,proj_0011,2,3,53.8026,39.0852,0.9994,30.344,1,0.6667,2,3,0.1013,0,0.0,3,Emerging Generalist Builder,Strong match (Score: 53.8). Matched 2/3 required skills (67%). Segment: Emerging Generalist Builder.
2434dd7a-db32-4b60-8025-8a694d181b79,proj_0011,3,6,53.4683,38.1296,0.9994,38.3381,1,0.6667,2,3,0.1045,0,0.0,3,Emerging Generalist Builder,Strong match (Score: 53.5). Matched 2/3 required skills (67%). Segment: Emerging Generalist Builder.
3ed7abd2-0827-4ed4-b481-04b77872f7ed,proj_0011,4,13,53.0957,38.3042,0.9994,42.0167,1,0.6667,2,3,0.075,0,0.0,2,High Open-Source Contributor,Strong match (Score: 53.1). Matched 2/3 required skills (67%). Segment: High Open-Source Contributor.
b7e2ecbc-d330-413a-92ac-d3f85a79ef85,proj_0011,5,11,53.0834,37.6509,0.9994,36.8726,1,0.6667,2,3,0.0916,0,0.0,3,Emerging Generalist Builder,Strong match (Score: 53.1). Matched 2/3 required skills (67%). Segment: Emerging Generalist Builder.
7c59a687-5d33-4f1e-b160-4b4af927664b,proj_0011,6,11,53.0635,38.2463,0.9994,46.8134,1,0.6667,2,3,0.0744,0,0.0,2,High Open-Source Contributor,Strong match (Score: 53.1). Matched 2/3 required skills (67%). Segment: High Open-Source Contributor.
764a5184-1cb3-4b67-90a5-b8daa11ab4db,proj_0011,7,10,53.0366,37.7552,0.9994,35.4395,1,0.6667,2,3,0.0857,0,0.0,3,Emerging Generalist Builder,Strong match (Score: 53.0). Matched 2/3 required skills (67%). Segment: Emerging Generalist Builder.
8d64530c-b109-44d6-898f-58a15a3429d0,proj_0011,8,20,52.5977,37.6179,0.9994,34.2453,1,0.6667,2,3,0.0601,0,0.0,0,Applied Project Specialist,Strong match (Score: 52.6). Matched 2/3 required skills (67%). Segment: Applied Project Specialist.
dd0434a4-56fe-447b-b4a9-5d07504606b3,proj_0011,9,6,51.4028,34.4432,0.9993,38.3099,1,0.6667,2,3,0.0653,0,0.0,3,Emerging Generalist Builder,Strong match (Score: 51.4). Matched 2/3 required skills (67%). Segment: Emerging Generalist Builder.
b94ac878-a11a-4440-8721-86ece96b9784,proj_0011,10,33,45.5664,26.4061,0.9944,25.1237,1,0.3333,1,3,0.1226,0,0.0,2,High Open-Source Contributor,Moderate match (Score: 45.6). Matched 1/3 required skills (33%). Segment: High Open-Source Contributor.
764a5184-1cb3-4b67-90a5-b8daa11ab4db,proj_0012,1,9,57.2077,44.8142,0.9995,45.8015,1,0.75,3,4,0.1198,0,0.0,3,Emerging Generalist Builder,Strong match (Score: 57.2). Matched 3/4 required skills (75%). Segment: Emerging Generalist Builder.
b7e2ecbc-d330-413a-92ac-d3f85a79ef85,proj_0012,2,9,56.7239,44.246,0.9994,42.8084,1,0.75,3,4,0.1029,0,0.0,3,Emerging Generalist Builder,Strong match (Score: 56.7). Matched 3/4 required skills (75%). Segment: Emerging Generalist Builder.
bf5c6dbf-7b36-4028-b03b-7b4abbf3532f,proj_0012,3,16,51.9923,38.2469,0.9995,31.4457,1,0.5,2,4,0.1139,0,0.0,0,Applied Project Specialist,Strong match (Score: 52.0). Matched 2/4 required skills (50%). Segment: Applied Project Specialist.
ee8e02a0-9f5d-4f2a-98f8-77485ed5989e,proj_0012,4,12,50.5104,35.3185,0.9994,36.7865,1,0.5,2,4,0.0934,0,0.0,2,High Open-Source Contributor,Strong match (Score: 50.5). Matched 2/4 required skills (50%). Segment: High Open-Source Contributor.
78fc6901-7fbc-449d-ba7c-32ccbe16273a,proj_0012,5,13,49.5221,33.3389,0.9993,33.6005,1,0.5,2,4,0.0805,0,0.0,2,High Open-Source Contributor,Moderate match (Score: 49.5). Matched 2/4 required skills (50%). Segment: High Open-Source Contributor.
2e6429ae-0f2a-44a0-a1f8-20065eb6cfe2,proj_0012,6,16,49.3098,32.4182,0.9993,31.2639,1,0.5,2,4,0.0909,0,0.0,3,Emerging Generalist Builder,Moderate match (Score: 49.3). Matched 2/4 required skills (50%). Segment: Emerging Generalist Builder.
8d64530c-b109-44d6-898f-58a15a3429d0,proj_0012,7,40,49.1013,33.2769,0.9994,27.3224,1,0.5,2,4,0.0539,0,0.0,0,Applied Project Specialist,Moderate match (Score: 49.1). Matched 2/4 required skills (50%). Segment: Applied Project Specialist.
3ed7abd2-0827-4ed4-b481-04b77872f7ed,proj_0012,8,25,49.0273,32.5894,0.9994,32.7454,1,0.5,2,4,0.0673,0,0.0,2,High Open-Source Contributor,Moderate match (Score: 49.0). Matched 2/4 required skills (50%). Segment: High Open-Source Contributor.
7c59a687-5d33-4f1e-b160-4b4af927664b,proj_0012,9,29,48.864,32.1999,0.9994,35.3118,1,0.5,2,4,0.0668,0,0.0,2,High Open-Source Contributor,Moderate match (Score: 48.9). Matched 2/4 required skills (50%). Segment: High Open-Source Contributor.
5a5e88c1-5f2d-4dda-bf2b-57bab8f82575,proj_0012,10,12,48.6534,31.381,0.9993,34.6433,1,0.5,2,4,0.0748,0,0.0,3,Emerging Generalist Builder,Moderate match (Score: 48.7). Matched 2/4 required skills (50%). Segment: Emerging Generalist Builder.
bf5c6dbf-7b36-4028-b03b-7b4abbf3532f,proj_0013,1,8,56.4342,44.6968,0.9995,45.1738,1,0.6667,2,3,0.1269,0,0.0,0,Applied Project Specialist,Strong match (Score: 56.4). Matched 2/3 required skills (67%). Segment: Applied Project Specialist.
2e6429ae-0f2a-44a0-a1f8-20065eb6cfe2,proj_0013,2,3,53.8026,39.0852,0.9994,37.8839,1,0.6667,2,3,0.1013,0,0.0,3,Emerging Generalist Builder,Strong match (Score: 53.8). Matched 2/3 required skills (67%). Segment: Emerging Generalist Builder.
2434dd7a-db32-4b60-8025-8a694d181b79,proj_0013,3,6,53.4683,38.1296,0.9994,45.0034,1,0.6667,2,3,0.1045,0,0.0,3,Emerging Generalist Builder,Strong match (Score: 53.5). Matched 2/3 required skills (67%). Segment: Emerging Generalist Builder.
3ed7abd2-0827-4ed4-b481-04b77872f7ed,proj_0013,4,13,53.0957,38.3042,0.9994,32.8201,1,0.6667,2,3,0.075,0,0.0,2,High Open-Source Contributor,Strong match (Score: 53.1). Matched 2/3 required skills (67%). Segment: High Open-Source Contributor.
b7e2ecbc-d330-413a-92ac-d3f85a79ef85,proj_0013,5,11,53.0834,37.6509,0.9994,29.0535,1,0.6667,2,3,0.0916,0,0.0,3,Emerging Generalist Builder,Strong match (Score: 53.1). Matched 2/3 required skills (67%). Segment: Emerging Generalist Builder.
7c59a687-5d33-4f1e-b160-4b4af927664b,proj_0013,6,11,53.0635,38.2463,0.9994,39.8924,1,0.6667,2,3,0.0744,0,0.0,2,High Open-Source Contributor,Strong match (Score: 53.1). Matched 2/3 required skills (67%). Segment: High Open-Source Contributor.
764a5184-1cb3-4b67-90a5-b8daa11ab4db,proj_0013,7,10,53.0366,37.7552,0.9994,49.7071,1,0.6667,2,3,0.0857,0,0.0,3,Emerging Generalist Builder,Strong match (Score: 53.0). Matched 2/3 required skills (67%). Segment: Emerging Generalist Builder.
8d64530c-b109-44d6-898f-58a15a3429d0,proj_0013,8,20,52.5977,37.6179,0.9994,31.7141,1,0.6667,2,3,0.0601,0,0.0,0,Applied Project Specialist,Strong match (Score: 52.6). Matched 2/3 required skills (67%). Segment: Applied Project Specialist.
dd0434a4-56fe-447b-b4a9-5d07504606b3,proj_0013,9,6,51.4028,34.4432,0.9993,35.048,1,0.6667,2,3,0.0653,0,0.0,3,Emerging Generalist Builder,Strong match (Score: 51.4). Matched 2/3 required skills (67%). Segment: Emerging Generalist Builder.
b94ac878-a11a-4440-8721-86ece96b9784,proj_0013,10,33,45.5664,26.4061,0.9944,39.7023,1,0.3333,1,3,0.1226,0,0.0,2,High Open-Source Contributor,Moderate match (Score: 45.6). Matched 1/3 required skills (33%). Segment: High Open-Source Contributor.
3f631164-dc26-430c-8497-8c7760bfcedd,proj_0014,1,2,67.1087,60.898,0.9995,67.4541,1,1.0,4,4,0.1843,0,0.0,1,Hackathon Champion,Strong match (Score: 67.1). Matched 4/4 required skills (100%). high text similarity (0.18). Segment: Hackathon Champion.
fdc30964-24b1-415d-88e7-290336637cf5,proj_0014,2,2,65.2235,57.1713,0.9995,61.8767,1,1.0,4,4,0.158,0,0.0,2,High Open-Source Contributor,Strong match (Score: 65.2). Matched 4/4 required skills (100%). high text similarity (0.16). Segment: High Open-Source Contributor.
387913f7-3bc9-49cb-8fe2-9330745c9851,proj_0014,3,6,65.1663,56.1469,0.9995,47.4838,1,1.0,4,4,0.1815,0,0.0,3,Emerging Generalist Builder,Strong match (Score: 65.2). Matched 4/4 required skills (100%). high text similarity (0.18). Segment: Emerging Generalist Builder.
fb92583d-11ab-4cec-a9fd-c5fd932c1193,proj_0014,4,4,64.2162,55.4331,0.9995,56.9107,1,1.0,4,4,0.1372,0,0.0,1,Hackathon Champion,Strong match (Score: 64.2). Matched 4/4 required skills (100%). Segment: Hackathon Champion.
c4e69c9e-4472-40aa-ae9e-e98402e48d1b,proj_0014,5,1,64.0582,55.0305,0.9995,61.8723,1,1.0,4,4,0.1374,0,0.0,0,Applied Project Specialist,Strong match (Score: 64.1). Matched 4/4 required skills (100%). Segment: Applied Project Specialist.
ae3dcd6d-68be-4555-8891-2616eea6618b,proj_0014,6,17,60.4016,51.8465,0.9995,49.5257,1,0.75,3,4,0.1452,0,0.0,0,Applied Project Specialist,Strong match (Score: 60.4). Matched 3/4 required skills (75%). Segment: Applied Project Specialist.
1ac50d1b-e5e1-448b-9a7c-d0b1946dd32f,proj_0014,7,16,59.9675,50.9413,0.9995,53.5019,1,0.75,3,4,0.1404,0,0.0,0,Applied Project Specialist,Strong match (Score: 60.0). Matched 3/4 required skills (75%). Segment: Applied Project Specialist.
3a212f49-df4c-495e-9787-a66a9881678f,proj_0014,8,16,59.2058,48.5196,0.9993,50.3481,1,0.75,3,4,0.1546,0,0.0,2,High Open-Source Contributor,Strong match (Score: 59.2). Matched 3/4 required skills (75%). high text similarity (0.15). Segment: High Open-Source Contributor.
b3b6351b-3567-4776-9e69-58952ccbd617,proj_0014,9,14,58.9186,48.2441,0.9995,45.6617,1,0.75,3,4,0.1424,0,0.0,2,High Open-Source Contributor,Strong match (Score: 58.9). Matched 3/4 required skills (75%). Segment: High Open-Source Contributor.
7920e9ba-5787-4e49-814d-3a6830d89f66,proj_0014,10,3,58.4448,48.1658,0.9995,47.1189,1,0.75,3,4,0.1129,0,0.0,2,High Open-Source Contributor,Strong match (Score: 58.4). Matched 3/4 required skills (75%). Segment: High Open-Source Contributor.
c1a1ab53-2ff7-4fec-b883-968673ac227a,proj_0015,1,3,58.9379,48.4235,0.9992,55.3576,1,0.75,3,4,0.1395,0,0.0,2,High Open-Source Contributor,Strong match (Score: 58.9). Matched 3/4 required skills (75%). Segment: High Open-Source Contributor.
b76e52b5-01dd-4187-b21f-d60808acc325,proj_0015,2,2,57.3176,45.2239,0.9995,54.0593,1,0.75,3,4,0.1162,0,0.0,2,High Open-Source Contributor,Strong match (Score: 57.3). Matched 3/4 required skills (75%). Segment: High Open-Source Contributor.
e74cd5e6-4aad-460f-9ec1-a6eac48a4a58,proj_0015,3,8,56.9651,45.9552,0.9994,41.8906,1,0.75,3,4,0.0734,0,0.0,0,Applied Project Specialist,Strong match (Score: 57.0). Matched 3/4 required skills (75%). Segment: Applied Project Specialist.
7330eba1-85ce-43aa-866d-b5df0c4f5175,proj_0015,4,13,52.7643,38.6732,0.9995,46.5638,1,0.5,2,4,0.154,0,0.0,3,Emerging Generalist Builder,Strong match (Score: 52.8). Matched 2/4 required skills (50%). high text similarity (0.15). Segment: Emerging Generalist Builder.
1aa4dd0e-1723-4fe7-82c4-cc8f8c26eaf8,proj_0015,5,10,51.5497,36.2329,0.9995,37.1435,1,0.5,2,4,0.1381,0,0.0,1,Hackathon Champion,Strong match (Score: 51.5). Matched 2/4 required skills (50%). Segment: Hackathon Champion.
63d56c69-55e3-4528-b118-8b57a258f729,proj_0015,6,4,51.0038,36.6045,0.9994,30.3703,1,0.5,2,4,0.092,0,0.0,0,Applied Project Specialist,Strong match (Score: 51.0). Matched 2/4 required skills (50%). Segment: Applied Project Specialist.
6743983b-209e-4bf0-9eed-5c7d813f9a5a,proj_0015,7,10,50.4728,34.4146,0.9991,38.108,1,0.5,2,4,0.1156,0,0.0,3,Emerging Generalist Builder,Strong match (Score: 50.5). Matched 2/4 required skills (50%). Segment: Emerging Generalist Builder.
7b2e3b2a-c45e-40d1-b5a3-f4c25123b11c,proj_0015,8,30,49.363,32.8513,0.9994,33.6881,1,0.5,2,4,0.0827,0,0.0,2,High Open-Source Contributor,Moderate match (Score: 49.4). Matched 2/4 required skills (50%). Segment: High Open-Source Contributor.
389062fe-a5c8-4f8d-ab5a-72f522fa00fa,proj_0015,9,29,49.1491,32.9316,0.9994,23.957,1,0.5,2,4,0.0663,0,0.0,0,Applied Project Specialist,Moderate match (Score: 49.1). Matched 2/4 required skills (50%). Segment: Applied Project Specialist.
cd66922d-c11d-445c-8359-6d83c64885f1,proj_0015,10,25,49.1102,33.723,0.9993,32.4045,1,0.5,2,4,0.0428,0,0.0,0,Applied Project Specialist,Moderate match (Score: 49.1). Matched 2/4 required skills (50%). Segment: Applied Project Specialist.
3f631164-dc26-430c-8497-8c7760bfcedd,proj_0016,1,2,67.1087,60.898,0.9995,65.1529,1,1.0,4,4,0.1843,0,0.0,1,Hackathon Champion,Strong match (Score: 67.1). Matched 4/4 required skills (100%). high text similarity (0.18). Segment: Hackathon Champion.
fdc30964-24b1-415d-88e7-290336637cf5,proj_0016,2,2,65.2235,57.1713,0.9995,56.424,1,1.0,4,4,0.158,0,0.0,2,High Open-Source Contributor,Strong match (Score: 65.2). Matched 4/4 required skills (100%). high text similarity (0.16). Segment: High Open-Source Contributor.
387913f7-3bc9-49cb-8fe2-9330745c9851,proj_0016,3,6,65.1663,56.1469,0.9995,54.3001,1,1.0,4,4,0.1815,0,0.0,3,Emerging Generalist Builder,Strong match (Score: 65.2). Matched 4/4 required skills (100%). high text similarity (0.18). Segment: Emerging Generalist Builder.
fb92583d-11ab-4cec-a9fd-c5fd932c1193,proj_0016,4,4,64.2162,55.4331,0.9995,55.9691,1,1.0,4,4,0.1372,0,0.0,1,Hackathon Champion,Strong match (Score: 64.2). Matched 4/4 required skills (100%). Segment: Hackathon Champion.
c4e69c9e-4472-40aa-ae9e-e98402e48d1b,proj_0016,5,1,64.0582,55.0305,0.9995,57.0304,1,1.0,4,4,0.1374,0,0.0,0,Applied Project Specialist,Strong match (Score: 64.1). Matched 4/4 required skills (100%). Segment: Applied Project Specialist.
ae3dcd6d-68be-4555-8891-2616eea6618b,proj_0016,6,17,60.4016,51.8465,0.9995,54.3354,1,0.75,3,4,0.1452,0,0.0,0,Applied Project Specialist,Strong match (Score: 60.4). Matched 3/4 required skills (75%). Segment: Applied Project Specialist.
1ac50d1b-e5e1-448b-9a7c-d0b1946dd32f,proj_0016,7,16,59.9675,50.9413,0.9995,50.895,1,0.75,3,4,0.1404,0,0.0,0,Applied Project Specialist,Strong match (Score: 60.0). Matched 3/4 required skills (75%). Segment: Applied Project Specialist.
3a212f49-df4c-495e-9787-a66a9881678f,proj_0016,8,16,59.2058,48.5196,0.9993,41.7884,1,0.75,3,4,0.1546,0,0.0,2,High Open-Source Contributor,Strong match (Score: 59.2). Matched 3/4 required skills (75%). high text similarity (0.15). Segment: High Open-Source Contributor.
b3b6351b-3567-4776-9e69-58952ccbd617,proj_0016,9,14,58.9186,48.2441,0.9995,53.7711,1,0.75,3,4,0.1424,0,0.0,2,High Open-Source Contributor,Strong match (Score: 58.9). Matched 3/4 required skills (75%). Segment: High Open-Source Contributor.
7920e9ba-5787-4e49-814d-3a6830d89f66,proj_0016,10,3,58.4448,48.1658,0.9995,54.5886,1,0.75,3,4,0.1129,0,0.0,2,High Open-Source Contributor,Strong match (Score: 58.4). Matched 3/4 required skills (75%). Segment: High Open-Source Contributor.
c1a1ab53-2ff7-4fec-b883-968673ac227a,proj_0017,1,3,58.9379,48.4235,0.9992,50.4695,1,0.75,3,4,0.1395,0,0.0,2,High Open-Source Contributor,Strong match (Score: 58.9). Matched 3/4 required skills (75%). Segment: High Open-Source Contributor.
b76e52b5-01dd-4187-b21f-d60808acc325,proj_0017,2,2,57.3176,45.2239,0.9995,45.1656,1,0.75,3,4,0.1162,0,0.0,2,High Open-Source Contributor,Strong match (Score: 57.3). Matched 3/4 required skills (75%). Segment: High Open-Source Contributor.
e74cd5e6-4aad-460f-9ec1-a6eac48a4a58,proj_0017,3,8,56.9651,45.9552,0.9994,50.2374,1,0.75,3,4,0.0734,0,0.0,0,Applied Project Specialist,Strong match (Score: 57.0). Matched 3/4 required skills (75%). Segment: Applied Project Specialist.
7330eba1-85ce-43aa-866d-b5df0c4f5175,proj_0017,4,13,52.7643,38.6732,0.9995,40.2674,1,0.5,2,4,0.154,0,0.0,3,Emerging Generalist Builder,Strong match (Score: 52.8). Matched 2/4 required skills (50%). high text similarity (0.15). Segment: Emerging Generalist Builder.
1aa4dd0e-1723-4fe7-82c4-cc8f8c26eaf8,proj_0017,5,10,51.5497,36.2329,0.9995,36.9828,1,0.5,2,4,0.1381,0,0.0,1,Hackathon Champion,Strong match (Score: 51.5). Matched 2/4 required skills (50%). Segment: Hackathon Champion.
63d56c69-55e3-4528-b118-8b57a258f729,proj_0017,6,4,51.0038,36.6045,0.9994,37.672,1,0.5,2,4,0.092,0,0.0,0,Applied Project Specialist,Strong match (Score: 51.0). Matched 2/4 required skills (50%). Segment: Applied Project Specialist.
6743983b-209e-4bf0-9eed-5c7d813f9a5a,proj_0017,7,10,50.4728,34.4146,0.9991,31.9894,1,0.5,2,4,0.1156,0,0.0,3,Emerging Generalist Builder,Strong match (Score: 50.5). Matched 2/4 required skills (50%). Segment: Emerging Generalist Builder.
7b2e3b2a-c45e-40d1-b5a3-f4c25123b11c,proj_0017,8,30,49.363,32.8513,0.9994,38.2132,1,0.5,2,4,0.0827,0,0.0,2,High Open-Source Contributor,Moderate match (Score: 49.4). Matched 2/4 required skills (50%). Segment: High Open-Source Contributor.
389062fe-a5c8-4f8d-ab5a-72f522fa00fa,proj_0017,9,29,49.1491,32.9316,0.9994,33.7342,1,0.5,2,4,0.0663,0,0.0,0,Applied Project Specialist,Moderate match (Score: 49.1). Matched 2/4 required skills (50%). Segment: Applied Project Specialist.
cd66922d-c11d-445c-8359-6d83c64885f1,proj_0017,10,25,49.1102,33.723,0.9993,36.9777,1,0.5,2,4,0.0428,0,0.0,0,Applied Project Specialist,Moderate match (Score: 49.1). Matched 2/4 required skills (50%). Segment: Applied Project Specialist.
b3b6351b-3567-4776-9e69-58952ccbd617,proj_0018,1,4,67.3354,60.6472,0.9995,59.1207,1,1.0,4,4,0.2061,0,0.0,2,High Open-Source Contributor,Strong match (Score: 67.3). Matched 4/4 required skills (100%). high text similarity (0.21). Segment: High Open-Source Contributor.
3f631164-dc26-430c-8497-8c7760bfcedd,proj_0018,2,12,61.1103,51.5819,0.9995,54.0771,1,0.75,3,4,0.1995,0,0.0,1,Hackathon Champion,Strong match (Score: 61.1). Matched 3/4 required skills (75%). high text similarity (0.20). Segment: Hackathon Champion.
ae3dcd6d-68be-4555-8891-2616eea6618b,proj_0018,3,15,60.6782,51.5256,0.9995,45.5528,1,0.75,3,4,0.1722,0,0.0,0,Applied Project Specialist,Strong match (Score: 60.7). Matched 3/4 required skills (75%). high text similarity (0.17). Segment: Applied Project Specialist.
3a212f49-df4c-495e-9787-a66a9881678f,proj_0018,4,13,60.2824,50.1798,0.9993,43.2084,1,0.75,3,4,0.1821,0,0.0,2,High Open-Source Contributor,Strong match (Score: 60.3). Matched 3/4 required skills (75%). high text similarity (0.18). Segment: High Open-Source Contributor.
1ac50d1b-e5e1-448b-9a7c-d0b1946dd32f,proj_0018,5,14,60.0996,50.2927,0.9995,48.7092,1,0.75,3,4,0.1665,0,0.0,0,Applied Project Specialist,Strong match (Score: 60.1). Matched 3/4 required skills (75%). high text similarity (0.17). Segment: Applied Project Specialist.
c2340382-6c27-4270-9883-0b8b961fe8c0,proj_0018,6,1,59.7637,50.8929,0.9995,57.4422,1,0.75,3,4,0.1281,0,0.0,0,Applied Project Specialist,Strong match (Score: 59.8). Matched 3/4 required skills (75%). Segment: Applied Project Specialist.
0d7aa2ad-f54e-438f-805a-7cb4ac9fb423,proj_0018,7,12,59.7436,48.8178,0.9995,50.6052,1,0.75,3,4,0.1821,0,0.0,2,High Open-Source Contributor,Strong match (Score: 59.7). Matched 3/4 required skills (75%). high text similarity (0.18). Segment: High Open-Source Contributor.
31923181-f583-4704-8bd5-7071757bb7b2,proj_0018,8,10,59.4445,48.8276,0.9995,51.2913,1,0.75,3,4,0.1619,0,0.0,2,High Open-Source Contributor,Strong match (Score: 59.4). Matched 3/4 required skills (75%). high text similarity (0.16). Segment: High Open-Source Contributor.
c4e69c9e-4472-40aa-ae9e-e98402e48d1b,proj_0018,9,8,58.9887,48.1831,0.9995,50.8106,1,0.75,3,4,0.1487,0,0.0,0,Applied Project Specialist,Strong match (Score: 59.0). Matched 3/4 required skills (75%). Segment: Applied Project Specialist.
fb92583d-11ab-4cec-a9fd-c5fd932c1193,proj_0018,10,14,58.8274,48.3011,0.9995,46.9314,1,0.75,3,4,0.1348,0,0.0,1,Hackathon Champion,Strong match (Score: 58.8). Matched 3/4 required skills (75%). Segment: Hackathon Champion.
c1a1ab53-2ff7-4fec-b883-968673ac227a,proj_0019,1,3,58.9379,48.4235,0.9992,46.1398,1,0.75,3,4,0.1395,0,0.0,2,High Open-Source Contributor,Strong match (Score: 58.9). Matched 3/4 required skills (75%). Segment: High Open-Source Contributor.
b76e52b5-01dd-4187-b21f-d60808acc325,proj_0019,2,2,57.3176,45.2239,0.9995,50.6482,1,0.75,3,4,0.1162,0,0.0,2,High Open-Source Contributor,Strong match (Score: 57.3). Matched 3/4 required skills (75%). Segment: High Open-Source Contributor.
e74cd5e6-4aad-460f-9ec1-a6eac48a4a58,proj_0019,3,8,56.9651,45.9552,0.9994,49.1501,1,0.75,3,4,0.0734,0,0.0,0,Applied Project Specialist,Strong match (Score: 57.0). Matched 3/4 required skills (75%). Segment: Applied Project Specialist.
7330eba1-85ce-43aa-866d-b5df0c4f5175,proj_0019,4,13,52.7643,38.6732,0.9995,31.531,1,0.5,2,4,0.154,0,0.0,3,Emerging Generalist Builder,Strong match (Score: 52.8). Matched 2/4 required skills (50%). high text similarity (0.15). Segment: Emerging Generalist Builder.
1aa4dd0e-1723-4fe7-82c4-cc8f8c26eaf8,proj_0019,5,10,51.5497,36.2329,0.9995,35.6864,1,0.5,2,4,0.1381,0,0.0,1,Hackathon Champion,Strong match (Score: 51.5). Matched 2/4 required skills (50%). Segment: Hackathon Champion.
63d56c69-55e3-4528-b118-8b57a258f729,proj_0019,6,4,51.0038,36.6045,0.9994,41.3641,1,0.5,2,4,0.092,0,0.0,0,Applied Project Specialist,Strong match (Score: 51.0). Matched 2/4 required skills (50%). Segment: Applied Project Specialist.
6743983b-209e-4bf0-9eed-5c7d813f9a5a,proj_0019,7,10,50.4728,34.4146,0.9991,32.3999,1,0.5,2,4,0.1156,0,0.0,3,Emerging Generalist Builder,Strong match (Score: 50.5). Matched 2/4 required skills (50%). Segment: Emerging Generalist Builder.
7b2e3b2a-c45e-40d1-b5a3-f4c25123b11c,proj_0019,8,30,49.363,32.8513,0.9994,35.2995,1,0.5,2,4,0.0827,0,0.0,2,High Open-Source Contributor,Moderate match (Score: 49.4). Matched 2/4 required skills (50%). Segment: High Open-Source Contributor.
389062fe-a5c8-4f8d-ab5a-72f522fa00fa,proj_0019,9,29,49.1491,32.9316,0.9994,30.2293,1,0.5,2,4,0.0663,0,0.0,0,Applied Project Specialist,Moderate match (Score: 49.1). Matched 2/4 required skills (50%). Segment: Applied Project Specialist.
cd66922d-c11d-445c-8359-6d83c64885f1,proj_0019,10,25,49.1102,33.723,0.9993,39.3698,1,0.5,2,4,0.0428,0,0.0,0,Applied Project Specialist,Moderate match (Score: 49.1). Matched 2/4 required skills (50%). Segment: Applied Project Specialist.
b3b6351b-3567-4776-9e69-58952ccbd617,proj_0020,1,4,67.3354,60.6472,0.9995,70.9914,1,1.0,4,4,0.2061,0,0.0,2,High Open-Source Contributor,Strong match (Score: 67.3). Matched 4/4 required skills (100%). high text similarity (0.21). Segment: High Open-Source Contributor.
3f631164-dc26-430c-8497-8c7760bfcedd,proj_0020,2,12,61.1103,51.5819,0.9995,52.8348,1,0.75,3,4,0.1995,0,0.0,1,Hackathon Champion,Strong match (Score: 61.1). Matched 3/4 required skills (75%). high text similarity (0.20). Segment: Hackathon Champion.
ae3dcd6d-68be-4555-8891-2616eea6618b,proj_0020,3,15,60.6782,51.5256,0.9995,46.7106,1,0.75,3,4,0.1722,0,0.0,0,Applied Project Specialist,Strong match (Score: 60.7). Matched 3/4 required skills (75%). high text similarity (0.17). Segment: Applied Project Specialist.
3a212f49-df4c-495e-9787-a66a9881678f,proj_0020,4,13,60.2824,50.1798,0.9993,48.1615,1,0.75,3,4,0.1821,0,0.0,2,High Open-Source Contributor,Strong match (Score: 60.3). Matched 3/4 required skills (75%). high text similarity (0.18). Segment: High Open-Source Contributor.
1ac50d1b-e5e1-448b-9a7c-d0b1946dd32f,proj_0020,5,14,60.0996,50.2927,0.9995,50.0979,1,0.75,3,4,0.1665,0,0.0,0,Applied Project Specialist,Strong match (Score: 60.1). Matched 3/4 required skills (75%). high text similarity (0.17). Segment: Applied Project Specialist.
c2340382-6c27-4270-9883-0b8b961fe8c0,proj_0020,6,1,59.7637,50.8929,0.9995,49.5962,1,0.75,3,4,0.1281,0,0.0,0,Applied Project Specialist,Strong match (Score: 59.8). Matched 3/4 required skills (75%). Segment: Applied Project Specialist.
0d7aa2ad-f54e-438f-805a-7cb4ac9fb423,proj_0020,7,12,59.7436,48.8178,0.9995,54.2964,1,0.75,3,4,0.1821,0,0.0,2,High Open-Source Contributor,Strong match (Score: 59.7). Matched 3/4 required skills (75%). high text similarity (0.18). Segment: High Open-Source Contributor.
31923181-f583-4704-8bd5-7071757bb7b2,proj_0020,8,10,59.4445,48.8276,0.9995,53.7983,1,0.75,3,4,0.1619,0,0.0,2,High Open-Source Contributor,Strong match (Score: 59.4). Matched 3/4 required skills (75%). high text similarity (0.16). Segment: High Open-Source Contributor.
c4e69c9e-4472-40aa-ae9e-e98402e48d1b,proj_0020,9,8,58.9887,48.1831,0.9995,47.9333,1,0.75,3,4,0.1487,0,0.0,0,Applied Project Specialist,Strong match (Score: 59.0). Matched 3/4 required skills (75%). Segment: Applied Project Specialist.
fb92583d-11ab-4cec-a9fd-c5fd932c1193,proj_0020,10,14,58.8274,48.3011,0.9995,50.407,1,0.75,3,4,0.1348,0,0.0,1,Hackathon Champion,Strong match (Score: 58.8). Matched 3/4 required skills (75%). Segment: Hackathon Champion.
3f631164-dc26-430c-8497-8c7760bfcedd,proj_0021,1,2,67.1087,60.898,0.9995,54.3712,1,1.0,4,4,0.1843,0,0.0,1,Hackathon Champion,Strong match (Score: 67.1). Matched 4/4 required skills (100%). high text similarity (0.18). Segment: Hackathon Champion.
fdc30964-24b1-415d-88e7-290336637cf5,proj_0021,2,2,65.2235,57.1713,0.9995,58.7614,1,1.0,4,4,0.158,0,0.0,2,High Open-Source Contributor,Strong match (Score: 65.2). Matched 4/4 required skills (100%). high text similarity (0.16). Segment: High Open-Source Contributor.
387913f7-3bc9-49cb-8fe2-9330745c9851,proj_0021,3,6,65.1663,56.1469,0.9995,59.7379,1,1.0,4,4,0.1815,0,0.0,3,Emerging Generalist Builder,Strong match (Score: 65.2). Matched 4/4 required skills (100%). high text similarity (0.18). Segment: Emerging Generalist Builder.
fb92583d-11ab-4cec-a9fd-c5fd932c1193,proj_0021,4,4,64.2162,55.4331,0.9995,56.3779,1,1.0,4,4,0.1372,0,0.0,1,Hackathon Champion,Strong match (Score: 64.2). Matched 4/4 required skills (100%). Segment: Hackathon Champion.
c4e69c9e-4472-40aa-ae9e-e98402e48d1b,proj_0021,5,1,64.0582,55.0305,0.9995,60.3841,1,1.0,4,4,0.1374,0,0.0,0,Applied Project Specialist,Strong match (Score: 64.1). Matched 4/4 required skills (100%). Segment: Applied Project Specialist.
ae3dcd6d-68be-4555-8891-2616eea6618b,proj_0021,6,17,60.4016,51.8465,0.9995,47.564,1,0.75,3,4,0.1452,0,0.0,0,Applied Project Specialist,Strong match (Score: 60.4). Matched 3/4 required skills (75%). Segment: Applied Project Specialist.
1ac50d1b-e5e1-448b-9a7c-d0b1946dd32f,proj_0021,7,16,59.9675,50.9413,0.9995,61.7826,1,0.75,3,4,0.1404,0,0.0,0,Applied Project Specialist,Strong match (Score: 60.0). Matched 3/4 required skills (75%). Segment: Applied Project Specialist.
3a212f49-df4c-495e-9787-a66a9881678f,proj_0021,8,16,59.2058,48.5196,0.9993,52.3307,1,0.75,3,4,0.1546,0,0.0,2,High Open-Source Contributor,Strong match (Score: 59.2). Matched 3/4 required skills (75%). high text similarity (0.15). Segment: High Open-Source Contributor.
b3b6351b-3567-4776-9e69-58952ccbd617,proj_0021,9,14,58.9186,48.2441,0.9995,54.8868,1,0.75,3,4,0.1424,0,0.0,2,High Open-Source Contributor,Strong match (Score: 58.9). Matched 3/4 required skills (75%). Segment: High Open-Source Contributor.
7920e9ba-5787-4e49-814d-3a6830d89f66,proj_0021,10,3,58.4448,48.1658,0.9995,46.4859,1,0.75,3,4,0.1129,0,0.0,2,High Open-Source Contributor,Strong match (Score: 58.4). Matched 3/4 required skills (75%). Segment: High Open-Source Contributor.
88b163f6-0154-462a-85b1-8dccb2071ff2,proj_0022,1,2,59.6958,49.3045,0.9995,46.1937,1,0.8,4,5,0.1326,0,0.0,0,Applied Project Specialist,Strong match (Score: 59.7). Matched 4/5 required skills (80%). Segment: Applied Project Specialist.
68850a10-ff2d-4844-b456-e19c970488a0,proj_0022,2,2,57.9902,47.3029,0.9995,45.5467,1,0.6,3,5,0.2056,0,0.0,0,Applied Project Specialist,Strong match (Score: 58.0). Matched 3/5 required skills (60%). high text similarity (0.21). Segment: Applied Project Specialist.
f65e9bc5-57b3-4f96-ab99-5e425d46456e,proj_0022,3,2,51.9521,37.6352,0.9995,42.0498,1,0.4,2,5,0.1942,0,0.0,0,Applied Project Specialist,Strong match (Score: 52.0). Matched 2/5 required skills (40%). high text similarity (0.19). Segment: Applied Project Specialist.
9bba2348-18e5-4a9c-af06-3a0a13237599,proj_0022,4,12,50.406,35.3937,0.9995,33.0893,1,0.4,2,5,0.1509,0,0.0,2,High Open-Source Contributor,Strong match (Score: 50.4). Matched 2/5 required skills (40%). high text similarity (0.15). Segment: High Open-Source Contributor.
0fb77dc3-3168-4912-8bdb-eb91f70010dd,proj_0022,5,11,48.3396,31.5516,0.9995,31.714,1,0.4,2,5,0.1156,0,0.0,2,High Open-Source Contributor,Moderate match (Score: 48.3). Matched 2/5 required skills (40%). Segment: High Open-Source Contributor.
dff336e8-f014-4b2f-8fc6-e0d658b2c6ee,proj_0022,6,14,48.0759,31.3459,0.9994,27.0372,1,0.4,2,5,0.1037,0,0.0,2,High Open-Source Contributor,Moderate match (Score: 48.1). Matched 2/5 required skills (40%). Segment: High Open-Source Contributor.
026d7a41-6d0c-4425-bc94-74799fa8319f,proj_0022,7,21,47.7207,31.3281,0.9993,25.3199,1,0.4,2,5,0.0807,0,0.0,3,Emerging Generalist Builder,Moderate match (Score: 47.7). Matched 2/5 required skills (40%). Segment: Emerging Generalist Builder.
4732886f-ea61-4283-92e8-e4dd176e752e,proj_0022,8,13,47.0886,29.9316,0.9994,35.7135,1,0.4,2,5,0.0756,0,0.0,2,High Open-Source Contributor,Moderate match (Score: 47.1). Matched 2/5 required skills (40%). Segment: High Open-Source Contributor.
345ab973-cb26-4074-b96f-6db8f8e892c3,proj_0022,9,22,46.9865,29.89,0.9994,25.0159,1,0.4,2,5,0.0699,0,0.0,2,High Open-Source Contributor,Moderate match (Score: 47.0). Matched 2/5 required skills (40%). Segment: High Open-Source Contributor.
32ac216b-0872-4b63-8b3d-efe240162165,proj_0022,10,23,46.7974,28.2209,0.9994,22.5297,1,0.4,2,5,0.1018,0,0.0,3,Emerging Generalist Builder,Moderate match (Score: 46.8). Matched 2/5 required skills (40%). Segment: Emerging Generalist Builder.
88b163f6-0154-462a-85b1-8dccb2071ff2,proj_0023,1,5,58.4969,47.9884,0.9995,45.0759,1,0.75,3,4,0.1211,0,0.0,0,Applied Project Specialist,Strong match (Score: 58.5). Matched 3/4 required skills (75%). Segment: Applied Project Specialist.
32ac216b-0872-4b63-8b3d-efe240162165,proj_0023,2,5,50.8033,34.2621,0.9996,31.3627,1,0.5,2,4,0.1407,0,0.0,3,Emerging Generalist Builder,Strong match (Score: 50.8). Matched 2/4 required skills (50%). Segment: Emerging Generalist Builder.
345ab973-cb26-4074-b96f-6db8f8e892c3,proj_0023,3,11,50.1675,34.0674,0.9994,27.0669,1,0.5,2,4,0.1039,0,0.0,2,High Open-Source Contributor,Strong match (Score: 50.2). Matched 2/4 required skills (50%). Segment: High Open-Source Contributor.
9544d1fd-71c1-42c2-9919-89bc5fc210bf,proj_0023,4,6,49.7221,32.8716,0.9995,29.5528,1,0.5,2,4,0.1059,0,0.0,1,Hackathon Champion,Moderate match (Score: 49.7). Matched 2/4 required skills (50%). Segment: Hackathon Champion.
6743983b-209e-4bf0-9eed-5c7d813f9a5a,proj_0023,5,13,49.5552,32.8255,0.9994,25.723,1,0.5,2,4,0.0962,0,0.0,3,Emerging Generalist Builder,Moderate match (Score: 49.6). Matched 2/4 required skills (50%). Segment: Emerging Generalist Builder.
7b2e3b2a-c45e-40d1-b5a3-f4c25123b11c,proj_0023,6,26,49.5424,33.1573,0.9994,38.3739,1,0.5,2,4,0.0865,0,0.0,2,High Open-Source Contributor,Moderate match (Score: 49.5). Matched 2/4 required skills (50%). Segment: High Open-Source Contributor.
e431f3da-f600-4d0f-ba76-86bf19ae9a0d,proj_0023,7,22,49.1327,33.1943,0.9994,41.8089,1,0.5,2,4,0.0582,0,0.0,0,Applied Project Specialist,Moderate match (Score: 49.1). Matched 2/4 required skills (50%). Segment: Applied Project Specialist.
cccfb865-01b3-442e-b740-e0b81f505d2a,proj_0023,8,24,48.47,31.3199,0.9994,26.7034,1,0.5,2,4,0.064,0,0.0,3,Emerging Generalist Builder,Moderate match (Score: 48.5). Matched 2/4 required skills (50%). Segment: Emerging Generalist Builder.
68850a10-ff2d-4844-b456-e19c970488a0,proj_0023,9,27,45.0212,27.0431,0.9946,27.9051,1,0.25,1,4,0.1244,0,0.0,0,Applied Project Specialist,Moderate match (Score: 45.0). Matched 1/4 required skills (25%). Segment: Applied Project Specialist.
f65e9bc5-57b3-4f96-ab99-5e425d46456e,proj_0023,10,16,44.3614,25.5061,0.9944,22.0859,1,0.25,1,4,0.1218,0,0.0,0,Applied Project Specialist,Moderate match (Score: 44.4). Matched 1/4 required skills (25%). Segment: Applied Project Specialist.
88b163f6-0154-462a-85b1-8dccb2071ff2,proj_0024,1,2,59.6958,49.3045,0.9995,52.1094,1,0.8,4,5,0.1326,0,0.0,0,Applied Project Specialist,Strong match (Score: 59.7). Matched 4/5 required skills (80%). Segment: Applied Project Specialist.
68850a10-ff2d-4844-b456-e19c970488a0,proj_0024,2,2,57.9902,47.3029,0.9995,56.2364,1,0.6,3,5,0.2056,0,0.0,0,Applied Project Specialist,Strong match (Score: 58.0). Matched 3/5 required skills (60%). high text similarity (0.21). Segment: Applied Project Specialist.
f65e9bc5-57b3-4f96-ab99-5e425d46456e,proj_0024,3,2,51.9521,37.6352,0.9995,38.204,1,0.4,2,5,0.1942,0,0.0,0,Applied Project Specialist,Strong match (Score: 52.0). Matched 2/5 required skills (40%). high text similarity (0.19). Segment: Applied Project Specialist.
9bba2348-18e5-4a9c-af06-3a0a13237599,proj_0024,4,12,50.406,35.3937,0.9995,29.0892,1,0.4,2,5,0.1509,0,0.0,2,High Open-Source Contributor,Strong match (Score: 50.4). Matched 2/5 required skills (40%). high text similarity (0.15). Segment: High Open-Source Contributor.
0fb77dc3-3168-4912-8bdb-eb91f70010dd,proj_0024,5,11,48.3396,31.5516,0.9995,36.1279,1,0.4,2,5,0.1156,0,0.0,2,High Open-Source Contributor,Moderate match (Score: 48.3). Matched 2/5 required skills (40%). Segment: High Open-Source Contributor.
dff336e8-f014-4b2f-8fc6-e0d658b2c6ee,proj_0024,6,14,48.0759,31.3459,0.9994,39.3894,1,0.4,2,5,0.1037,0,0.0,2,High Open-Source Contributor,Moderate match (Score: 48.1). Matched 2/5 required skills (40%). Segment: High Open-Source Contributor.
026d7a41-6d0c-4425-bc94-74799fa8319f,proj_0024,7,21,47.7207,31.3281,0.9993,39.8879,1,0.4,2,5,0.0807,0,0.0,3,Emerging Generalist Builder,Moderate match (Score: 47.7). Matched 2/5 required skills (40%). Segment: Emerging Generalist Builder.
4732886f-ea61-4283-92e8-e4dd176e752e,proj_0024,8,13,47.0886,29.9316,0.9994,26.153,1,0.4,2,5,0.0756,0,0.0,2,High Open-Source Contributor,Moderate match (Score: 47.1). Matched 2/5 required skills (40%). Segment: High Open-Source Contributor.
345ab973-cb26-4074-b96f-6db8f8e892c3,proj_0024,9,22,46.9865,29.89,0.9994,29.77,1,0.4,2,5,0.0699,0,0.0,2,High Open-Source Contributor,Moderate match (Score: 47.0). Matched 2/5 required skills (40%). Segment: High Open-Source Contributor.
32ac216b-0872-4b63-8b3d-efe240162165,proj_0024,10,23,46.7974,28.2209,0.9994,22.9794,1,0.4,2,5,0.1018,0,0.0,3,Emerging Generalist Builder,Moderate match (Score: 46.8). Matched 2/5 required skills (40%). Segment: Emerging Generalist Builder.
cccfb865-01b3-442e-b740-e0b81f505d2a,proj_0025,1,4,57.196,45.9324,0.9994,46.151,1,0.75,3,4,0.0894,0,0.0,3,Emerging Generalist Builder,Strong match (Score: 57.2). Matched 3/4 required skills (75%). Segment: Emerging Generalist Builder.
7b2e3b2a-c45e-40d1-b5a3-f4c25123b11c,proj_0025,2,9,56.7968,45.0244,0.9994,37.0885,1,0.75,3,4,0.087,0,0.0,2,High Open-Source Contributor,Strong match (Score: 56.8). Matched 3/4 required skills (75%). Segment: High Open-Source Contributor.
e74cd5e6-4aad-460f-9ec1-a6eac48a4a58,proj_0025,3,12,56.2025,44.3301,0.9993,45.0059,1,0.75,3,4,0.0661,0,0.0,0,Applied Project Specialist,Strong match (Score: 56.2). Matched 3/4 required skills (75%). Segment: Applied Project Specialist.
dff336e8-f014-4b2f-8fc6-e0d658b2c6ee,proj_0025,4,8,51.8757,37.4342,0.9995,35.3656,1,0.5,2,4,0.1278,0,0.0,2,High Open-Source Contributor,Strong match (Score: 51.9). Matched 2/4 required skills (50%). Segment: High Open-Source Contributor.
7920e9ba-5787-4e49-814d-3a6830d89f66,proj_0025,5,10,51.5561,37.2914,0.9995,36.8741,1,0.5,2,4,0.1103,0,0.0,2,High Open-Source Contributor,Strong match (Score: 51.6). Matched 2/4 required skills (50%). Segment: High Open-Source Contributor.
9bba2348-18e5-4a9c-af06-3a0a13237599,proj_0025,6,9,51.1995,36.5387,0.9995,35.5348,1,0.5,2,4,0.1066,0,0.0,2,High Open-Source Contributor,Strong match (Score: 51.2). Matched 2/4 required skills (50%). Segment: High Open-Source Contributor.
4732886f-ea61-4283-92e8-e4dd176e752e,proj_0025,7,7,50.5888,34.802,0.9995,35.6171,1,0.5,2,4,0.1122,0,0.0,2,High Open-Source Contributor,Strong match (Score: 50.6). Matched 2/4 required skills (50%). Segment: High Open-Source Contributor.
1ec54584-53e9-4aeb-849b-1ecb628f6920,proj_0025,8,9,50.2115,33.9001,0.9995,43.047,1,0.5,2,4,0.1111,0,0.0,2,High Open-Source Contributor,Strong match (Score: 50.2). Matched 2/4 required skills (50%). Segment: High Open-Source Contributor.
389062fe-a5c8-4f8d-ab5a-72f522fa00fa,proj_0025,9,24,49.7497,34.3393,0.9993,35.9992,1,0.5,2,4,0.069,0,0.0,0,Applied Project Specialist,Moderate match (Score: 49.7). Matched 2/4 required skills (50%). Segment: Applied Project Specialist.
c2340382-6c27-4270-9883-0b8b961fe8c0,proj_0025,10,11,49.7338,34.5696,0.9994,33.1293,1,0.5,2,4,0.0616,0,0.0,0,Applied Project Specialist,Moderate match (Score: 49.7). Matched 2/4 required skills (50%). Segment: Applied Project Specialist.
88b163f6-0154-462a-85b1-8dccb2071ff2,proj_0026,1,5,58.4969,47.9884,0.9995,43.2837,1,0.75,3,4,0.1211,0,0.0,0,Applied Project Specialist,Strong match (Score: 58.5). Matched 3/4 required skills (75%). Segment: Applied Project Specialist.
32ac216b-0872-4b63-8b3d-efe240162165,proj_0026,2,5,50.8033,34.2621,0.9996,36.4946,1,0.5,2,4,0.1407,0,0.0,3,Emerging Generalist Builder,Strong match (Score: 50.8). Matched 2/4 required skills (50%). Segment: Emerging Generalist Builder.
345ab973-cb26-4074-b96f-6db8f8e892c3,proj_0026,3,11,50.1675,34.0674,0.9994,30.6842,1,0.5,2,4,0.1039,0,0.0,2,High Open-Source Contributor,Strong match (Score: 50.2). Matched 2/4 required skills (50%). Segment: High Open-Source Contributor.
9544d1fd-71c1-42c2-9919-89bc5fc210bf,proj_0026,4,6,49.7221,32.8716,0.9995,35.9135,1,0.5,2,4,0.1059,0,0.0,1,Hackathon Champion,Moderate match (Score: 49.7). Matched 2/4 required skills (50%). Segment: Hackathon Champion.
6743983b-209e-4bf0-9eed-5c7d813f9a5a,proj_0026,5,13,49.5552,32.8255,0.9994,23.8715,1,0.5,2,4,0.0962,0,0.0,3,Emerging Generalist Builder,Moderate match (Score: 49.6). Matched 2/4 required skills (50%). Segment: Emerging Generalist Builder.
7b2e3b2a-c45e-40d1-b5a3-f4c25123b11c,proj_0026,6,26,49.5424,33.1573,0.9994,26.2022,1,0.5,2,4,0.0865,0,0.0,2,High Open-Source Contributor,Moderate match (Score: 49.5). Matched 2/4 required skills (50%). Segment: High Open-Source Contributor.
e431f3da-f600-4d0f-ba76-86bf19ae9a0d,proj_0026,7,22,49.1327,33.1943,0.9994,24.0705,1,0.5,2,4,0.0582,0,0.0,0,Applied Project Specialist,Moderate match (Score: 49.1). Matched 2/4 required skills (50%). Segment: Applied Project Specialist.
cccfb865-01b3-442e-b740-e0b81f505d2a,proj_0026,8,24,48.47,31.3199,0.9994,35.6636,1,0.5,2,4,0.064,0,0.0,3,Emerging Generalist Builder,Moderate match (Score: 48.5). Matched 2/4 required skills (50%). Segment: Emerging Generalist Builder.
68850a10-ff2d-4844-b456-e19c970488a0,proj_0026,9,27,45.0212,27.0431,0.9946,23.615,1,0.25,1,4,0.1244,0,0.0,0,Applied Project Specialist,Moderate match (Score: 45.0). Matched 1/4 required skills (25%). Segment: Applied Project Specialist.
f65e9bc5-57b3-4f96-ab99-5e425d46456e,proj_0026,10,16,44.3614,25.5061,0.9944,24.2324,1,0.25,1,4,0.1218,0,0.0,0,Applied Project Specialist,Moderate match (Score: 44.4). Matched 1/4 required skills (25%). Segment: Applied Project Specialist.
cccfb865-01b3-442e-b740-e0b81f505d2a,proj_0027,1,4,57.196,45.9324,0.9994,40.2755,1,0.75,3,4,0.0894,0,0.0,3,Emerging Generalist Builder,Strong match (Score: 57.2). Matched 3/4 required skills (75%). Segment: Emerging Generalist Builder.
7b2e3b2a-c45e-40d1-b5a3-f4c25123b11c,proj_0027,2,9,56.7968,45.0244,0.9994,50.4675,1,0.75,3,4,0.087,0,0.0,2,High Open-Source Contributor,Strong match (Score: 56.8). Matched 3/4 required skills (75%). Segment: High Open-Source Contributor.
e74cd5e6-4aad-460f-9ec1-a6eac48a4a58,proj_0027,3,12,56.2025,44.3301,0.9993,39.697,1,0.75,3,4,0.0661,0,0.0,0,Applied Project Specialist,Strong match (Score: 56.2). Matched 3/4 required skills (75%). Segment: Applied Project Specialist.
dff336e8-f014-4b2f-8fc6-e0d658b2c6ee,proj_0027,4,8,51.8757,37.4342,0.9995,33.0961,1,0.5,2,4,0.1278,0,0.0,2,High Open-Source Contributor,Strong match (Score: 51.9). Matched 2/4 required skills (50%). Segment: High Open-Source Contributor.
7920e9ba-5787-4e49-814d-3a6830d89f66,proj_0027,5,10,51.5561,37.2914,0.9995,32.4584,1,0.5,2,4,0.1103,0,0.0,2,High Open-Source Contributor,Strong match (Score: 51.6). Matched 2/4 required skills (50%). Segment: High Open-Source Contributor.
9bba2348-18e5-4a9c-af06-3a0a13237599,proj_0027,6,9,51.1995,36.5387,0.9995,36.2912,1,0.5,2,4,0.1066,0,0.0,2,High Open-Source Contributor,Strong match (Score: 51.2). Matched 2/4 required skills (50%). Segment: High Open-Source Contributor.
4732886f-ea61-4283-92e8-e4dd176e752e,proj_0027,7,7,50.5888,34.802,0.9995,39.4951,1,0.5,2,4,0.1122,0,0.0,2,High Open-Source Contributor,Strong match (Score: 50.6). Matched 2/4 required skills (50%). Segment: High Open-Source Contributor.
1ec54584-53e9-4aeb-849b-1ecb628f6920,proj_0027,8,9,50.2115,33.9001,0.9995,29.6816,1,0.5,2,4,0.1111,0,0.0,2,High Open-Source Contributor,Strong match (Score: 50.2). Matched 2/4 required skills (50%). Segment: High Open-Source Contributor.
389062fe-a5c8-4f8d-ab5a-72f522fa00fa,proj_0027,9,24,49.7497,34.3393,0.9993,40.5727,1,0.5,2,4,0.069,0,0.0,0,Applied Project Specialist,Moderate match (Score: 49.7). Matched 2/4 required skills (50%). Segment: Applied Project Specialist.
c2340382-6c27-4270-9883-0b8b961fe8c0,proj_0027,10,11,49.7338,34.5696,0.9994,31.1514,1,0.5,2,4,0.0616,0,0.0,0,Applied Project Specialist,Moderate match (Score: 49.7). Matched 2/4 required skills (50%). Segment: Applied Project Specialist.
88b163f6-0154-462a-85b1-8dccb2071ff2,proj_0028,1,2,59.6958,49.3045,0.9995,52.8923,1,0.8,4,5,0.1326,0,0.0,0,Applied Project Specialist,Strong match (Score: 59.7). Matched 4/5 required skills (80%). Segment: Applied Project Specialist.
68850a10-ff2d-4844-b456-e19c970488a0,proj_0028,2,2,57.9902,47.3029,0.9995,44.1491,1,0.6,3,5,0.2056,0,0.0,0,Applied Project Specialist,Strong match (Score: 58.0). Matched 3/5 required skills (60%). high text similarity (0.21). Segment: Applied Project Specialist.
f65e9bc5-57b3-4f96-ab99-5e425d46456e,proj_0028,3,2,51.9521,37.6352,0.9995,33.526,1,0.4,2,5,0.1942,0,0.0,0,Applied Project Specialist,Strong match (Score: 52.0). Matched 2/5 required skills (40%). high text similarity (0.19). Segment: Applied Project Specialist.
9bba2348-18e5-4a9c-af06-3a0a13237599,proj_0028,4,12,50.406,35.3937,0.9995,33.4237,1,0.4,2,5,0.1509,0,0.0,2,High Open-Source Contributor,Strong match (Score: 50.4). Matched 2/5 required skills (40%). high text similarity (0.15). Segment: High Open-Source Contributor.
0fb77dc3-3168-4912-8bdb-eb91f70010dd,proj_0028,5,11,48.3396,31.5516,0.9995,23.6622,1,0.4,2,5,0.1156,0,0.0,2,High Open-Source Contributor,Moderate match (Score: 48.3). Matched 2/5 required skills (40%). Segment: High Open-Source Contributor.
dff336e8-f014-4b2f-8fc6-e0d658b2c6ee,proj_0028,6,14,48.0759,31.3459,0.9994,29.2444,1,0.4,2,5,0.1037,0,0.0,2,High Open-Source Contributor,Moderate match (Score: 48.1). Matched 2/5 required skills (40%). Segment: High Open-Source Contributor.
026d7a41-6d0c-4425-bc94-74799fa8319f,proj_0028,7,21,47.7207,31.3281,0.9993,32.8054,1,0.4,2,5,0.0807,0,0.0,3,Emerging Generalist Builder,Moderate match (Score: 47.7). Matched 2/5 required skills (40%). Segment: Emerging Generalist Builder.
4732886f-ea61-4283-92e8-e4dd176e752e,proj_0028,8,13,47.0886,29.9316,0.9994,21.6361,1,0.4,2,5,0.0756,0,0.0,2,High Open-Source Contributor,Moderate match (Score: 47.1). Matched 2/5 required skills (40%). Segment: High Open-Source Contributor.
345ab973-cb26-4074-b96f-6db8f8e892c3,proj_0028,9,22,46.9865,29.89,0.9994,29.1359,1,0.4,2,5,0.0699,0,0.0,2,High Open-Source Contributor,Moderate match (Score: 47.0). Matched 2/5 required skills (40%). Segment: High Open-Source Contributor.
32ac216b-0872-4b63-8b3d-efe240162165,proj_0028,10,23,46.7974,28.2209,0.9994,25.5086,1,0.4,2,5,0.1018,0,0.0,3,Emerging Generalist Builder,Moderate match (Score: 46.8). Matched 2/5 required skills (40%). Segment: Emerging Generalist Builder.
88b163f6-0154-462a-85b1-8dccb2071ff2,proj_0029,1,5,58.4969,47.9884,0.9995,47.8063,1,0.75,3,4,0.1211,0,0.0,0,Applied Project Specialist,Strong match (Score: 58.5). Matched 3/4 required skills (75%). Segment: Applied Project Specialist.
32ac216b-0872-4b63-8b3d-efe240162165,proj_0029,2,5,50.8033,34.2621,0.9996,35.3128,1,0.5,2,4,0.1407,0,0.0,3,Emerging Generalist Builder,Strong match (Score: 50.8). Matched 2/4 required skills (50%). Segment: Emerging Generalist Builder.
345ab973-cb26-4074-b96f-6db8f8e892c3,proj_0029,3,11,50.1675,34.0674,0.9994,34.374,1,0.5,2,4,0.1039,0,0.0,2,High Open-Source Contributor,Strong match (Score: 50.2). Matched 2/4 required skills (50%). Segment: High Open-Source Contributor.
9544d1fd-71c1-42c2-9919-89bc5fc210bf,proj_0029,4,6,49.7221,32.8716,0.9995,35.5131,1,0.5,2,4,0.1059,0,0.0,1,Hackathon Champion,Moderate match (Score: 49.7). Matched 2/4 required skills (50%). Segment: Hackathon Champion.
6743983b-209e-4bf0-9eed-5c7d813f9a5a,proj_0029,5,13,49.5552,32.8255,0.9994,29.55,1,0.5,2,4,0.0962,0,0.0,3,Emerging Generalist Builder,Moderate match (Score: 49.6). Matched 2/4 required skills (50%). Segment: Emerging Generalist Builder.
7b2e3b2a-c45e-40d1-b5a3-f4c25123b11c,proj_0029,6,26,49.5424,33.1573,0.9994,23.3069,1,0.5,2,4,0.0865,0,0.0,2,High Open-Source Contributor,Moderate match (Score: 49.5). Matched 2/4 required skills (50%). Segment: High Open-Source Contributor.
e431f3da-f600-4d0f-ba76-86bf19ae9a0d,proj_0029,7,22,49.1327,33.1943,0.9994,42.1181,1,0.5,2,4,0.0582,0,0.0,0,Applied Project Specialist,Moderate match (Score: 49.1). Matched 2/4 required skills (50%). Segment: Applied Project Specialist.
cccfb865-01b3-442e-b740-e0b81f505d2a,proj_0029,8,24,48.47,31.3199,0.9994,29.3713,1,0.5,2,4,0.064,0,0.0,3,Emerging Generalist Builder,Moderate match (Score: 48.5). Matched 2/4 required skills (50%). Segment: Emerging Generalist Builder.
68850a10-ff2d-4844-b456-e19c970488a0,proj_0029,9,27,45.0212,27.0431,0.9946,29.3604,1,0.25,1,4,0.1244,0,0.0,0,Applied Project Specialist,Moderate match (Score: 45.0). Matched 1/4 required skills (25%). Segment: Applied Project Specialist.
f65e9bc5-57b3-4f96-ab99-5e425d46456e,proj_0029,10,16,44.3614,25.5061,0.9944,27.0028,1,0.25,1,4,0.1218,0,0.0,0,Applied Project Specialist,Moderate match (Score: 44.4). Matched 1/4 required skills (25%). Segment: Applied Project Specialist.
6c5a40d6-81b7-4c8c-8a43-28cbe9f7b6b1,proj_0030,1,2,63.6415,53.8613,0.9995,48.5416,1,1.0,4,4,0.1408,0,0.0,3,Emerging Generalist Builder,Strong match (Score: 63.6). Matched 4/4 required skills (100%). Segment: Emerging Generalist Builder.
26223b4e-f7fb-44af-b779-ee91d39509a7,proj_0030,2,5,58.5197,48.6081,0.9995,51.7255,1,0.75,3,4,0.1061,0,0.0,0,Applied Project Specialist,Strong match (Score: 58.5). Matched 3/4 required skills (75%). Segment: Applied Project Specialist.
3c7d4f2c-e091-420f-812c-b1f63fa6cc28,proj_0030,3,1,56.6967,43.8554,0.9995,38.5513,1,0.75,3,4,0.1113,0,0.0,3,Emerging Generalist Builder,Strong match (Score: 56.7). Matched 3/4 required skills (75%). Segment: Emerging Generalist Builder.
03e9d033-81a7-4e41-826e-0f695e2ea75b,proj_0030,4,3,56.1609,44.1247,0.9994,35.9502,1,0.75,3,4,0.0686,0,0.0,2,High Open-Source Contributor,Strong match (Score: 56.2). Matched 3/4 required skills (75%). Segment: High Open-Source Contributor.
6d8f0325-f1c0-4cae-b27e-784bc5bd1b60,proj_0030,5,14,51.1548,36.9032,0.9994,41.612,1,0.5,2,4,0.0941,0,0.0,1,Hackathon Champion,Strong match (Score: 51.2). Matched 2/4 required skills (50%). Segment: Hackathon Champion.
fc2e2e44-67a1-49c0-8deb-aae8b7fd05ce,proj_0030,6,14,49.7244,34.3022,0.9994,36.2899,1,0.5,2,4,0.0681,0,0.0,2,High Open-Source Contributor,Moderate match (Score: 49.7). Matched 2/4 required skills (50%). Segment: High Open-Source Contributor.
0614b282-09f3-41f4-8c80-cd26922cefb7,proj_0030,7,27,49.3584,33.196,0.9994,33.382,1,0.5,2,4,0.0732,0,0.0,1,Hackathon Champion,Moderate match (Score: 49.4). Matched 2/4 required skills (50%). Segment: Hackathon Champion.
30591ae9-51a7-49ff-915a-2774d3908f84,proj_0030,8,22,49.2276,33.1952,0.9993,21.8944,1,0.5,2,4,0.0647,0,0.0,0,Applied Project Specialist,Moderate match (Score: 49.2). Matched 2/4 required skills (50%). Segment: Applied Project Specialist.
8b45903d-f859-457f-8517-b7b0cb85a48a,proj_0030,9,5,49.1516,33.7102,0.9993,31.1329,1,0.5,2,4,0.0459,0,0.0,0,Applied Project Specialist,Moderate match (Score: 49.2). Matched 2/4 required skills (50%). Segment: Applied Project Specialist.
f2eaf3e8-b75a-47bc-9b11-9b7cd993df87,proj_0030,10,10,48.688,30.6238,0.9994,32.8681,1,0.5,2,4,0.0971,0,0.0,3,Emerging Generalist Builder,Moderate match (Score: 48.7). Matched 2/4 required skills (50%). Segment: Emerging Generalist Builder.
26223b4e-f7fb-44af-b779-ee91d39509a7,proj_0031,1,3,58.8384,49.0185,0.9995,57.1453,1,0.75,3,4,0.1164,0,0.0,0,Applied Project Specialist,Strong match (Score: 58.8). Matched 3/4 required skills (75%). Segment: Applied Project Specialist.
30591ae9-51a7-49ff-915a-2774d3908f84,proj_0031,2,9,58.6179,48.8348,0.9995,50.3107,1,0.75,3,4,0.1066,0,0.0,0,Applied Project Specialist,Strong match (Score: 58.6). Matched 3/4 required skills (75%). Segment: Applied Project Specialist.
0398edf0-1654-443e-8430-98ce7d688969,proj_0031,3,3,57.799,45.415,0.9995,40.0152,1,0.75,3,4,0.1432,0,0.0,3,Emerging Generalist Builder,Strong match (Score: 57.8). Matched 3/4 required skills (75%). Segment: Emerging Generalist Builder.
8b45903d-f859-457f-8517-b7b0cb85a48a,proj_0031,4,1,57.0692,46.403,0.9993,44.3906,1,0.75,3,4,0.0686,0,0.0,0,Applied Project Specialist,Strong match (Score: 57.1). Matched 3/4 required skills (75%). Segment: Applied Project Specialist.
f1371c2b-d4f4-49e6-af42-977e4a370bf5,proj_0031,5,3,56.9969,46.061,0.9994,49.232,1,0.75,3,4,0.0727,0,0.0,0,Applied Project Specialist,Strong match (Score: 57.0). Matched 3/4 required skills (75%). Segment: Applied Project Specialist.
6c5a40d6-81b7-4c8c-8a43-28cbe9f7b6b1,proj_0031,6,6,56.8724,44.7972,0.9994,46.7582,1,0.75,3,4,0.0981,0,0.0,3,Emerging Generalist Builder,Strong match (Score: 56.9). Matched 3/4 required skills (75%). Segment: Emerging Generalist Builder.
c4dd2160-9823-4402-81d3-8707c241bdd5,proj_0031,7,3,56.6635,44.9576,0.9993,50.8923,1,0.75,3,4,0.0801,0,0.0,1,Hackathon Champion,Strong match (Score: 56.7). Matched 3/4 required skills (75%). Segment: Hackathon Champion.
db9b9a6c-7010-490f-b192-b87384ac6cdb,proj_0031,8,3,52.4935,38.9449,0.9995,44.2033,1,0.5,2,4,0.1287,0,0.0,1,Hackathon Champion,Strong match (Score: 52.5). Matched 2/4 required skills (50%). Segment: Hackathon Champion.
6f77d6a3-8da9-4180-a762-e5768bd04a12,proj_0031,9,10,50.8229,34.5023,0.9995,43.7733,1,0.5,2,4,0.1358,0,0.0,3,Emerging Generalist Builder,Strong match (Score: 50.8). Matched 2/4 required skills (50%). Segment: Emerging Generalist Builder.
d4fe8a65-f434-413c-8323-087d73800e64,proj_0031,10,4,50.3401,34.304,0.9995,33.4201,1,0.5,2,4,0.1089,0,0.0,1,Hackathon Champion,Strong match (Score: 50.3). Matched 2/4 required skills (50%). Segment: Hackathon Champion.
0e6862eb-7450-4e86-a8fb-ac8b06fd7d2b,proj_0032,1,2,52.222,37.31,0.9995,43.6409,1,0.5,2,4,0.1542,0,0.0,2,High Open-Source Contributor,Strong match (Score: 52.2). Matched 2/4 required skills (50%). high text similarity (0.15). Segment: High Open-Source Contributor.
26223b4e-f7fb-44af-b779-ee91d39509a7,proj_0032,2,25,51.1349,36.846,0.9993,47.0031,1,0.5,2,4,0.0945,0,0.0,0,Applied Project Specialist,Strong match (Score: 51.1). Matched 2/4 required skills (50%). Segment: Applied Project Specialist.
30591ae9-51a7-49ff-915a-2774d3908f84,proj_0032,3,18,50.9532,36.1967,0.9994,34.522,1,0.5,2,4,0.0995,0,0.0,0,Applied Project Specialist,Strong match (Score: 51.0). Matched 2/4 required skills (50%). Segment: Applied Project Specialist.
db9b9a6c-7010-490f-b192-b87384ac6cdb,proj_0032,4,7,50.5872,35.4843,0.9994,39.8492,1,0.5,2,4,0.0941,0,0.0,1,Hackathon Champion,Strong match (Score: 50.6). Matched 2/4 required skills (50%). Segment: Hackathon Champion.
6d8f0325-f1c0-4cae-b27e-784bc5bd1b60,proj_0032,5,19,50.3497,34.7931,0.9993,39.4807,1,0.5,2,4,0.0969,0,0.0,1,Hackathon Champion,Strong match (Score: 50.3). Matched 2/4 required skills (50%). Segment: Hackathon Champion.
d9758c73-1f57-4d15-a893-49b5f90df6b1,proj_0032,6,11,49.1417,31.8029,0.9994,26.7705,1,0.5,2,4,0.0959,0,0.0,1,Hackathon Champion,Moderate match (Score: 49.1). Matched 2/4 required skills (50%). Segment: Hackathon Champion.
6f77d6a3-8da9-4180-a762-e5768bd04a12,proj_0032,7,14,49.139,31.5412,0.9994,29.304,1,0.5,2,4,0.1027,0,0.0,3,Emerging Generalist Builder,Moderate match (Score: 49.1). Matched 2/4 required skills (50%). Segment: Emerging Generalist Builder.
8b45903d-f859-457f-8517-b7b0cb85a48a,proj_0032,8,18,44.0576,26.1265,0.989,22.4714,1,0.25,1,4,0.0958,0,0.0,0,Applied Project Specialist,Moderate match (Score: 44.1). Matched 1/4 required skills (25%). Segment: Applied Project Specialist.
31af78ed-9dda-4632-a904-96cb721a1963,proj_0032,9,31,43.792,25.8301,0.9852,28.9858,1,0.25,1,4,0.0936,0,0.0,0,Applied Project Specialist,Moderate match (Score: 43.8). Matched 1/4 required skills (25%). Segment: Applied Project Specialist.
72848f00-32d0-4c87-a52e-9346570c5189,proj_0032,10,39,43.5943,23.8769,0.9939,22.9218,1,0.25,1,4,0.1151,0,0.0,2,High Open-Source Contributor,Moderate match (Score: 43.6). Matched 1/4 required skills (25%). Segment: High Open-Source Contributor.
0e6862eb-7450-4e86-a8fb-ac8b06fd7d2b,proj_0033,1,2,52.222,37.31,0.9995,38.3893,1,0.5,2,4,0.1542,0,0.0,2,High Open-Source Contributor,Strong match (Score: 52.2). Matched 2/4 required skills (50%). high text similarity (0.15). Segment: High Open-Source Contributor.
26223b4e-f7fb-44af-b779-ee91d39509a7,proj_0033,2,25,51.1349,36.846,0.9993,39.34,1,0.5,2,4,0.0945,0,0.0,0,Applied Project Specialist,Strong match (Score: 51.1). Matched 2/4 required skills (50%). Segment: Applied Project Specialist.
30591ae9-51a7-49ff-915a-2774d3908f84,proj_0033,3,18,50.9532,36.1967,0.9994,35.8682,1,0.5,2,4,0.0995,0,0.0,0,Applied Project Specialist,Strong match (Score: 51.0). Matched 2/4 required skills (50%). Segment: Applied Project Specialist.
db9b9a6c-7010-490f-b192-b87384ac6cdb,proj_0033,4,7,50.5872,35.4843,0.9994,36.2522,1,0.5,2,4,0.0941,0,0.0,1,Hackathon Champion,Strong match (Score: 50.6). Matched 2/4 required skills (50%). Segment: Hackathon Champion.
6d8f0325-f1c0-4cae-b27e-784bc5bd1b60,proj_0033,5,19,50.3497,34.7931,0.9993,40.831,1,0.5,2,4,0.0969,0,0.0,1,Hackathon Champion,Strong match (Score: 50.3). Matched 2/4 required skills (50%). Segment: Hackathon Champion.
d9758c73-1f57-4d15-a893-49b5f90df6b1,proj_0033,6,11,49.1417,31.8029,0.9994,32.67,1,0.5,2,4,0.0959,0,0.0,1,Hackathon Champion,Moderate match (Score: 49.1). Matched 2/4 required skills (50%). Segment: Hackathon Champion.
6f77d6a3-8da9-4180-a762-e5768bd04a12,proj_0033,7,14,49.139,31.5412,0.9994,23.7621,1,0.5,2,4,0.1027,0,0.0,3,Emerging Generalist Builder,Moderate match (Score: 49.1). Matched 2/4 required skills (50%). Segment: Emerging Generalist Builder.
8b45903d-f859-457f-8517-b7b0cb85a48a,proj_0033,8,18,44.0576,26.1265,0.989,27.5219,1,0.25,1,4,0.0958,0,0.0,0,Applied Project Specialist,Moderate match (Score: 44.1). Matched 1/4 required skills (25%). Segment: Applied Project Specialist.
31af78ed-9dda-4632-a904-96cb721a1963,proj_0033,9,31,43.792,25.8301,0.9852,30.0952,1,0.25,1,4,0.0936,0,0.0,0,Applied Project Specialist,Moderate match (Score: 43.8). Matched 1/4 required skills (25%). Segment: Applied Project Specialist.
72848f00-32d0-4c87-a52e-9346570c5189,proj_0033,10,39,43.5943,23.8769,0.9939,23.0656,1,0.25,1,4,0.1151,0,0.0,2,High Open-Source Contributor,Moderate match (Score: 43.6). Matched 1/4 required skills (25%). Segment: High Open-Source Contributor.
6c5a40d6-81b7-4c8c-8a43-28cbe9f7b6b1,proj_0034,1,2,63.6415,53.8613,0.9995,53.9812,1,1.0,4,4,0.1408,0,0.0,3,Emerging Generalist Builder,Strong match (Score: 63.6). Matched 4/4 required skills (100%). Segment: Emerging Generalist Builder.
26223b4e-f7fb-44af-b779-ee91d39509a7,proj_0034,2,5,58.5197,48.6081,0.9995,51.0741,1,0.75,3,4,0.1061,0,0.0,0,Applied Project Specialist,Strong match (Score: 58.5). Matched 3/4 required skills (75%). Segment: Applied Project Specialist.
3c7d4f2c-e091-420f-812c-b1f63fa6cc28,proj_0034,3,1,56.6967,43.8554,0.9995,38.023,1,0.75,3,4,0.1113,0,0.0,3,Emerging Generalist Builder,Strong match (Score: 56.7). Matched 3/4 required skills (75%). Segment: Emerging Generalist Builder.
03e9d033-81a7-4e41-826e-0f695e2ea75b,proj_0034,4,3,56.1609,44.1247,0.9994,45.8281,1,0.75,3,4,0.0686,0,0.0,2,High Open-Source Contributor,Strong match (Score: 56.2). Matched 3/4 required skills (75%). Segment: High Open-Source Contributor.
6d8f0325-f1c0-4cae-b27e-784bc5bd1b60,proj_0034,5,14,51.1548,36.9032,0.9994,31.6195,1,0.5,2,4,0.0941,0,0.0,1,Hackathon Champion,Strong match (Score: 51.2). Matched 2/4 required skills (50%). Segment: Hackathon Champion.
fc2e2e44-67a1-49c0-8deb-aae8b7fd05ce,proj_0034,6,14,49.7244,34.3022,0.9994,36.7191,1,0.5,2,4,0.0681,0,0.0,2,High Open-Source Contributor,Moderate match (Score: 49.7). Matched 2/4 required skills (50%). Segment: High Open-Source Contributor.
0614b282-09f3-41f4-8c80-cd26922cefb7,proj_0034,7,27,49.3584,33.196,0.9994,39.9824,1,0.5,2,4,0.0732,0,0.0,1,Hackathon Champion,Moderate match (Score: 49.4). Matched 2/4 required skills (50%). Segment: Hackathon Champion.
30591ae9-51a7-49ff-915a-2774d3908f84,proj_0034,8,22,49.2276,33.1952,0.9993,39.3651,1,0.5,2,4,0.0647,0,0.0,0,Applied Project Specialist,Moderate match (Score: 49.2). Matched 2/4 required skills (50%). Segment: Applied Project Specialist.
8b45903d-f859-457f-8517-b7b0cb85a48a,proj_0034,9,5,49.1516,33.7102,0.9993,29.7238,1,0.5,2,4,0.0459,0,0.0,0,Applied Project Specialist,Moderate match (Score: 49.2). Matched 2/4 required skills (50%). Segment: Applied Project Specialist.
f2eaf3e8-b75a-47bc-9b11-9b7cd993df87,proj_0034,10,10,48.688,30.6238,0.9994,35.1884,1,0.5,2,4,0.0971,0,0.0,3,Emerging Generalist Builder,Moderate match (Score: 48.7). Matched 2/4 required skills (50%). Segment: Emerging Generalist Builder.
26223b4e-f7fb-44af-b779-ee91d39509a7,proj_0035,1,3,58.8384,49.0185,0.9995,55.7467,1,0.75,3,4,0.1164,0,0.0,0,Applied Project Specialist,Strong match (Score: 58.8). Matched 3/4 required skills (75%). Segment: Applied Project Specialist.
30591ae9-51a7-49ff-915a-2774d3908f84,proj_0035,2,9,58.6179,48.8348,0.9995,49.1978,1,0.75,3,4,0.1066,0,0.0,0,Applied Project Specialist,Strong match (Score: 58.6). Matched 3/4 required skills (75%). Segment: Applied Project Specialist.
0398edf0-1654-443e-8430-98ce7d688969,proj_0035,3,3,57.799,45.415,0.9995,41.1017,1,0.75,3,4,0.1432,0,0.0,3,Emerging Generalist Builder,Strong match (Score: 57.8). Matched 3/4 required skills (75%). Segment: Emerging Generalist Builder.
8b45903d-f859-457f-8517-b7b0cb85a48a,proj_0035,4,1,57.0692,46.403,0.9993,46.6371,1,0.75,3,4,0.0686,0,0.0,0,Applied Project Specialist,Strong match (Score: 57.1). Matched 3/4 required skills (75%). Segment: Applied Project Specialist.
f1371c2b-d4f4-49e6-af42-977e4a370bf5,proj_0035,5,3,56.9969,46.061,0.9994,39.9559,1,0.75,3,4,0.0727,0,0.0,0,Applied Project Specialist,Strong match (Score: 57.0). Matched 3/4 required skills (75%). Segment: Applied Project Specialist.
6c5a40d6-81b7-4c8c-8a43-28cbe9f7b6b1,proj_0035,6,6,56.8724,44.7972,0.9994,47.592,1,0.75,3,4,0.0981,0,0.0,3,Emerging Generalist Builder,Strong match (Score: 56.9). Matched 3/4 required skills (75%). Segment: Emerging Generalist Builder.
c4dd2160-9823-4402-81d3-8707c241bdd5,proj_0035,7,3,56.6635,44.9576,0.9993,36.0759,1,0.75,3,4,0.0801,0,0.0,1,Hackathon Champion,Strong match (Score: 56.7). Matched 3/4 required skills (75%). Segment: Hackathon Champion.
db9b9a6c-7010-490f-b192-b87384ac6cdb,proj_0035,8,3,52.4935,38.9449,0.9995,39.8966,1,0.5,2,4,0.1287,0,0.0,1,Hackathon Champion,Strong match (Score: 52.5). Matched 2/4 required skills (50%). Segment: Hackathon Champion.
6f77d6a3-8da9-4180-a762-e5768bd04a12,proj_0035,9,10,50.8229,34.5023,0.9995,39.8093,1,0.5,2,4,0.1358,0,0.0,3,Emerging Generalist Builder,Strong match (Score: 50.8). Matched 2/4 required skills (50%). Segment: Emerging Generalist Builder.
d4fe8a65-f434-413c-8323-087d73800e64,proj_0035,10,4,50.3401,34.304,0.9995,35.2407,1,0.5,2,4,0.1089,0,0.0,1,Hackathon Champion,Strong match (Score: 50.3). Matched 2/4 required skills (50%). Segment: Hackathon Champion.
6c5a40d6-81b7-4c8c-8a43-28cbe9f7b6b1,proj_0036,1,2,63.6415,53.8613,0.9995,55.1471,1,1.0,4,4,0.1408,0,0.0,3,Emerging Generalist Builder,Strong match (Score: 63.6). Matched 4/4 required skills (100%). Segment: Emerging Generalist Builder.
26223b4e-f7fb-44af-b779-ee91d39509a7,proj_0036,2,5,58.5197,48.6081,0.9995,46.89,1,0.75,3,4,0.1061,0,0.0,0,Applied Project Specialist,Strong match (Score: 58.5). Matched 3/4 required skills (75%). Segment: Applied Project Specialist.
3c7d4f2c-e091-420f-812c-b1f63fa6cc28,proj_0036,3,1,56.6967,43.8554,0.9995,43.3066,1,0.75,3,4,0.1113,0,0.0,3,Emerging Generalist Builder,Strong match (Score: 56.7). Matched 3/4 required skills (75%). Segment: Emerging Generalist Builder.
03e9d033-81a7-4e41-826e-0f695e2ea75b,proj_0036,4,3,56.1609,44.1247,0.9994,40.5426,1,0.75,3,4,0.0686,0,0.0,2,High Open-Source Contributor,Strong match (Score: 56.2). Matched 3/4 required skills (75%). Segment: High Open-Source Contributor.
6d8f0325-f1c0-4cae-b27e-784bc5bd1b60,proj_0036,5,14,51.1548,36.9032,0.9994,36.4457,1,0.5,2,4,0.0941,0,0.0,1,Hackathon Champion,Strong match (Score: 51.2). Matched 2/4 required skills (50%). Segment: Hackathon Champion.
fc2e2e44-67a1-49c0-8deb-aae8b7fd05ce,proj_0036,6,14,49.7244,34.3022,0.9994,32.7915,1,0.5,2,4,0.0681,0,0.0,2,High Open-Source Contributor,Moderate match (Score: 49.7). Matched 2/4 required skills (50%). Segment: High Open-Source Contributor.
0614b282-09f3-41f4-8c80-cd26922cefb7,proj_0036,7,27,49.3584,33.196,0.9994,31.3971,1,0.5,2,4,0.0732,0,0.0,1,Hackathon Champion,Moderate match (Score: 49.4). Matched 2/4 required skills (50%). Segment: Hackathon Champion.
30591ae9-51a7-49ff-915a-2774d3908f84,proj_0036,8,22,49.2276,33.1952,0.9993,37.0809,1,0.5,2,4,0.0647,0,0.0,0,Applied Project Specialist,Moderate match (Score: 49.2). Matched 2/4 required skills (50%). Segment: Applied Project Specialist.
8b45903d-f859-457f-8517-b7b0cb85a48a,proj_0036,9,5,49.1516,33.7102,0.9993,45.98,1,0.5,2,4,0.0459,0,0.0,0,Applied Project Specialist,Moderate match (Score: 49.2). Matched 2/4 required skills (50%). Segment: Applied Project Specialist.
f2eaf3e8-b75a-47bc-9b11-9b7cd993df87,proj_0036,10,10,48.688,30.6238,0.9994,38.294,1,0.5,2,4,0.0971,0,0.0,3,Emerging Generalist Builder,Moderate match (Score: 48.7). Matched 2/4 required skills (50%). Segment: Emerging Generalist Builder.
0e6862eb-7450-4e86-a8fb-ac8b06fd7d2b,proj_0037,1,2,52.222,37.31,0.9995,38.5006,1,0.5,2,4,0.1542,0,0.0,2,High Open-Source Contributor,Strong match (Score: 52.2). Matched 2/4 required skills (50%). high text similarity (0.15). Segment: High Open-Source Contributor.
26223b4e-f7fb-44af-b779-ee91d39509a7,proj_0037,2,25,51.1349,36.846,0.9993,36.0652,1,0.5,2,4,0.0945,0,0.0,0,Applied Project Specialist,Strong match (Score: 51.1). Matched 2/4 required skills (50%). Segment: Applied Project Specialist.
30591ae9-51a7-49ff-915a-2774d3908f84,proj_0037,3,18,50.9532,36.1967,0.9994,29.8773,1,0.5,2,4,0.0995,0,0.0,0,Applied Project Specialist,Strong match (Score: 51.0). Matched 2/4 required skills (50%). Segment: Applied Project Specialist.
db9b9a6c-7010-490f-b192-b87384ac6cdb,proj_0037,4,7,50.5872,35.4843,0.9994,32.1643,1,0.5,2,4,0.0941,0,0.0,1,Hackathon Champion,Strong match (Score: 50.6). Matched 2/4 required skills (50%). Segment: Hackathon Champion.
6d8f0325-f1c0-4cae-b27e-784bc5bd1b60,proj_0037,5,19,50.3497,34.7931,0.9993,36.9443,1,0.5,2,4,0.0969,0,0.0,1,Hackathon Champion,Strong match (Score: 50.3). Matched 2/4 required skills (50%). Segment: Hackathon Champion.
d9758c73-1f57-4d15-a893-49b5f90df6b1,proj_0037,6,11,49.1417,31.8029,0.9994,32.9879,1,0.5,2,4,0.0959,0,0.0,1,Hackathon Champion,Moderate match (Score: 49.1). Matched 2/4 required skills (50%). Segment: Hackathon Champion.
6f77d6a3-8da9-4180-a762-e5768bd04a12,proj_0037,7,14,49.139,31.5412,0.9994,29.7943,1,0.5,2,4,0.1027,0,0.0,3,Emerging Generalist Builder,Moderate match (Score: 49.1). Matched 2/4 required skills (50%). Segment: Emerging Generalist Builder.
8b45903d-f859-457f-8517-b7b0cb85a48a,proj_0037,8,18,44.0576,26.1265,0.989,21.5539,1,0.25,1,4,0.0958,0,0.0,0,Applied Project Specialist,Moderate match (Score: 44.1). Matched 1/4 required skills (25%). Segment: Applied Project Specialist.
31af78ed-9dda-4632-a904-96cb721a1963,proj_0037,9,31,43.792,25.8301,0.9852,23.1907,1,0.25,1,4,0.0936,0,0.0,0,Applied Project Specialist,Moderate match (Score: 43.8). Matched 1/4 required skills (25%). Segment: Applied Project Specialist.
72848f00-32d0-4c87-a52e-9346570c5189,proj_0037,10,39,43.5943,23.8769,0.9939,22.8945,1,0.25,1,4,0.1151,0,0.0,2,High Open-Source Contributor,Moderate match (Score: 43.6). Matched 1/4 required skills (25%). Segment: High Open-Source Contributor.
3121dc95-f26c-4d0e-822b-4b9f324d2bb8,proj_0038,1,5,65.4404,57.4986,0.9994,63.4626,1,0.75,3,4,0.3306,0,0.0,3,Emerging Generalist Builder,Strong match (Score: 65.4). Matched 3/4 required skills (75%). high text similarity (0.33). Segment: Emerging Generalist Builder.
c2c837eb-9da5-4084-8bad-249a505da0ef,proj_0038,2,4,62.8248,54.4169,0.9994,54.0067,1,0.75,3,4,0.2384,0,0.0,1,Hackathon Champion,Strong match (Score: 62.8). Matched 3/4 required skills (75%). high text similarity (0.24). Segment: Hackathon Champion.
d4493a6b-3b00-4377-8d43-e9b67ed0c6a5,proj_0038,3,5,62.6619,53.4736,0.9994,62.6225,1,0.75,3,4,0.2527,0,0.0,2,High Open-Source Contributor,Strong match (Score: 62.7). Matched 3/4 required skills (75%). high text similarity (0.25). Segment: High Open-Source Contributor.
8fb8eaf8-4080-46bb-b74e-1242acd68205,proj_0038,4,1,62.4301,53.4866,0.9994,54.6895,1,0.75,3,4,0.2369,0,0.0,2,High Open-Source Contributor,Strong match (Score: 62.4). Matched 3/4 required skills (75%). high text similarity (0.24). Segment: High Open-Source Contributor.
0c35f9a0-6d65-4934-a241-359a7e8a4f8b,proj_0038,5,2,61.4643,51.9721,0.9994,54.1098,1,0.75,3,4,0.2129,0,0.0,2,High Open-Source Contributor,Strong match (Score: 61.5). Matched 3/4 required skills (75%). high text similarity (0.21). Segment: High Open-Source Contributor.
c65f13b3-7b3a-48d0-afed-fd8dde83f3c3,proj_0038,6,3,60.6902,49.9954,0.9994,57.6544,1,0.75,3,4,0.214,0,0.0,3,Emerging Generalist Builder,Strong match (Score: 60.7). Matched 3/4 required skills (75%). high text similarity (0.21). Segment: Emerging Generalist Builder.
017a104d-03fa-4f29-9982-6dda6a7f45c0,proj_0038,7,4,60.4407,50.2381,0.9994,59.2394,1,0.75,3,4,0.1909,0,0.0,3,Emerging Generalist Builder,Strong match (Score: 60.4). Matched 3/4 required skills (75%). high text similarity (0.19). Segment: Emerging Generalist Builder.
4628ab0b-3b8f-4738-8e72-f931e9ca9aa3,proj_0038,8,3,58.7434,47.7836,0.9994,50.0555,1,0.75,3,4,0.1432,0,0.0,3,Emerging Generalist Builder,Strong match (Score: 58.7). Matched 3/4 required skills (75%). Segment: Emerging Generalist Builder.
0664ac18-e4b1-4687-a748-cf62f7e567f9,proj_0038,9,10,58.4993,48.2382,0.9994,46.8424,1,0.75,3,4,0.1148,0,0.0,2,High Open-Source Contributor,Strong match (Score: 58.5). Matched 3/4 required skills (75%). Segment: High Open-Source Contributor.
72784713-9bf5-4872-b81e-90d330240b55,proj_0038,10,3,58.1891,47.3341,0.9994,39.9395,1,0.5,2,4,0.2849,0,0.0,2,High Open-Source Contributor,Strong match (Score: 58.2). Matched 2/4 required skills (50%). high text similarity (0.28). Segment: High Open-Source Contributor.
017a104d-03fa-4f29-9982-6dda6a7f45c0,proj_0039,1,1,67.137,59.6787,0.9994,61.1932,1,1.0,3,3,0.2189,0,0.0,3,Emerging Generalist Builder,Strong match (Score: 67.1). Matched 3/3 required skills (100%). high text similarity (0.22). Segment: Emerging Generalist Builder.
d4493a6b-3b00-4377-8d43-e9b67ed0c6a5,proj_0039,2,3,66.8646,59.5939,0.9994,61.5513,1,1.0,3,3,0.203,0,0.0,2,High Open-Source Contributor,Strong match (Score: 66.9). Matched 3/3 required skills (100%). high text similarity (0.20). Segment: High Open-Source Contributor.
e2fce6e3-f948-4770-b5e5-a66e7d104e15,proj_0039,3,1,66.8038,59.1196,0.9994,42.8343,1,1.0,3,3,0.2116,0,0.0,2,High Open-Source Contributor,Strong match (Score: 66.8). Matched 3/3 required skills (100%). high text similarity (0.21). Segment: High Open-Source Contributor.
3121dc95-f26c-4d0e-822b-4b9f324d2bb8,proj_0039,4,3,66.5871,58.1203,0.9994,49.413,1,1.0,3,3,0.2238,0,0.0,3,Emerging Generalist Builder,Strong match (Score: 66.6). Matched 3/3 required skills (100%). high text similarity (0.22). Segment: Emerging Generalist Builder.
e649d778-4f86-4007-9cb7-ebe51f531c66,proj_0039,5,1,64.8967,56.4105,0.9994,49.9989,1,1.0,3,3,0.1567,0,0.0,0,Applied Project Specialist,Strong match (Score: 64.9). Matched 3/3 required skills (100%). high text similarity (0.16). Segment: Applied Project Specialist.
ed82829b-d814-4e03-b750-a41974852d40,proj_0039,6,4,62.4169,52.8209,0.9992,58.885,1,1.0,3,3,0.0875,0,0.0,0,Applied Project Specialist,Strong match (Score: 62.4). Matched 3/3 required skills (100%). Segment: Applied Project Specialist.
a77319ee-9873-49de-b21e-6b3e001b5e9a,proj_0039,7,2,58.9969,47.3611,0.9994,53.8803,1,0.6667,2,3,0.2269,0,0.0,2,High Open-Source Contributor,Strong match (Score: 59.0). Matched 2/3 required skills (67%). high text similarity (0.23). Segment: High Open-Source Contributor.
7b929e32-04b2-4631-ad5e-edb95f7b57ce,proj_0039,8,3,56.8277,44.1131,0.9994,35.9856,1,0.6667,2,3,0.1689,0,0.0,2,High Open-Source Contributor,Strong match (Score: 56.8). Matched 2/3 required skills (67%). high text similarity (0.17). Segment: High Open-Source Contributor.
c2c837eb-9da5-4084-8bad-249a505da0ef,proj_0039,9,8,56.1626,43.0503,0.9994,56.5335,1,0.6667,2,3,0.1529,0,0.0,1,Hackathon Champion,Strong match (Score: 56.2). Matched 2/3 required skills (67%). high text similarity (0.15). Segment: Hackathon Champion.
c65f13b3-7b3a-48d0-afed-fd8dde83f3c3,proj_0039,10,9,55.8685,41.5799,0.9994,40.2462,1,0.6667,2,3,0.1725,0,0.0,3,Emerging Generalist Builder,Strong match (Score: 55.9). Matched 2/3 required skills (67%). high text similarity (0.17). Segment: Emerging Generalist Builder.
e649d778-4f86-4007-9cb7-ebe51f531c66,proj_0040,1,3,58.6353,46.5094,0.9994,46.6197,1,0.6667,2,3,0.2255,0,0.0,0,Applied Project Specialist,Strong match (Score: 58.6). Matched 2/3 required skills (67%). high text similarity (0.23). Segment: Applied Project Specialist.
7f3eecd2-0620-4f87-83c0-3604e8bbeb96,proj_0040,2,4,56.7487,43.3717,0.9994,41.8993,1,0.6667,2,3,0.1834,0,0.0,3,Emerging Generalist Builder,Strong match (Score: 56.7). Matched 2/3 required skills (67%). high text similarity (0.18). Segment: Emerging Generalist Builder.
3121dc95-f26c-4d0e-822b-4b9f324d2bb8,proj_0040,3,8,56.527,42.3188,0.9994,50.2416,1,0.6667,2,3,0.1967,0,0.0,3,Emerging Generalist Builder,Strong match (Score: 56.5). Matched 2/3 required skills (67%). high text similarity (0.20). Segment: Emerging Generalist Builder.
0c35f9a0-6d65-4934-a241-359a7e8a4f8b,proj_0040,4,5,55.5073,41.487,0.9994,36.474,1,0.6667,2,3,0.1509,0,0.0,2,High Open-Source Contributor,Strong match (Score: 55.5). Matched 2/3 required skills (67%). high text similarity (0.15). Segment: High Open-Source Contributor.
ed82829b-d814-4e03-b750-a41974852d40,proj_0040,5,24,49.7236,33.3728,0.9898,28.7817,1,0.3333,1,3,0.0565,1,0.0,0,Applied Project Specialist,Moderate match (Score: 49.7). Matched 1/3 required skills (33%). domain aligned. Segment: Applied Project Specialist.
e887736d-bf55-4cf8-919a-9a3b332033d1,proj_0040,6,16,47.6456,30.1902,0.9903,36.1025,1,0.3333,1,3,0.1685,0,0.0,3,Emerging Generalist Builder,Moderate match (Score: 47.6). Matched 1/3 required skills (33%). high text similarity (0.17). Segment: Emerging Generalist Builder.
7eae055b-58e7-4ccf-b97e-b3d17f153640,proj_0040,7,26,47.4778,30.1944,0.9918,32.6543,1,0.3333,1,3,0.1542,0,0.0,2,High Open-Source Contributor,Moderate match (Score: 47.5). Matched 1/3 required skills (33%). high text similarity (0.15). Segment: High Open-Source Contributor.
3aa9e83f-9407-49dd-bb68-44e046573db9,proj_0040,8,4,46.9464,29.4623,0.9843,32.4126,1,0.3333,1,3,0.1533,0,0.0,0,Applied Project Specialist,Moderate match (Score: 46.9). Matched 1/3 required skills (33%). high text similarity (0.15). Segment: Applied Project Specialist.
72784713-9bf5-4872-b81e-90d330240b55,proj_0040,9,14,46.7193,28.3433,0.9903,22.1578,1,0.3333,1,3,0.156,0,0.0,2,High Open-Source Contributor,Moderate match (Score: 46.7). Matched 1/3 required skills (33%). high text similarity (0.16). Segment: High Open-Source Contributor.
c2c837eb-9da5-4084-8bad-249a505da0ef,proj_0040,10,20,46.4393,28.9221,0.9883,36.3561,1,0.3333,1,3,0.1259,0,0.0,1,Hackathon Champion,Moderate match (Score: 46.4). Matched 1/3 required skills (33%). Segment: Hackathon Champion.
017a104d-03fa-4f29-9982-6dda6a7f45c0,proj_0041,1,1,67.137,59.6787,0.9994,60.1298,1,1.0,3,3,0.2189,0,0.0,3,Emerging Generalist Builder,Strong match (Score: 67.1). Matched 3/3 required skills (100%). high text similarity (0.22). Segment: Emerging Generalist Builder.
d4493a6b-3b00-4377-8d43-e9b67ed0c6a5,proj_0041,2,3,66.8646,59.5939,0.9994,54.9862,1,1.0,3,3,0.203,0,0.0,2,High Open-Source Contributor,Strong match (Score: 66.9). Matched 3/3 required skills (100%). high text similarity (0.20). Segment: High Open-Source Contributor.
e2fce6e3-f948-4770-b5e5-a66e7d104e15,proj_0041,3,1,66.8038,59.1196,0.9994,55.1322,1,1.0,3,3,0.2116,0,0.0,2,High Open-Source Contributor,Strong match (Score: 66.8). Matched 3/3 required skills (100%). high text similarity (0.21). Segment: High Open-Source Contributor.
3121dc95-f26c-4d0e-822b-4b9f324d2bb8,proj_0041,4,3,66.5871,58.1203,0.9994,61.5058,1,1.0,3,3,0.2238,0,0.0,3,Emerging Generalist Builder,Strong match (Score: 66.6). Matched 3/3 required skills (100%). high text similarity (0.22). Segment: Emerging Generalist Builder.
e649d778-4f86-4007-9cb7-ebe51f531c66,proj_0041,5,1,64.8967,56.4105,0.9994,52.8869,1,1.0,3,3,0.1567,0,0.0,0,Applied Project Specialist,Strong match (Score: 64.9). Matched 3/3 required skills (100%). high text similarity (0.16). Segment: Applied Project Specialist.
ed82829b-d814-4e03-b750-a41974852d40,proj_0041,6,4,62.4169,52.8209,0.9992,60.2864,1,1.0,3,3,0.0875,0,0.0,0,Applied Project Specialist,Strong match (Score: 62.4). Matched 3/3 required skills (100%). Segment: Applied Project Specialist.
a77319ee-9873-49de-b21e-6b3e001b5e9a,proj_0041,7,2,58.9969,47.3611,0.9994,42.7804,1,0.6667,2,3,0.2269,0,0.0,2,High Open-Source Contributor,Strong match (Score: 59.0). Matched 2/3 required skills (67%). high text similarity (0.23). Segment: High Open-Source Contributor.
7b929e32-04b2-4631-ad5e-edb95f7b57ce,proj_0041,8,3,56.8277,44.1131,0.9994,45.4858,1,0.6667,2,3,0.1689,0,0.0,2,High Open-Source Contributor,Strong match (Score: 56.8). Matched 2/3 required skills (67%). high text similarity (0.17). Segment: High Open-Source Contributor.
c2c837eb-9da5-4084-8bad-249a505da0ef,proj_0041,9,8,56.1626,43.0503,0.9994,39.7207,1,0.6667,2,3,0.1529,0,0.0,1,Hackathon Champion,Strong match (Score: 56.2). Matched 2/3 required skills (67%). high text similarity (0.15). Segment: Hackathon Champion.
c65f13b3-7b3a-48d0-afed-fd8dde83f3c3,proj_0041,10,9,55.8685,41.5799,0.9994,45.8999,1,0.6667,2,3,0.1725,0,0.0,3,Emerging Generalist Builder,Strong match (Score: 55.9). Matched 2/3 required skills (67%). high text similarity (0.17). Segment: Emerging Generalist Builder.
3121dc95-f26c-4d0e-822b-4b9f324d2bb8,proj_0042,1,5,65.4404,57.4986,0.9994,54.7044,1,0.75,3,4,0.3306,0,0.0,3,Emerging Generalist Builder,Strong match (Score: 65.4). Matched 3/4 required skills (75%). high text similarity (0.33). Segment: Emerging Generalist Builder.
c2c837eb-9da5-4084-8bad-249a505da0ef,proj_0042,2,4,62.8248,54.4169,0.9994,52.0934,1,0.75,3,4,0.2384,0,0.0,1,Hackathon Champion,Strong match (Score: 62.8). Matched 3/4 required skills (75%). high text similarity (0.24). Segment: Hackathon Champion.
d4493a6b-3b00-4377-8d43-e9b67ed0c6a5,proj_0042,3,5,62.6619,53.4736,0.9994,54.8115,1,0.75,3,4,0.2527,0,0.0,2,High Open-Source Contributor,Strong match (Score: 62.7). Matched 3/4 required skills (75%). high text similarity (0.25). Segment: High Open-Source Contributor.
8fb8eaf8-4080-46bb-b74e-1242acd68205,proj_0042,4,1,62.4301,53.4866,0.9994,54.0391,1,0.75,3,4,0.2369,0,0.0,2,High Open-Source Contributor,Strong match (Score: 62.4). Matched 3/4 required skills (75%). high text similarity (0.24). Segment: High Open-Source Contributor.
0c35f9a0-6d65-4934-a241-359a7e8a4f8b,proj_0042,5,2,61.4643,51.9721,0.9994,50.49,1,0.75,3,4,0.2129,0,0.0,2,High Open-Source Contributor,Strong match (Score: 61.5). Matched 3/4 required skills (75%). high text similarity (0.21). Segment: High Open-Source Contributor.
c65f13b3-7b3a-48d0-afed-fd8dde83f3c3,proj_0042,6,3,60.6902,49.9954,0.9994,59.3711,1,0.75,3,4,0.214,0,0.0,3,Emerging Generalist Builder,Strong match (Score: 60.7). Matched 3/4 required skills (75%). high text similarity (0.21). Segment: Emerging Generalist Builder.
017a104d-03fa-4f29-9982-6dda6a7f45c0,proj_0042,7,4,60.4407,50.2381,0.9994,42.7439,1,0.75,3,4,0.1909,0,0.0,3,Emerging Generalist Builder,Strong match (Score: 60.4). Matched 3/4 required skills (75%). high text similarity (0.19). Segment: Emerging Generalist Builder.
4628ab0b-3b8f-4738-8e72-f931e9ca9aa3,proj_0042,8,3,58.7434,47.7836,0.9994,41.3774,1,0.75,3,4,0.1432,0,0.0,3,Emerging Generalist Builder,Strong match (Score: 58.7). Matched 3/4 required skills (75%). Segment: Emerging Generalist Builder.
0664ac18-e4b1-4687-a748-cf62f7e567f9,proj_0042,9,10,58.4993,48.2382,0.9994,51.6794,1,0.75,3,4,0.1148,0,0.0,2,High Open-Source Contributor,Strong match (Score: 58.5). Matched 3/4 required skills (75%). Segment: High Open-Source Contributor.
72784713-9bf5-4872-b81e-90d330240b55,proj_0042,10,3,58.1891,47.3341,0.9994,48.1959,1,0.5,2,4,0.2849,0,0.0,2,High Open-Source Contributor,Strong match (Score: 58.2). Matched 2/4 required skills (50%). high text similarity (0.28). Segment: High Open-Source Contributor.
e649d778-4f86-4007-9cb7-ebe51f531c66,proj_0043,1,3,58.6353,46.5094,0.9994,46.1737,1,0.6667,2,3,0.2255,0,0.0,0,Applied Project Specialist,Strong match (Score: 58.6). Matched 2/3 required skills (67%). high text similarity (0.23). Segment: Applied Project Specialist.
7f3eecd2-0620-4f87-83c0-3604e8bbeb96,proj_0043,2,4,56.7487,43.3717,0.9994,44.2417,1,0.6667,2,3,0.1834,0,0.0,3,Emerging Generalist Builder,Strong match (Score: 56.7). Matched 2/3 required skills (67%). high text similarity (0.18). Segment: Emerging Generalist Builder.
3121dc95-f26c-4d0e-822b-4b9f324d2bb8,proj_0043,3,8,56.527,42.3188,0.9994,42.4501,1,0.6667,2,3,0.1967,0,0.0,3,Emerging Generalist Builder,Strong match (Score: 56.5). Matched 2/3 required skills (67%). high text similarity (0.20). Segment: Emerging Generalist Builder.
0c35f9a0-6d65-4934-a241-359a7e8a4f8b,proj_0043,4,5,55.5073,41.487,0.9994,42.0714,1,0.6667,2,3,0.1509,0,0.0,2,High Open-Source Contributor,Strong match (Score: 55.5). Matched 2/3 required skills (67%). high text similarity (0.15). Segment: High Open-Source Contributor.
ed82829b-d814-4e03-b750-a41974852d40,proj_0043,5,24,49.7236,33.3728,0.9898,29.7945,1,0.3333,1,3,0.0565,1,0.0,0,Applied Project Specialist,Moderate match (Score: 49.7). Matched 1/3 required skills (33%). domain aligned. Segment: Applied Project Specialist.
e887736d-bf55-4cf8-919a-9a3b332033d1,proj_0043,6,16,47.6456,30.1902,0.9903,23.1807,1,0.3333,1,3,0.1685,0,0.0,3,Emerging Generalist Builder,Moderate match (Score: 47.6). Matched 1/3 required skills (33%). high text similarity (0.17). Segment: Emerging Generalist Builder.
7eae055b-58e7-4ccf-b97e-b3d17f153640,proj_0043,7,26,47.4778,30.1944,0.9918,31.6854,1,0.3333,1,3,0.1542,0,0.0,2,High Open-Source Contributor,Moderate match (Score: 47.5). Matched 1/3 required skills (33%). high text similarity (0.15). Segment: High Open-Source Contributor.
3aa9e83f-9407-49dd-bb68-44e046573db9,proj_0043,8,4,46.9464,29.4623,0.9843,23.4086,1,0.3333,1,3,0.1533,0,0.0,0,Applied Project Specialist,Moderate match (Score: 46.9). Matched 1/3 required skills (33%). high text similarity (0.15). Segment: Applied Project Specialist.
72784713-9bf5-4872-b81e-90d330240b55,proj_0043,9,14,46.7193,28.3433,0.9903,28.9551,1,0.3333,1,3,0.156,0,0.0,2,High Open-Source Contributor,Moderate match (Score: 46.7). Matched 1/3 required skills (33%). high text similarity (0.16). Segment: High Open-Source Contributor.
c2c837eb-9da5-4084-8bad-249a505da0ef,proj_0043,10,20,46.4393,28.9221,0.9883,28.8224,1,0.3333,1,3,0.1259,0,0.0,1,Hackathon Champion,Moderate match (Score: 46.4). Matched 1/3 required skills (33%). Segment: Hackathon Champion.
91c33b06-c698-49f7-b17c-be3d4a8a4efe,proj_0044,1,8,55.1028,41.2821,0.9995,46.0789,1,0.6667,2,3,0.1292,0,0.0,2,High Open-Source Contributor,Strong match (Score: 55.1). Matched 2/3 required skills (67%). Segment: High Open-Source Contributor.
3ee193d8-7126-4f80-b986-fd42c72759c2,proj_0044,2,8,54.2627,40.2131,0.9994,44.3762,1,0.6667,2,3,0.1019,0,0.0,3,Emerging Generalist Builder,Strong match (Score: 54.3). Matched 2/3 required skills (67%). Segment: Emerging Generalist Builder.
382513f3-1f6e-46a2-bd96-deed53e75a83,proj_0044,3,3,54.0893,40.0908,0.9995,32.6398,1,0.6667,2,3,0.0934,0,0.0,3,Emerging Generalist Builder,Strong match (Score: 54.1). Matched 2/3 required skills (67%). Segment: Emerging Generalist Builder.
ceb57173-b7f5-48a0-998f-44a39197a8ac,proj_0044,4,2,53.0661,37.9266,0.9994,30.3483,1,0.6667,2,3,0.0831,0,0.0,2,High Open-Source Contributor,Strong match (Score: 53.1). Matched 2/3 required skills (67%). Segment: High Open-Source Contributor.
69f3a439-decd-43f9-bbdd-a6d89724db17,proj_0044,5,5,52.8727,37.2218,0.9994,39.7064,1,0.6667,2,3,0.089,0,0.0,3,Emerging Generalist Builder,Strong match (Score: 52.9). Matched 2/3 required skills (67%). Segment: Emerging Generalist Builder.
b39b7e89-5127-4811-914d-ab307bcb6379,proj_0044,6,29,45.1682,25.538,0.9912,23.1728,1,0.3333,1,3,0.1256,0,0.0,2,High Open-Source Contributor,Moderate match (Score: 45.2). Matched 1/3 required skills (33%). Segment: High Open-Source Contributor.
542b7d19-73c7-45fb-b92c-53bcb997d9cf,proj_0044,7,55,43.9334,24.6822,0.9879,26.6151,1,0.3333,1,3,0.0727,0,0.0,1,Hackathon Champion,Moderate match (Score: 43.9). Matched 1/3 required skills (33%). Segment: Hackathon Champion.
2b9a90d7-2e2e-4096-b75d-70225b6167e0,proj_0044,8,7,43.5444,23.7885,0.9916,27.3716,1,0.3333,1,3,0.0632,0,0.0,0,Applied Project Specialist,Moderate match (Score: 43.5). Matched 1/3 required skills (33%). Segment: Applied Project Specialist.
a1b22b09-722b-4f62-beec-d3e19dbb8026,proj_0044,9,43,43.5057,23.853,0.9844,23.1777,1,0.3333,1,3,0.0733,0,0.0,2,High Open-Source Contributor,Moderate match (Score: 43.5). Matched 1/3 required skills (33%). Segment: High Open-Source Contributor.
62c257a4-beb9-4e46-acfc-043c4c84b377,proj_0044,10,15,43.3156,23.3664,0.9835,31.5759,1,0.3333,1,3,0.0754,0,0.0,3,Emerging Generalist Builder,Moderate match (Score: 43.3). Matched 1/3 required skills (33%). Segment: Emerging Generalist Builder.
44011eff-1033-4636-b423-249db19d35c4,proj_0045,1,1,59.8692,49.6717,0.9995,53.2246,1,0.75,3,4,0.1677,0,0.0,1,Hackathon Champion,Strong match (Score: 59.9). Matched 3/4 required skills (75%). high text similarity (0.17). Segment: Hackathon Champion.
2b9a90d7-2e2e-4096-b75d-70225b6167e0,proj_0045,2,1,59.8123,50.3471,0.9995,55.2445,1,0.75,3,4,0.1459,0,0.0,0,Applied Project Specialist,Strong match (Score: 59.8). Matched 3/4 required skills (75%). Segment: Applied Project Specialist.
3ee193d8-7126-4f80-b986-fd42c72759c2,proj_0045,3,4,58.9062,48.2056,0.9995,42.4215,1,0.75,3,4,0.1426,0,0.0,3,Emerging Generalist Builder,Strong match (Score: 58.9). Matched 3/4 required skills (75%). Segment: Emerging Generalist Builder.
04988768-5f3f-4001-b1e2-cccf6434f729,proj_0045,4,2,58.584,47.6662,0.9995,52.83,1,0.75,3,4,0.1355,0,0.0,1,Hackathon Champion,Strong match (Score: 58.6). Matched 3/4 required skills (75%). Segment: Hackathon Champion.
121f5340-fe3c-4efd-b588-5f2655416124,proj_0045,5,4,53.415,39.9425,0.9995,36.8748,1,0.5,2,4,0.1302,0,0.2,2,High Open-Source Contributor,Strong match (Score: 53.4). Matched 2/4 required skills (50%). Segment: High Open-Source Contributor.
3a29330d-5c66-44fd-97fd-5e6ccd8bb730,proj_0045,6,5,52.4466,38.5615,0.9995,38.5949,1,0.5,2,4,0.1358,0,0.0,2,High Open-Source Contributor,Strong match (Score: 52.4). Matched 2/4 required skills (50%). Segment: High Open-Source Contributor.
e2cd9ecd-2a7e-47a0-a70f-5b6c97586fa9,proj_0045,7,12,51.9524,36.8347,0.9995,35.7442,1,0.5,2,4,0.1489,0,0.0,2,High Open-Source Contributor,Strong match (Score: 52.0). Matched 2/4 required skills (50%). Segment: High Open-Source Contributor.
69f3a439-decd-43f9-bbdd-a6d89724db17,proj_0045,8,7,51.5614,35.5723,0.9995,40.4275,1,0.5,2,4,0.1565,0,0.0,3,Emerging Generalist Builder,Strong match (Score: 51.6). Matched 2/4 required skills (50%). high text similarity (0.16). Segment: Emerging Generalist Builder.
1dcf8fd7-0579-4c7d-b867-2e6bdb73e5eb,proj_0045,9,13,51.5464,37.4009,0.9994,33.7335,1,0.5,2,4,0.0736,0,0.2,0,Applied Project Specialist,Strong match (Score: 51.5). Matched 2/4 required skills (50%). Segment: Applied Project Specialist.
d98f74bd-f178-4c27-b181-e77e0b0e657d,proj_0045,10,5,50.3833,34.9971,0.9994,29.9495,1,0.5,2,4,0.0935,0,0.0,2,High Open-Source Contributor,Strong match (Score: 50.4). Matched 2/4 required skills (50%). Segment: High Open-Source Contributor.
538469bd-76bb-4282-8098-c3a4b49df851,proj_0046,1,1,68.8482,64.3054,0.9996,61.5094,1,0.75,3,4,0.2092,1,0.0,2,High Open-Source Contributor,Strong match (Score: 68.8). Matched 3/4 required skills (75%). high text similarity (0.21). domain aligned. Segment: High Open-Source Contributor.
e2cd9ecd-2a7e-47a0-a70f-5b6c97586fa9,proj_0046,2,4,60.4984,50.2998,0.9995,50.2376,1,0.75,3,4,0.1929,0,0.0,2,High Open-Source Contributor,Strong match (Score: 60.5). Matched 3/4 required skills (75%). high text similarity (0.19). Segment: High Open-Source Contributor.
2051f1b1-c94b-48cd-b22b-3b109fa0bc9a,proj_0046,3,1,59.8887,49.9792,0.9996,50.5399,1,0.5,2,4,0.1606,1,0.0,3,Emerging Generalist Builder,Strong match (Score: 59.9). Matched 2/4 required skills (50%). high text similarity (0.16). domain aligned. Segment: Emerging Generalist Builder.
ef7c61a2-dde5-449b-88e6-13dd92fbe187,proj_0046,4,3,59.5988,49.9745,0.9996,45.5324,1,0.5,2,4,0.1414,1,0.0,2,High Open-Source Contributor,Strong match (Score: 59.6). Matched 2/4 required skills (50%). domain aligned. Segment: High Open-Source Contributor.
44011eff-1033-4636-b423-249db19d35c4,proj_0046,5,2,59.592,50.5724,0.9996,46.3996,1,0.5,2,4,0.125,1,0.0,1,Hackathon Champion,Strong match (Score: 59.6). Matched 2/4 required skills (50%). domain aligned. Segment: Hackathon Champion.
91c33b06-c698-49f7-b17c-be3d4a8a4efe,proj_0046,6,5,58.8803,47.4732,0.9995,42.6879,1,0.75,3,4,0.1604,0,0.0,2,High Open-Source Contributor,Strong match (Score: 58.9). Matched 3/4 required skills (75%). high text similarity (0.16). Segment: High Open-Source Contributor.
04988768-5f3f-4001-b1e2-cccf6434f729,proj_0046,7,3,56.3705,44.5925,0.9995,38.4179,1,0.5,2,4,0.0699,1,0.0,1,Hackathon Champion,Strong match (Score: 56.4). Matched 2/4 required skills (50%). domain aligned. Segment: Hackathon Champion.
78ae885f-c435-4649-9c08-d501a77bc648,proj_0046,8,7,54.707,42.0937,0.9995,40.83,1,0.5,2,4,0.1923,0,0.0,1,Hackathon Champion,Strong match (Score: 54.7). Matched 2/4 required skills (50%). high text similarity (0.19). Segment: Hackathon Champion.
cccfba1b-ed2e-4a9a-bd25-c6065845a27c,proj_0046,9,10,54.1722,40.7379,0.9995,47.0023,1,0.5,2,4,0.1928,0,0.0,2,High Open-Source Contributor,Strong match (Score: 54.2). Matched 2/4 required skills (50%). high text similarity (0.19). Segment: High Open-Source Contributor.
d3ced1b7-92b3-466b-92fa-4d0f7d7ebdfa,proj_0046,10,16,52.9334,39.8535,0.9984,42.4057,1,0.25,1,4,0.136,1,0.0,0,Applied Project Specialist,Strong match (Score: 52.9). Matched 1/4 required skills (25%). domain aligned. Segment: Applied Project Specialist.
91c33b06-c698-49f7-b17c-be3d4a8a4efe,proj_0047,1,8,55.1028,41.2821,0.9995,46.9996,1,0.6667,2,3,0.1292,0,0.0,2,High Open-Source Contributor,Strong match (Score: 55.1). Matched 2/3 required skills (67%). Segment: High Open-Source Contributor.
3ee193d8-7126-4f80-b986-fd42c72759c2,proj_0047,2,8,54.2627,40.2131,0.9994,41.4107,1,0.6667,2,3,0.1019,0,0.0,3,Emerging Generalist Builder,Strong match (Score: 54.3). Matched 2/3 required skills (67%). Segment: Emerging Generalist Builder.
382513f3-1f6e-46a2-bd96-deed53e75a83,proj_0047,3,3,54.0893,40.0908,0.9995,33.757,1,0.6667,2,3,0.0934,0,0.0,3,Emerging Generalist Builder,Strong match (Score: 54.1). Matched 2/3 required skills (67%). Segment: Emerging Generalist Builder.
ceb57173-b7f5-48a0-998f-44a39197a8ac,proj_0047,4,2,53.0661,37.9266,0.9994,35.857,1,0.6667,2,3,0.0831,0,0.0,2,High Open-Source Contributor,Strong match (Score: 53.1). Matched 2/3 required skills (67%). Segment: High Open-Source Contributor.
69f3a439-decd-43f9-bbdd-a6d89724db17,proj_0047,5,5,52.8727,37.2218,0.9994,38.6435,1,0.6667,2,3,0.089,0,0.0,3,Emerging Generalist Builder,Strong match (Score: 52.9). Matched 2/3 required skills (67%). Segment: Emerging Generalist Builder.
b39b7e89-5127-4811-914d-ab307bcb6379,proj_0047,6,29,45.1682,25.538,0.9912,19.1192,1,0.3333,1,3,0.1256,0,0.0,2,High Open-Source Contributor,Moderate match (Score: 45.2). Matched 1/3 required skills (33%). Segment: High Open-Source Contributor.
542b7d19-73c7-45fb-b92c-53bcb997d9cf,proj_0047,7,55,43.9334,24.6822,0.9879,26.185,1,0.3333,1,3,0.0727,0,0.0,1,Hackathon Champion,Moderate match (Score: 43.9). Matched 1/3 required skills (33%). Segment: Hackathon Champion.
2b9a90d7-2e2e-4096-b75d-70225b6167e0,proj_0047,8,7,43.5444,23.7885,0.9916,13.0226,1,0.3333,1,3,0.0632,0,0.0,0,Applied Project Specialist,Moderate match (Score: 43.5). Matched 1/3 required skills (33%). Segment: Applied Project Specialist.
a1b22b09-722b-4f62-beec-d3e19dbb8026,proj_0047,9,43,43.5057,23.853,0.9844,26.6152,1,0.3333,1,3,0.0733,0,0.0,2,High Open-Source Contributor,Moderate match (Score: 43.5). Matched 1/3 required skills (33%). Segment: High Open-Source Contributor.
62c257a4-beb9-4e46-acfc-043c4c84b377,proj_0047,10,15,43.3156,23.3664,0.9835,26.0628,1,0.3333,1,3,0.0754,0,0.0,3,Emerging Generalist Builder,Moderate match (Score: 43.3). Matched 1/3 required skills (33%). Segment: Emerging Generalist Builder.
538469bd-76bb-4282-8098-c3a4b49df851,proj_0048,1,1,68.8482,64.3054,0.9996,59.0345,1,0.75,3,4,0.2092,1,0.0,2,High Open-Source Contributor,Strong match (Score: 68.8). Matched 3/4 required skills (75%). high text similarity (0.21). domain aligned. Segment: High Open-Source Contributor.
e2cd9ecd-2a7e-47a0-a70f-5b6c97586fa9,proj_0048,2,4,60.4984,50.2998,0.9995,58.0549,1,0.75,3,4,0.1929,0,0.0,2,High Open-Source Contributor,Strong match (Score: 60.5). Matched 3/4 required skills (75%). high text similarity (0.19). Segment: High Open-Source Contributor.
2051f1b1-c94b-48cd-b22b-3b109fa0bc9a,proj_0048,3,1,59.8887,49.9792,0.9996,48.9,1,0.5,2,4,0.1606,1,0.0,3,Emerging Generalist Builder,Strong match (Score: 59.9). Matched 2/4 required skills (50%). high text similarity (0.16). domain aligned. Segment: Emerging Generalist Builder.
ef7c61a2-dde5-449b-88e6-13dd92fbe187,proj_0048,4,3,59.5988,49.9745,0.9996,42.6698,1,0.5,2,4,0.1414,1,0.0,2,High Open-Source Contributor,Strong match (Score: 59.6). Matched 2/4 required skills (50%). domain aligned. Segment: High Open-Source Contributor.
44011eff-1033-4636-b423-249db19d35c4,proj_0048,5,2,59.592,50.5724,0.9996,51.2122,1,0.5,2,4,0.125,1,0.0,1,Hackathon Champion,Strong match (Score: 59.6). Matched 2/4 required skills (50%). domain aligned. Segment: Hackathon Champion.
91c33b06-c698-49f7-b17c-be3d4a8a4efe,proj_0048,6,5,58.8803,47.4732,0.9995,41.5507,1,0.75,3,4,0.1604,0,0.0,2,High Open-Source Contributor,Strong match (Score: 58.9). Matched 3/4 required skills (75%). high text similarity (0.16). Segment: High Open-Source Contributor.
04988768-5f3f-4001-b1e2-cccf6434f729,proj_0048,7,3,56.3705,44.5925,0.9995,40.9938,1,0.5,2,4,0.0699,1,0.0,1,Hackathon Champion,Strong match (Score: 56.4). Matched 2/4 required skills (50%). domain aligned. Segment: Hackathon Champion.
78ae885f-c435-4649-9c08-d501a77bc648,proj_0048,8,7,54.707,42.0937,0.9995,42.3852,1,0.5,2,4,0.1923,0,0.0,1,Hackathon Champion,Strong match (Score: 54.7). Matched 2/4 required skills (50%). high text similarity (0.19). Segment: Hackathon Champion.
cccfba1b-ed2e-4a9a-bd25-c6065845a27c,proj_0048,9,10,54.1722,40.7379,0.9995,29.3752,1,0.5,2,4,0.1928,0,0.0,2,High Open-Source Contributor,Strong match (Score: 54.2). Matched 2/4 required skills (50%). high text similarity (0.19). Segment: High Open-Source Contributor.
d3ced1b7-92b3-466b-92fa-4d0f7d7ebdfa,proj_0048,10,16,52.9334,39.8535,0.9984,41.7065,1,0.25,1,4,0.136,1,0.0,0,Applied Project Specialist,Strong match (Score: 52.9). Matched 1/4 required skills (25%). domain aligned. Segment: Applied Project Specialist.
4f7b4233-d37f-40e9-b1c8-3850e71693d5,proj_0049,1,3,67.4414,60.2673,0.9995,53.6123,1,1.0,3,3,0.2233,0,0.0,2,High Open-Source Contributor,Strong match (Score: 67.4). Matched 3/3 required skills (100%). high text similarity (0.22). Segment: High Open-Source Contributor.
8995f629-3c40-4be3-af08-55a1ef05567b,proj_0049,2,1,66.9234,59.3809,0.9995,68.4535,1,1.0,3,3,0.2124,0,0.0,2,High Open-Source Contributor,Strong match (Score: 66.9). Matched 3/3 required skills (100%). high text similarity (0.21). Segment: High Open-Source Contributor.
20f0cd2f-0720-4027-a947-2e6ea888d087,proj_0049,3,4,66.5568,59.6008,0.9995,56.897,1,1.0,3,3,0.1821,0,0.0,3,Emerging Generalist Builder,Strong match (Score: 66.6). Matched 3/3 required skills (100%). high text similarity (0.18). Segment: Emerging Generalist Builder.
595e0130-e17f-413e-b188-78166328de09,proj_0049,4,2,65.552,57.5612,0.9995,61.2652,1,1.0,3,3,0.1695,0,0.0,2,High Open-Source Contributor,Strong match (Score: 65.6). Matched 3/3 required skills (100%). high text similarity (0.17). Segment: High Open-Source Contributor.
a4110e45-2926-4e7f-8678-ab3a4210a5f1,proj_0049,5,8,58.5308,46.3269,0.9995,34.5429,1,0.6667,2,3,0.2232,0,0.0,1,Hackathon Champion,Strong match (Score: 58.5). Matched 2/3 required skills (67%). high text similarity (0.22). Segment: Hackathon Champion.
b33c7dd8-cc1e-4f75-abd7-db482c0308b4,proj_0049,6,6,56.9013,44.9794,0.9995,39.6319,1,0.6667,2,3,0.1505,0,0.0,0,Applied Project Specialist,Strong match (Score: 56.9). Matched 2/3 required skills (67%). high text similarity (0.15). Segment: Applied Project Specialist.
039089eb-97a5-449d-bee2-00908fe0a587,proj_0049,7,6,56.7028,43.5346,0.9995,47.0156,1,0.6667,2,3,0.1758,0,0.0,1,Hackathon Champion,Strong match (Score: 56.7). Matched 2/3 required skills (67%). high text similarity (0.18). Segment: Hackathon Champion.
eceb9a38-a02e-488b-8056-dfe93cb6e122,proj_0049,8,6,56.6761,43.2841,0.9995,37.8878,1,0.6667,2,3,0.1807,0,0.0,2,High Open-Source Contributor,Strong match (Score: 56.7). Matched 2/3 required skills (67%). high text similarity (0.18). Segment: High Open-Source Contributor.
347dcda4-cc34-4117-be02-c3eeaaf8878f,proj_0049,9,6,56.0906,43.351,0.9995,44.7689,1,0.6667,2,3,0.1121,0,0.1667,3,Emerging Generalist Builder,Strong match (Score: 56.1). Matched 2/3 required skills (67%). Segment: Emerging Generalist Builder.
14f94e94-7722-4ae8-8b7e-be63c79c6533,proj_0049,10,6,55.8351,42.0216,0.9995,52.1965,1,0.6667,2,3,0.1583,0,0.0,2,High Open-Source Contributor,Strong match (Score: 55.8). Matched 2/3 required skills (67%). high text similarity (0.16). Segment: High Open-Source Contributor.
a4110e45-2926-4e7f-8678-ab3a4210a5f1,proj_0050,1,2,67.9812,60.8555,0.9995,65.6155,1,1.0,3,3,0.2436,0,0.0,1,Hackathon Champion,Strong match (Score: 68.0). Matched 3/3 required skills (100%). high text similarity (0.24). Segment: Hackathon Champion.
039089eb-97a5-449d-bee2-00908fe0a587,proj_0050,2,1,67.9695,61.0551,0.9993,60.6751,1,1.0,3,3,0.2379,0,0.0,1,Hackathon Champion,Strong match (Score: 68.0). Matched 3/3 required skills (100%). high text similarity (0.24). Segment: Hackathon Champion.
62e37ce6-ceca-4f3a-aa3a-b3f14c0ccdde,proj_0050,3,1,67.689,59.5251,0.9995,66.5904,1,1.0,3,3,0.2596,0,0.0,3,Emerging Generalist Builder,Strong match (Score: 67.7). Matched 3/3 required skills (100%). high text similarity (0.26). Segment: Emerging Generalist Builder.
eceb9a38-a02e-488b-8056-dfe93cb6e122,proj_0050,4,1,67.154,59.815,0.9995,50.7099,1,1.0,3,3,0.2162,0,0.0,2,High Open-Source Contributor,Strong match (Score: 67.2). Matched 3/3 required skills (100%). high text similarity (0.22). Segment: High Open-Source Contributor.
43965359-ca1d-45cf-91a8-d082153130f9,proj_0050,5,6,59.1743,48.4607,0.9995,38.8606,1,0.6667,2,3,0.2092,0,0.0,0,Applied Project Specialist,Strong match (Score: 59.2). Matched 2/3 required skills (67%). high text similarity (0.21). Segment: Applied Project Specialist.
5cab9df0-fce9-4f96-b7d4-77b04d8ef79a,proj_0050,6,8,57.119,43.9262,0.9995,40.9299,1,0.6667,2,3,0.1931,0,0.0,1,Hackathon Champion,Strong match (Score: 57.1). Matched 2/3 required skills (67%). high text similarity (0.19). Segment: Hackathon Champion.
ae1edce1-d966-42e3-8c89-aef9b00864d3,proj_0050,7,6,57.0477,43.8531,0.9995,46.5324,1,0.6667,2,3,0.1903,0,0.0,2,High Open-Source Contributor,Strong match (Score: 57.0). Matched 2/3 required skills (67%). high text similarity (0.19). Segment: High Open-Source Contributor.
8995f629-3c40-4be3-af08-55a1ef05567b,proj_0050,8,5,55.4034,41.5385,0.9995,35.2029,1,0.6667,2,3,0.1424,0,0.0,2,High Open-Source Contributor,Strong match (Score: 55.4). Matched 2/3 required skills (67%). Segment: High Open-Source Contributor.
0e5fe7e2-af95-46e2-bf8f-a08bcb198d14,proj_0050,9,2,54.0618,39.9096,0.9994,36.4618,1,0.6667,2,3,0.0966,0,0.0,0,Applied Project Specialist,Strong match (Score: 54.1). Matched 2/3 required skills (67%). Segment: Applied Project Specialist.
47989dab-8699-407f-953a-0ee7d288cd51,proj_0050,10,15,46.3478,27.9732,0.9942,32.199,1,0.3333,1,3,0.1333,0,0.0,2,High Open-Source Contributor,Moderate match (Score: 46.3). Matched 1/3 required skills (33%). Segment: High Open-Source Contributor.
261a2b64-84c8-4f62-aab8-f89183729d9f,proj_0051,1,2,59.5257,49.1892,0.9995,47.5989,1,0.6667,2,3,0.2132,0,0.0,0,Applied Project Specialist,Strong match (Score: 59.5). Matched 2/3 required skills (67%). high text similarity (0.21). Segment: Applied Project Specialist.
62896dac-f806-44b9-bcb9-4a4df88ecc09,proj_0051,2,7,59.494,48.5513,0.9995,50.364,1,0.6667,2,3,0.2281,0,0.0,0,Applied Project Specialist,Strong match (Score: 59.5). Matched 2/3 required skills (67%). high text similarity (0.23). Segment: Applied Project Specialist.
1458b5a8-ec14-4f63-b9f8-f205cef99d3a,proj_0051,3,4,57.7922,46.1867,0.9995,44.374,1,0.6667,2,3,0.1777,0,0.0,0,Applied Project Specialist,Strong match (Score: 57.8). Matched 2/3 required skills (67%). high text similarity (0.18). Segment: Applied Project Specialist.
b94dbd3e-01cf-41d6-986f-f35a63a849a8,proj_0051,4,5,56.4243,42.812,0.9995,40.7881,1,0.6667,2,3,0.1765,0,0.0,2,High Open-Source Contributor,Strong match (Score: 56.4). Matched 2/3 required skills (67%). high text similarity (0.18). Segment: High Open-Source Contributor.
43965359-ca1d-45cf-91a8-d082153130f9,proj_0051,5,9,55.0912,42.0704,0.9995,48.5894,1,0.6667,2,3,0.1074,0,0.0,0,Applied Project Specialist,Strong match (Score: 55.1). Matched 2/3 required skills (67%). Segment: Applied Project Specialist.
eceb9a38-a02e-488b-8056-dfe93cb6e122,proj_0051,6,13,53.5547,38.9006,0.9993,38.4315,1,0.6667,2,3,0.0899,0,0.0,2,High Open-Source Contributor,Strong match (Score: 53.6). Matched 2/3 required skills (67%). Segment: High Open-Source Contributor.
595e0130-e17f-413e-b188-78166328de09,proj_0051,7,10,52.0532,36.1779,0.9994,36.6609,1,0.6667,2,3,0.0622,0,0.0,2,High Open-Source Contributor,Strong match (Score: 52.1). Matched 2/3 required skills (67%). Segment: High Open-Source Contributor.
8e6faa10-2480-4c61-97e1-c320efa565fd,proj_0051,8,6,50.2709,32.2085,0.9977,41.0867,1,0.3333,1,3,0.2749,0,0.0,3,Emerging Generalist Builder,Strong match (Score: 50.3). Matched 1/3 required skills (33%). high text similarity (0.27). Segment: Emerging Generalist Builder.
e1d8cfae-372f-4a25-b650-e90bcb367e87,proj_0051,9,23,46.3625,27.6424,0.9953,31.1656,1,0.3333,1,3,0.1409,0,0.0,2,High Open-Source Contributor,Moderate match (Score: 46.4). Matched 1/3 required skills (33%). Segment: High Open-Source Contributor.
a4110e45-2926-4e7f-8678-ab3a4210a5f1,proj_0051,10,33,45.6487,26.5367,0.9955,26.2437,1,0.3333,1,3,0.1224,0,0.0,1,Hackathon Champion,Moderate match (Score: 45.6). Matched 1/3 required skills (33%). Segment: Hackathon Champion.
4f7b4233-d37f-40e9-b1c8-3850e71693d5,proj_0052,1,3,67.4414,60.2673,0.9995,58.4433,1,1.0,3,3,0.2233,0,0.0,2,High Open-Source Contributor,Strong match (Score: 67.4). Matched 3/3 required skills (100%). high text similarity (0.22). Segment: High Open-Source Contributor.
8995f629-3c40-4be3-af08-55a1ef05567b,proj_0052,2,1,66.9234,59.3809,0.9995,50.3084,1,1.0,3,3,0.2124,0,0.0,2,High Open-Source Contributor,Strong match (Score: 66.9). Matched 3/3 required skills (100%). high text similarity (0.21). Segment: High Open-Source Contributor.
20f0cd2f-0720-4027-a947-2e6ea888d087,proj_0052,3,4,66.5568,59.6008,0.9995,55.087,1,1.0,3,3,0.1821,0,0.0,3,Emerging Generalist Builder,Strong match (Score: 66.6). Matched 3/3 required skills (100%). high text similarity (0.18). Segment: Emerging Generalist Builder.
595e0130-e17f-413e-b188-78166328de09,proj_0052,4,2,65.552,57.5612,0.9995,61.5101,1,1.0,3,3,0.1695,0,0.0,2,High Open-Source Contributor,Strong match (Score: 65.6). Matched 3/3 required skills (100%). high text similarity (0.17). Segment: High Open-Source Contributor.
a4110e45-2926-4e7f-8678-ab3a4210a5f1,proj_0052,5,8,58.5308,46.3269,0.9995,49.6883,1,0.6667,2,3,0.2232,0,0.0,1,Hackathon Champion,Strong match (Score: 58.5). Matched 2/3 required skills (67%). high text similarity (0.22). Segment: Hackathon Champion.
b33c7dd8-cc1e-4f75-abd7-db482c0308b4,proj_0052,6,6,56.9013,44.9794,0.9995,42.0296,1,0.6667,2,3,0.1505,0,0.0,0,Applied Project Specialist,Strong match (Score: 56.9). Matched 2/3 required skills (67%). high text similarity (0.15). Segment: Applied Project Specialist.
039089eb-97a5-449d-bee2-00908fe0a587,proj_0052,7,6,56.7028,43.5346,0.9995,45.4902,1,0.6667,2,3,0.1758,0,0.0,1,Hackathon Champion,Strong match (Score: 56.7). Matched 2/3 required skills (67%). high text similarity (0.18). Segment: Hackathon Champion.
eceb9a38-a02e-488b-8056-dfe93cb6e122,proj_0052,8,6,56.6761,43.2841,0.9995,47.5893,1,0.6667,2,3,0.1807,0,0.0,2,High Open-Source Contributor,Strong match (Score: 56.7). Matched 2/3 required skills (67%). high text similarity (0.18). Segment: High Open-Source Contributor.
347dcda4-cc34-4117-be02-c3eeaaf8878f,proj_0052,9,6,56.0906,43.351,0.9995,42.4035,1,0.6667,2,3,0.1121,0,0.1667,3,Emerging Generalist Builder,Strong match (Score: 56.1). Matched 2/3 required skills (67%). Segment: Emerging Generalist Builder.
14f94e94-7722-4ae8-8b7e-be63c79c6533,proj_0052,10,6,55.8351,42.0216,0.9995,50.0626,1,0.6667,2,3,0.1583,0,0.0,2,High Open-Source Contributor,Strong match (Score: 55.8). Matched 2/3 required skills (67%). high text similarity (0.16). Segment: High Open-Source Contributor.
a4110e45-2926-4e7f-8678-ab3a4210a5f1,proj_0053,1,2,67.9812,60.8555,0.9995,59.85,1,1.0,3,3,0.2436,0,0.0,1,Hackathon Champion,Strong match (Score: 68.0). Matched 3/3 required skills (100%). high text similarity (0.24). Segment: Hackathon Champion.
039089eb-97a5-449d-bee2-00908fe0a587,proj_0053,2,1,67.9695,61.0551,0.9993,61.8318,1,1.0,3,3,0.2379,0,0.0,1,Hackathon Champion,Strong match (Score: 68.0). Matched 3/3 required skills (100%). high text similarity (0.24). Segment: Hackathon Champion.
62e37ce6-ceca-4f3a-aa3a-b3f14c0ccdde,proj_0053,3,1,67.689,59.5251,0.9995,55.934,1,1.0,3,3,0.2596,0,0.0,3,Emerging Generalist Builder,Strong match (Score: 67.7). Matched 3/3 required skills (100%). high text similarity (0.26). Segment: Emerging Generalist Builder.
eceb9a38-a02e-488b-8056-dfe93cb6e122,proj_0053,4,1,67.154,59.815,0.9995,57.7644,1,1.0,3,3,0.2162,0,0.0,2,High Open-Source Contributor,Strong match (Score: 67.2). Matched 3/3 required skills (100%). high text similarity (0.22). Segment: High Open-Source Contributor.
43965359-ca1d-45cf-91a8-d082153130f9,proj_0053,5,6,59.1743,48.4607,0.9995,56.1233,1,0.6667,2,3,0.2092,0,0.0,0,Applied Project Specialist,Strong match (Score: 59.2). Matched 2/3 required skills (67%). high text similarity (0.21). Segment: Applied Project Specialist.
5cab9df0-fce9-4f96-b7d4-77b04d8ef79a,proj_0053,6,8,57.119,43.9262,0.9995,48.1086,1,0.6667,2,3,0.1931,0,0.0,1,Hackathon Champion,Strong match (Score: 57.1). Matched 2/3 required skills (67%). high text similarity (0.19). Segment: Hackathon Champion.
ae1edce1-d966-42e3-8c89-aef9b00864d3,proj_0053,7,6,57.0477,43.8531,0.9995,47.5502,1,0.6667,2,3,0.1903,0,0.0,2,High Open-Source Contributor,Strong match (Score: 57.0). Matched 2/3 required skills (67%). high text similarity (0.19). Segment: High Open-Source Contributor.
8995f629-3c40-4be3-af08-55a1ef05567b,proj_0053,8,5,55.4034,41.5385,0.9995,53.9931,1,0.6667,2,3,0.1424,0,0.0,2,High Open-Source Contributor,Strong match (Score: 55.4). Matched 2/3 required skills (67%). Segment: High Open-Source Contributor.
0e5fe7e2-af95-46e2-bf8f-a08bcb198d14,proj_0053,9,2,54.0618,39.9096,0.9994,44.9188,1,0.6667,2,3,0.0966,0,0.0,0,Applied Project Specialist,Strong match (Score: 54.1). Matched 2/3 required skills (67%). Segment: Applied Project Specialist.
47989dab-8699-407f-953a-0ee7d288cd51,proj_0053,10,15,46.3478,27.9732,0.9942,28.2432,1,0.3333,1,3,0.1333,0,0.0,2,High Open-Source Contributor,Moderate match (Score: 46.3). Matched 1/3 required skills (33%). Segment: High Open-Source Contributor.
31af78ed-9dda-4632-a904-96cb721a1963,proj_0054,1,2,60.0839,51.5247,0.9995,56.3243,1,0.75,3,4,0.1326,0,0.0,0,Applied Project Specialist,Strong match (Score: 60.1). Matched 3/4 required skills (75%). Segment: Applied Project Specialist.
30591ae9-51a7-49ff-915a-2774d3908f84,proj_0054,2,6,59.3635,51.0887,0.9995,54.4102,1,0.5,2,4,0.0962,1,0.0,0,Applied Project Specialist,Strong match (Score: 59.4). Matched 2/4 required skills (50%). domain aligned. Segment: Applied Project Specialist.
ce5c719e-0eba-4ee2-9b14-0345a49fc6d3,proj_0054,3,8,58.5384,49.4384,0.9993,48.249,1,0.75,3,4,0.0856,0,0.0,0,Applied Project Specialist,Strong match (Score: 58.5). Matched 3/4 required skills (75%). Segment: Applied Project Specialist.
6f77d6a3-8da9-4180-a762-e5768bd04a12,proj_0054,4,2,57.7106,46.8365,0.9995,48.895,1,0.5,2,4,0.0994,1,0.0,3,Emerging Generalist Builder,Strong match (Score: 57.7). Matched 2/4 required skills (50%). domain aligned. Segment: Emerging Generalist Builder.
c0d7e26a-5ff2-486e-9549-731319f1a415,proj_0054,5,10,56.7255,45.5362,0.9994,37.9956,1,0.5,2,4,0.0686,1,0.0,1,Hackathon Champion,Strong match (Score: 56.7). Matched 2/4 required skills (50%). domain aligned. Segment: Hackathon Champion.
542b7d19-73c7-45fb-b92c-53bcb997d9cf,proj_0054,6,11,56.4221,45.1039,0.9994,46.4572,1,0.5,2,4,0.0599,1,0.0,1,Hackathon Champion,Strong match (Score: 56.4). Matched 2/4 required skills (50%). domain aligned. Segment: Hackathon Champion.
e4c102b8-80bb-4fe3-9020-55e2e1c77522,proj_0054,7,10,56.3961,45.1403,0.9995,40.8221,1,0.5,2,4,0.057,1,0.0,2,High Open-Source Contributor,Strong match (Score: 56.4). Matched 2/4 required skills (50%). domain aligned. Segment: High Open-Source Contributor.
1dcf8fd7-0579-4c7d-b867-2e6bdb73e5eb,proj_0054,8,9,55.7458,43.3119,0.9994,42.5999,1,0.5,2,4,0.0626,1,0.0,0,Applied Project Specialist,Strong match (Score: 55.7). Matched 2/4 required skills (50%). domain aligned. Segment: Applied Project Specialist.
9c7b6795-f410-4c60-a33d-1b394b14a28e,proj_0054,9,6,54.6501,41.7414,0.9995,39.7175,1,0.5,2,4,0.1979,0,0.0,3,Emerging Generalist Builder,Strong match (Score: 54.7). Matched 2/4 required skills (50%). high text similarity (0.20). Segment: Emerging Generalist Builder.
9c588639-a077-4e52-b96e-abc5b46ed667,proj_0054,10,8,52.5414,38.3448,0.9995,43.3108,1,0.5,2,4,0.1479,0,0.0,2,High Open-Source Contributor,Strong match (Score: 52.5). Matched 2/4 required skills (50%). Segment: High Open-Source Contributor.
dfd6a237-0a98-43be-8837-4607f5015d2c,proj_0055,1,4,60.1184,50.2984,0.9995,52.278,1,0.75,3,4,0.1676,0,0.0,2,High Open-Source Contributor,Strong match (Score: 60.1). Matched 3/4 required skills (75%). high text similarity (0.17). Segment: High Open-Source Contributor.
ce5c719e-0eba-4ee2-9b14-0345a49fc6d3,proj_0055,2,4,59.0556,50.2141,0.9994,46.8168,1,0.75,3,4,0.0992,0,0.0,0,Applied Project Specialist,Strong match (Score: 59.1). Matched 3/4 required skills (75%). Segment: Applied Project Specialist.
fd53b824-68d3-4bf7-b335-9690414454ca,proj_0055,3,6,56.6439,45.081,0.9994,41.0673,1,0.75,3,4,0.0753,0,0.0,3,Emerging Generalist Builder,Strong match (Score: 56.6). Matched 3/4 required skills (75%). Segment: Emerging Generalist Builder.
360fc955-3175-4c3d-9b68-b9c3dc856b80,proj_0055,4,8,52.1269,37.2261,0.9995,43.2609,1,0.5,2,4,0.1501,0,0.0,2,High Open-Source Contributor,Strong match (Score: 52.1). Matched 2/4 required skills (50%). high text similarity (0.15). Segment: High Open-Source Contributor.
03475a14-2a18-4b0b-93f5-ee3f95eb5625,proj_0055,5,10,51.3466,35.489,0.9995,33.7992,1,0.5,2,4,0.1444,0,0.0,3,Emerging Generalist Builder,Strong match (Score: 51.3). Matched 2/4 required skills (50%). Segment: Emerging Generalist Builder.
c4dd2160-9823-4402-81d3-8707c241bdd5,proj_0055,6,8,50.8935,35.2299,0.9995,33.804,1,0.5,2,4,0.1211,0,0.0,1,Hackathon Champion,Strong match (Score: 50.9). Matched 2/4 required skills (50%). Segment: Hackathon Champion.
e20b63aa-1094-46b0-89e8-7e6311e5962c,proj_0055,7,14,50.5243,35.2894,0.9994,33.613,1,0.5,2,4,0.0951,0,0.0,2,High Open-Source Contributor,Strong match (Score: 50.5). Matched 2/4 required skills (50%). Segment: High Open-Source Contributor.
cd66922d-c11d-445c-8359-6d83c64885f1,proj_0055,8,17,50.3705,35.8913,0.9993,39.047,1,0.5,2,4,0.069,0,0.0,0,Applied Project Specialist,Strong match (Score: 50.4). Matched 2/4 required skills (50%). Segment: Applied Project Specialist.
cf1e539f-ead8-4a9f-9648-f90c9abbaa41,proj_0055,9,12,50.1073,33.5271,0.9995,29.2627,1,0.5,2,4,0.1141,0,0.0,2,High Open-Source Contributor,Strong match (Score: 50.1). Matched 2/4 required skills (50%). Segment: High Open-Source Contributor.
8adc503c-cbb2-41a7-bd6f-2bcec950aea0,proj_0055,10,21,50.0433,35.1071,0.9994,35.2475,1,0.5,2,4,0.0679,0,0.0,0,Applied Project Specialist,Strong match (Score: 50.0). Matched 2/4 required skills (50%). Segment: Applied Project Specialist.
31af78ed-9dda-4632-a904-96cb721a1963,proj_0056,1,2,60.0839,51.5247,0.9995,52.3838,1,0.75,3,4,0.1326,0,0.0,0,Applied Project Specialist,Strong match (Score: 60.1). Matched 3/4 required skills (75%). Segment: Applied Project Specialist.
30591ae9-51a7-49ff-915a-2774d3908f84,proj_0056,2,6,59.3635,51.0887,0.9995,42.9436,1,0.5,2,4,0.0962,1,0.0,0,Applied Project Specialist,Strong match (Score: 59.4). Matched 2/4 required skills (50%). domain aligned. Segment: Applied Project Specialist.
ce5c719e-0eba-4ee2-9b14-0345a49fc6d3,proj_0056,3,8,58.5384,49.4384,0.9993,53.8122,1,0.75,3,4,0.0856,0,0.0,0,Applied Project Specialist,Strong match (Score: 58.5). Matched 3/4 required skills (75%). Segment: Applied Project Specialist.
6f77d6a3-8da9-4180-a762-e5768bd04a12,proj_0056,4,2,57.7106,46.8365,0.9995,41.3281,1,0.5,2,4,0.0994,1,0.0,3,Emerging Generalist Builder,Strong match (Score: 57.7). Matched 2/4 required skills (50%). domain aligned. Segment: Emerging Generalist Builder.
c0d7e26a-5ff2-486e-9549-731319f1a415,proj_0056,5,10,56.7255,45.5362,0.9994,40.1894,1,0.5,2,4,0.0686,1,0.0,1,Hackathon Champion,Strong match (Score: 56.7). Matched 2/4 required skills (50%). domain aligned. Segment: Hackathon Champion.
542b7d19-73c7-45fb-b92c-53bcb997d9cf,proj_0056,6,11,56.4221,45.1039,0.9994,47.7957,1,0.5,2,4,0.0599,1,0.0,1,Hackathon Champion,Strong match (Score: 56.4). Matched 2/4 required skills (50%). domain aligned. Segment: Hackathon Champion.
e4c102b8-80bb-4fe3-9020-55e2e1c77522,proj_0056,7,10,56.3961,45.1403,0.9995,45.0217,1,0.5,2,4,0.057,1,0.0,2,High Open-Source Contributor,Strong match (Score: 56.4). Matched 2/4 required skills (50%). domain aligned. Segment: High Open-Source Contributor.
1dcf8fd7-0579-4c7d-b867-2e6bdb73e5eb,proj_0056,8,9,55.7458,43.3119,0.9994,41.6352,1,0.5,2,4,0.0626,1,0.0,0,Applied Project Specialist,Strong match (Score: 55.7). Matched 2/4 required skills (50%). domain aligned. Segment: Applied Project Specialist.
9c7b6795-f410-4c60-a33d-1b394b14a28e,proj_0056,9,6,54.6501,41.7414,0.9995,42.8543,1,0.5,2,4,0.1979,0,0.0,3,Emerging Generalist Builder,Strong match (Score: 54.7). Matched 2/4 required skills (50%). high text similarity (0.20). Segment: Emerging Generalist Builder.
9c588639-a077-4e52-b96e-abc5b46ed667,proj_0056,10,8,52.5414,38.3448,0.9995,38.7445,1,0.5,2,4,0.1479,0,0.0,2,High Open-Source Contributor,Strong match (Score: 52.5). Matched 2/4 required skills (50%). Segment: High Open-Source Contributor.
72848f00-32d0-4c87-a52e-9346570c5189,proj_0057,1,5,58.4936,45.9789,0.9995,53.6323,1,0.6667,2,3,0.23,0,0.0,2,High Open-Source Contributor,Strong match (Score: 58.5). Matched 2/3 required skills (67%). high text similarity (0.23). Segment: High Open-Source Contributor.
9c588639-a077-4e52-b96e-abc5b46ed667,proj_0057,2,4,58.4121,46.1277,0.9995,45.0653,1,0.6667,2,3,0.2206,0,0.0,2,High Open-Source Contributor,Strong match (Score: 58.4). Matched 2/3 required skills (67%). high text similarity (0.22). Segment: High Open-Source Contributor.
1cff6ddb-077c-49a3-b9b1-c7cdad5c5a66,proj_0057,3,6,57.5575,44.2387,0.9995,49.3306,1,0.6667,2,3,0.214,0,0.0,2,High Open-Source Contributor,Strong match (Score: 57.6). Matched 2/3 required skills (67%). high text similarity (0.21). Segment: High Open-Source Contributor.
03475a14-2a18-4b0b-93f5-ee3f95eb5625,proj_0057,4,4,57.2186,43.2565,0.9995,42.0874,1,0.6667,2,3,0.2176,0,0.0,3,Emerging Generalist Builder,Strong match (Score: 57.2). Matched 2/3 required skills (67%). high text similarity (0.22). Segment: Emerging Generalist Builder.
dfd6a237-0a98-43be-8837-4607f5015d2c,proj_0057,5,8,57.1239,43.6384,0.9995,44.8865,1,0.6667,2,3,0.2011,0,0.0,2,High Open-Source Contributor,Strong match (Score: 57.1). Matched 2/3 required skills (67%). high text similarity (0.20). Segment: High Open-Source Contributor.
0ccf56e5-46bd-47b3-b230-cc2db88dabf9,proj_0057,6,5,56.095,41.3326,0.9995,39.5578,1,0.6667,2,3,0.194,0,0.0,1,Hackathon Champion,Strong match (Score: 56.1). Matched 2/3 required skills (67%). high text similarity (0.19). Segment: Hackathon Champion.
ce5c719e-0eba-4ee2-9b14-0345a49fc6d3,proj_0057,7,15,55.9294,43.9298,0.9995,46.138,1,0.6667,2,3,0.1137,0,0.0,0,Applied Project Specialist,Strong match (Score: 55.9). Matched 2/3 required skills (67%). Segment: Applied Project Specialist.
c9eb73ea-d077-44ec-b88c-690272b8f0e7,proj_0057,8,10,52.2837,36.5705,0.9994,38.8439,1,0.6667,2,3,0.0671,0,0.0,3,Emerging Generalist Builder,Strong match (Score: 52.3). Matched 2/3 required skills (67%). Segment: Emerging Generalist Builder.
61fd5470-3e56-4a8f-95c3-c80c3571e83a,proj_0057,9,17,51.9068,36.2283,0.9994,38.2342,1,0.6667,2,3,0.0511,0,0.0,1,Hackathon Champion,Strong match (Score: 51.9). Matched 2/3 required skills (67%). Segment: Hackathon Champion.
9cd942b8-00f7-495c-9c10-d6c9e2b36f57,proj_0057,10,22,51.7999,35.8636,0.9994,30.4815,1,0.6667,2,3,0.0537,0,0.0,2,High Open-Source Contributor,Strong match (Score: 51.8). Matched 2/3 required skills (67%). Segment: High Open-Source Contributor.
dfd6a237-0a98-43be-8837-4607f5015d2c,proj_0058,1,4,60.1184,50.2984,0.9995,43.2295,1,0.75,3,4,0.1676,0,0.0,2,High Open-Source Contributor,Strong match (Score: 60.1). Matched 3/4 required skills (75%). high text similarity (0.17). Segment: High Open-Source Contributor.
ce5c719e-0eba-4ee2-9b14-0345a49fc6d3,proj_0058,2,4,59.0556,50.2141,0.9994,50.8565,1,0.75,3,4,0.0992,0,0.0,0,Applied Project Specialist,Strong match (Score: 59.1). Matched 3/4 required skills (75%). Segment: Applied Project Specialist.
fd53b824-68d3-4bf7-b335-9690414454ca,proj_0058,3,6,56.6439,45.081,0.9994,39.0097,1,0.75,3,4,0.0753,0,0.0,3,Emerging Generalist Builder,Strong match (Score: 56.6). Matched 3/4 required skills (75%). Segment: Emerging Generalist Builder.
360fc955-3175-4c3d-9b68-b9c3dc856b80,proj_0058,4,8,52.1269,37.2261,0.9995,37.1491,1,0.5,2,4,0.1501,0,0.0,2,High Open-Source Contributor,Strong match (Score: 52.1). Matched 2/4 required skills (50%). high text similarity (0.15). Segment: High Open-Source Contributor.
03475a14-2a18-4b0b-93f5-ee3f95eb5625,proj_0058,5,10,51.3466,35.489,0.9995,30.7803,1,0.5,2,4,0.1444,0,0.0,3,Emerging Generalist Builder,Strong match (Score: 51.3). Matched 2/4 required skills (50%). Segment: Emerging Generalist Builder.
c4dd2160-9823-4402-81d3-8707c241bdd5,proj_0058,6,8,50.8935,35.2299,0.9995,31.4863,1,0.5,2,4,0.1211,0,0.0,1,Hackathon Champion,Strong match (Score: 50.9). Matched 2/4 required skills (50%). Segment: Hackathon Champion.
e20b63aa-1094-46b0-89e8-7e6311e5962c,proj_0058,7,14,50.5243,35.2894,0.9994,33.7065,1,0.5,2,4,0.0951,0,0.0,2,High Open-Source Contributor,Strong match (Score: 50.5). Matched 2/4 required skills (50%). Segment: High Open-Source Contributor.
cd66922d-c11d-445c-8359-6d83c64885f1,proj_0058,8,17,50.3705,35.8913,0.9993,44.4938,1,0.5,2,4,0.069,0,0.0,0,Applied Project Specialist,Strong match (Score: 50.4). Matched 2/4 required skills (50%). Segment: Applied Project Specialist.
cf1e539f-ead8-4a9f-9648-f90c9abbaa41,proj_0058,9,12,50.1073,33.5271,0.9995,40.7582,1,0.5,2,4,0.1141,0,0.0,2,High Open-Source Contributor,Strong match (Score: 50.1). Matched 2/4 required skills (50%). Segment: High Open-Source Contributor.
8adc503c-cbb2-41a7-bd6f-2bcec950aea0,proj_0058,10,21,50.0433,35.1071,0.9994,40.1159,1,0.5,2,4,0.0679,0,0.0,0,Applied Project Specialist,Strong match (Score: 50.0). Matched 2/4 required skills (50%). Segment: Applied Project Specialist.
dfd6a237-0a98-43be-8837-4607f5015d2c,proj_0059,1,4,60.1184,50.2984,0.9995,49.6606,1,0.75,3,4,0.1676,0,0.0,2,High Open-Source Contributor,Strong match (Score: 60.1). Matched 3/4 required skills (75%). high text similarity (0.17). Segment: High Open-Source Contributor.
ce5c719e-0eba-4ee2-9b14-0345a49fc6d3,proj_0059,2,4,59.0556,50.2141,0.9994,54.7515,1,0.75,3,4,0.0992,0,0.0,0,Applied Project Specialist,Strong match (Score: 59.1). Matched 3/4 required skills (75%). Segment: Applied Project Specialist.
fd53b824-68d3-4bf7-b335-9690414454ca,proj_0059,3,6,56.6439,45.081,0.9994,43.1547,1,0.75,3,4,0.0753,0,0.0,3,Emerging Generalist Builder,Strong match (Score: 56.6). Matched 3/4 required skills (75%). Segment: Emerging Generalist Builder.
360fc955-3175-4c3d-9b68-b9c3dc856b80,proj_0059,4,8,52.1269,37.2261,0.9995,29.9081,1,0.5,2,4,0.1501,0,0.0,2,High Open-Source Contributor,Strong match (Score: 52.1). Matched 2/4 required skills (50%). high text similarity (0.15). Segment: High Open-Source Contributor.
03475a14-2a18-4b0b-93f5-ee3f95eb5625,proj_0059,5,10,51.3466,35.489,0.9995,31.0868,1,0.5,2,4,0.1444,0,0.0,3,Emerging Generalist Builder,Strong match (Score: 51.3). Matched 2/4 required skills (50%). Segment: Emerging Generalist Builder.
c4dd2160-9823-4402-81d3-8707c241bdd5,proj_0059,6,8,50.8935,35.2299,0.9995,31.7971,1,0.5,2,4,0.1211,0,0.0,1,Hackathon Champion,Strong match (Score: 50.9). Matched 2/4 required skills (50%). Segment: Hackathon Champion.
e20b63aa-1094-46b0-89e8-7e6311e5962c,proj_0059,7,14,50.5243,35.2894,0.9994,36.4654,1,0.5,2,4,0.0951,0,0.0,2,High Open-Source Contributor,Strong match (Score: 50.5). Matched 2/4 required skills (50%). Segment: High Open-Source Contributor.
cd66922d-c11d-445c-8359-6d83c64885f1,proj_0059,8,17,50.3705,35.8913,0.9993,39.4911,1,0.5,2,4,0.069,0,0.0,0,Applied Project Specialist,Strong match (Score: 50.4). Matched 2/4 required skills (50%). Segment: Applied Project Specialist.
cf1e539f-ead8-4a9f-9648-f90c9abbaa41,proj_0059,9,12,50.1073,33.5271,0.9995,29.8016,1,0.5,2,4,0.1141,0,0.0,2,High Open-Source Contributor,Strong match (Score: 50.1). Matched 2/4 required skills (50%). Segment: High Open-Source Contributor.
8adc503c-cbb2-41a7-bd6f-2bcec950aea0,proj_0059,10,21,50.0433,35.1071,0.9994,42.128,1,0.5,2,4,0.0679,0,0.0,0,Applied Project Specialist,Strong match (Score: 50.0). Matched 2/4 required skills (50%). Segment: Applied Project Specialist.
72848f00-32d0-4c87-a52e-9346570c5189,proj_0060,1,5,58.4936,45.9789,0.9995,44.8004,1,0.6667,2,3,0.23,0,0.0,2,High Open-Source Contributor,Strong match (Score: 58.5). Matched 2/3 required skills (67%). high text similarity (0.23). Segment: High Open-Source Contributor.
9c588639-a077-4e52-b96e-abc5b46ed667,proj_0060,2,4,58.4121,46.1277,0.9995,51.6873,1,0.6667,2,3,0.2206,0,0.0,2,High Open-Source Contributor,Strong match (Score: 58.4). Matched 2/3 required skills (67%). high text similarity (0.22). Segment: High Open-Source Contributor.
1cff6ddb-077c-49a3-b9b1-c7cdad5c5a66,proj_0060,3,6,57.5575,44.2387,0.9995,33.0554,1,0.6667,2,3,0.214,0,0.0,2,High Open-Source Contributor,Strong match (Score: 57.6). Matched 2/3 required skills (67%). high text similarity (0.21). Segment: High Open-Source Contributor.
03475a14-2a18-4b0b-93f5-ee3f95eb5625,proj_0060,4,4,57.2186,43.2565,0.9995,36.9148,1,0.6667,2,3,0.2176,0,0.0,3,Emerging Generalist Builder,Strong match (Score: 57.2). Matched 2/3 required skills (67%). high text similarity (0.22). Segment: Emerging Generalist Builder.
dfd6a237-0a98-43be-8837-4607f5015d2c,proj_0060,5,8,57.1239,43.6384,0.9995,34.2407,1,0.6667,2,3,0.2011,0,0.0,2,High Open-Source Contributor,Strong match (Score: 57.1). Matched 2/3 required skills (67%). high text similarity (0.20). Segment: High Open-Source Contributor.
0ccf56e5-46bd-47b3-b230-cc2db88dabf9,proj_0060,6,5,56.095,41.3326,0.9995,46.4599,1,0.6667,2,3,0.194,0,0.0,1,Hackathon Champion,Strong match (Score: 56.1). Matched 2/3 required skills (67%). high text similarity (0.19). Segment: Hackathon Champion.
ce5c719e-0eba-4ee2-9b14-0345a49fc6d3,proj_0060,7,15,55.9294,43.9298,0.9995,41.2863,1,0.6667,2,3,0.1137,0,0.0,0,Applied Project Specialist,Strong match (Score: 55.9). Matched 2/3 required skills (67%). Segment: Applied Project Specialist.
c9eb73ea-d077-44ec-b88c-690272b8f0e7,proj_0060,8,10,52.2837,36.5705,0.9994,30.0947,1,0.6667,2,3,0.0671,0,0.0,3,Emerging Generalist Builder,Strong match (Score: 52.3). Matched 2/3 required skills (67%). Segment: Emerging Generalist Builder.
61fd5470-3e56-4a8f-95c3-c80c3571e83a,proj_0060,9,17,51.9068,36.2283,0.9994,36.6968,1,0.6667,2,3,0.0511,0,0.0,1,Hackathon Champion,Strong match (Score: 51.9). Matched 2/3 required skills (67%). Segment: Hackathon Champion.
9cd942b8-00f7-495c-9c10-d6c9e2b36f57,proj_0060,10,22,51.7999,35.8636,0.9994,39.4624,1,0.6667,2,3,0.0537,0,0.0,2,High Open-Source Contributor,Strong match (Score: 51.8). Matched 2/3 required skills (67%). Segment: High Open-Source Contributor.
31af78ed-9dda-4632-a904-96cb721a1963,proj_0061,1,2,60.0839,51.5247,0.9995,46.3421,1,0.75,3,4,0.1326,0,0.0,0,Applied Project Specialist,Strong match (Score: 60.1). Matched 3/4 required skills (75%). Segment: Applied Project Specialist.
30591ae9-51a7-49ff-915a-2774d3908f84,proj_0061,2,6,59.3635,51.0887,0.9995,52.5737,1,0.5,2,4,0.0962,1,0.0,0,Applied Project Specialist,Strong match (Score: 59.4). Matched 2/4 required skills (50%). domain aligned. Segment: Applied Project Specialist.
ce5c719e-0eba-4ee2-9b14-0345a49fc6d3,proj_0061,3,8,58.5384,49.4384,0.9993,45.0917,1,0.75,3,4,0.0856,0,0.0,0,Applied Project Specialist,Strong match (Score: 58.5). Matched 3/4 required skills (75%). Segment: Applied Project Specialist.
6f77d6a3-8da9-4180-a762-e5768bd04a12,proj_0061,4,2,57.7106,46.8365,0.9995,46.4329,1,0.5,2,4,0.0994,1,0.0,3,Emerging Generalist Builder,Strong match (Score: 57.7). Matched 2/4 required skills (50%). domain aligned. Segment: Emerging Generalist Builder.
c0d7e26a-5ff2-486e-9549-731319f1a415,proj_0061,5,10,56.7255,45.5362,0.9994,37.3551,1,0.5,2,4,0.0686,1,0.0,1,Hackathon Champion,Strong match (Score: 56.7). Matched 2/4 required skills (50%). domain aligned. Segment: Hackathon Champion.
542b7d19-73c7-45fb-b92c-53bcb997d9cf,proj_0061,6,11,56.4221,45.1039,0.9994,43.9731,1,0.5,2,4,0.0599,1,0.0,1,Hackathon Champion,Strong match (Score: 56.4). Matched 2/4 required skills (50%). domain aligned. Segment: Hackathon Champion.
e4c102b8-80bb-4fe3-9020-55e2e1c77522,proj_0061,7,10,56.3961,45.1403,0.9995,50.2046,1,0.5,2,4,0.057,1,0.0,2,High Open-Source Contributor,Strong match (Score: 56.4). Matched 2/4 required skills (50%). domain aligned. Segment: High Open-Source Contributor.
1dcf8fd7-0579-4c7d-b867-2e6bdb73e5eb,proj_0061,8,9,55.7458,43.3119,0.9994,49.2794,1,0.5,2,4,0.0626,1,0.0,0,Applied Project Specialist,Strong match (Score: 55.7). Matched 2/4 required skills (50%). domain aligned. Segment: Applied Project Specialist.
9c7b6795-f410-4c60-a33d-1b394b14a28e,proj_0061,9,6,54.6501,41.7414,0.9995,36.2385,1,0.5,2,4,0.1979,0,0.0,3,Emerging Generalist Builder,Strong match (Score: 54.7). Matched 2/4 required skills (50%). high text similarity (0.20). Segment: Emerging Generalist Builder.
9c588639-a077-4e52-b96e-abc5b46ed667,proj_0061,10,8,52.5414,38.3448,0.9995,42.72,1,0.5,2,4,0.1479,0,0.0,2,High Open-Source Contributor,Strong match (Score: 52.5). Matched 2/4 required skills (50%). Segment: High Open-Source Contributor.
68c6c4f0-0f3f-4023-9e14-06c382d47efc,proj_0062,1,2,71.4788,67.2108,0.9995,66.1402,1,1.0,5,5,0.3073,0,0.0,3,Emerging Generalist Builder,Strong match (Score: 71.5). Matched 5/5 required skills (100%). high text similarity (0.31). Segment: Emerging Generalist Builder.
c04f993f-4455-4dc5-80f8-c549868d0354,proj_0062,2,1,68.9134,63.2348,0.9995,66.8651,1,1.0,5,5,0.2423,0,0.0,1,Hackathon Champion,Strong match (Score: 68.9). Matched 5/5 required skills (100%). high text similarity (0.24). Segment: Hackathon Champion.
cd66922d-c11d-445c-8359-6d83c64885f1,proj_0062,3,6,64.033,57.5449,0.9995,51.4644,1,0.8,4,5,0.202,0,0.0,0,Applied Project Specialist,Strong match (Score: 64.0). Matched 4/5 required skills (80%). high text similarity (0.20). Segment: Applied Project Specialist.
1ad0e42d-8a29-459b-9e16-ebe914a2f14c,proj_0062,4,4,62.889,52.8101,0.9995,49.348,1,0.8,4,5,0.252,0,0.0,3,Emerging Generalist Builder,Strong match (Score: 62.9). Matched 4/5 required skills (80%). high text similarity (0.25). Segment: Emerging Generalist Builder.
8adc503c-cbb2-41a7-bd6f-2bcec950aea0,proj_0062,5,9,61.69,53.4462,0.9995,56.9787,1,0.8,4,5,0.1551,0,0.0,0,Applied Project Specialist,Strong match (Score: 61.7). Matched 4/5 required skills (80%). high text similarity (0.16). Segment: Applied Project Specialist.
6e3fd000-3350-4764-982f-563f6caa0a70,proj_0062,6,4,59.7572,51.8648,0.9995,49.1234,1,0.6,3,5,0.1462,0,0.3333,2,High Open-Source Contributor,Strong match (Score: 59.8). Matched 3/5 required skills (60%). Segment: High Open-Source Contributor.
6da5d977-9417-4177-8d85-9d17ec4d57b1,proj_0062,7,4,57.4603,45.1645,0.9995,54.7635,1,0.6,3,5,0.2273,0,0.0,1,Hackathon Champion,Strong match (Score: 57.5). Matched 3/5 required skills (60%). high text similarity (0.23). Segment: Hackathon Champion.
bb674ff0-1424-4409-99df-9f0eebde85eb,proj_0062,8,6,55.0666,42.6152,0.9995,45.4116,1,0.6,3,5,0.1357,0,0.0,2,High Open-Source Contributor,Strong match (Score: 55.1). Matched 3/5 required skills (60%). Segment: High Open-Source Contributor.
0ccf56e5-46bd-47b3-b230-cc2db88dabf9,proj_0062,9,7,54.2169,41.1509,0.9995,44.7233,1,0.6,3,5,0.1181,0,0.0,1,Hackathon Champion,Strong match (Score: 54.2). Matched 3/5 required skills (60%). Segment: Hackathon Champion.
1e0e2f42-c427-4c4d-83bd-e57542369eb1,proj_0062,10,7,53.543,40.25,0.9994,44.3623,1,0.6,3,5,0.0974,0,0.0,2,High Open-Source Contributor,Strong match (Score: 53.5). Matched 3/5 required skills (60%). Segment: High Open-Source Contributor.
8adc503c-cbb2-41a7-bd6f-2bcec950aea0,proj_0063,1,3,67.9882,62.8306,0.9995,68.9172,1,1.0,4,4,0.1914,0,0.0,0,Applied Project Specialist,Strong match (Score: 68.0). Matched 4/4 required skills (100%). high text similarity (0.19). Segment: Applied Project Specialist.
cd66922d-c11d-445c-8359-6d83c64885f1,proj_0063,2,9,62.2194,54.9023,0.9995,57.0156,1,0.75,3,4,0.1849,0,0.0,0,Applied Project Specialist,Strong match (Score: 62.2). Matched 3/4 required skills (75%). high text similarity (0.18). Segment: Applied Project Specialist.
eea395fd-93bf-4317-b6e5-0916f9cab3b2,proj_0063,3,3,62.1729,52.3111,0.9995,53.3962,1,0.75,3,4,0.2509,0,0.0,3,Emerging Generalist Builder,Strong match (Score: 62.2). Matched 3/4 required skills (75%). high text similarity (0.25). Segment: Emerging Generalist Builder.
bb674ff0-1424-4409-99df-9f0eebde85eb,proj_0063,4,2,60.234,49.8038,0.9995,50.974,1,0.75,3,4,0.1885,0,0.0,2,High Open-Source Contributor,Strong match (Score: 60.2). Matched 3/4 required skills (75%). high text similarity (0.19). Segment: High Open-Source Contributor.
c14cdc98-76b8-4f75-94a7-d0af30fa0dec,proj_0063,5,5,58.7997,48.3142,0.9995,40.5489,1,0.75,3,4,0.1326,0,0.0,2,High Open-Source Contributor,Strong match (Score: 58.8). Matched 3/4 required skills (75%). Segment: High Open-Source Contributor.
1ad0e42d-8a29-459b-9e16-ebe914a2f14c,proj_0063,6,10,57.2279,44.9884,0.9995,46.8967,1,0.75,3,4,0.1165,0,0.0,3,Emerging Generalist Builder,Strong match (Score: 57.2). Matched 3/4 required skills (75%). Segment: Emerging Generalist Builder.
fd53b824-68d3-4bf7-b335-9690414454ca,proj_0063,7,14,52.9903,38.6419,0.9995,44.2086,1,0.5,2,4,0.1699,0,0.0,3,Emerging Generalist Builder,Strong match (Score: 53.0). Matched 2/4 required skills (50%). high text similarity (0.17). Segment: Emerging Generalist Builder.
c04f993f-4455-4dc5-80f8-c549868d0354,proj_0063,8,14,50.0218,33.9507,0.9994,29.9002,1,0.5,2,4,0.0973,0,0.0,1,Hackathon Champion,Strong match (Score: 50.0). Matched 2/4 required skills (50%). Segment: Hackathon Champion.
c025d911-ca47-4671-903f-1caffc764350,proj_0063,9,10,45.1362,25.7592,0.9958,31.3404,1,0.25,1,4,0.1639,0,0.0,2,High Open-Source Contributor,Moderate match (Score: 45.1). Matched 1/4 required skills (25%). high text similarity (0.16). Segment: High Open-Source Contributor.
e20b63aa-1094-46b0-89e8-7e6311e5962c,proj_0063,10,48,43.5741,24.6966,0.9909,20.348,1,0.25,1,4,0.0979,0,0.0,2,High Open-Source Contributor,Moderate match (Score: 43.6). Matched 1/4 required skills (25%). Segment: High Open-Source Contributor.
cd66922d-c11d-445c-8359-6d83c64885f1,proj_0064,1,3,66.4553,60.2094,0.9995,61.397,1,1.0,3,3,0.1591,0,0.0,0,Applied Project Specialist,Strong match (Score: 66.5). Matched 3/3 required skills (100%). high text similarity (0.16). Segment: Applied Project Specialist.
fd53b824-68d3-4bf7-b335-9690414454ca,proj_0064,2,2,66.364,58.9874,0.9995,58.3454,1,1.0,3,3,0.1856,0,0.0,3,Emerging Generalist Builder,Strong match (Score: 66.4). Matched 3/3 required skills (100%). high text similarity (0.19). Segment: Emerging Generalist Builder.
8adc503c-cbb2-41a7-bd6f-2bcec950aea0,proj_0064,3,5,66.1082,59.0642,0.9995,55.7619,1,1.0,3,3,0.1665,0,0.0,0,Applied Project Specialist,Strong match (Score: 66.1). Matched 3/3 required skills (100%). high text similarity (0.17). Segment: Applied Project Specialist.
c04f993f-4455-4dc5-80f8-c549868d0354,proj_0064,4,6,64.7081,55.5716,0.9995,62.7011,1,1.0,3,3,0.1663,0,0.0,1,Hackathon Champion,Strong match (Score: 64.7). Matched 3/3 required skills (100%). high text similarity (0.17). Segment: Hackathon Champion.
68c6c4f0-0f3f-4023-9e14-06c382d47efc,proj_0064,5,8,55.71,42.4324,0.9995,45.7966,1,0.6667,2,3,0.139,0,0.0,3,Emerging Generalist Builder,Strong match (Score: 55.7). Matched 2/3 required skills (67%). Segment: Emerging Generalist Builder.
6da5d977-9417-4177-8d85-9d17ec4d57b1,proj_0064,6,7,55.4217,40.7367,0.9995,37.7041,1,0.6667,2,3,0.165,0,0.0,1,Hackathon Champion,Strong match (Score: 55.4). Matched 2/3 required skills (67%). high text similarity (0.17). Segment: Hackathon Champion.
1ad0e42d-8a29-459b-9e16-ebe914a2f14c,proj_0064,7,12,55.3242,40.7405,0.9995,38.3336,1,0.6667,2,3,0.1584,0,0.0,3,Emerging Generalist Builder,Strong match (Score: 55.3). Matched 2/3 required skills (67%). high text similarity (0.16). Segment: Emerging Generalist Builder.
6e3fd000-3350-4764-982f-563f6caa0a70,proj_0064,8,21,48.6751,33.3322,0.9976,35.4933,1,0.3333,1,3,0.0832,0,0.3333,2,High Open-Source Contributor,Moderate match (Score: 48.7). Matched 1/3 required skills (33%). Segment: High Open-Source Contributor.
c025d911-ca47-4671-903f-1caffc764350,proj_0064,9,7,45.6208,26.4932,0.9941,27.7813,1,0.3333,1,3,0.1245,0,0.0,2,High Open-Source Contributor,Moderate match (Score: 45.6). Matched 1/3 required skills (33%). Segment: High Open-Source Contributor.
360fc955-3175-4c3d-9b68-b9c3dc856b80,proj_0064,10,42,44.9199,26.0823,0.9953,20.2256,1,0.3333,1,3,0.053,0,0.2,2,High Open-Source Contributor,Moderate match (Score: 44.9). Matched 1/3 required skills (33%). Segment: High Open-Source Contributor.
8adc503c-cbb2-41a7-bd6f-2bcec950aea0,proj_0065,1,3,67.9882,62.8306,0.9995,71.0543,1,1.0,4,4,0.1914,0,0.0,0,Applied Project Specialist,Strong match (Score: 68.0). Matched 4/4 required skills (100%). high text similarity (0.19). Segment: Applied Project Specialist.
cd66922d-c11d-445c-8359-6d83c64885f1,proj_0065,2,9,62.2194,54.9023,0.9995,54.4531,1,0.75,3,4,0.1849,0,0.0,0,Applied Project Specialist,Strong match (Score: 62.2). Matched 3/4 required skills (75%). high text similarity (0.18). Segment: Applied Project Specialist.
eea395fd-93bf-4317-b6e5-0916f9cab3b2,proj_0065,3,3,62.1729,52.3111,0.9995,51.9857,1,0.75,3,4,0.2509,0,0.0,3,Emerging Generalist Builder,Strong match (Score: 62.2). Matched 3/4 required skills (75%). high text similarity (0.25). Segment: Emerging Generalist Builder.
bb674ff0-1424-4409-99df-9f0eebde85eb,proj_0065,4,2,60.234,49.8038,0.9995,54.6334,1,0.75,3,4,0.1885,0,0.0,2,High Open-Source Contributor,Strong match (Score: 60.2). Matched 3/4 required skills (75%). high text similarity (0.19). Segment: High Open-Source Contributor.
c14cdc98-76b8-4f75-94a7-d0af30fa0dec,proj_0065,5,5,58.7997,48.3142,0.9995,46.3706,1,0.75,3,4,0.1326,0,0.0,2,High Open-Source Contributor,Strong match (Score: 58.8). Matched 3/4 required skills (75%). Segment: High Open-Source Contributor.
1ad0e42d-8a29-459b-9e16-ebe914a2f14c,proj_0065,6,10,57.2279,44.9884,0.9995,43.5885,1,0.75,3,4,0.1165,0,0.0,3,Emerging Generalist Builder,Strong match (Score: 57.2). Matched 3/4 required skills (75%). Segment: Emerging Generalist Builder.
fd53b824-68d3-4bf7-b335-9690414454ca,proj_0065,7,14,52.9903,38.6419,0.9995,35.3526,1,0.5,2,4,0.1699,0,0.0,3,Emerging Generalist Builder,Strong match (Score: 53.0). Matched 2/4 required skills (50%). high text similarity (0.17). Segment: Emerging Generalist Builder.
c04f993f-4455-4dc5-80f8-c549868d0354,proj_0065,8,14,50.0218,33.9507,0.9994,34.906,1,0.5,2,4,0.0973,0,0.0,1,Hackathon Champion,Strong match (Score: 50.0). Matched 2/4 required skills (50%). Segment: Hackathon Champion.
c025d911-ca47-4671-903f-1caffc764350,proj_0065,9,10,45.1362,25.7592,0.9958,20.5662,1,0.25,1,4,0.1639,0,0.0,2,High Open-Source Contributor,Moderate match (Score: 45.1). Matched 1/4 required skills (25%). high text similarity (0.16). Segment: High Open-Source Contributor.
e20b63aa-1094-46b0-89e8-7e6311e5962c,proj_0065,10,48,43.5741,24.6966,0.9909,29.3926,1,0.25,1,4,0.0979,0,0.0,2,High Open-Source Contributor,Moderate match (Score: 43.6). Matched 1/4 required skills (25%). Segment: High Open-Source Contributor.
cd66922d-c11d-445c-8359-6d83c64885f1,proj_0066,1,3,66.4553,60.2094,0.9995,60.222,1,1.0,3,3,0.1591,0,0.0,0,Applied Project Specialist,Strong match (Score: 66.5). Matched 3/3 required skills (100%). high text similarity (0.16). Segment: Applied Project Specialist.
fd53b824-68d3-4bf7-b335-9690414454ca,proj_0066,2,2,66.364,58.9874,0.9995,53.9941,1,1.0,3,3,0.1856,0,0.0,3,Emerging Generalist Builder,Strong match (Score: 66.4). Matched 3/3 required skills (100%). high text similarity (0.19). Segment: Emerging Generalist Builder.
8adc503c-cbb2-41a7-bd6f-2bcec950aea0,proj_0066,3,5,66.1082,59.0642,0.9995,62.2853,1,1.0,3,3,0.1665,0,0.0,0,Applied Project Specialist,Strong match (Score: 66.1). Matched 3/3 required skills (100%). high text similarity (0.17). Segment: Applied Project Specialist.
c04f993f-4455-4dc5-80f8-c549868d0354,proj_0066,4,6,64.7081,55.5716,0.9995,58.5599,1,1.0,3,3,0.1663,0,0.0,1,Hackathon Champion,Strong match (Score: 64.7). Matched 3/3 required skills (100%). high text similarity (0.17). Segment: Hackathon Champion.
68c6c4f0-0f3f-4023-9e14-06c382d47efc,proj_0066,5,8,55.71,42.4324,0.9995,36.1775,1,0.6667,2,3,0.139,0,0.0,3,Emerging Generalist Builder,Strong match (Score: 55.7). Matched 2/3 required skills (67%). Segment: Emerging Generalist Builder.
6da5d977-9417-4177-8d85-9d17ec4d57b1,proj_0066,6,7,55.4217,40.7367,0.9995,45.3745,1,0.6667,2,3,0.165,0,0.0,1,Hackathon Champion,Strong match (Score: 55.4). Matched 2/3 required skills (67%). high text similarity (0.17). Segment: Hackathon Champion.
1ad0e42d-8a29-459b-9e16-ebe914a2f14c,proj_0066,7,12,55.3242,40.7405,0.9995,37.4968,1,0.6667,2,3,0.1584,0,0.0,3,Emerging Generalist Builder,Strong match (Score: 55.3). Matched 2/3 required skills (67%). high text similarity (0.16). Segment: Emerging Generalist Builder.
6e3fd000-3350-4764-982f-563f6caa0a70,proj_0066,8,21,48.6751,33.3322,0.9976,35.8279,1,0.3333,1,3,0.0832,0,0.3333,2,High Open-Source Contributor,Moderate match (Score: 48.7). Matched 1/3 required skills (33%). Segment: High Open-Source Contributor.
c025d911-ca47-4671-903f-1caffc764350,proj_0066,9,7,45.6208,26.4932,0.9941,22.9476,1,0.3333,1,3,0.1245,0,0.0,2,High Open-Source Contributor,Moderate match (Score: 45.6). Matched 1/3 required skills (33%). Segment: High Open-Source Contributor.
360fc955-3175-4c3d-9b68-b9c3dc856b80,proj_0066,10,42,44.9199,26.0823,0.9953,20.5758,1,0.3333,1,3,0.053,0,0.2,2,High Open-Source Contributor,Moderate match (Score: 44.9). Matched 1/3 required skills (33%). Segment: High Open-Source Contributor.
68c6c4f0-0f3f-4023-9e14-06c382d47efc,proj_0067,1,2,71.4788,67.2108,0.9995,66.6623,1,1.0,5,5,0.3073,0,0.0,3,Emerging Generalist Builder,Strong match (Score: 71.5). Matched 5/5 required skills (100%). high text similarity (0.31). Segment: Emerging Generalist Builder.
c04f993f-4455-4dc5-80f8-c549868d0354,proj_0067,2,1,68.9134,63.2348,0.9995,65.4215,1,1.0,5,5,0.2423,0,0.0,1,Hackathon Champion,Strong match (Score: 68.9). Matched 5/5 required skills (100%). high text similarity (0.24). Segment: Hackathon Champion.
cd66922d-c11d-445c-8359-6d83c64885f1,proj_0067,3,6,64.033,57.5449,0.9995,55.1404,1,0.8,4,5,0.202,0,0.0,0,Applied Project Specialist,Strong match (Score: 64.0). Matched 4/5 required skills (80%). high text similarity (0.20). Segment: Applied Project Specialist.
1ad0e42d-8a29-459b-9e16-ebe914a2f14c,proj_0067,4,4,62.889,52.8101,0.9995,50.5048,1,0.8,4,5,0.252,0,0.0,3,Emerging Generalist Builder,Strong match (Score: 62.9). Matched 4/5 required skills (80%). high text similarity (0.25). Segment: Emerging Generalist Builder.
8adc503c-cbb2-41a7-bd6f-2bcec950aea0,proj_0067,5,9,61.69,53.4462,0.9995,58.1808,1,0.8,4,5,0.1551,0,0.0,0,Applied Project Specialist,Strong match (Score: 61.7). Matched 4/5 required skills (80%). high text similarity (0.16). Segment: Applied Project Specialist.
6e3fd000-3350-4764-982f-563f6caa0a70,proj_0067,6,4,59.7572,51.8648,0.9995,56.3273,1,0.6,3,5,0.1462,0,0.3333,2,High Open-Source Contributor,Strong match (Score: 59.8). Matched 3/5 required skills (60%). Segment: High Open-Source Contributor.
6da5d977-9417-4177-8d85-9d17ec4d57b1,proj_0067,7,4,57.4603,45.1645,0.9995,50.4752,1,0.6,3,5,0.2273,0,0.0,1,Hackathon Champion,Strong match (Score: 57.5). Matched 3/5 required skills (60%). high text similarity (0.23). Segment: Hackathon Champion.
bb674ff0-1424-4409-99df-9f0eebde85eb,proj_0067,8,6,55.0666,42.6152,0.9995,37.7867,1,0.6,3,5,0.1357,0,0.0,2,High Open-Source Contributor,Strong match (Score: 55.1). Matched 3/5 required skills (60%). Segment: High Open-Source Contributor.
0ccf56e5-46bd-47b3-b230-cc2db88dabf9,proj_0067,9,7,54.2169,41.1509,0.9995,40.7327,1,0.6,3,5,0.1181,0,0.0,1,Hackathon Champion,Strong match (Score: 54.2). Matched 3/5 required skills (60%). Segment: Hackathon Champion.
1e0e2f42-c427-4c4d-83bd-e57542369eb1,proj_0067,10,7,53.543,40.25,0.9994,36.456,1,0.6,3,5,0.0974,0,0.0,2,High Open-Source Contributor,Strong match (Score: 53.5). Matched 3/5 required skills (60%). Segment: High Open-Source Contributor.
99d675f5-481c-4a42-ab83-626ee52dd60c,proj_0068,1,25,50.9964,36.6009,0.9994,36.3918,1,0.5,2,4,0.0916,0,0.0,0,Applied Project Specialist,Strong match (Score: 51.0). Matched 2/4 required skills (50%). Segment: Applied Project Specialist.
d3ced1b7-92b3-466b-92fa-4d0f7d7ebdfa,proj_0068,2,20,50.4667,35.5917,0.9993,31.6449,1,0.5,2,4,0.0834,0,0.0,0,Applied Project Specialist,Strong match (Score: 50.5). Matched 2/4 required skills (50%). Segment: Applied Project Specialist.
44011eff-1033-4636-b423-249db19d35c4,proj_0068,3,8,50.1989,34.7759,0.9994,32.1986,1,0.5,2,4,0.0871,0,0.0,1,Hackathon Champion,Strong match (Score: 50.2). Matched 2/4 required skills (50%). Segment: Hackathon Champion.
6865cca3-4c65-4233-ad13-01f07df1e294,proj_0068,4,21,49.2923,33.702,0.9994,29.0199,1,0.5,2,4,0.0553,0,0.0,2,High Open-Source Contributor,Moderate match (Score: 49.3). Matched 2/4 required skills (50%). Segment: High Open-Source Contributor.
61ef963c-2d5a-43ec-831d-06a2131d686e,proj_0068,5,16,49.2065,33.5137,0.9994,37.8324,1,0.5,2,4,0.0546,0,0.0,0,Applied Project Specialist,Moderate match (Score: 49.2). Matched 2/4 required skills (50%). Segment: Applied Project Specialist.
2c3a61f7-7a00-431a-88b8-3cebad4617d3,proj_0068,6,21,48.9161,32.424,0.9994,30.9798,1,0.5,2,4,0.0643,0,0.0,2,High Open-Source Contributor,Moderate match (Score: 48.9). Matched 2/4 required skills (50%). Segment: High Open-Source Contributor.
7cbaf425-d5c6-49f3-8efe-1b197b36c98b,proj_0068,7,28,48.7901,32.3866,0.9994,33.0534,1,0.5,2,4,0.0569,0,0.0,1,Hackathon Champion,Moderate match (Score: 48.8). Matched 2/4 required skills (50%). Segment: Hackathon Champion.
538469bd-76bb-4282-8098-c3a4b49df851,proj_0068,8,25,48.6707,31.9567,0.9994,32.6236,1,0.5,2,4,0.0604,0,0.0,2,High Open-Source Contributor,Moderate match (Score: 48.7). Matched 2/4 required skills (50%). Segment: High Open-Source Contributor.
91c33b06-c698-49f7-b17c-be3d4a8a4efe,proj_0068,9,20,48.6263,31.9508,0.9994,33.3627,1,0.5,2,4,0.0576,0,0.0,2,High Open-Source Contributor,Moderate match (Score: 48.6). Matched 2/4 required skills (50%). Segment: High Open-Source Contributor.
375f70ab-cece-48f6-a17c-d18f2d3fca7a,proj_0068,10,9,48.3944,31.2998,0.9994,34.6944,1,0.5,2,4,0.0595,0,0.0,3,Emerging Generalist Builder,Moderate match (Score: 48.4). Matched 2/4 required skills (50%). Segment: Emerging Generalist Builder.
d3ced1b7-92b3-466b-92fa-4d0f7d7ebdfa,proj_0069,1,12,57.5471,46.2416,0.9995,45.9324,1,0.6667,2,3,0.1599,0,0.0,0,Applied Project Specialist,Strong match (Score: 57.5). Matched 2/3 required skills (67%). high text similarity (0.16). Segment: Applied Project Specialist.
cccfba1b-ed2e-4a9a-bd25-c6065845a27c,proj_0069,2,9,55.4018,41.6582,0.9995,34.6735,1,0.6667,2,3,0.1391,0,0.0,2,High Open-Source Contributor,Strong match (Score: 55.4). Matched 2/3 required skills (67%). Segment: High Open-Source Contributor.
c4b5cf54-8f46-49df-b8f1-81ee738e55e4,proj_0069,3,4,55.0892,41.4054,0.9995,40.7705,1,0.6667,2,3,0.125,0,0.0,3,Emerging Generalist Builder,Strong match (Score: 55.1). Matched 2/3 required skills (67%). Segment: Emerging Generalist Builder.
6604b8b7-f568-4fb9-a52b-767a49585bc8,proj_0069,4,10,55.073,41.4024,0.9995,39.0422,1,0.6667,2,3,0.124,0,0.0,2,High Open-Source Contributor,Strong match (Score: 55.1). Matched 2/3 required skills (67%). Segment: High Open-Source Contributor.
c2c837eb-9da5-4084-8bad-249a505da0ef,proj_0069,5,11,54.192,40.6924,0.9994,45.7247,1,0.6667,2,3,0.0844,0,0.0,1,Hackathon Champion,Strong match (Score: 54.2). Matched 2/3 required skills (67%). Segment: Hackathon Champion.
49c9b4ca-d134-4461-a277-992b4d6ed843,proj_0069,6,9,54.1902,40.1067,0.9994,41.2592,1,0.6667,2,3,0.0999,0,0.0,2,High Open-Source Contributor,Strong match (Score: 54.2). Matched 2/3 required skills (67%). Segment: High Open-Source Contributor.
0c35f9a0-6d65-4934-a241-359a7e8a4f8b,proj_0069,7,7,54.0134,39.9047,0.9994,49.405,1,0.6667,2,3,0.0935,0,0.0,2,High Open-Source Contributor,Strong match (Score: 54.0). Matched 2/3 required skills (67%). Segment: High Open-Source Contributor.
017a104d-03fa-4f29-9982-6dda6a7f45c0,proj_0069,8,8,53.9374,39.6284,0.9994,40.0844,1,0.6667,2,3,0.0958,0,0.0,3,Emerging Generalist Builder,Strong match (Score: 53.9). Matched 2/3 required skills (67%). Segment: Emerging Generalist Builder.
99d675f5-481c-4a42-ab83-626ee52dd60c,proj_0069,9,20,53.5496,39.5252,0.9993,33.1829,1,0.6667,2,3,0.0729,0,0.0,0,Applied Project Specialist,Strong match (Score: 53.5). Matched 2/3 required skills (67%). Segment: Applied Project Specialist.
8fb8eaf8-4080-46bb-b74e-1242acd68205,proj_0069,10,9,53.3711,38.659,0.9994,31.2566,1,0.6667,2,3,0.0839,0,0.0,2,High Open-Source Contributor,Strong match (Score: 53.4). Matched 2/3 required skills (67%). Segment: High Open-Source Contributor.
99d675f5-481c-4a42-ab83-626ee52dd60c,proj_0070,1,25,50.9964,36.6009,0.9994,29.5195,1,0.5,2,4,0.0916,0,0.0,0,Applied Project Specialist,Strong match (Score: 51.0). Matched 2/4 required skills (50%). Segment: Applied Project Specialist.
d3ced1b7-92b3-466b-92fa-4d0f7d7ebdfa,proj_0070,2,20,50.4667,35.5917,0.9993,33.7698,1,0.5,2,4,0.0834,0,0.0,0,Applied Project Specialist,Strong match (Score: 50.5). Matched 2/4 required skills (50%). Segment: Applied Project Specialist.
44011eff-1033-4636-b423-249db19d35c4,proj_0070,3,8,50.1989,34.7759,0.9994,31.0418,1,0.5,2,4,0.0871,0,0.0,1,Hackathon Champion,Strong match (Score: 50.2). Matched 2/4 required skills (50%). Segment: Hackathon Champion.
6865cca3-4c65-4233-ad13-01f07df1e294,proj_0070,4,21,49.2923,33.702,0.9994,33.1455,1,0.5,2,4,0.0553,0,0.0,2,High Open-Source Contributor,Moderate match (Score: 49.3). Matched 2/4 required skills (50%). Segment: High Open-Source Contributor.
61ef963c-2d5a-43ec-831d-06a2131d686e,proj_0070,5,16,49.2065,33.5137,0.9994,37.457,1,0.5,2,4,0.0546,0,0.0,0,Applied Project Specialist,Moderate match (Score: 49.2). Matched 2/4 required skills (50%). Segment: Applied Project Specialist.
2c3a61f7-7a00-431a-88b8-3cebad4617d3,proj_0070,6,21,48.9161,32.424,0.9994,37.1872,1,0.5,2,4,0.0643,0,0.0,2,High Open-Source Contributor,Moderate match (Score: 48.9). Matched 2/4 required skills (50%). Segment: High Open-Source Contributor.
7cbaf425-d5c6-49f3-8efe-1b197b36c98b,proj_0070,7,28,48.7901,32.3866,0.9994,33.3895,1,0.5,2,4,0.0569,0,0.0,1,Hackathon Champion,Moderate match (Score: 48.8). Matched 2/4 required skills (50%). Segment: Hackathon Champion.
538469bd-76bb-4282-8098-c3a4b49df851,proj_0070,8,25,48.6707,31.9567,0.9994,26.858,1,0.5,2,4,0.0604,0,0.0,2,High Open-Source Contributor,Moderate match (Score: 48.7). Matched 2/4 required skills (50%). Segment: High Open-Source Contributor.
91c33b06-c698-49f7-b17c-be3d4a8a4efe,proj_0070,9,20,48.6263,31.9508,0.9994,36.6813,1,0.5,2,4,0.0576,0,0.0,2,High Open-Source Contributor,Moderate match (Score: 48.6). Matched 2/4 required skills (50%). Segment: High Open-Source Contributor.
375f70ab-cece-48f6-a17c-d18f2d3fca7a,proj_0070,10,9,48.3944,31.2998,0.9994,30.7074,1,0.5,2,4,0.0595,0,0.0,3,Emerging Generalist Builder,Moderate match (Score: 48.4). Matched 2/4 required skills (50%). Segment: Emerging Generalist Builder.
99d675f5-481c-4a42-ab83-626ee52dd60c,proj_0071,1,25,50.9964,36.6009,0.9994,36.6864,1,0.5,2,4,0.0916,0,0.0,0,Applied Project Specialist,Strong match (Score: 51.0). Matched 2/4 required skills (50%). Segment: Applied Project Specialist.
d3ced1b7-92b3-466b-92fa-4d0f7d7ebdfa,proj_0071,2,20,50.4667,35.5917,0.9993,29.1493,1,0.5,2,4,0.0834,0,0.0,0,Applied Project Specialist,Strong match (Score: 50.5). Matched 2/4 required skills (50%). Segment: Applied Project Specialist.
44011eff-1033-4636-b423-249db19d35c4,proj_0071,3,8,50.1989,34.7759,0.9994,27.5024,1,0.5,2,4,0.0871,0,0.0,1,Hackathon Champion,Strong match (Score: 50.2). Matched 2/4 required skills (50%). Segment: Hackathon Champion.
6865cca3-4c65-4233-ad13-01f07df1e294,proj_0071,4,21,49.2923,33.702,0.9994,44.7102,1,0.5,2,4,0.0553,0,0.0,2,High Open-Source Contributor,Moderate match (Score: 49.3). Matched 2/4 required skills (50%). Segment: High Open-Source Contributor.
61ef963c-2d5a-43ec-831d-06a2131d686e,proj_0071,5,16,49.2065,33.5137,0.9994,38.3105,1,0.5,2,4,0.0546,0,0.0,0,Applied Project Specialist,Moderate match (Score: 49.2). Matched 2/4 required skills (50%). Segment: Applied Project Specialist.
2c3a61f7-7a00-431a-88b8-3cebad4617d3,proj_0071,6,21,48.9161,32.424,0.9994,39.7969,1,0.5,2,4,0.0643,0,0.0,2,High Open-Source Contributor,Moderate match (Score: 48.9). Matched 2/4 required skills (50%). Segment: High Open-Source Contributor.
7cbaf425-d5c6-49f3-8efe-1b197b36c98b,proj_0071,7,28,48.7901,32.3866,0.9994,37.1144,1,0.5,2,4,0.0569,0,0.0,1,Hackathon Champion,Moderate match (Score: 48.8). Matched 2/4 required skills (50%). Segment: Hackathon Champion.
538469bd-76bb-4282-8098-c3a4b49df851,proj_0071,8,25,48.6707,31.9567,0.9994,36.4672,1,0.5,2,4,0.0604,0,0.0,2,High Open-Source Contributor,Moderate match (Score: 48.7). Matched 2/4 required skills (50%). Segment: High Open-Source Contributor.
91c33b06-c698-49f7-b17c-be3d4a8a4efe,proj_0071,9,20,48.6263,31.9508,0.9994,28.9931,1,0.5,2,4,0.0576,0,0.0,2,High Open-Source Contributor,Moderate match (Score: 48.6). Matched 2/4 required skills (50%). Segment: High Open-Source Contributor.
375f70ab-cece-48f6-a17c-d18f2d3fca7a,proj_0071,10,9,48.3944,31.2998,0.9994,30.7167,1,0.5,2,4,0.0595,0,0.0,3,Emerging Generalist Builder,Moderate match (Score: 48.4). Matched 2/4 required skills (50%). Segment: Emerging Generalist Builder.
d3ced1b7-92b3-466b-92fa-4d0f7d7ebdfa,proj_0072,1,1,67.9171,63.819,0.9996,64.0393,1,0.75,3,4,0.1601,1,0.0,0,Applied Project Specialist,Strong match (Score: 67.9). Matched 3/4 required skills (75%). high text similarity (0.16). domain aligned. Segment: Applied Project Specialist.
1dcf8fd7-0579-4c7d-b867-2e6bdb73e5eb,proj_0072,2,4,65.6012,57.4106,0.9995,65.9183,1,1.0,4,4,0.1768,0,0.0,0,Applied Project Specialist,Strong match (Score: 65.6). Matched 4/4 required skills (100%). high text similarity (0.18). Segment: Applied Project Specialist.
99d675f5-481c-4a42-ab83-626ee52dd60c,proj_0072,3,3,65.5788,60.2269,0.9995,67.6865,1,0.75,3,4,0.1002,1,0.0,0,Applied Project Specialist,Strong match (Score: 65.6). Matched 3/4 required skills (75%). domain aligned. Segment: Applied Project Specialist.
6604b8b7-f568-4fb9-a52b-767a49585bc8,proj_0072,4,5,64.6772,55.8881,0.9995,55.6968,1,1.0,4,4,0.1558,0,0.0,2,High Open-Source Contributor,Strong match (Score: 64.7). Matched 4/4 required skills (100%). high text similarity (0.16). Segment: High Open-Source Contributor.
7cbaf425-d5c6-49f3-8efe-1b197b36c98b,proj_0072,5,4,64.3787,55.9218,0.9995,56.5983,1,1.0,4,4,0.135,0,0.0,1,Hackathon Champion,Strong match (Score: 64.4). Matched 4/4 required skills (100%). Segment: Hackathon Champion.
cccfba1b-ed2e-4a9a-bd25-c6065845a27c,proj_0072,6,3,64.0887,55.2267,0.9995,57.5684,1,1.0,4,4,0.1342,0,0.0,2,High Open-Source Contributor,Strong match (Score: 64.1). Matched 4/4 required skills (100%). Segment: High Open-Source Contributor.
61651476-b23b-4e95-9a84-a886cfb57efc,proj_0072,7,4,59.6753,49.1945,0.9995,52.705,1,0.75,3,4,0.1675,0,0.0,3,Emerging Generalist Builder,Strong match (Score: 59.7). Matched 3/4 required skills (75%). high text similarity (0.17). Segment: Emerging Generalist Builder.
5b3a219d-f774-40a3-8e53-cefbbd95c1b7,proj_0072,8,2,59.216,48.4962,0.9995,45.9701,1,0.75,3,4,0.1555,0,0.0,0,Applied Project Specialist,Strong match (Score: 59.2). Matched 3/4 required skills (75%). high text similarity (0.16). Segment: Applied Project Specialist.
a1b22b09-722b-4f62-beec-d3e19dbb8026,proj_0072,9,6,58.8674,48.1422,0.9995,44.3192,1,0.75,3,4,0.1417,0,0.0,2,High Open-Source Contributor,Strong match (Score: 58.9). Matched 3/4 required skills (75%). Segment: High Open-Source Contributor.
49c9b4ca-d134-4461-a277-992b4d6ed843,proj_0072,10,4,58.0444,46.8647,0.9995,53.7495,1,0.75,3,4,0.1209,0,0.0,2,High Open-Source Contributor,Strong match (Score: 58.0). Matched 3/4 required skills (75%). Segment: High Open-Source Contributor.
78ae885f-c435-4649-9c08-d501a77bc648,proj_0073,1,1,67.0119,60.4423,0.9995,58.1098,1,1.0,3,3,0.19,0,0.0,1,Hackathon Champion,Strong match (Score: 67.0). Matched 3/3 required skills (100%). high text similarity (0.19). Segment: Hackathon Champion.
42564104-e8ad-4e44-b9ff-89862dfd35d2,proj_0073,2,1,65.8552,57.6705,0.9995,54.0577,1,1.0,3,3,0.1868,0,0.0,1,Hackathon Champion,Strong match (Score: 65.9). Matched 3/3 required skills (100%). high text similarity (0.19). Segment: Hackathon Champion.
ae7ebec1-fd6e-42b9-8252-7ca6592ae554,proj_0073,3,5,60.0455,49.375,0.9995,56.0906,1,0.6667,2,3,0.2429,0,0.0,2,High Open-Source Contributor,Strong match (Score: 60.0). Matched 2/3 required skills (67%). high text similarity (0.24). Segment: High Open-Source Contributor.
221c46a1-750f-4420-91f2-226350f81809,proj_0073,4,7,59.5663,47.7794,0.9995,42.5587,1,0.6667,2,3,0.2535,0,0.0,3,Emerging Generalist Builder,Strong match (Score: 59.6). Matched 2/3 required skills (67%). high text similarity (0.25). Segment: Emerging Generalist Builder.
11cb9f36-3aa0-45ce-b350-da69f16b4894,proj_0073,5,4,59.4355,47.3624,0.9995,48.8666,1,0.6667,2,3,0.2559,0,0.0,1,Hackathon Champion,Strong match (Score: 59.4). Matched 2/3 required skills (67%). high text similarity (0.26). Segment: Hackathon Champion.
b737c73d-287a-42d9-bf3f-4c1e38e85199,proj_0073,6,9,58.7129,46.6922,0.9995,43.7253,1,0.6667,2,3,0.2256,0,0.0,2,High Open-Source Contributor,Strong match (Score: 58.7). Matched 2/3 required skills (67%). high text similarity (0.23). Segment: High Open-Source Contributor.
294e0a46-ef83-4845-864a-795ff0f17103,proj_0073,7,6,58.2924,45.6972,0.9995,43.6477,1,0.6667,2,3,0.2241,0,0.0,2,High Open-Source Contributor,Strong match (Score: 58.3). Matched 2/3 required skills (67%). high text similarity (0.22). Segment: High Open-Source Contributor.
fba696b3-c8c2-4675-ba02-4061a30aef16,proj_0073,8,5,57.8915,44.8937,0.9995,42.2512,1,0.6667,2,3,0.2188,0,0.0,3,Emerging Generalist Builder,Strong match (Score: 57.9). Matched 2/3 required skills (67%). high text similarity (0.22). Segment: Emerging Generalist Builder.
8c18a2bb-3ec0-4545-8fa8-02ccbc89971c,proj_0073,9,9,56.9866,43.2466,0.9995,45.05,1,0.6667,2,3,0.2024,0,0.0,3,Emerging Generalist Builder,Strong match (Score: 57.0). Matched 2/3 required skills (67%). high text similarity (0.20). Segment: Emerging Generalist Builder.
7e41e4a1-e1f5-4811-b5ee-7d004b7f594a,proj_0073,10,3,54.5629,39.7036,0.9995,38.6789,1,0.6667,2,3,0.1353,0,0.0,3,Emerging Generalist Builder,Strong match (Score: 54.6). Matched 2/3 required skills (67%). Segment: Emerging Generalist Builder.
42564104-e8ad-4e44-b9ff-89862dfd35d2,proj_0074,1,3,63.1973,51.6071,0.9995,46.7469,1,1.0,2,2,0.1713,0,0.0,1,Hackathon Champion,Strong match (Score: 63.2). Matched 2/2 required skills (100%). high text similarity (0.17). Segment: Hackathon Champion.
78ae885f-c435-4649-9c08-d501a77bc648,proj_0074,2,2,61.9129,50.7322,0.9995,51.5874,1,1.0,2,2,0.109,0,0.0,1,Hackathon Champion,Strong match (Score: 61.9). Matched 2/2 required skills (100%). Segment: Hackathon Champion.
04988768-5f3f-4001-b1e2-cccf6434f729,proj_0074,3,15,48.4959,29.9973,0.9994,29.2099,1,0.5,1,2,0.101,0,0.0,1,Hackathon Champion,Moderate match (Score: 48.5). Matched 1/2 required skills (50%). Segment: Hackathon Champion.
7e41e4a1-e1f5-4811-b5ee-7d004b7f594a,proj_0074,4,11,47.7954,28.1411,0.9994,28.4224,1,0.5,1,2,0.1038,0,0.0,3,Emerging Generalist Builder,Moderate match (Score: 47.8). Matched 1/2 required skills (50%). Segment: Emerging Generalist Builder.
2b9a90d7-2e2e-4096-b75d-70225b6167e0,proj_0074,5,3,47.2433,29.1645,0.9993,24.0093,1,0.5,1,2,0.0399,0,0.0,0,Applied Project Specialist,Moderate match (Score: 47.2). Matched 1/2 required skills (50%). Segment: Applied Project Specialist.
7cbaf425-d5c6-49f3-8efe-1b197b36c98b,proj_0074,6,36,46.9825,28.19,0.9994,27.8097,1,0.5,1,2,0.0483,0,0.0,1,Hackathon Champion,Moderate match (Score: 47.0). Matched 1/2 required skills (50%). Segment: Hackathon Champion.
ae6cb331-f877-4763-9728-6e2651b1be61,proj_0074,7,18,46.7422,27.4055,0.9994,31.0932,1,0.5,1,2,0.0532,0,0.0,3,Emerging Generalist Builder,Moderate match (Score: 46.7). Matched 1/2 required skills (50%). Segment: Emerging Generalist Builder.
3ee193d8-7126-4f80-b986-fd42c72759c2,proj_0074,8,27,46.7201,27.5265,0.9995,25.2281,1,0.5,1,2,0.0483,0,0.0,3,Emerging Generalist Builder,Moderate match (Score: 46.7). Matched 1/2 required skills (50%). Segment: Emerging Generalist Builder.
e2cd9ecd-2a7e-47a0-a70f-5b6c97586fa9,proj_0074,9,25,46.6949,27.3736,0.9995,36.1053,1,0.5,1,2,0.0507,0,0.0,2,High Open-Source Contributor,Moderate match (Score: 46.7). Matched 1/2 required skills (50%). Segment: High Open-Source Contributor.
49c9b4ca-d134-4461-a277-992b4d6ed843,proj_0074,10,24,46.6501,27.254,0.9994,16.0714,1,0.5,1,2,0.0511,0,0.0,2,High Open-Source Contributor,Moderate match (Score: 46.7). Matched 1/2 required skills (50%). Segment: High Open-Source Contributor.
f7b70b73-2af4-4692-a81e-e6701cc777f8,proj_0075,1,4,63.871,54.195,0.9994,57.5366,1,1.0,3,3,0.1474,0,0.0,2,High Open-Source Contributor,Strong match (Score: 63.9). Matched 3/3 required skills (100%). Segment: High Open-Source Contributor.
d0b145e9-d7e7-4c2c-8a38-d3590f04765d,proj_0075,2,3,63.567,54.095,0.9995,56.2957,1,1.0,3,3,0.1296,0,0.0,3,Emerging Generalist Builder,Strong match (Score: 63.6). Matched 3/3 required skills (100%). Segment: Emerging Generalist Builder.
762d9ef6-91f9-45a9-b70e-026d55968fd6,proj_0075,3,5,62.6062,52.2329,0.9995,53.3161,1,1.0,3,3,0.1152,0,0.0,3,Emerging Generalist Builder,Strong match (Score: 62.6). Matched 3/3 required skills (100%). Segment: Emerging Generalist Builder.
97f73fec-5bfb-4202-afdc-2b2e1ddf4d87,proj_0075,4,4,62.2955,51.6437,0.9995,49.1875,1,1.0,3,3,0.1102,0,0.0,2,High Open-Source Contributor,Strong match (Score: 62.3). Matched 3/3 required skills (100%). Segment: High Open-Source Contributor.
fd0feb1e-8702-4e30-9a7d-f1a6152889b2,proj_0075,5,5,57.7186,44.7333,0.9995,42.4206,1,0.6667,2,3,0.156,0,0.3333,3,Emerging Generalist Builder,Strong match (Score: 57.7). Matched 2/3 required skills (67%). high text similarity (0.16). Segment: Emerging Generalist Builder.
6ccd1f6a-9887-4159-94ae-a8daf672d1a8,proj_0075,6,4,55.3599,43.5486,0.9994,39.1194,1,0.6667,2,3,0.0861,0,0.0,0,Applied Project Specialist,Strong match (Score: 55.4). Matched 2/3 required skills (67%). Segment: Applied Project Specialist.
b72b4665-e42c-4033-9c61-31b99ebc5161,proj_0075,7,10,55.1361,42.9177,0.9993,29.288,1,0.6667,2,3,0.0882,0,0.0,2,High Open-Source Contributor,Strong match (Score: 55.1). Matched 2/3 required skills (67%). Segment: High Open-Source Contributor.
26c0644c-a983-46f1-8011-8113f9f5e1e8,proj_0075,8,3,54.3999,39.5136,0.9995,34.6109,1,0.6667,2,3,0.1295,0,0.0,3,Emerging Generalist Builder,Strong match (Score: 54.4). Matched 2/3 required skills (67%). Segment: Emerging Generalist Builder.
5f1f946b-d5f8-40bb-8a4e-e31b98a7063b,proj_0075,9,10,53.7447,39.2706,0.9994,42.6611,1,0.6667,2,3,0.0925,0,0.0,2,High Open-Source Contributor,Strong match (Score: 53.7). Matched 2/3 required skills (67%). Segment: High Open-Source Contributor.
087b73f9-9ad8-434c-b57d-4f1046ff9811,proj_0075,10,6,53.7117,39.1429,0.9994,44.9714,1,0.6667,2,3,0.0937,0,0.0,3,Emerging Generalist Builder,Strong match (Score: 53.7). Matched 2/3 required skills (67%). Segment: Emerging Generalist Builder.
277d73e1-a781-4bdf-a6f2-d6c53560bc03,proj_0076,1,3,60.9872,48.5006,0.9995,53.0502,1,1.0,2,2,0.1068,0,0.0,1,Hackathon Champion,Strong match (Score: 61.0). Matched 2/2 required skills (100%). Segment: Hackathon Champion.
fcccb7c6-a8a4-4e69-9db9-8f40d2b5cea2,proj_0076,2,1,60.7704,48.5472,0.9994,49.9118,1,1.0,2,2,0.0913,0,0.0,1,Hackathon Champion,Strong match (Score: 60.8). Matched 2/2 required skills (100%). Segment: Hackathon Champion.
fd0feb1e-8702-4e30-9a7d-f1a6152889b2,proj_0076,3,8,51.9867,34.8636,0.9995,39.8637,1,0.5,1,2,0.1482,0,0.3333,3,Emerging Generalist Builder,Strong match (Score: 52.0). Matched 1/2 required skills (50%). Segment: Emerging Generalist Builder.
6bd9ad33-a59a-410c-b027-98aa5712fb14,proj_0076,4,7,50.7801,33.5102,0.9995,31.4625,1,0.5,1,2,0.1594,0,0.0,3,Emerging Generalist Builder,Strong match (Score: 50.8). Matched 1/2 required skills (50%). high text similarity (0.16). Segment: Emerging Generalist Builder.
eaaf1148-a323-40bb-9ae9-592ace11a073,proj_0076,5,15,50.2998,32.6619,0.9995,33.1897,1,0.5,1,2,0.15,0,0.0,2,High Open-Source Contributor,Strong match (Score: 50.3). Matched 1/2 required skills (50%). high text similarity (0.15). Segment: High Open-Source Contributor.
d0b145e9-d7e7-4c2c-8a38-d3590f04765d,proj_0076,6,13,49.6446,31.6539,0.9995,28.779,1,0.5,1,2,0.1332,0,0.0,3,Emerging Generalist Builder,Moderate match (Score: 49.6). Matched 1/2 required skills (50%). Segment: Emerging Generalist Builder.
6ccd1f6a-9887-4159-94ae-a8daf672d1a8,proj_0076,7,13,49.4361,33.1877,0.9993,45.1717,1,0.5,1,2,0.0788,0,0.0,0,Applied Project Specialist,Moderate match (Score: 49.4). Matched 1/2 required skills (50%). Segment: Applied Project Specialist.
2c34b234-dd0c-4b60-91a8-9959c95c9859,proj_0076,8,11,49.1065,29.9187,0.9995,34.8886,1,0.5,1,2,0.1436,0,0.0,1,Hackathon Champion,Moderate match (Score: 49.1). Matched 1/2 required skills (50%). Segment: Hackathon Champion.
5f1f946b-d5f8-40bb-8a4e-e31b98a7063b,proj_0076,9,23,48.9463,30.2719,0.9995,27.1853,1,0.5,1,2,0.1235,0,0.0,2,High Open-Source Contributor,Moderate match (Score: 48.9). Matched 1/2 required skills (50%). Segment: High Open-Source Contributor.
97f73fec-5bfb-4202-afdc-2b2e1ddf4d87,proj_0076,10,17,48.5079,29.581,0.9995,30.5903,1,0.5,1,2,0.1127,0,0.0,2,High Open-Source Contributor,Moderate match (Score: 48.5). Matched 1/2 required skills (50%). Segment: High Open-Source Contributor.
b72b4665-e42c-4033-9c61-31b99ebc5161,proj_0077,1,3,65.1763,57.597,0.9995,69.9461,1,1.0,4,4,0.1435,0,0.0,2,High Open-Source Contributor,Strong match (Score: 65.2). Matched 4/4 required skills (100%). Segment: High Open-Source Contributor.
eaaf1148-a323-40bb-9ae9-592ace11a073,proj_0077,2,4,64.7203,55.8569,0.9995,51.4506,1,1.0,4,4,0.1595,0,0.0,2,High Open-Source Contributor,Strong match (Score: 64.7). Matched 4/4 required skills (100%). high text similarity (0.16). Segment: High Open-Source Contributor.
fd0feb1e-8702-4e30-9a7d-f1a6152889b2,proj_0077,3,3,63.0303,53.0951,0.9995,55.6003,1,0.75,3,4,0.2316,0,0.3333,3,Emerging Generalist Builder,Strong match (Score: 63.0). Matched 3/4 required skills (75%). high text similarity (0.23). Segment: Emerging Generalist Builder.
277d73e1-a781-4bdf-a6f2-d6c53560bc03,proj_0077,4,2,62.2739,51.466,0.9995,57.1072,1,1.0,4,4,0.1135,0,0.0,1,Hackathon Champion,Strong match (Score: 62.3). Matched 4/4 required skills (100%). Segment: Hackathon Champion.
6ccd1f6a-9887-4159-94ae-a8daf672d1a8,proj_0077,5,2,58.4555,49.2612,0.9994,49.1743,1,0.75,3,4,0.0846,0,0.0,0,Applied Project Specialist,Strong match (Score: 58.5). Matched 3/4 required skills (75%). Segment: Applied Project Specialist.
7b1118d2-ff79-4404-acfb-d497a98b3256,proj_0077,6,1,58.4036,46.2741,0.9995,57.5078,1,0.75,3,4,0.1606,0,0.0,3,Emerging Generalist Builder,Strong match (Score: 58.4). Matched 3/4 required skills (75%). high text similarity (0.16). Segment: Emerging Generalist Builder.
b40d6b8e-760e-4dd4-9ba6-8fbc4b81f9ab,proj_0077,7,2,58.2724,46.5047,0.9995,47.7182,1,0.75,3,4,0.1457,0,0.0,3,Emerging Generalist Builder,Strong match (Score: 58.3). Matched 3/4 required skills (75%). Segment: Emerging Generalist Builder.
2c34b234-dd0c-4b60-91a8-9959c95c9859,proj_0077,8,4,58.1941,46.0428,0.9995,43.9421,1,0.75,3,4,0.1528,0,0.0,1,Hackathon Champion,Strong match (Score: 58.2). Matched 3/4 required skills (75%). high text similarity (0.15). Segment: Hackathon Champion.
4a592bb5-0eb1-4432-9361-7200f4085604,proj_0077,9,6,56.8157,44.9705,0.9994,34.9765,1,0.75,3,4,0.0897,0,0.0,2,High Open-Source Contributor,Strong match (Score: 56.8). Matched 3/4 required skills (75%). Segment: High Open-Source Contributor.
5f1f946b-d5f8-40bb-8a4e-e31b98a7063b,proj_0077,10,6,56.7823,44.8869,0.9994,42.3051,1,0.75,3,4,0.0897,0,0.0,2,High Open-Source Contributor,Strong match (Score: 56.8). Matched 3/4 required skills (75%). Segment: High Open-Source Contributor.
f7b70b73-2af4-4692-a81e-e6701cc777f8,proj_0078,1,4,63.871,54.195,0.9994,62.1382,1,1.0,3,3,0.1474,0,0.0,2,High Open-Source Contributor,Strong match (Score: 63.9). Matched 3/3 required skills (100%). Segment: High Open-Source Contributor.
d0b145e9-d7e7-4c2c-8a38-d3590f04765d,proj_0078,2,3,63.567,54.095,0.9995,48.4279,1,1.0,3,3,0.1296,0,0.0,3,Emerging Generalist Builder,Strong match (Score: 63.6). Matched 3/3 required skills (100%). Segment: Emerging Generalist Builder.
762d9ef6-91f9-45a9-b70e-026d55968fd6,proj_0078,3,5,62.6062,52.2329,0.9995,40.2758,1,1.0,3,3,0.1152,0,0.0,3,Emerging Generalist Builder,Strong match (Score: 62.6). Matched 3/3 required skills (100%). Segment: Emerging Generalist Builder.
97f73fec-5bfb-4202-afdc-2b2e1ddf4d87,proj_0078,4,4,62.2955,51.6437,0.9995,51.3728,1,1.0,3,3,0.1102,0,0.0,2,High Open-Source Contributor,Strong match (Score: 62.3). Matched 3/3 required skills (100%). Segment: High Open-Source Contributor.
fd0feb1e-8702-4e30-9a7d-f1a6152889b2,proj_0078,5,5,57.7186,44.7333,0.9995,51.8044,1,0.6667,2,3,0.156,0,0.3333,3,Emerging Generalist Builder,Strong match (Score: 57.7). Matched 2/3 required skills (67%). high text similarity (0.16). Segment: Emerging Generalist Builder.
6ccd1f6a-9887-4159-94ae-a8daf672d1a8,proj_0078,6,4,55.3599,43.5486,0.9994,41.3783,1,0.6667,2,3,0.0861,0,0.0,0,Applied Project Specialist,Strong match (Score: 55.4). Matched 2/3 required skills (67%). Segment: Applied Project Specialist.
b72b4665-e42c-4033-9c61-31b99ebc5161,proj_0078,7,10,55.1361,42.9177,0.9993,44.6673,1,0.6667,2,3,0.0882,0,0.0,2,High Open-Source Contributor,Strong match (Score: 55.1). Matched 2/3 required skills (67%). Segment: High Open-Source Contributor.
26c0644c-a983-46f1-8011-8113f9f5e1e8,proj_0078,8,3,54.3999,39.5136,0.9995,41.8261,1,0.6667,2,3,0.1295,0,0.0,3,Emerging Generalist Builder,Strong match (Score: 54.4). Matched 2/3 required skills (67%). Segment: Emerging Generalist Builder.
5f1f946b-d5f8-40bb-8a4e-e31b98a7063b,proj_0078,9,10,53.7447,39.2706,0.9994,46.4605,1,0.6667,2,3,0.0925,0,0.0,2,High Open-Source Contributor,Strong match (Score: 53.7). Matched 2/3 required skills (67%). Segment: High Open-Source Contributor.
087b73f9-9ad8-434c-b57d-4f1046ff9811,proj_0078,10,6,53.7117,39.1429,0.9994,40.8011,1,0.6667,2,3,0.0937,0,0.0,3,Emerging Generalist Builder,Strong match (Score: 53.7). Matched 2/3 required skills (67%). Segment: Emerging Generalist Builder.
277d73e1-a781-4bdf-a6f2-d6c53560bc03,proj_0079,1,3,60.9872,48.5006,0.9995,50.0112,1,1.0,2,2,0.1068,0,0.0,1,Hackathon Champion,Strong match (Score: 61.0). Matched 2/2 required skills (100%). Segment: Hackathon Champion.
fcccb7c6-a8a4-4e69-9db9-8f40d2b5cea2,proj_0079,2,1,60.7704,48.5472,0.9994,47.5297,1,1.0,2,2,0.0913,0,0.0,1,Hackathon Champion,Strong match (Score: 60.8). Matched 2/2 required skills (100%). Segment: Hackathon Champion.
fd0feb1e-8702-4e30-9a7d-f1a6152889b2,proj_0079,3,8,51.9867,34.8636,0.9995,30.5494,1,0.5,1,2,0.1482,0,0.3333,3,Emerging Generalist Builder,Strong match (Score: 52.0). Matched 1/2 required skills (50%). Segment: Emerging Generalist Builder.
6bd9ad33-a59a-410c-b027-98aa5712fb14,proj_0079,4,7,50.7801,33.5102,0.9995,33.751,1,0.5,1,2,0.1594,0,0.0,3,Emerging Generalist Builder,Strong match (Score: 50.8). Matched 1/2 required skills (50%). high text similarity (0.16). Segment: Emerging Generalist Builder.
eaaf1148-a323-40bb-9ae9-592ace11a073,proj_0079,5,15,50.2998,32.6619,0.9995,40.7493,1,0.5,1,2,0.15,0,0.0,2,High Open-Source Contributor,Strong match (Score: 50.3). Matched 1/2 required skills (50%). high text similarity (0.15). Segment: High Open-Source Contributor.
d0b145e9-d7e7-4c2c-8a38-d3590f04765d,proj_0079,6,13,49.6446,31.6539,0.9995,28.0713,1,0.5,1,2,0.1332,0,0.0,3,Emerging Generalist Builder,Moderate match (Score: 49.6). Matched 1/2 required skills (50%). Segment: Emerging Generalist Builder.
6ccd1f6a-9887-4159-94ae-a8daf672d1a8,proj_0079,7,13,49.4361,33.1877,0.9993,39.964,1,0.5,1,2,0.0788,0,0.0,0,Applied Project Specialist,Moderate match (Score: 49.4). Matched 1/2 required skills (50%). Segment: Applied Project Specialist.
2c34b234-dd0c-4b60-91a8-9959c95c9859,proj_0079,8,11,49.1065,29.9187,0.9995,33.472,1,0.5,1,2,0.1436,0,0.0,1,Hackathon Champion,Moderate match (Score: 49.1). Matched 1/2 required skills (50%). Segment: Hackathon Champion.
5f1f946b-d5f8-40bb-8a4e-e31b98a7063b,proj_0079,9,23,48.9463,30.2719,0.9995,44.1092,1,0.5,1,2,0.1235,0,0.0,2,High Open-Source Contributor,Moderate match (Score: 48.9). Matched 1/2 required skills (50%). Segment: High Open-Source Contributor.
97f73fec-5bfb-4202-afdc-2b2e1ddf4d87,proj_0079,10,17,48.5079,29.581,0.9995,34.6832,1,0.5,1,2,0.1127,0,0.0,2,High Open-Source Contributor,Moderate match (Score: 48.5). Matched 1/2 required skills (50%). Segment: High Open-Source Contributor.
0eb20fb6-a17a-41e6-846a-933aef316c3a,proj_0080,1,8,57.4507,46.1404,0.9995,36.9304,1,0.5,2,4,0.2673,0,0.0,2,High Open-Source Contributor,Strong match (Score: 57.5). Matched 2/4 required skills (50%). high text similarity (0.27). Segment: High Open-Source Contributor.
57f1deb3-f6b6-4040-937c-f8842a4bdeb1,proj_0080,2,11,57.2788,45.7108,0.9995,44.3958,1,0.5,2,4,0.2673,0,0.0,2,High Open-Source Contributor,Strong match (Score: 57.3). Matched 2/4 required skills (50%). high text similarity (0.27). Segment: High Open-Source Contributor.
b0473f2b-3906-4d17-835c-77d14f68153c,proj_0080,3,8,56.9827,45.3831,0.9995,45.6103,1,0.5,2,4,0.2563,0,0.0,2,High Open-Source Contributor,Strong match (Score: 57.0). Matched 2/4 required skills (50%). high text similarity (0.26). Segment: High Open-Source Contributor.
3c6e4855-a064-45ef-9ba1-692a2a1c9770,proj_0080,4,7,56.4148,44.2482,0.9995,28.5148,1,0.5,2,4,0.2487,0,0.0,3,Emerging Generalist Builder,Strong match (Score: 56.4). Matched 2/4 required skills (50%). high text similarity (0.25). Segment: Emerging Generalist Builder.
afc2bd90-04a1-4a8a-82b7-e1582e9a16d8,proj_0080,5,10,55.3394,43.3109,0.9994,36.0218,1,0.5,2,4,0.2022,0,0.0,2,High Open-Source Contributor,Strong match (Score: 55.3). Matched 2/4 required skills (50%). high text similarity (0.20). Segment: High Open-Source Contributor.
affb040c-0796-49f8-b3db-6780d0e12bad,proj_0080,6,4,53.0967,38.3042,0.9995,44.325,1,0.5,2,4,0.186,0,0.0,1,Hackathon Champion,Strong match (Score: 53.1). Matched 2/4 required skills (50%). high text similarity (0.19). Segment: Hackathon Champion.
8157aedf-3cb8-41e6-acac-ca31f4256129,proj_0080,7,13,49.187,32.9312,0.9975,35.7863,1,0.25,1,4,0.2393,0,0.0,2,High Open-Source Contributor,Moderate match (Score: 49.2). Matched 1/4 required skills (25%). high text similarity (0.24). Segment: High Open-Source Contributor.
c7e4375f-a8fd-4865-8103-37abae37a3a5,proj_0080,8,10,48.8954,32.0297,0.9977,29.5051,1,0.25,1,4,0.2435,0,0.0,2,High Open-Source Contributor,Moderate match (Score: 48.9). Matched 1/4 required skills (25%). high text similarity (0.24). Segment: High Open-Source Contributor.
e4c102b8-80bb-4fe3-9020-55e2e1c77522,proj_0080,9,33,47.3841,30.6253,0.9957,35.874,1,0.25,1,4,0.1842,0,0.0,2,High Open-Source Contributor,Moderate match (Score: 47.4). Matched 1/4 required skills (25%). high text similarity (0.18). Segment: High Open-Source Contributor.
4255926b-5147-4f6a-8eed-9479ec273f86,proj_0080,10,16,47.1978,29.297,0.9951,20.306,1,0.25,1,4,0.2084,0,0.0,3,Emerging Generalist Builder,Moderate match (Score: 47.2). Matched 1/4 required skills (25%). high text similarity (0.21). Segment: Emerging Generalist Builder.
40627c66-b187-405d-94af-8fafe9314606,proj_0081,1,1,62.2335,52.4563,0.9995,48.5507,1,1.0,3,3,0.0844,0,0.0,1,Hackathon Champion,Strong match (Score: 62.2). Matched 3/3 required skills (100%). Segment: Hackathon Champion.
affb040c-0796-49f8-b3db-6780d0e12bad,proj_0081,2,1,62.1795,51.3687,0.9993,49.7822,1,1.0,3,3,0.1102,0,0.0,1,Hackathon Champion,Strong match (Score: 62.2). Matched 3/3 required skills (100%). Segment: Hackathon Champion.
c7e4375f-a8fd-4865-8103-37abae37a3a5,proj_0081,3,7,56.3467,43.8029,0.9995,40.4344,1,0.6667,2,3,0.1449,0,0.0,2,High Open-Source Contributor,Strong match (Score: 56.3). Matched 2/3 required skills (67%). Segment: High Open-Source Contributor.
57f1deb3-f6b6-4040-937c-f8842a4bdeb1,proj_0081,4,12,56.0706,42.9102,0.9995,48.387,1,0.6667,2,3,0.1503,0,0.0,2,High Open-Source Contributor,Strong match (Score: 56.1). Matched 2/3 required skills (67%). high text similarity (0.15). Segment: High Open-Source Contributor.
afc2bd90-04a1-4a8a-82b7-e1582e9a16d8,proj_0081,5,8,55.9498,43.0582,0.9995,50.0024,1,0.6667,2,3,0.1383,0,0.0,2,High Open-Source Contributor,Strong match (Score: 55.9). Matched 2/3 required skills (67%). Segment: High Open-Source Contributor.
3c6e4855-a064-45ef-9ba1-692a2a1c9770,proj_0081,6,8,55.5432,41.9518,0.9995,49.4103,1,0.6667,2,3,0.1407,0,0.0,3,Emerging Generalist Builder,Strong match (Score: 55.5). Matched 2/3 required skills (67%). Segment: Emerging Generalist Builder.
5c9edf70-b59e-4883-a7bb-83d28eedbee5,proj_0081,7,9,55.4894,42.1098,0.9995,41.2192,1,0.6667,2,3,0.1329,0,0.0,1,Hackathon Champion,Strong match (Score: 55.5). Matched 2/3 required skills (67%). Segment: Hackathon Champion.
0c8bb400-827f-49e1-a7d9-1d94cb7f8dfc,proj_0081,8,6,54.3372,40.478,0.9995,40.2015,1,0.6667,2,3,0.0996,0,0.0,1,Hackathon Champion,Strong match (Score: 54.3). Matched 2/3 required skills (67%). Segment: Hackathon Champion.
d9758c73-1f57-4d15-a893-49b5f90df6b1,proj_0081,9,6,52.8892,37.593,0.9994,35.6123,1,0.6667,2,3,0.0802,0,0.0,1,Hackathon Champion,Strong match (Score: 52.9). Matched 2/3 required skills (67%). Segment: Hackathon Champion.
ed82829b-d814-4e03-b750-a41974852d40,proj_0081,10,16,52.8167,37.8018,0.9994,28.964,1,0.6667,2,3,0.0698,0,0.0,0,Applied Project Specialist,Strong match (Score: 52.8). Matched 2/3 required skills (67%). Segment: Applied Project Specialist.
3c6e4855-a064-45ef-9ba1-692a2a1c9770,proj_0082,1,15,49.4217,31.7167,0.9982,32.6817,1,0.3333,1,3,0.2304,0,0.0,3,Emerging Generalist Builder,Moderate match (Score: 49.4). Matched 1/3 required skills (33%). high text similarity (0.23). Segment: Emerging Generalist Builder.
0eb20fb6-a17a-41e6-846a-933aef316c3a,proj_0082,2,18,49.3155,31.8487,0.9972,27.5976,1,0.3333,1,3,0.2218,0,0.0,2,High Open-Source Contributor,Moderate match (Score: 49.3). Matched 1/3 required skills (33%). high text similarity (0.22). Segment: High Open-Source Contributor.
c7e4375f-a8fd-4865-8103-37abae37a3a5,proj_0082,3,9,49.0602,31.6643,0.9981,30.7356,1,0.3333,1,3,0.2079,0,0.0,2,High Open-Source Contributor,Moderate match (Score: 49.1). Matched 1/3 required skills (33%). high text similarity (0.21). Segment: High Open-Source Contributor.
57f1deb3-f6b6-4040-937c-f8842a4bdeb1,proj_0082,4,24,48.8006,30.3852,0.9974,35.1033,1,0.3333,1,3,0.2261,0,0.0,2,High Open-Source Contributor,Moderate match (Score: 48.8). Matched 1/3 required skills (33%). high text similarity (0.23). Segment: High Open-Source Contributor.
8157aedf-3cb8-41e6-acac-ca31f4256129,proj_0082,5,15,48.7886,31.1316,0.9979,19.7102,1,0.3333,1,3,0.2044,0,0.0,2,High Open-Source Contributor,Moderate match (Score: 48.8). Matched 1/3 required skills (33%). high text similarity (0.20). Segment: High Open-Source Contributor.
b0473f2b-3906-4d17-835c-77d14f68153c,proj_0082,6,18,48.7743,30.9757,0.9977,26.1794,1,0.3333,1,3,0.208,0,0.0,2,High Open-Source Contributor,Moderate match (Score: 48.8). Matched 1/3 required skills (33%). high text similarity (0.21). Segment: High Open-Source Contributor.
5c9edf70-b59e-4883-a7bb-83d28eedbee5,proj_0082,7,21,47.9982,29.7254,0.9968,31.8285,1,0.3333,1,3,0.1914,0,0.0,1,Hackathon Champion,Moderate match (Score: 48.0). Matched 1/3 required skills (33%). high text similarity (0.19). Segment: Hackathon Champion.
afc2bd90-04a1-4a8a-82b7-e1582e9a16d8,proj_0082,8,33,47.9553,30.522,0.9963,27.6326,1,0.3333,1,3,0.1683,0,0.0,2,High Open-Source Contributor,Moderate match (Score: 48.0). Matched 1/3 required skills (33%). high text similarity (0.17). Segment: High Open-Source Contributor.
4255926b-5147-4f6a-8eed-9479ec273f86,proj_0082,9,14,47.6197,29.0081,0.9966,30.6426,1,0.3333,1,3,0.1857,0,0.0,3,Emerging Generalist Builder,Moderate match (Score: 47.6). Matched 1/3 required skills (33%). high text similarity (0.19). Segment: Emerging Generalist Builder.
dcb6a76d-24ae-4ddd-b286-849f0bc7b932,proj_0082,10,19,46.9912,28.6142,0.9982,27.9049,1,0.3333,1,3,0.1511,0,0.0,2,High Open-Source Contributor,Moderate match (Score: 47.0). Matched 1/3 required skills (33%). high text similarity (0.15). Segment: High Open-Source Contributor.
689ef428-5690-41ea-8a1b-ebc15103c183,proj_0083,1,13,57.4655,46.4893,0.9995,43.1546,1,0.6667,2,3,0.0923,0,0.3333,2,High Open-Source Contributor,Strong match (Score: 57.5). Matched 2/3 required skills (67%). Segment: High Open-Source Contributor.
29a70b35-707c-484f-8bb5-8b215d6ebcd4,proj_0083,2,14,57.3585,45.2094,0.9995,38.7333,1,0.6667,2,3,0.1193,0,0.3333,2,High Open-Source Contributor,Strong match (Score: 57.4). Matched 2/3 required skills (67%). Segment: High Open-Source Contributor.
ec48f2c8-387a-4ec0-b06c-7fc1298bf283,proj_0083,3,5,57.1391,45.0552,0.9995,45.6907,1,0.6667,2,3,0.131,0,0.2,2,High Open-Source Contributor,Strong match (Score: 57.1). Matched 2/3 required skills (67%). Segment: High Open-Source Contributor.
6c330b26-96e7-4e06-adf2-825da3cf559f,proj_0083,4,12,56.7151,44.5753,0.9995,51.6565,1,0.6667,2,3,0.1072,0,0.25,2,High Open-Source Contributor,Strong match (Score: 56.7). Matched 2/3 required skills (67%). Segment: High Open-Source Contributor.
72784713-9bf5-4872-b81e-90d330240b55,proj_0083,5,5,56.7017,44.2679,0.9995,44.6191,1,0.6667,2,3,0.1145,0,0.25,2,High Open-Source Contributor,Strong match (Score: 56.7). Matched 2/3 required skills (67%). Segment: High Open-Source Contributor.
16e1d5c0-c928-45c9-9206-d483c8771a33,proj_0083,6,4,56.6462,44.2868,0.9995,37.9618,1,0.6667,2,3,0.1103,0,0.25,3,Emerging Generalist Builder,Strong match (Score: 56.6). Matched 2/3 required skills (67%). Segment: Emerging Generalist Builder.
2307d6c1-e503-4021-b867-985d5bdef21c,proj_0083,7,13,52.8069,37.526,0.9994,46.2678,1,0.6667,2,3,0.0765,0,0.0,2,High Open-Source Contributor,Strong match (Score: 52.8). Matched 2/3 required skills (67%). Segment: High Open-Source Contributor.
b92bae36-b338-429c-af78-0cbf3fb8795f,proj_0083,8,15,52.7486,37.384,0.9993,46.4022,1,0.6667,2,3,0.0766,0,0.0,2,High Open-Source Contributor,Strong match (Score: 52.7). Matched 2/3 required skills (67%). Segment: High Open-Source Contributor.
dc121a55-7e67-46ad-8a5e-d5f29f0627c4,proj_0083,9,9,52.7214,40.5898,0.9984,44.0375,1,0.3333,1,3,0.1467,0,0.4,0,Applied Project Specialist,Strong match (Score: 52.7). Matched 1/3 required skills (33%). Segment: Applied Project Specialist.
133a715d-4f56-43a7-bb5f-3e79e3b6da6c,proj_0083,10,11,52.1193,36.4745,0.9994,46.3643,1,0.6667,2,3,0.0587,0,0.0,3,Emerging Generalist Builder,Strong match (Score: 52.1). Matched 2/3 required skills (67%). Segment: Emerging Generalist Builder.
ec48f2c8-387a-4ec0-b06c-7fc1298bf283,proj_0084,1,1,68.0393,61.9033,0.9995,67.3796,1,1.0,3,3,0.1862,0,0.2,2,High Open-Source Contributor,Strong match (Score: 68.0). Matched 3/3 required skills (100%). high text similarity (0.19). Segment: High Open-Source Contributor.
689ef428-5690-41ea-8a1b-ebc15103c183,proj_0084,2,5,66.7665,59.1444,0.9995,56.5868,1,1.0,3,3,0.1527,0,0.3333,2,High Open-Source Contributor,Strong match (Score: 66.8). Matched 3/3 required skills (100%). high text similarity (0.15). Segment: High Open-Source Contributor.
b92bae36-b338-429c-af78-0cbf3fb8795f,proj_0084,3,6,62.8846,52.6364,0.9983,53.8653,1,1.0,3,3,0.1254,0,0.0,2,High Open-Source Contributor,Strong match (Score: 62.9). Matched 3/3 required skills (100%). Segment: High Open-Source Contributor.
0c80f749-3d68-49f7-b466-a887bbecea6b,proj_0084,4,6,61.4836,50.8889,0.9994,58.7055,1,1.0,3,3,0.0764,0,0.0,2,High Open-Source Contributor,Strong match (Score: 61.5). Matched 3/3 required skills (100%). Segment: High Open-Source Contributor.
29a70b35-707c-484f-8bb5-8b215d6ebcd4,proj_0084,5,13,58.0275,45.7007,0.9995,43.6639,1,0.6667,2,3,0.1508,0,0.3333,2,High Open-Source Contributor,Strong match (Score: 58.0). Matched 2/3 required skills (67%). high text similarity (0.15). Segment: High Open-Source Contributor.
6c330b26-96e7-4e06-adf2-825da3cf559f,proj_0084,6,11,57.7338,45.9219,0.9995,45.8071,1,0.6667,2,3,0.1392,0,0.25,2,High Open-Source Contributor,Strong match (Score: 57.7). Matched 2/3 required skills (67%). Segment: High Open-Source Contributor.
16e1d5c0-c928-45c9-9206-d483c8771a33,proj_0084,7,5,56.5805,44.3625,0.9995,40.0617,1,0.6667,2,3,0.1039,0,0.25,3,Emerging Generalist Builder,Strong match (Score: 56.6). Matched 2/3 required skills (67%). Segment: Emerging Generalist Builder.
581bb5ae-aabd-47ba-8e9e-54b92e296fad,proj_0084,8,4,55.0747,40.9718,0.9995,51.0211,1,0.6667,2,3,0.1356,0,0.0,3,Emerging Generalist Builder,Strong match (Score: 55.1). Matched 2/3 required skills (67%). Segment: Emerging Generalist Builder.
c443afae-85b7-4769-9c9b-3aa42d2f9b49,proj_0084,9,14,54.0092,39.7555,0.9994,41.3496,1,0.6667,2,3,0.0972,0,0.0,3,Emerging Generalist Builder,Strong match (Score: 54.0). Matched 2/3 required skills (67%). Segment: Emerging Generalist Builder.
c1177040-dce4-4597-81dd-d97175e6d848,proj_0084,10,6,53.6925,38.0226,0.9995,41.8047,1,0.6667,2,3,0.1221,0,0.0,3,Emerging Generalist Builder,Strong match (Score: 53.7). Matched 2/3 required skills (67%). Segment: Emerging Generalist Builder.
29a70b35-707c-484f-8bb5-8b215d6ebcd4,proj_0085,1,4,67.7162,61.1086,0.9995,49.849,1,0.75,3,4,0.3303,0,0.3333,2,High Open-Source Contributor,Strong match (Score: 67.7). Matched 3/4 required skills (75%). high text similarity (0.33). Segment: High Open-Source Contributor.
b92bae36-b338-429c-af78-0cbf3fb8795f,proj_0085,2,2,67.1789,60.301,0.9995,58.5017,1,1.0,4,4,0.2049,0,0.0,2,High Open-Source Contributor,Strong match (Score: 67.2). Matched 4/4 required skills (100%). high text similarity (0.20). Segment: High Open-Source Contributor.
6c330b26-96e7-4e06-adf2-825da3cf559f,proj_0085,3,5,63.5891,55.5227,0.9995,51.7324,1,0.75,3,4,0.218,0,0.25,2,High Open-Source Contributor,Strong match (Score: 63.6). Matched 3/4 required skills (75%). high text similarity (0.22). Segment: High Open-Source Contributor.
c443afae-85b7-4769-9c9b-3aa42d2f9b49,proj_0085,4,6,61.3111,51.8327,0.9995,58.3153,1,0.75,3,4,0.2062,0,0.0,3,Emerging Generalist Builder,Strong match (Score: 61.3). Matched 3/4 required skills (75%). high text similarity (0.21). Segment: Emerging Generalist Builder.
0c80f749-3d68-49f7-b466-a887bbecea6b,proj_0085,5,10,59.3814,48.5385,0.9995,54.6798,1,0.75,3,4,0.1654,0,0.0,2,High Open-Source Contributor,Strong match (Score: 59.4). Matched 3/4 required skills (75%). high text similarity (0.17). Segment: High Open-Source Contributor.
359cd95a-3ba1-415a-89c5-e2d4d3e11945,proj_0085,6,4,59.0849,49.106,0.9995,50.9068,1,0.75,3,4,0.1305,0,0.0,2,High Open-Source Contributor,Strong match (Score: 59.1). Matched 3/4 required skills (75%). Segment: High Open-Source Contributor.
689ef428-5690-41ea-8a1b-ebc15103c183,proj_0085,7,11,58.8958,49.1471,0.9995,51.546,1,0.75,3,4,0.1168,0,0.0,2,High Open-Source Contributor,Strong match (Score: 58.9). Matched 3/4 required skills (75%). Segment: High Open-Source Contributor.
85821370-f883-484e-94ee-f6ae8dc26c65,proj_0085,8,5,56.5731,46.1964,0.9995,43.1993,1,0.5,2,4,0.2073,0,0.0,1,Hackathon Champion,Strong match (Score: 56.6). Matched 2/4 required skills (50%). high text similarity (0.21). Segment: Hackathon Champion.
16e1d5c0-c928-45c9-9206-d483c8771a33,proj_0085,9,6,55.1428,42.3969,0.9995,45.283,1,0.5,2,4,0.1716,0,0.25,3,Emerging Generalist Builder,Strong match (Score: 55.1). Matched 2/4 required skills (50%). high text similarity (0.17). Segment: Emerging Generalist Builder.
1cca7ff7-949b-4b61-ab87-5e3a12f08e01,proj_0085,10,13,52.1513,37.7219,0.9995,31.8223,1,0.5,2,4,0.1385,0,0.0,3,Emerging Generalist Builder,Strong match (Score: 52.2). Matched 2/4 required skills (50%). Segment: Emerging Generalist Builder.
29a70b35-707c-484f-8bb5-8b215d6ebcd4,proj_0086,1,4,67.7162,61.1086,0.9995,64.8341,1,0.75,3,4,0.3303,0,0.3333,2,High Open-Source Contributor,Strong match (Score: 67.7). Matched 3/4 required skills (75%). high text similarity (0.33). Segment: High Open-Source Contributor.
b92bae36-b338-429c-af78-0cbf3fb8795f,proj_0086,2,2,67.1789,60.301,0.9995,62.3667,1,1.0,4,4,0.2049,0,0.0,2,High Open-Source Contributor,Strong match (Score: 67.2). Matched 4/4 required skills (100%). high text similarity (0.20). Segment: High Open-Source Contributor.
6c330b26-96e7-4e06-adf2-825da3cf559f,proj_0086,3,5,63.5891,55.5227,0.9995,53.518,1,0.75,3,4,0.218,0,0.25,2,High Open-Source Contributor,Strong match (Score: 63.6). Matched 3/4 required skills (75%). high text similarity (0.22). Segment: High Open-Source Contributor.
c443afae-85b7-4769-9c9b-3aa42d2f9b49,proj_0086,4,6,61.3111,51.8327,0.9995,63.8227,1,0.75,3,4,0.2062,0,0.0,3,Emerging Generalist Builder,Strong match (Score: 61.3). Matched 3/4 required skills (75%). high text similarity (0.21). Segment: Emerging Generalist Builder.
0c80f749-3d68-49f7-b466-a887bbecea6b,proj_0086,5,10,59.3814,48.5385,0.9995,54.8032,1,0.75,3,4,0.1654,0,0.0,2,High Open-Source Contributor,Strong match (Score: 59.4). Matched 3/4 required skills (75%). high text similarity (0.17). Segment: High Open-Source Contributor.
359cd95a-3ba1-415a-89c5-e2d4d3e11945,proj_0086,6,4,59.0849,49.106,0.9995,45.3328,1,0.75,3,4,0.1305,0,0.0,2,High Open-Source Contributor,Strong match (Score: 59.1). Matched 3/4 required skills (75%). Segment: High Open-Source Contributor.
689ef428-5690-41ea-8a1b-ebc15103c183,proj_0086,7,11,58.8958,49.1471,0.9995,49.0147,1,0.75,3,4,0.1168,0,0.0,2,High Open-Source Contributor,Strong match (Score: 58.9). Matched 3/4 required skills (75%). Segment: High Open-Source Contributor.
85821370-f883-484e-94ee-f6ae8dc26c65,proj_0086,8,5,56.5731,46.1964,0.9995,45.2311,1,0.5,2,4,0.2073,0,0.0,1,Hackathon Champion,Strong match (Score: 56.6). Matched 2/4 required skills (50%). high text similarity (0.21). Segment: Hackathon Champion.
16e1d5c0-c928-45c9-9206-d483c8771a33,proj_0086,9,6,55.1428,42.3969,0.9995,45.5951,1,0.5,2,4,0.1716,0,0.25,3,Emerging Generalist Builder,Strong match (Score: 55.1). Matched 2/4 required skills (50%). high text similarity (0.17). Segment: Emerging Generalist Builder.
1cca7ff7-949b-4b61-ab87-5e3a12f08e01,proj_0086,10,13,52.1513,37.7219,0.9995,22.9867,1,0.5,2,4,0.1385,0,0.0,3,Emerging Generalist Builder,Strong match (Score: 52.2). Matched 2/4 required skills (50%). Segment: Emerging Generalist Builder.
6865cca3-4c65-4233-ad13-01f07df1e294,proj_0087,1,9,59.9852,51.3006,0.9995,51.0161,1,0.75,3,4,0.132,0,0.0,2,High Open-Source Contributor,Strong match (Score: 60.0). Matched 3/4 required skills (75%). Segment: High Open-Source Contributor.
61ef963c-2d5a-43ec-831d-06a2131d686e,proj_0087,2,6,59.8818,51.1058,0.9995,59.288,1,0.75,3,4,0.1303,0,0.0,0,Applied Project Specialist,Strong match (Score: 59.9). Matched 3/4 required skills (75%). Segment: Applied Project Specialist.
b39b7e89-5127-4811-914d-ab307bcb6379,proj_0087,3,3,58.777,48.1826,0.9995,51.591,1,0.75,3,4,0.1346,0,0.0,2,High Open-Source Contributor,Strong match (Score: 58.8). Matched 3/4 required skills (75%). Segment: High Open-Source Contributor.
99d675f5-481c-4a42-ab83-626ee52dd60c,proj_0087,4,16,58.4609,49.3648,0.9979,44.0217,1,0.75,3,4,0.0852,0,0.0,0,Applied Project Specialist,Strong match (Score: 58.5). Matched 3/4 required skills (75%). Segment: Applied Project Specialist.
d3ced1b7-92b3-466b-92fa-4d0f7d7ebdfa,proj_0087,5,9,58.4209,48.901,0.9994,50.4879,1,0.75,3,4,0.0919,0,0.0,0,Applied Project Specialist,Strong match (Score: 58.4). Matched 3/4 required skills (75%). Segment: Applied Project Specialist.
9965fb9a-60f0-4faa-a4c2-69d5bf9b8f86,proj_0087,6,11,58.4065,47.9462,0.9995,49.1641,1,0.75,3,4,0.1162,0,0.0,0,Applied Project Specialist,Strong match (Score: 58.4). Matched 3/4 required skills (75%). Segment: Applied Project Specialist.
7cbaf425-d5c6-49f3-8efe-1b197b36c98b,proj_0087,7,10,58.1418,47.7645,0.9994,51.8252,1,0.75,3,4,0.1036,0,0.0,1,Hackathon Champion,Strong match (Score: 58.1). Matched 3/4 required skills (75%). Segment: Hackathon Champion.
9ae589e7-8191-4300-a84f-0a6aad97c42a,proj_0087,8,11,57.0251,45.0141,0.9994,38.5005,1,0.75,3,4,0.1025,0,0.0,3,Emerging Generalist Builder,Strong match (Score: 57.0). Matched 3/4 required skills (75%). Segment: Emerging Generalist Builder.
542b7d19-73c7-45fb-b92c-53bcb997d9cf,proj_0087,9,23,51.8157,37.5581,0.9995,39.4637,1,0.5,2,4,0.1205,0,0.0,1,Hackathon Champion,Strong match (Score: 51.8). Matched 2/4 required skills (50%). Segment: Hackathon Champion.
375f70ab-cece-48f6-a17c-d18f2d3fca7a,proj_0087,10,3,51.273,36.1974,0.9995,44.0026,1,0.5,2,4,0.1206,0,0.0,3,Emerging Generalist Builder,Strong match (Score: 51.3). Matched 2/4 required skills (50%). Segment: Emerging Generalist Builder.
9965fb9a-60f0-4faa-a4c2-69d5bf9b8f86,proj_0088,1,4,65.5234,57.4822,0.9992,58.0814,1,1.0,3,3,0.1703,0,0.0,0,Applied Project Specialist,Strong match (Score: 65.5). Matched 3/3 required skills (100%). high text similarity (0.17). Segment: Applied Project Specialist.
99d675f5-481c-4a42-ab83-626ee52dd60c,proj_0088,2,7,64.9015,57.4649,0.9995,61.6413,1,1.0,3,3,0.1287,0,0.0,0,Applied Project Specialist,Strong match (Score: 64.9). Matched 3/3 required skills (100%). Segment: Applied Project Specialist.
b39b7e89-5127-4811-914d-ab307bcb6379,proj_0088,3,7,56.8772,43.8768,0.9992,52.3872,1,0.6667,2,3,0.1789,0,0.0,2,High Open-Source Contributor,Strong match (Score: 56.9). Matched 2/3 required skills (67%). high text similarity (0.18). Segment: High Open-Source Contributor.
0decaf73-52c9-42b3-86a1-ab4cceda8b82,proj_0088,4,4,55.9754,42.2298,0.9992,39.9775,1,0.6667,2,3,0.1627,0,0.0,2,High Open-Source Contributor,Strong match (Score: 56.0). Matched 2/3 required skills (67%). high text similarity (0.16). Segment: High Open-Source Contributor.
9ae589e7-8191-4300-a84f-0a6aad97c42a,proj_0088,5,14,55.1766,40.4728,0.9992,34.9202,1,0.6667,2,3,0.1563,0,0.0,3,Emerging Generalist Builder,Strong match (Score: 55.2). Matched 2/3 required skills (67%). high text similarity (0.16). Segment: Emerging Generalist Builder.
61ef963c-2d5a-43ec-831d-06a2131d686e,proj_0088,6,20,47.7901,31.2641,0.9948,24.7843,1,0.3333,1,3,0.1405,0,0.0,0,Applied Project Specialist,Moderate match (Score: 47.8). Matched 1/3 required skills (33%). Segment: Applied Project Specialist.
6865cca3-4c65-4233-ad13-01f07df1e294,proj_0088,7,36,47.0981,30.2839,0.9956,26.6563,1,0.3333,1,3,0.1189,0,0.0,2,High Open-Source Contributor,Moderate match (Score: 47.1). Matched 1/3 required skills (33%). Segment: High Open-Source Contributor.
4840528d-44a9-4c59-b980-d62a7738dead,proj_0088,8,18,46.3643,27.7294,0.9918,30.5992,1,0.3333,1,3,0.1457,0,0.0,2,High Open-Source Contributor,Moderate match (Score: 46.4). Matched 1/3 required skills (33%). Segment: High Open-Source Contributor.
c0d7e26a-5ff2-486e-9549-731319f1a415,proj_0088,9,28,46.2143,27.5983,0.9941,33.2646,1,0.3333,1,3,0.1346,0,0.0,1,Hackathon Champion,Moderate match (Score: 46.2). Matched 1/3 required skills (33%). Segment: Hackathon Champion.
542b7d19-73c7-45fb-b92c-53bcb997d9cf,proj_0088,10,49,46.1876,27.8315,0.9954,21.4845,1,0.3333,1,3,0.124,0,0.0,1,Hackathon Champion,Moderate match (Score: 46.2). Matched 1/3 required skills (33%). Segment: Hackathon Champion.
6865cca3-4c65-4233-ad13-01f07df1e294,proj_0089,1,4,67.6015,61.5788,0.9992,62.957,1,1.0,3,3,0.1996,0,0.0,2,High Open-Source Contributor,Strong match (Score: 67.6). Matched 3/3 required skills (100%). high text similarity (0.20). Segment: High Open-Source Contributor.
542b7d19-73c7-45fb-b92c-53bcb997d9cf,proj_0089,2,2,66.6714,59.7259,0.9992,55.4274,1,1.0,3,3,0.187,0,0.0,1,Hackathon Champion,Strong match (Score: 66.7). Matched 3/3 required skills (100%). high text similarity (0.19). Segment: Hackathon Champion.
9965fb9a-60f0-4faa-a4c2-69d5bf9b8f86,proj_0089,3,1,65.7175,57.7612,0.9992,52.8018,1,1.0,3,3,0.1758,0,0.0,0,Applied Project Specialist,Strong match (Score: 65.7). Matched 3/3 required skills (100%). high text similarity (0.18). Segment: Applied Project Specialist.
99d675f5-481c-4a42-ab83-626ee52dd60c,proj_0089,4,5,65.112,57.8,0.9995,53.6001,1,1.0,3,3,0.1338,0,0.0,0,Applied Project Specialist,Strong match (Score: 65.1). Matched 3/3 required skills (100%). Segment: Applied Project Specialist.
c0d7e26a-5ff2-486e-9549-731319f1a415,proj_0089,5,3,64.557,55.3812,0.9992,54.8941,1,1.0,3,3,0.1619,0,0.0,1,Hackathon Champion,Strong match (Score: 64.6). Matched 3/3 required skills (100%). high text similarity (0.16). Segment: Hackathon Champion.
61ef963c-2d5a-43ec-831d-06a2131d686e,proj_0089,6,10,57.5524,45.5086,0.9992,36.7817,1,0.6667,2,3,0.1804,0,0.0,0,Applied Project Specialist,Strong match (Score: 57.6). Matched 2/3 required skills (67%). high text similarity (0.18). Segment: Applied Project Specialist.
8ad6c823-a9c7-4460-aa3b-8594a99e72f2,proj_0089,7,3,56.0285,41.3013,0.9992,32.6749,1,0.6667,2,3,0.191,0,0.0,3,Emerging Generalist Builder,Strong match (Score: 56.0). Matched 2/3 required skills (67%). high text similarity (0.19). Segment: Emerging Generalist Builder.
9ae589e7-8191-4300-a84f-0a6aad97c42a,proj_0089,8,16,53.9683,38.8319,0.9995,45.7308,1,0.6667,2,3,0.1189,0,0.0,3,Emerging Generalist Builder,Strong match (Score: 54.0). Matched 2/3 required skills (67%). Segment: Emerging Generalist Builder.
375f70ab-cece-48f6-a17c-d18f2d3fca7a,proj_0089,9,13,46.8584,28.7172,0.9927,25.8069,1,0.3333,1,3,0.1505,0,0.0,3,Emerging Generalist Builder,Moderate match (Score: 46.9). Matched 1/3 required skills (33%). high text similarity (0.15). Segment: Emerging Generalist Builder.
b39b7e89-5127-4811-914d-ab307bcb6379,proj_0089,10,26,46.3218,27.7995,0.991,18.0638,1,0.3333,1,3,0.1426,0,0.0,2,High Open-Source Contributor,Moderate match (Score: 46.3). Matched 1/3 required skills (33%). Segment: High Open-Source Contributor.
6865cca3-4c65-4233-ad13-01f07df1e294,proj_0090,1,4,67.6015,61.5788,0.9992,65.0518,1,1.0,3,3,0.1996,0,0.0,2,High Open-Source Contributor,Strong match (Score: 67.6). Matched 3/3 required skills (100%). high text similarity (0.20). Segment: High Open-Source Contributor.
542b7d19-73c7-45fb-b92c-53bcb997d9cf,proj_0090,2,2,66.6714,59.7259,0.9992,61.7424,1,1.0,3,3,0.187,0,0.0,1,Hackathon Champion,Strong match (Score: 66.7). Matched 3/3 required skills (100%). high text similarity (0.19). Segment: Hackathon Champion.
9965fb9a-60f0-4faa-a4c2-69d5bf9b8f86,proj_0090,3,1,65.7175,57.7612,0.9992,61.3626,1,1.0,3,3,0.1758,0,0.0,0,Applied Project Specialist,Strong match (Score: 65.7). Matched 3/3 required skills (100%). high text similarity (0.18). Segment: Applied Project Specialist.
99d675f5-481c-4a42-ab83-626ee52dd60c,proj_0090,4,5,65.112,57.8,0.9995,58.2752,1,1.0,3,3,0.1338,0,0.0,0,Applied Project Specialist,Strong match (Score: 65.1). Matched 3/3 required skills (100%). Segment: Applied Project Specialist.
c0d7e26a-5ff2-486e-9549-731319f1a415,proj_0090,5,3,64.557,55.3812,0.9992,65.7102,1,1.0,3,3,0.1619,0,0.0,1,Hackathon Champion,Strong match (Score: 64.6). Matched 3/3 required skills (100%). high text similarity (0.16). Segment: Hackathon Champion.
61ef963c-2d5a-43ec-831d-06a2131d686e,proj_0090,6,10,57.5524,45.5086,0.9992,46.5633,1,0.6667,2,3,0.1804,0,0.0,0,Applied Project Specialist,Strong match (Score: 57.6). Matched 2/3 required skills (67%). high text similarity (0.18). Segment: Applied Project Specialist.
8ad6c823-a9c7-4460-aa3b-8594a99e72f2,proj_0090,7,3,56.0285,41.3013,0.9992,50.6712,1,0.6667,2,3,0.191,0,0.0,3,Emerging Generalist Builder,Strong match (Score: 56.0). Matched 2/3 required skills (67%). high text similarity (0.19). Segment: Emerging Generalist Builder.
9ae589e7-8191-4300-a84f-0a6aad97c42a,proj_0090,8,16,53.9683,38.8319,0.9995,33.091,1,0.6667,2,3,0.1189,0,0.0,3,Emerging Generalist Builder,Strong match (Score: 54.0). Matched 2/3 required skills (67%). Segment: Emerging Generalist Builder.
375f70ab-cece-48f6-a17c-d18f2d3fca7a,proj_0090,9,13,46.8584,28.7172,0.9927,24.1548,1,0.3333,1,3,0.1505,0,0.0,3,Emerging Generalist Builder,Moderate match (Score: 46.9). Matched 1/3 required skills (33%). high text similarity (0.15). Segment: Emerging Generalist Builder.
b39b7e89-5127-4811-914d-ab307bcb6379,proj_0090,10,26,46.3218,27.7995,0.991,29.5599,1,0.3333,1,3,0.1426,0,0.0,2,High Open-Source Contributor,Moderate match (Score: 46.3). Matched 1/3 required skills (33%). Segment: High Open-Source Contributor.
9965fb9a-60f0-4faa-a4c2-69d5bf9b8f86,proj_0091,1,4,65.5234,57.4822,0.9992,53.7608,1,1.0,3,3,0.1703,0,0.0,0,Applied Project Specialist,Strong match (Score: 65.5). Matched 3/3 required skills (100%). high text similarity (0.17). Segment: Applied Project Specialist.
99d675f5-481c-4a42-ab83-626ee52dd60c,proj_0091,2,7,64.9015,57.4649,0.9995,64.7569,1,1.0,3,3,0.1287,0,0.0,0,Applied Project Specialist,Strong match (Score: 64.9). Matched 3/3 required skills (100%). Segment: Applied Project Specialist.
b39b7e89-5127-4811-914d-ab307bcb6379,proj_0091,3,7,56.8772,43.8768,0.9992,50.6427,1,0.6667,2,3,0.1789,0,0.0,2,High Open-Source Contributor,Strong match (Score: 56.9). Matched 2/3 required skills (67%). high text similarity (0.18). Segment: High Open-Source Contributor.
0decaf73-52c9-42b3-86a1-ab4cceda8b82,proj_0091,4,4,55.9754,42.2298,0.9992,52.1328,1,0.6667,2,3,0.1627,0,0.0,2,High Open-Source Contributor,Strong match (Score: 56.0). Matched 2/3 required skills (67%). high text similarity (0.16). Segment: High Open-Source Contributor.
9ae589e7-8191-4300-a84f-0a6aad97c42a,proj_0091,5,14,55.1766,40.4728,0.9992,37.471,1,0.6667,2,3,0.1563,0,0.0,3,Emerging Generalist Builder,Strong match (Score: 55.2). Matched 2/3 required skills (67%). high text similarity (0.16). Segment: Emerging Generalist Builder.
61ef963c-2d5a-43ec-831d-06a2131d686e,proj_0091,6,20,47.7901,31.2641,0.9948,32.1717,1,0.3333,1,3,0.1405,0,0.0,0,Applied Project Specialist,Moderate match (Score: 47.8). Matched 1/3 required skills (33%). Segment: Applied Project Specialist.
6865cca3-4c65-4233-ad13-01f07df1e294,proj_0091,7,36,47.0981,30.2839,0.9956,35.1702,1,0.3333,1,3,0.1189,0,0.0,2,High Open-Source Contributor,Moderate match (Score: 47.1). Matched 1/3 required skills (33%). Segment: High Open-Source Contributor.
4840528d-44a9-4c59-b980-d62a7738dead,proj_0091,8,18,46.3643,27.7294,0.9918,36.8026,1,0.3333,1,3,0.1457,0,0.0,2,High Open-Source Contributor,Moderate match (Score: 46.4). Matched 1/3 required skills (33%). Segment: High Open-Source Contributor.
c0d7e26a-5ff2-486e-9549-731319f1a415,proj_0091,9,28,46.2143,27.5983,0.9941,27.2472,1,0.3333,1,3,0.1346,0,0.0,1,Hackathon Champion,Moderate match (Score: 46.2). Matched 1/3 required skills (33%). Segment: Hackathon Champion.
542b7d19-73c7-45fb-b92c-53bcb997d9cf,proj_0091,10,49,46.1876,27.8315,0.9954,30.8954,1,0.3333,1,3,0.124,0,0.0,1,Hackathon Champion,Moderate match (Score: 46.2). Matched 1/3 required skills (33%). Segment: Hackathon Champion.
6865cca3-4c65-4233-ad13-01f07df1e294,proj_0092,1,9,59.9852,51.3006,0.9995,54.6174,1,0.75,3,4,0.132,0,0.0,2,High Open-Source Contributor,Strong match (Score: 60.0). Matched 3/4 required skills (75%). Segment: High Open-Source Contributor.
61ef963c-2d5a-43ec-831d-06a2131d686e,proj_0092,2,6,59.8818,51.1058,0.9995,49.7689,1,0.75,3,4,0.1303,0,0.0,0,Applied Project Specialist,Strong match (Score: 59.9). Matched 3/4 required skills (75%). Segment: Applied Project Specialist.
b39b7e89-5127-4811-914d-ab307bcb6379,proj_0092,3,3,58.777,48.1826,0.9995,49.2986,1,0.75,3,4,0.1346,0,0.0,2,High Open-Source Contributor,Strong match (Score: 58.8). Matched 3/4 required skills (75%). Segment: High Open-Source Contributor.
99d675f5-481c-4a42-ab83-626ee52dd60c,proj_0092,4,16,58.4609,49.3648,0.9979,49.2701,1,0.75,3,4,0.0852,0,0.0,0,Applied Project Specialist,Strong match (Score: 58.5). Matched 3/4 required skills (75%). Segment: Applied Project Specialist.
d3ced1b7-92b3-466b-92fa-4d0f7d7ebdfa,proj_0092,5,9,58.4209,48.901,0.9994,51.361,1,0.75,3,4,0.0919,0,0.0,0,Applied Project Specialist,Strong match (Score: 58.4). Matched 3/4 required skills (75%). Segment: Applied Project Specialist.
9965fb9a-60f0-4faa-a4c2-69d5bf9b8f86,proj_0092,6,11,58.4065,47.9462,0.9995,54.2883,1,0.75,3,4,0.1162,0,0.0,0,Applied Project Specialist,Strong match (Score: 58.4). Matched 3/4 required skills (75%). Segment: Applied Project Specialist.
7cbaf425-d5c6-49f3-8efe-1b197b36c98b,proj_0092,7,10,58.1418,47.7645,0.9994,57.3681,1,0.75,3,4,0.1036,0,0.0,1,Hackathon Champion,Strong match (Score: 58.1). Matched 3/4 required skills (75%). Segment: Hackathon Champion.
9ae589e7-8191-4300-a84f-0a6aad97c42a,proj_0092,8,11,57.0251,45.0141,0.9994,54.7093,1,0.75,3,4,0.1025,0,0.0,3,Emerging Generalist Builder,Strong match (Score: 57.0). Matched 3/4 required skills (75%). Segment: Emerging Generalist Builder.
542b7d19-73c7-45fb-b92c-53bcb997d9cf,proj_0092,9,23,51.8157,37.5581,0.9995,35.7974,1,0.5,2,4,0.1205,0,0.0,1,Hackathon Champion,Strong match (Score: 51.8). Matched 2/4 required skills (50%). Segment: Hackathon Champion.
375f70ab-cece-48f6-a17c-d18f2d3fca7a,proj_0092,10,3,51.273,36.1974,0.9995,31.3326,1,0.5,2,4,0.1206,0,0.0,3,Emerging Generalist Builder,Strong match (Score: 51.3). Matched 2/4 required skills (50%). Segment: Emerging Generalist Builder.
aae2087b-48ce-441f-8985-02e8fb5169ec,proj_0093,1,1,69.3109,62.8486,0.9995,54.3511,1,1.0,3,3,0.2791,0,0.0,0,Applied Project Specialist,Strong match (Score: 69.3). Matched 3/3 required skills (100%). high text similarity (0.28). Segment: Applied Project Specialist.
fb226637-2562-4854-b14a-c221fc1c16f5,proj_0093,2,1,68.1071,60.2291,0.9995,50.5635,1,1.0,3,3,0.2687,0,0.0,2,High Open-Source Contributor,Strong match (Score: 68.1). Matched 3/3 required skills (100%). high text similarity (0.27). Segment: High Open-Source Contributor.
1a936a97-805b-4cee-9aec-926daf068aae,proj_0093,3,3,68.0945,61.1988,0.9995,65.771,1,1.0,3,3,0.242,0,0.0,3,Emerging Generalist Builder,Strong match (Score: 68.1). Matched 3/3 required skills (100%). high text similarity (0.24). Segment: Emerging Generalist Builder.
fcf55a24-23c2-4309-a192-7f47d52acf29,proj_0093,4,3,67.9107,59.7642,0.9995,55.5083,1,1.0,3,3,0.268,0,0.0,3,Emerging Generalist Builder,Strong match (Score: 67.9). Matched 3/3 required skills (100%). high text similarity (0.27). Segment: Emerging Generalist Builder.
fe666b31-cdfb-495a-9c8a-2288a74bae75,proj_0093,5,1,66.9657,58.6205,0.9995,60.7338,1,1.0,3,3,0.2355,0,0.0,3,Emerging Generalist Builder,Strong match (Score: 67.0). Matched 3/3 required skills (100%). high text similarity (0.24). Segment: Emerging Generalist Builder.
4a4c9e97-9845-42a6-98b8-c94aad38f9e6,proj_0093,6,1,66.7855,58.3687,0.9995,63.3341,1,1.0,3,3,0.2302,0,0.0,2,High Open-Source Contributor,Strong match (Score: 66.8). Matched 3/3 required skills (100%). high text similarity (0.23). Segment: High Open-Source Contributor.
fb92583d-11ab-4cec-a9fd-c5fd932c1193,proj_0093,7,7,62.9283,54.2751,0.9995,61.8313,1,0.6667,2,3,0.0822,1,0.3333,1,Hackathon Champion,Strong match (Score: 62.9). Matched 2/3 required skills (67%). domain aligned. Segment: Hackathon Champion.
b4480ab9-68c4-405e-89c5-4425b42b6a50,proj_0093,8,1,61.634,50.3925,0.9996,47.7649,1,0.6667,2,3,0.1548,1,0.0,3,Emerging Generalist Builder,Strong match (Score: 61.6). Matched 2/3 required skills (67%). high text similarity (0.15). domain aligned. Segment: Emerging Generalist Builder.
0af9507d-81b9-4cf1-b44b-0dacf503dc2d,proj_0093,9,1,59.5357,48.7654,0.9995,54.009,1,0.6667,2,3,0.0585,1,0.0,3,Emerging Generalist Builder,Strong match (Score: 59.5). Matched 2/3 required skills (67%). domain aligned. Segment: Emerging Generalist Builder.
1ac50d1b-e5e1-448b-9a7c-d0b1946dd32f,proj_0093,10,22,59.0223,47.7257,0.9995,50.2103,1,0.6667,2,3,0.052,1,0.0,0,Applied Project Specialist,Strong match (Score: 59.0). Matched 2/3 required skills (67%). domain aligned. Segment: Applied Project Specialist.
aae2087b-48ce-441f-8985-02e8fb5169ec,proj_0094,1,1,69.3109,62.8486,0.9995,63.5412,1,1.0,3,3,0.2791,0,0.0,0,Applied Project Specialist,Strong match (Score: 69.3). Matched 3/3 required skills (100%). high text similarity (0.28). Segment: Applied Project Specialist.
fb226637-2562-4854-b14a-c221fc1c16f5,proj_0094,2,1,68.1071,60.2291,0.9995,60.4002,1,1.0,3,3,0.2687,0,0.0,2,High Open-Source Contributor,Strong match (Score: 68.1). Matched 3/3 required skills (100%). high text similarity (0.27). Segment: High Open-Source Contributor.
1a936a97-805b-4cee-9aec-926daf068aae,proj_0094,3,3,68.0945,61.1988,0.9995,63.3654,1,1.0,3,3,0.242,0,0.0,3,Emerging Generalist Builder,Strong match (Score: 68.1). Matched 3/3 required skills (100%). high text similarity (0.24). Segment: Emerging Generalist Builder.
fcf55a24-23c2-4309-a192-7f47d52acf29,proj_0094,4,3,67.9107,59.7642,0.9995,61.1932,1,1.0,3,3,0.268,0,0.0,3,Emerging Generalist Builder,Strong match (Score: 67.9). Matched 3/3 required skills (100%). high text similarity (0.27). Segment: Emerging Generalist Builder.
fe666b31-cdfb-495a-9c8a-2288a74bae75,proj_0094,5,1,66.9657,58.6205,0.9995,63.4404,1,1.0,3,3,0.2355,0,0.0,3,Emerging Generalist Builder,Strong match (Score: 67.0). Matched 3/3 required skills (100%). high text similarity (0.24). Segment: Emerging Generalist Builder.
4a4c9e97-9845-42a6-98b8-c94aad38f9e6,proj_0094,6,1,66.7855,58.3687,0.9995,56.7624,1,1.0,3,3,0.2302,0,0.0,2,High Open-Source Contributor,Strong match (Score: 66.8). Matched 3/3 required skills (100%). high text similarity (0.23). Segment: High Open-Source Contributor.
fb92583d-11ab-4cec-a9fd-c5fd932c1193,proj_0094,7,7,62.9283,54.2751,0.9995,64.9766,1,0.6667,2,3,0.0822,1,0.3333,1,Hackathon Champion,Strong match (Score: 62.9). Matched 2/3 required skills (67%). domain aligned. Segment: Hackathon Champion.
b4480ab9-68c4-405e-89c5-4425b42b6a50,proj_0094,8,1,61.634,50.3925,0.9996,59.1729,1,0.6667,2,3,0.1548,1,0.0,3,Emerging Generalist Builder,Strong match (Score: 61.6). Matched 2/3 required skills (67%). high text similarity (0.15). domain aligned. Segment: Emerging Generalist Builder.
0af9507d-81b9-4cf1-b44b-0dacf503dc2d,proj_0094,9,1,59.5357,48.7654,0.9995,48.5725,1,0.6667,2,3,0.0585,1,0.0,3,Emerging Generalist Builder,Strong match (Score: 59.5). Matched 2/3 required skills (67%). domain aligned. Segment: Emerging Generalist Builder.
1ac50d1b-e5e1-448b-9a7c-d0b1946dd32f,proj_0094,10,22,59.0223,47.7257,0.9995,52.3566,1,0.6667,2,3,0.052,1,0.0,0,Applied Project Specialist,Strong match (Score: 59.0). Matched 2/3 required skills (67%). domain aligned. Segment: Applied Project Specialist.
9b22ca8a-655c-43ad-b685-8e52f2b8b6c5,proj_0095,1,1,67.0582,59.1104,0.9995,48.7497,1,1.0,3,3,0.2286,0,0.0,1,Hackathon Champion,Strong match (Score: 67.1). Matched 3/3 required skills (100%). high text similarity (0.23). Segment: Hackathon Champion.
bf71b5af-5a4f-4e44-ba7a-ca87d9f090ff,proj_0095,2,1,67.0251,58.1277,0.9995,58.8522,1,1.0,3,3,0.2526,0,0.0,3,Emerging Generalist Builder,Strong match (Score: 67.0). Matched 3/3 required skills (100%). high text similarity (0.25). Segment: Emerging Generalist Builder.
fb226637-2562-4854-b14a-c221fc1c16f5,proj_0095,3,5,66.5684,58.4298,0.9995,57.6317,1,1.0,3,3,0.2141,0,0.0,2,High Open-Source Contributor,Strong match (Score: 66.6). Matched 3/3 required skills (100%). high text similarity (0.21). Segment: High Open-Source Contributor.
fcf55a24-23c2-4309-a192-7f47d52acf29,proj_0095,4,6,66.3111,57.8052,0.9995,53.9841,1,1.0,3,3,0.2136,0,0.0,3,Emerging Generalist Builder,Strong match (Score: 66.3). Matched 3/3 required skills (100%). high text similarity (0.21). Segment: Emerging Generalist Builder.
4bf3230d-f348-44df-8f97-f2f8545feb5b,proj_0095,5,2,66.1874,57.3348,0.9995,62.6196,1,1.0,3,3,0.2179,0,0.0,3,Emerging Generalist Builder,Strong match (Score: 66.2). Matched 3/3 required skills (100%). high text similarity (0.22). Segment: Emerging Generalist Builder.
aae2087b-48ce-441f-8985-02e8fb5169ec,proj_0095,6,4,64.8066,56.1102,0.9995,50.9128,1,1.0,3,3,0.1585,0,0.0,0,Applied Project Specialist,Strong match (Score: 64.8). Matched 3/3 required skills (100%). high text similarity (0.16). Segment: Applied Project Specialist.
ce2ebc11-9397-4333-846e-1b97cad19e01,proj_0095,7,1,56.6672,45.2118,0.9995,38.1007,1,0.6667,2,3,0.1287,0,0.0,0,Applied Project Specialist,Strong match (Score: 56.7). Matched 2/3 required skills (67%). Segment: Applied Project Specialist.
753d8230-daf5-4396-9960-a7410277fe37,proj_0095,8,2,55.5768,41.3271,0.9995,47.019,1,0.6667,2,3,0.1596,0,0.0,2,High Open-Source Contributor,Strong match (Score: 55.6). Matched 2/3 required skills (67%). high text similarity (0.16). Segment: High Open-Source Contributor.
1a936a97-805b-4cee-9aec-926daf068aae,proj_0095,9,11,55.4171,41.8991,0.9995,38.5446,1,0.6667,2,3,0.1337,0,0.0,3,Emerging Generalist Builder,Strong match (Score: 55.4). Matched 2/3 required skills (67%). Segment: Emerging Generalist Builder.
0c20e0a5-30d5-4525-a0ae-81b220872998,proj_0095,10,6,55.2137,39.988,0.9995,43.4,1,0.6667,2,3,0.1711,0,0.0,3,Emerging Generalist Builder,Strong match (Score: 55.2). Matched 2/3 required skills (67%). high text similarity (0.17). Segment: Emerging Generalist Builder.
aae2087b-48ce-441f-8985-02e8fb5169ec,proj_0096,1,6,64.2385,55.0576,0.9994,67.7708,1,1.0,3,3,0.1489,0,0.0,0,Applied Project Specialist,Strong match (Score: 64.2). Matched 3/3 required skills (100%). Segment: Applied Project Specialist.
4b17ddf9-16f9-48fc-9d6d-51afa2390456,proj_0096,2,3,56.1209,41.7461,0.9995,39.9396,1,0.6667,2,3,0.1847,0,0.0,3,Emerging Generalist Builder,Strong match (Score: 56.1). Matched 2/3 required skills (67%). high text similarity (0.18). Segment: Emerging Generalist Builder.
fcf55a24-23c2-4309-a192-7f47d52acf29,proj_0096,3,13,56.0547,41.6255,0.9995,33.5762,1,0.6667,2,3,0.1835,0,0.0,3,Emerging Generalist Builder,Strong match (Score: 56.1). Matched 2/3 required skills (67%). high text similarity (0.18). Segment: Emerging Generalist Builder.
4bf3230d-f348-44df-8f97-f2f8545feb5b,proj_0096,4,7,55.8614,41.0036,0.9995,44.971,1,0.6667,2,3,0.1872,0,0.0,3,Emerging Generalist Builder,Strong match (Score: 55.9). Matched 2/3 required skills (67%). high text similarity (0.19). Segment: Emerging Generalist Builder.
753d8230-daf5-4396-9960-a7410277fe37,proj_0096,5,11,47.8118,29.7282,0.9973,24.0358,1,0.3333,1,3,0.1779,0,0.0,2,High Open-Source Contributor,Moderate match (Score: 47.8). Matched 1/3 required skills (33%). high text similarity (0.18). Segment: High Open-Source Contributor.
fb226637-2562-4854-b14a-c221fc1c16f5,proj_0096,6,24,47.1522,28.8181,0.9974,31.7198,1,0.3333,1,3,0.158,0,0.0,2,High Open-Source Contributor,Moderate match (Score: 47.2). Matched 1/3 required skills (33%). high text similarity (0.16). Segment: High Open-Source Contributor.
ce2ebc11-9397-4333-846e-1b97cad19e01,proj_0096,7,12,46.5374,29.5235,0.9966,31.987,1,0.3333,1,3,0.0998,0,0.0,0,Applied Project Specialist,Moderate match (Score: 46.5). Matched 1/3 required skills (33%). Segment: Applied Project Specialist.
0c20e0a5-30d5-4525-a0ae-81b220872998,proj_0096,8,17,46.4908,26.9096,0.9947,28.7051,1,0.3333,1,3,0.1702,0,0.0,3,Emerging Generalist Builder,Moderate match (Score: 46.5). Matched 1/3 required skills (33%). high text similarity (0.17). Segment: Emerging Generalist Builder.
4a4c9e97-9845-42a6-98b8-c94aad38f9e6,proj_0096,9,32,45.5826,26.4952,0.9948,34.1785,1,0.3333,1,3,0.1205,0,0.0,2,High Open-Source Contributor,Moderate match (Score: 45.6). Matched 1/3 required skills (33%). Segment: High Open-Source Contributor.
11b8d863-7acf-442d-bcc7-a0b1f0a62bd3,proj_0096,10,24,44.6184,25.1722,0.992,23.7817,1,0.3333,1,3,0.0971,0,0.0,0,Applied Project Specialist,Moderate match (Score: 44.6). Matched 1/3 required skills (33%). Segment: Applied Project Specialist.
aae2087b-48ce-441f-8985-02e8fb5169ec,proj_0097,1,1,69.3109,62.8486,0.9995,64.8263,1,1.0,3,3,0.2791,0,0.0,0,Applied Project Specialist,Strong match (Score: 69.3). Matched 3/3 required skills (100%). high text similarity (0.28). Segment: Applied Project Specialist.
fb226637-2562-4854-b14a-c221fc1c16f5,proj_0097,2,1,68.1071,60.2291,0.9995,59.1486,1,1.0,3,3,0.2687,0,0.0,2,High Open-Source Contributor,Strong match (Score: 68.1). Matched 3/3 required skills (100%). high text similarity (0.27). Segment: High Open-Source Contributor.
1a936a97-805b-4cee-9aec-926daf068aae,proj_0097,3,3,68.0945,61.1988,0.9995,58.525,1,1.0,3,3,0.242,0,0.0,3,Emerging Generalist Builder,Strong match (Score: 68.1). Matched 3/3 required skills (100%). high text similarity (0.24). Segment: Emerging Generalist Builder.
fcf55a24-23c2-4309-a192-7f47d52acf29,proj_0097,4,3,67.9107,59.7642,0.9995,58.0647,1,1.0,3,3,0.268,0,0.0,3,Emerging Generalist Builder,Strong match (Score: 67.9). Matched 3/3 required skills (100%). high text similarity (0.27). Segment: Emerging Generalist Builder.
fe666b31-cdfb-495a-9c8a-2288a74bae75,proj_0097,5,1,66.9657,58.6205,0.9995,57.6081,1,1.0,3,3,0.2355,0,0.0,3,Emerging Generalist Builder,Strong match (Score: 67.0). Matched 3/3 required skills (100%). high text similarity (0.24). Segment: Emerging Generalist Builder.
4a4c9e97-9845-42a6-98b8-c94aad38f9e6,proj_0097,6,1,66.7855,58.3687,0.9995,42.7869,1,1.0,3,3,0.2302,0,0.0,2,High Open-Source Contributor,Strong match (Score: 66.8). Matched 3/3 required skills (100%). high text similarity (0.23). Segment: High Open-Source Contributor.
fb92583d-11ab-4cec-a9fd-c5fd932c1193,proj_0097,7,7,62.9283,54.2751,0.9995,55.2082,1,0.6667,2,3,0.0822,1,0.3333,1,Hackathon Champion,Strong match (Score: 62.9). Matched 2/3 required skills (67%). domain aligned. Segment: Hackathon Champion.
b4480ab9-68c4-405e-89c5-4425b42b6a50,proj_0097,8,1,61.634,50.3925,0.9996,53.463,1,0.6667,2,3,0.1548,1,0.0,3,Emerging Generalist Builder,Strong match (Score: 61.6). Matched 2/3 required skills (67%). high text similarity (0.15). domain aligned. Segment: Emerging Generalist Builder.
0af9507d-81b9-4cf1-b44b-0dacf503dc2d,proj_0097,9,1,59.5357,48.7654,0.9995,48.9726,1,0.6667,2,3,0.0585,1,0.0,3,Emerging Generalist Builder,Strong match (Score: 59.5). Matched 2/3 required skills (67%). domain aligned. Segment: Emerging Generalist Builder.
1ac50d1b-e5e1-448b-9a7c-d0b1946dd32f,proj_0097,10,22,59.0223,47.7257,0.9995,44.2977,1,0.6667,2,3,0.052,1,0.0,0,Applied Project Specialist,Strong match (Score: 59.0). Matched 2/3 required skills (67%). domain aligned. Segment: Applied Project Specialist.
aae2087b-48ce-441f-8985-02e8fb5169ec,proj_0098,1,6,64.2385,55.0576,0.9994,52.2204,1,1.0,3,3,0.1489,0,0.0,0,Applied Project Specialist,Strong match (Score: 64.2). Matched 3/3 required skills (100%). Segment: Applied Project Specialist.
4b17ddf9-16f9-48fc-9d6d-51afa2390456,proj_0098,2,3,56.1209,41.7461,0.9995,34.4222,1,0.6667,2,3,0.1847,0,0.0,3,Emerging Generalist Builder,Strong match (Score: 56.1). Matched 2/3 required skills (67%). high text similarity (0.18). Segment: Emerging Generalist Builder.
fcf55a24-23c2-4309-a192-7f47d52acf29,proj_0098,3,13,56.0547,41.6255,0.9995,30.5622,1,0.6667,2,3,0.1835,0,0.0,3,Emerging Generalist Builder,Strong match (Score: 56.1). Matched 2/3 required skills (67%). high text similarity (0.18). Segment: Emerging Generalist Builder.
4bf3230d-f348-44df-8f97-f2f8545feb5b,proj_0098,4,7,55.8614,41.0036,0.9995,38.4166,1,0.6667,2,3,0.1872,0,0.0,3,Emerging Generalist Builder,Strong match (Score: 55.9). Matched 2/3 required skills (67%). high text similarity (0.19). Segment: Emerging Generalist Builder.
753d8230-daf5-4396-9960-a7410277fe37,proj_0098,5,11,47.8118,29.7282,0.9973,36.0077,1,0.3333,1,3,0.1779,0,0.0,2,High Open-Source Contributor,Moderate match (Score: 47.8). Matched 1/3 required skills (33%). high text similarity (0.18). Segment: High Open-Source Contributor.
fb226637-2562-4854-b14a-c221fc1c16f5,proj_0098,6,24,47.1522,28.8181,0.9974,33.5017,1,0.3333,1,3,0.158,0,0.0,2,High Open-Source Contributor,Moderate match (Score: 47.2). Matched 1/3 required skills (33%). high text similarity (0.16). Segment: High Open-Source Contributor.
ce2ebc11-9397-4333-846e-1b97cad19e01,proj_0098,7,12,46.5374,29.5235,0.9966,39.2875,1,0.3333,1,3,0.0998,0,0.0,0,Applied Project Specialist,Moderate match (Score: 46.5). Matched 1/3 required skills (33%). Segment: Applied Project Specialist.
0c20e0a5-30d5-4525-a0ae-81b220872998,proj_0098,8,17,46.4908,26.9096,0.9947,23.5796,1,0.3333,1,3,0.1702,0,0.0,3,Emerging Generalist Builder,Moderate match (Score: 46.5). Matched 1/3 required skills (33%). high text similarity (0.17). Segment: Emerging Generalist Builder.
4a4c9e97-9845-42a6-98b8-c94aad38f9e6,proj_0098,9,32,45.5826,26.4952,0.9948,24.5799,1,0.3333,1,3,0.1205,0,0.0,2,High Open-Source Contributor,Moderate match (Score: 45.6). Matched 1/3 required skills (33%). Segment: High Open-Source Contributor.
11b8d863-7acf-442d-bcc7-a0b1f0a62bd3,proj_0098,10,24,44.6184,25.1722,0.992,23.0523,1,0.3333,1,3,0.0971,0,0.0,0,Applied Project Specialist,Moderate match (Score: 44.6). Matched 1/3 required skills (33%). Segment: Applied Project Specialist.
9b22ca8a-655c-43ad-b685-8e52f2b8b6c5,proj_0099,1,1,67.0582,59.1104,0.9995,60.6845,1,1.0,3,3,0.2286,0,0.0,1,Hackathon Champion,Strong match (Score: 67.1). Matched 3/3 required skills (100%). high text similarity (0.23). Segment: Hackathon Champion.
bf71b5af-5a4f-4e44-ba7a-ca87d9f090ff,proj_0099,2,1,67.0251,58.1277,0.9995,48.2386,1,1.0,3,3,0.2526,0,0.0,3,Emerging Generalist Builder,Strong match (Score: 67.0). Matched 3/3 required skills (100%). high text similarity (0.25). Segment: Emerging Generalist Builder.
fb226637-2562-4854-b14a-c221fc1c16f5,proj_0099,3,5,66.5684,58.4298,0.9995,56.5075,1,1.0,3,3,0.2141,0,0.0,2,High Open-Source Contributor,Strong match (Score: 66.6). Matched 3/3 required skills (100%). high text similarity (0.21). Segment: High Open-Source Contributor.
fcf55a24-23c2-4309-a192-7f47d52acf29,proj_0099,4,6,66.3111,57.8052,0.9995,64.4907,1,1.0,3,3,0.2136,0,0.0,3,Emerging Generalist Builder,Strong match (Score: 66.3). Matched 3/3 required skills (100%). high text similarity (0.21). Segment: Emerging Generalist Builder.
4bf3230d-f348-44df-8f97-f2f8545feb5b,proj_0099,5,2,66.1874,57.3348,0.9995,55.9195,1,1.0,3,3,0.2179,0,0.0,3,Emerging Generalist Builder,Strong match (Score: 66.2). Matched 3/3 required skills (100%). high text similarity (0.22). Segment: Emerging Generalist Builder.
aae2087b-48ce-441f-8985-02e8fb5169ec,proj_0099,6,4,64.8066,56.1102,0.9995,53.3553,1,1.0,3,3,0.1585,0,0.0,0,Applied Project Specialist,Strong match (Score: 64.8). Matched 3/3 required skills (100%). high text similarity (0.16). Segment: Applied Project Specialist.
ce2ebc11-9397-4333-846e-1b97cad19e01,proj_0099,7,1,56.6672,45.2118,0.9995,52.8886,1,0.6667,2,3,0.1287,0,0.0,0,Applied Project Specialist,Strong match (Score: 56.7). Matched 2/3 required skills (67%). Segment: Applied Project Specialist.
753d8230-daf5-4396-9960-a7410277fe37,proj_0099,8,2,55.5768,41.3271,0.9995,34.5815,1,0.6667,2,3,0.1596,0,0.0,2,High Open-Source Contributor,Strong match (Score: 55.6). Matched 2/3 required skills (67%). high text similarity (0.16). Segment: High Open-Source Contributor.
1a936a97-805b-4cee-9aec-926daf068aae,proj_0099,9,11,55.4171,41.8991,0.9995,46.1595,1,0.6667,2,3,0.1337,0,0.0,3,Emerging Generalist Builder,Strong match (Score: 55.4). Matched 2/3 required skills (67%). Segment: Emerging Generalist Builder.
0c20e0a5-30d5-4525-a0ae-81b220872998,proj_0099,10,6,55.2137,39.988,0.9995,30.675,1,0.6667,2,3,0.1711,0,0.0,3,Emerging Generalist Builder,Strong match (Score: 55.2). Matched 2/3 required skills (67%). high text similarity (0.17). Segment: Emerging Generalist Builder.
0614b282-09f3-41f4-8c80-cd26922cefb7,proj_0100,1,4,65.2342,56.7292,0.9995,59.5953,1,1.0,3,3,0.1705,0,0.0,1,Hackathon Champion,Strong match (Score: 65.2). Matched 3/3 required skills (100%). high text similarity (0.17). Segment: Hackathon Champion.
9cd942b8-00f7-495c-9c10-d6c9e2b36f57,proj_0100,2,8,56.4663,43.1869,0.9995,40.974,1,0.6667,2,3,0.1693,0,0.0,2,High Open-Source Contributor,Strong match (Score: 56.5). Matched 2/3 required skills (67%). high text similarity (0.17). Segment: High Open-Source Contributor.
71356e5d-9127-4bbd-9772-a4c4e1f40a13,proj_0100,3,13,56.3587,43.2367,0.9995,36.6134,1,0.6667,2,3,0.1608,0,0.0,2,High Open-Source Contributor,Strong match (Score: 56.4). Matched 2/3 required skills (67%). high text similarity (0.16). Segment: High Open-Source Contributor.
61fd5470-3e56-4a8f-95c3-c80c3571e83a,proj_0100,4,9,56.2989,43.0722,0.9995,38.5002,1,0.6667,2,3,0.1612,0,0.0,1,Hackathon Champion,Strong match (Score: 56.3). Matched 2/3 required skills (67%). high text similarity (0.16). Segment: Hackathon Champion.
bb770a17-7d83-4cbb-aca4-e2a868dafa3e,proj_0100,5,12,55.9314,42.2435,0.9995,43.4542,1,0.6667,2,3,0.1588,0,0.0,3,Emerging Generalist Builder,Strong match (Score: 55.9). Matched 2/3 required skills (67%). high text similarity (0.16). Segment: Emerging Generalist Builder.
0664ac18-e4b1-4687-a748-cf62f7e567f9,proj_0100,6,14,55.8557,42.7331,0.9995,43.1164,1,0.6667,2,3,0.1407,0,0.0,2,High Open-Source Contributor,Strong match (Score: 55.9). Matched 2/3 required skills (67%). Segment: High Open-Source Contributor.
4628ab0b-3b8f-4738-8e72-f931e9ca9aa3,proj_0100,7,5,55.8002,41.7392,0.9995,35.5969,1,0.6667,2,3,0.1635,0,0.0,3,Emerging Generalist Builder,Strong match (Score: 55.8). Matched 2/3 required skills (67%). high text similarity (0.16). Segment: Emerging Generalist Builder.
fc2e2e44-67a1-49c0-8deb-aae8b7fd05ce,proj_0100,8,8,54.8769,41.2309,0.9995,44.1301,1,0.6667,2,3,0.1155,0,0.0,2,High Open-Source Contributor,Strong match (Score: 54.9). Matched 2/3 required skills (67%). Segment: High Open-Source Contributor.
ed82829b-d814-4e03-b750-a41974852d40,proj_0100,9,13,54.0678,39.3246,0.9995,37.0087,1,0.6667,2,3,0.1124,0,0.0,0,Applied Project Specialist,Strong match (Score: 54.1). Matched 2/3 required skills (67%). Segment: Applied Project Specialist.
d4493a6b-3b00-4377-8d43-e9b67ed0c6a5,proj_0100,10,16,51.9271,35.7053,0.9994,38.4274,1,0.6667,2,3,0.0664,0,0.0,2,High Open-Source Contributor,Strong match (Score: 51.9). Matched 2/3 required skills (67%). Segment: High Open-Source Contributor.
ed82829b-d814-4e03-b750-a41974852d40,proj_0101,1,1,68.0175,61.3137,0.9995,58.7288,1,1.0,3,3,0.2338,0,0.0,0,Applied Project Specialist,Strong match (Score: 68.0). Matched 3/3 required skills (100%). high text similarity (0.23). Segment: Applied Project Specialist.
0614b282-09f3-41f4-8c80-cd26922cefb7,proj_0101,2,1,66.5782,59.6055,0.9995,57.5224,1,1.0,3,3,0.1834,0,0.0,1,Hackathon Champion,Strong match (Score: 66.6). Matched 3/3 required skills (100%). high text similarity (0.18). Segment: Hackathon Champion.
fc2e2e44-67a1-49c0-8deb-aae8b7fd05ce,proj_0101,3,5,54.8786,41.3552,0.9995,32.1755,1,0.6667,2,3,0.1123,0,0.0,2,High Open-Source Contributor,Strong match (Score: 54.9). Matched 2/3 required skills (67%). Segment: High Open-Source Contributor.
0664ac18-e4b1-4687-a748-cf62f7e567f9,proj_0101,4,26,49.0126,31.2864,0.9962,36.5021,1,0.3333,1,3,0.2186,0,0.0,2,High Open-Source Contributor,Moderate match (Score: 49.0). Matched 1/3 required skills (33%). high text similarity (0.22). Segment: High Open-Source Contributor.
9cd942b8-00f7-495c-9c10-d6c9e2b36f57,proj_0101,5,26,48.8783,30.5494,0.9958,26.1887,1,0.3333,1,3,0.2301,0,0.0,2,High Open-Source Contributor,Moderate match (Score: 48.9). Matched 1/3 required skills (33%). high text similarity (0.23). Segment: High Open-Source Contributor.
71356e5d-9127-4bbd-9772-a4c4e1f40a13,proj_0101,6,34,48.8226,30.7777,0.9967,34.1524,1,0.3333,1,3,0.2185,0,0.0,2,High Open-Source Contributor,Moderate match (Score: 48.8). Matched 1/3 required skills (33%). high text similarity (0.22). Segment: High Open-Source Contributor.
61fd5470-3e56-4a8f-95c3-c80c3571e83a,proj_0101,7,26,48.6896,30.4677,0.9961,32.2703,1,0.3333,1,3,0.2191,0,0.0,1,Hackathon Champion,Moderate match (Score: 48.7). Matched 1/3 required skills (33%). high text similarity (0.22). Segment: Hackathon Champion.
46a01596-9eb8-4790-9e04-ba845207e836,proj_0101,8,21,48.5918,30.6921,0.9963,26.7824,1,0.3333,1,3,0.2062,0,0.0,2,High Open-Source Contributor,Moderate match (Score: 48.6). Matched 1/3 required skills (33%). high text similarity (0.21). Segment: High Open-Source Contributor.
bb770a17-7d83-4cbb-aca4-e2a868dafa3e,proj_0101,9,32,48.0101,29.0578,0.9939,23.0255,1,0.3333,1,3,0.2158,0,0.0,3,Emerging Generalist Builder,Moderate match (Score: 48.0). Matched 1/3 required skills (33%). high text similarity (0.22). Segment: Emerging Generalist Builder.
65fb74d3-9211-4e75-a64c-e76a89893ccc,proj_0101,10,23,47.6976,28.6253,0.9892,33.096,1,0.3333,1,3,0.2159,0,0.0,0,Applied Project Specialist,Moderate match (Score: 47.7). Matched 1/3 required skills (33%). high text similarity (0.22). Segment: Applied Project Specialist.
ed82829b-d814-4e03-b750-a41974852d40,proj_0102,1,1,68.0175,61.3137,0.9995,61.4899,1,1.0,3,3,0.2338,0,0.0,0,Applied Project Specialist,Strong match (Score: 68.0). Matched 3/3 required skills (100%). high text similarity (0.23). Segment: Applied Project Specialist.
0614b282-09f3-41f4-8c80-cd26922cefb7,proj_0102,2,1,66.5782,59.6055,0.9995,58.1888,1,1.0,3,3,0.1834,0,0.0,1,Hackathon Champion,Strong match (Score: 66.6). Matched 3/3 required skills (100%). high text similarity (0.18). Segment: Hackathon Champion.
fc2e2e44-67a1-49c0-8deb-aae8b7fd05ce,proj_0102,3,5,54.8786,41.3552,0.9995,42.9639,1,0.6667,2,3,0.1123,0,0.0,2,High Open-Source Contributor,Strong match (Score: 54.9). Matched 2/3 required skills (67%). Segment: High Open-Source Contributor.
0664ac18-e4b1-4687-a748-cf62f7e567f9,proj_0102,4,26,49.0126,31.2864,0.9962,36.2788,1,0.3333,1,3,0.2186,0,0.0,2,High Open-Source Contributor,Moderate match (Score: 49.0). Matched 1/3 required skills (33%). high text similarity (0.22). Segment: High Open-Source Contributor.
9cd942b8-00f7-495c-9c10-d6c9e2b36f57,proj_0102,5,26,48.8783,30.5494,0.9958,34.6076,1,0.3333,1,3,0.2301,0,0.0,2,High Open-Source Contributor,Moderate match (Score: 48.9). Matched 1/3 required skills (33%). high text similarity (0.23). Segment: High Open-Source Contributor.
71356e5d-9127-4bbd-9772-a4c4e1f40a13,proj_0102,6,34,48.8226,30.7777,0.9967,22.6899,1,0.3333,1,3,0.2185,0,0.0,2,High Open-Source Contributor,Moderate match (Score: 48.8). Matched 1/3 required skills (33%). high text similarity (0.22). Segment: High Open-Source Contributor.
61fd5470-3e56-4a8f-95c3-c80c3571e83a,proj_0102,7,26,48.6896,30.4677,0.9961,28.7924,1,0.3333,1,3,0.2191,0,0.0,1,Hackathon Champion,Moderate match (Score: 48.7). Matched 1/3 required skills (33%). high text similarity (0.22). Segment: Hackathon Champion.
46a01596-9eb8-4790-9e04-ba845207e836,proj_0102,8,21,48.5918,30.6921,0.9963,27.9528,1,0.3333,1,3,0.2062,0,0.0,2,High Open-Source Contributor,Moderate match (Score: 48.6). Matched 1/3 required skills (33%). high text similarity (0.21). Segment: High Open-Source Contributor.
bb770a17-7d83-4cbb-aca4-e2a868dafa3e,proj_0102,9,32,48.0101,29.0578,0.9939,22.907,1,0.3333,1,3,0.2158,0,0.0,3,Emerging Generalist Builder,Moderate match (Score: 48.0). Matched 1/3 required skills (33%). high text similarity (0.22). Segment: Emerging Generalist Builder.
65fb74d3-9211-4e75-a64c-e76a89893ccc,proj_0102,10,23,47.6976,28.6253,0.9892,33.3008,1,0.3333,1,3,0.2159,0,0.0,0,Applied Project Specialist,Moderate match (Score: 47.7). Matched 1/3 required skills (33%). high text similarity (0.22). Segment: Applied Project Specialist.
ed82829b-d814-4e03-b750-a41974852d40,proj_0103,1,1,68.0175,61.3137,0.9995,64.4019,1,1.0,3,3,0.2338,0,0.0,0,Applied Project Specialist,Strong match (Score: 68.0). Matched 3/3 required skills (100%). high text similarity (0.23). Segment: Applied Project Specialist.
0614b282-09f3-41f4-8c80-cd26922cefb7,proj_0103,2,1,66.5782,59.6055,0.9995,56.5537,1,1.0,3,3,0.1834,0,0.0,1,Hackathon Champion,Strong match (Score: 66.6). Matched 3/3 required skills (100%). high text similarity (0.18). Segment: Hackathon Champion.
fc2e2e44-67a1-49c0-8deb-aae8b7fd05ce,proj_0103,3,5,54.8786,41.3552,0.9995,42.4689,1,0.6667,2,3,0.1123,0,0.0,2,High Open-Source Contributor,Strong match (Score: 54.9). Matched 2/3 required skills (67%). Segment: High Open-Source Contributor.
0664ac18-e4b1-4687-a748-cf62f7e567f9,proj_0103,4,26,49.0126,31.2864,0.9962,30.4739,1,0.3333,1,3,0.2186,0,0.0,2,High Open-Source Contributor,Moderate match (Score: 49.0). Matched 1/3 required skills (33%). high text similarity (0.22). Segment: High Open-Source Contributor.
9cd942b8-00f7-495c-9c10-d6c9e2b36f57,proj_0103,5,26,48.8783,30.5494,0.9958,32.5264,1,0.3333,1,3,0.2301,0,0.0,2,High Open-Source Contributor,Moderate match (Score: 48.9). Matched 1/3 required skills (33%). high text similarity (0.23). Segment: High Open-Source Contributor.
71356e5d-9127-4bbd-9772-a4c4e1f40a13,proj_0103,6,34,48.8226,30.7777,0.9967,32.255,1,0.3333,1,3,0.2185,0,0.0,2,High Open-Source Contributor,Moderate match (Score: 48.8). Matched 1/3 required skills (33%). high text similarity (0.22). Segment: High Open-Source Contributor.
61fd5470-3e56-4a8f-95c3-c80c3571e83a,proj_0103,7,26,48.6896,30.4677,0.9961,27.5481,1,0.3333,1,3,0.2191,0,0.0,1,Hackathon Champion,Moderate match (Score: 48.7). Matched 1/3 required skills (33%). high text similarity (0.22). Segment: Hackathon Champion.
46a01596-9eb8-4790-9e04-ba845207e836,proj_0103,8,21,48.5918,30.6921,0.9963,30.9559,1,0.3333,1,3,0.2062,0,0.0,2,High Open-Source Contributor,Moderate match (Score: 48.6). Matched 1/3 required skills (33%). high text similarity (0.21). Segment: High Open-Source Contributor.
bb770a17-7d83-4cbb-aca4-e2a868dafa3e,proj_0103,9,32,48.0101,29.0578,0.9939,35.0774,1,0.3333,1,3,0.2158,0,0.0,3,Emerging Generalist Builder,Moderate match (Score: 48.0). Matched 1/3 required skills (33%). high text similarity (0.22). Segment: Emerging Generalist Builder.
65fb74d3-9211-4e75-a64c-e76a89893ccc,proj_0103,10,23,47.6976,28.6253,0.9892,23.5617,1,0.3333,1,3,0.2159,0,0.0,0,Applied Project Specialist,Moderate match (Score: 47.7). Matched 1/3 required skills (33%). high text similarity (0.22). Segment: Applied Project Specialist.
62896dac-f806-44b9-bcb9-4a4df88ecc09,proj_0104,1,4,65.7922,58.3567,0.9984,57.3021,1,1.0,3,3,0.1665,0,0.0,0,Applied Project Specialist,Strong match (Score: 65.8). Matched 3/3 required skills (100%). high text similarity (0.17). Segment: Applied Project Specialist.
dfc2ebc8-5500-4b50-82be-d77462e965ee,proj_0104,2,3,57.4778,44.8119,0.9995,45.4976,1,0.6667,2,3,0.1934,0,0.0,2,High Open-Source Contributor,Strong match (Score: 57.5). Matched 2/3 required skills (67%). high text similarity (0.19). Segment: High Open-Source Contributor.
b4ccab6a-fe7a-4a76-bbea-150c9cbd5d3e,proj_0104,3,4,56.4228,42.7033,0.9995,46.6023,1,0.6667,2,3,0.1793,0,0.0,3,Emerging Generalist Builder,Strong match (Score: 56.4). Matched 2/3 required skills (67%). high text similarity (0.18). Segment: Emerging Generalist Builder.
ee0e5321-7a36-48e8-a779-33227c94a127,proj_0104,4,2,56.4111,42.7002,0.9995,41.0264,1,0.6667,2,3,0.1786,0,0.0,2,High Open-Source Contributor,Strong match (Score: 56.4). Matched 2/3 required skills (67%). high text similarity (0.18). Segment: High Open-Source Contributor.
6dda9196-0380-414d-9235-c10e43fb414e,proj_0104,5,2,55.518,40.4076,0.9995,36.0878,1,0.6667,2,3,0.1802,0,0.0,3,Emerging Generalist Builder,Strong match (Score: 55.5). Matched 2/3 required skills (67%). high text similarity (0.18). Segment: Emerging Generalist Builder.
8fdb4f75-2082-46bd-ac46-3d880127590a,proj_0104,6,3,55.0988,40.2146,0.9995,39.2226,1,0.6667,2,3,0.1574,0,0.0,3,Emerging Generalist Builder,Strong match (Score: 55.1). Matched 2/3 required skills (67%). high text similarity (0.16). Segment: Emerging Generalist Builder.
1458b5a8-ec14-4f63-b9f8-f205cef99d3a,proj_0104,7,9,53.919,40.3176,0.9994,38.3326,1,0.6667,2,3,0.0762,0,0.0,0,Applied Project Specialist,Strong match (Score: 53.9). Matched 2/3 required skills (67%). Segment: Applied Project Specialist.
ebd67270-7b36-40e2-ba76-ffe10b3142c3,proj_0104,8,8,47.5915,29.2901,0.9968,30.3383,1,0.3333,1,3,0.1759,0,0.0,2,High Open-Source Contributor,Moderate match (Score: 47.6). Matched 1/3 required skills (33%). high text similarity (0.18). Segment: High Open-Source Contributor.
b33c7dd8-cc1e-4f75-abd7-db482c0308b4,proj_0104,9,27,44.0628,25.2157,0.9881,24.4298,1,0.3333,1,3,0.0667,0,0.0,0,Applied Project Specialist,Moderate match (Score: 44.1). Matched 1/3 required skills (33%). Segment: Applied Project Specialist.
a4110e45-2926-4e7f-8678-ab3a4210a5f1,proj_0104,10,43,43.3818,23.6445,0.9842,19.9333,1,0.3333,1,3,0.071,0,0.0,1,Hackathon Champion,Moderate match (Score: 43.4). Matched 1/3 required skills (33%). Segment: Hackathon Champion.
62896dac-f806-44b9-bcb9-4a4df88ecc09,proj_0105,1,1,80.0028,80.6583,0.9996,77.4726,1,1.0,4,4,0.3501,1,0.0,0,Applied Project Specialist,Exceptional match (Score: 80.0). Matched 4/4 required skills (100%). high text similarity (0.35). domain aligned. Segment: Applied Project Specialist.
1458b5a8-ec14-4f63-b9f8-f205cef99d3a,proj_0105,2,1,71.982,69.0351,0.9995,63.7169,1,1.0,4,4,0.2922,0,0.0,0,Applied Project Specialist,Strong match (Score: 72.0). Matched 4/4 required skills (100%). high text similarity (0.29). Segment: Applied Project Specialist.
6c480048-b597-421a-a03f-d31dcc86dde0,proj_0105,3,1,53.1171,40.7139,0.9995,26.5205,1,0.5,2,4,0.1231,0,0.0,0,Applied Project Specialist,Strong match (Score: 53.1). Matched 2/4 required skills (50%). Segment: Applied Project Specialist.
d25bd5e3-330a-4555-a834-db21146c8618,proj_0105,4,2,51.4709,36.1784,0.9981,39.8167,1,0.25,1,4,0.1371,1,0.0,2,High Open-Source Contributor,Strong match (Score: 51.5). Matched 1/4 required skills (25%). domain aligned. Segment: High Open-Source Contributor.
f1371c2b-d4f4-49e6-af42-977e4a370bf5,proj_0105,5,13,48.3334,32.7961,0.9904,38.4432,1,0.0,0,4,0.2002,1,0.0,0,Applied Project Specialist,Moderate match (Score: 48.3). Matched 0/4 required skills (0%). high text similarity (0.20). domain aligned. Segment: Applied Project Specialist.
04988768-5f3f-4001-b1e2-cccf6434f729,proj_0105,6,22,47.4995,30.52,0.997,31.1635,1,0.0,0,4,0.1921,1,0.0,1,Hackathon Champion,Moderate match (Score: 47.5). Matched 0/4 required skills (0%). high text similarity (0.19). domain aligned. Segment: Hackathon Champion.
261a2b64-84c8-4f62-aab8-f89183729d9f,proj_0105,7,21,46.6965,30.3763,0.9975,28.7633,1,0.25,1,4,0.1414,0,0.0,0,Applied Project Specialist,Moderate match (Score: 46.7). Matched 1/4 required skills (25%). Segment: Applied Project Specialist.
8e6faa10-2480-4c61-97e1-c320efa565fd,proj_0105,8,16,46.531,28.4775,0.9957,32.7711,1,0.25,1,4,0.1846,0,0.0,3,Emerging Generalist Builder,Moderate match (Score: 46.5). Matched 1/4 required skills (25%). high text similarity (0.18). Segment: Emerging Generalist Builder.
b4ccab6a-fe7a-4a76-bbea-150c9cbd5d3e,proj_0105,9,15,45.4626,26.7439,0.9934,27.3384,1,0.25,1,4,0.1642,0,0.0,3,Emerging Generalist Builder,Moderate match (Score: 45.5). Matched 1/4 required skills (25%). high text similarity (0.16). Segment: Emerging Generalist Builder.
ee0e5321-7a36-48e8-a779-33227c94a127,proj_0105,10,20,45.2394,26.0586,0.9954,24.0101,1,0.25,1,4,0.1636,0,0.0,2,High Open-Source Contributor,Moderate match (Score: 45.2). Matched 1/4 required skills (25%). high text similarity (0.16). Segment: High Open-Source Contributor.
1458b5a8-ec14-4f63-b9f8-f205cef99d3a,proj_0106,1,5,56.5171,44.7239,0.9995,54.2519,1,0.6667,2,3,0.1317,0,0.0,0,Applied Project Specialist,Strong match (Score: 56.5). Matched 2/3 required skills (67%). Segment: Applied Project Specialist.
dfc2ebc8-5500-4b50-82be-d77462e965ee,proj_0106,2,6,55.6652,42.3055,0.9995,34.4634,1,0.6667,2,3,0.1394,0,0.0,2,High Open-Source Contributor,Strong match (Score: 55.7). Matched 2/3 required skills (67%). Segment: High Open-Source Contributor.
62896dac-f806-44b9-bcb9-4a4df88ecc09,proj_0106,3,10,55.4254,42.5498,0.9995,40.6711,1,0.6667,2,3,0.1169,0,0.0,0,Applied Project Specialist,Strong match (Score: 55.4). Matched 2/3 required skills (67%). Segment: Applied Project Specialist.
ee0e5321-7a36-48e8-a779-33227c94a127,proj_0106,4,6,54.9599,40.9472,0.9994,40.2776,1,0.6667,2,3,0.1288,0,0.0,2,High Open-Source Contributor,Strong match (Score: 55.0). Matched 2/3 required skills (67%). Segment: High Open-Source Contributor.
8fdb4f75-2082-46bd-ac46-3d880127590a,proj_0106,5,7,53.2222,37.5479,0.9994,42.1522,1,0.6667,2,3,0.1036,0,0.0,3,Emerging Generalist Builder,Strong match (Score: 53.2). Matched 2/3 required skills (67%). Segment: Emerging Generalist Builder.
b4ccab6a-fe7a-4a76-bbea-150c9cbd5d3e,proj_0106,6,22,43.974,24.4763,0.989,20.7139,1,0.3333,1,3,0.0787,0,0.0,3,Emerging Generalist Builder,Moderate match (Score: 44.0). Matched 1/3 required skills (33%). Segment: Emerging Generalist Builder.
ebd67270-7b36-40e2-ba76-ffe10b3142c3,proj_0106,7,19,43.2991,22.8828,0.9843,18.4901,1,0.3333,1,3,0.0856,0,0.0,2,High Open-Source Contributor,Moderate match (Score: 43.3). Matched 1/3 required skills (33%). Segment: High Open-Source Contributor.
6dda9196-0380-414d-9235-c10e43fb414e,proj_0106,8,23,42.6174,21.5723,0.9823,15.225,1,0.3333,1,3,0.0791,0,0.0,3,Emerging Generalist Builder,Moderate match (Score: 42.6). Matched 1/3 required skills (33%). Segment: Emerging Generalist Builder.
261a2b64-84c8-4f62-aab8-f89183729d9f,proj_0106,9,115,21.648,12.7276,0.5293,8.6153,0,0.0,0,3,0.0452,0,0.0,0,Applied Project Specialist,Low match (Score: 21.6). Matched 0/3 required skills (0%). Segment: Applied Project Specialist.
b33c7dd8-cc1e-4f75-abd7-db482c0308b4,proj_0106,10,104,20.7567,11.9093,0.5058,7.8184,0,0.0,0,3,0.0546,0,0.0,0,Applied Project Specialist,Low match (Score: 20.8). Matched 0/3 required skills (0%). Segment: Applied Project Specialist.
62896dac-f806-44b9-bcb9-4a4df88ecc09,proj_0107,1,1,80.0028,80.6583,0.9996,82.1703,1,1.0,4,4,0.3501,1,0.0,0,Applied Project Specialist,Exceptional match (Score: 80.0). Matched 4/4 required skills (100%). high text similarity (0.35). domain aligned. Segment: Applied Project Specialist.
1458b5a8-ec14-4f63-b9f8-f205cef99d3a,proj_0107,2,1,71.982,69.0351,0.9995,62.6031,1,1.0,4,4,0.2922,0,0.0,0,Applied Project Specialist,Strong match (Score: 72.0). Matched 4/4 required skills (100%). high text similarity (0.29). Segment: Applied Project Specialist.
6c480048-b597-421a-a03f-d31dcc86dde0,proj_0107,3,1,53.1171,40.7139,0.9995,40.1824,1,0.5,2,4,0.1231,0,0.0,0,Applied Project Specialist,Strong match (Score: 53.1). Matched 2/4 required skills (50%). Segment: Applied Project Specialist.
d25bd5e3-330a-4555-a834-db21146c8618,proj_0107,4,2,51.4709,36.1784,0.9981,35.4211,1,0.25,1,4,0.1371,1,0.0,2,High Open-Source Contributor,Strong match (Score: 51.5). Matched 1/4 required skills (25%). domain aligned. Segment: High Open-Source Contributor.
f1371c2b-d4f4-49e6-af42-977e4a370bf5,proj_0107,5,13,48.3334,32.7961,0.9904,29.7037,1,0.0,0,4,0.2002,1,0.0,0,Applied Project Specialist,Moderate match (Score: 48.3). Matched 0/4 required skills (0%). high text similarity (0.20). domain aligned. Segment: Applied Project Specialist.
04988768-5f3f-4001-b1e2-cccf6434f729,proj_0107,6,22,47.4995,30.52,0.997,39.7503,1,0.0,0,4,0.1921,1,0.0,1,Hackathon Champion,Moderate match (Score: 47.5). Matched 0/4 required skills (0%). high text similarity (0.19). domain aligned. Segment: Hackathon Champion.
261a2b64-84c8-4f62-aab8-f89183729d9f,proj_0107,7,21,46.6965,30.3763,0.9975,32.4714,1,0.25,1,4,0.1414,0,0.0,0,Applied Project Specialist,Moderate match (Score: 46.7). Matched 1/4 required skills (25%). Segment: Applied Project Specialist.
8e6faa10-2480-4c61-97e1-c320efa565fd,proj_0107,8,16,46.531,28.4775,0.9957,30.0381,1,0.25,1,4,0.1846,0,0.0,3,Emerging Generalist Builder,Moderate match (Score: 46.5). Matched 1/4 required skills (25%). high text similarity (0.18). Segment: Emerging Generalist Builder.
b4ccab6a-fe7a-4a76-bbea-150c9cbd5d3e,proj_0107,9,15,45.4626,26.7439,0.9934,23.4145,1,0.25,1,4,0.1642,0,0.0,3,Emerging Generalist Builder,Moderate match (Score: 45.5). Matched 1/4 required skills (25%). high text similarity (0.16). Segment: Emerging Generalist Builder.
ee0e5321-7a36-48e8-a779-33227c94a127,proj_0107,10,20,45.2394,26.0586,0.9954,32.8977,1,0.25,1,4,0.1636,0,0.0,2,High Open-Source Contributor,Moderate match (Score: 45.2). Matched 1/4 required skills (25%). high text similarity (0.16). Segment: High Open-Source Contributor.
62896dac-f806-44b9-bcb9-4a4df88ecc09,proj_0108,1,4,65.7922,58.3567,0.9984,55.5419,1,1.0,3,3,0.1665,0,0.0,0,Applied Project Specialist,Strong match (Score: 65.8). Matched 3/3 required skills (100%). high text similarity (0.17). Segment: Applied Project Specialist.
dfc2ebc8-5500-4b50-82be-d77462e965ee,proj_0108,2,3,57.4778,44.8119,0.9995,41.8266,1,0.6667,2,3,0.1934,0,0.0,2,High Open-Source Contributor,Strong match (Score: 57.5). Matched 2/3 required skills (67%). high text similarity (0.19). Segment: High Open-Source Contributor.
b4ccab6a-fe7a-4a76-bbea-150c9cbd5d3e,proj_0108,3,4,56.4228,42.7033,0.9995,39.7814,1,0.6667,2,3,0.1793,0,0.0,3,Emerging Generalist Builder,Strong match (Score: 56.4). Matched 2/3 required skills (67%). high text similarity (0.18). Segment: Emerging Generalist Builder.
ee0e5321-7a36-48e8-a779-33227c94a127,proj_0108,4,2,56.4111,42.7002,0.9995,40.4124,1,0.6667,2,3,0.1786,0,0.0,2,High Open-Source Contributor,Strong match (Score: 56.4). Matched 2/3 required skills (67%). high text similarity (0.18). Segment: High Open-Source Contributor.
6dda9196-0380-414d-9235-c10e43fb414e,proj_0108,5,2,55.518,40.4076,0.9995,41.7673,1,0.6667,2,3,0.1802,0,0.0,3,Emerging Generalist Builder,Strong match (Score: 55.5). Matched 2/3 required skills (67%). high text similarity (0.18). Segment: Emerging Generalist Builder.
8fdb4f75-2082-46bd-ac46-3d880127590a,proj_0108,6,3,55.0988,40.2146,0.9995,40.9672,1,0.6667,2,3,0.1574,0,0.0,3,Emerging Generalist Builder,Strong match (Score: 55.1). Matched 2/3 required skills (67%). high text similarity (0.16). Segment: Emerging Generalist Builder.
1458b5a8-ec14-4f63-b9f8-f205cef99d3a,proj_0108,7,9,53.919,40.3176,0.9994,45.611,1,0.6667,2,3,0.0762,0,0.0,0,Applied Project Specialist,Strong match (Score: 53.9). Matched 2/3 required skills (67%). Segment: Applied Project Specialist.
ebd67270-7b36-40e2-ba76-ffe10b3142c3,proj_0108,8,8,47.5915,29.2901,0.9968,26.948,1,0.3333,1,3,0.1759,0,0.0,2,High Open-Source Contributor,Moderate match (Score: 47.6). Matched 1/3 required skills (33%). high text similarity (0.18). Segment: High Open-Source Contributor.
b33c7dd8-cc1e-4f75-abd7-db482c0308b4,proj_0108,9,27,44.0628,25.2157,0.9881,21.2879,1,0.3333,1,3,0.0667,0,0.0,0,Applied Project Specialist,Moderate match (Score: 44.1). Matched 1/3 required skills (33%). Segment: Applied Project Specialist.
a4110e45-2926-4e7f-8678-ab3a4210a5f1,proj_0108,10,43,43.3818,23.6445,0.9842,18.9276,1,0.3333,1,3,0.071,0,0.0,1,Hackathon Champion,Moderate match (Score: 43.4). Matched 1/3 required skills (33%). Segment: Hackathon Champion.
62896dac-f806-44b9-bcb9-4a4df88ecc09,proj_0109,1,4,65.7922,58.3567,0.9984,69.8863,1,1.0,3,3,0.1665,0,0.0,0,Applied Project Specialist,Strong match (Score: 65.8). Matched 3/3 required skills (100%). high text similarity (0.17). Segment: Applied Project Specialist.
dfc2ebc8-5500-4b50-82be-d77462e965ee,proj_0109,2,3,57.4778,44.8119,0.9995,46.8663,1,0.6667,2,3,0.1934,0,0.0,2,High Open-Source Contributor,Strong match (Score: 57.5). Matched 2/3 required skills (67%). high text similarity (0.19). Segment: High Open-Source Contributor.
b4ccab6a-fe7a-4a76-bbea-150c9cbd5d3e,proj_0109,3,4,56.4228,42.7033,0.9995,38.986,1,0.6667,2,3,0.1793,0,0.0,3,Emerging Generalist Builder,Strong match (Score: 56.4). Matched 2/3 required skills (67%). high text similarity (0.18). Segment: Emerging Generalist Builder.
ee0e5321-7a36-48e8-a779-33227c94a127,proj_0109,4,2,56.4111,42.7002,0.9995,47.5998,1,0.6667,2,3,0.1786,0,0.0,2,High Open-Source Contributor,Strong match (Score: 56.4). Matched 2/3 required skills (67%). high text similarity (0.18). Segment: High Open-Source Contributor.
6dda9196-0380-414d-9235-c10e43fb414e,proj_0109,5,2,55.518,40.4076,0.9995,41.1604,1,0.6667,2,3,0.1802,0,0.0,3,Emerging Generalist Builder,Strong match (Score: 55.5). Matched 2/3 required skills (67%). high text similarity (0.18). Segment: Emerging Generalist Builder.
8fdb4f75-2082-46bd-ac46-3d880127590a,proj_0109,6,3,55.0988,40.2146,0.9995,40.883,1,0.6667,2,3,0.1574,0,0.0,3,Emerging Generalist Builder,Strong match (Score: 55.1). Matched 2/3 required skills (67%). high text similarity (0.16). Segment: Emerging Generalist Builder.
1458b5a8-ec14-4f63-b9f8-f205cef99d3a,proj_0109,7,9,53.919,40.3176,0.9994,43.9608,1,0.6667,2,3,0.0762,0,0.0,0,Applied Project Specialist,Strong match (Score: 53.9). Matched 2/3 required skills (67%). Segment: Applied Project Specialist.
ebd67270-7b36-40e2-ba76-ffe10b3142c3,proj_0109,8,8,47.5915,29.2901,0.9968,23.5422,1,0.3333,1,3,0.1759,0,0.0,2,High Open-Source Contributor,Moderate match (Score: 47.6). Matched 1/3 required skills (33%). high text similarity (0.18). Segment: High Open-Source Contributor.
b33c7dd8-cc1e-4f75-abd7-db482c0308b4,proj_0109,9,27,44.0628,25.2157,0.9881,25.1564,1,0.3333,1,3,0.0667,0,0.0,0,Applied Project Specialist,Moderate match (Score: 44.1). Matched 1/3 required skills (33%). Segment: Applied Project Specialist.
a4110e45-2926-4e7f-8678-ab3a4210a5f1,proj_0109,10,43,43.3818,23.6445,0.9842,17.2521,1,0.3333,1,3,0.071,0,0.0,1,Hackathon Champion,Moderate match (Score: 43.4). Matched 1/3 required skills (33%). Segment: Hackathon Champion.
1458b5a8-ec14-4f63-b9f8-f205cef99d3a,proj_0110,1,5,56.5171,44.7239,0.9995,43.2838,1,0.6667,2,3,0.1317,0,0.0,0,Applied Project Specialist,Strong match (Score: 56.5). Matched 2/3 required skills (67%). Segment: Applied Project Specialist.
dfc2ebc8-5500-4b50-82be-d77462e965ee,proj_0110,2,6,55.6652,42.3055,0.9995,48.0144,1,0.6667,2,3,0.1394,0,0.0,2,High Open-Source Contributor,Strong match (Score: 55.7). Matched 2/3 required skills (67%). Segment: High Open-Source Contributor.
62896dac-f806-44b9-bcb9-4a4df88ecc09,proj_0110,3,10,55.4254,42.5498,0.9995,36.3446,1,0.6667,2,3,0.1169,0,0.0,0,Applied Project Specialist,Strong match (Score: 55.4). Matched 2/3 required skills (67%). Segment: Applied Project Specialist.
ee0e5321-7a36-48e8-a779-33227c94a127,proj_0110,4,6,54.9599,40.9472,0.9994,36.7835,1,0.6667,2,3,0.1288,0,0.0,2,High Open-Source Contributor,Strong match (Score: 55.0). Matched 2/3 required skills (67%). Segment: High Open-Source Contributor.
8fdb4f75-2082-46bd-ac46-3d880127590a,proj_0110,5,7,53.2222,37.5479,0.9994,31.7392,1,0.6667,2,3,0.1036,0,0.0,3,Emerging Generalist Builder,Strong match (Score: 53.2). Matched 2/3 required skills (67%). Segment: Emerging Generalist Builder.
b4ccab6a-fe7a-4a76-bbea-150c9cbd5d3e,proj_0110,6,22,43.974,24.4763,0.989,17.4989,1,0.3333,1,3,0.0787,0,0.0,3,Emerging Generalist Builder,Moderate match (Score: 44.0). Matched 1/3 required skills (33%). Segment: Emerging Generalist Builder.
ebd67270-7b36-40e2-ba76-ffe10b3142c3,proj_0110,7,19,43.2991,22.8828,0.9843,23.9363,1,0.3333,1,3,0.0856,0,0.0,2,High Open-Source Contributor,Moderate match (Score: 43.3). Matched 1/3 required skills (33%). Segment: High Open-Source Contributor.
6dda9196-0380-414d-9235-c10e43fb414e,proj_0110,8,23,42.6174,21.5723,0.9823,26.4499,1,0.3333,1,3,0.0791,0,0.0,3,Emerging Generalist Builder,Moderate match (Score: 42.6). Matched 1/3 required skills (33%). Segment: Emerging Generalist Builder.
261a2b64-84c8-4f62-aab8-f89183729d9f,proj_0110,9,115,21.648,12.7276,0.5293,14.2244,1,0.0,0,3,0.0452,0,0.0,0,Applied Project Specialist,Low match (Score: 21.6). Matched 0/3 required skills (0%). Segment: Applied Project Specialist.
b33c7dd8-cc1e-4f75-abd7-db482c0308b4,proj_0110,10,104,20.7567,11.9093,0.5058,15.4844,1,0.0,0,3,0.0546,0,0.0,0,Applied Project Specialist,Low match (Score: 20.8). Matched 0/3 required skills (0%). Segment: Applied Project Specialist.
62896dac-f806-44b9-bcb9-4a4df88ecc09,proj_0111,1,1,80.0028,80.6583,0.9996,92.3948,1,1.0,4,4,0.3501,1,0.0,0,Applied Project Specialist,Exceptional match (Score: 80.0). Matched 4/4 required skills (100%). high text similarity (0.35). domain aligned. Segment: Applied Project Specialist.
1458b5a8-ec14-4f63-b9f8-f205cef99d3a,proj_0111,2,1,71.982,69.0351,0.9995,69.5095,1,1.0,4,4,0.2922,0,0.0,0,Applied Project Specialist,Strong match (Score: 72.0). Matched 4/4 required skills (100%). high text similarity (0.29). Segment: Applied Project Specialist.
6c480048-b597-421a-a03f-d31dcc86dde0,proj_0111,3,1,53.1171,40.7139,0.9995,44.8994,1,0.5,2,4,0.1231,0,0.0,0,Applied Project Specialist,Strong match (Score: 53.1). Matched 2/4 required skills (50%). Segment: Applied Project Specialist.
d25bd5e3-330a-4555-a834-db21146c8618,proj_0111,4,2,51.4709,36.1784,0.9981,36.9285,1,0.25,1,4,0.1371,1,0.0,2,High Open-Source Contributor,Strong match (Score: 51.5). Matched 1/4 required skills (25%). domain aligned. Segment: High Open-Source Contributor.
f1371c2b-d4f4-49e6-af42-977e4a370bf5,proj_0111,5,13,48.3334,32.7961,0.9904,40.3535,1,0.0,0,4,0.2002,1,0.0,0,Applied Project Specialist,Moderate match (Score: 48.3). Matched 0/4 required skills (0%). high text similarity (0.20). domain aligned. Segment: Applied Project Specialist.
04988768-5f3f-4001-b1e2-cccf6434f729,proj_0111,6,22,47.4995,30.52,0.997,31.1813,1,0.0,0,4,0.1921,1,0.0,1,Hackathon Champion,Moderate match (Score: 47.5). Matched 0/4 required skills (0%). high text similarity (0.19). domain aligned. Segment: Hackathon Champion.
261a2b64-84c8-4f62-aab8-f89183729d9f,proj_0111,7,21,46.6965,30.3763,0.9975,27.3793,1,0.25,1,4,0.1414,0,0.0,0,Applied Project Specialist,Moderate match (Score: 46.7). Matched 1/4 required skills (25%). Segment: Applied Project Specialist.
8e6faa10-2480-4c61-97e1-c320efa565fd,proj_0111,8,16,46.531,28.4775,0.9957,28.6817,1,0.25,1,4,0.1846,0,0.0,3,Emerging Generalist Builder,Moderate match (Score: 46.5). Matched 1/4 required skills (25%). high text similarity (0.18). Segment: Emerging Generalist Builder.
b4ccab6a-fe7a-4a76-bbea-150c9cbd5d3e,proj_0111,9,15,45.4626,26.7439,0.9934,24.2011,1,0.25,1,4,0.1642,0,0.0,3,Emerging Generalist Builder,Moderate match (Score: 45.5). Matched 1/4 required skills (25%). high text similarity (0.16). Segment: Emerging Generalist Builder.
ee0e5321-7a36-48e8-a779-33227c94a127,proj_0111,10,20,45.2394,26.0586,0.9954,23.2078,1,0.25,1,4,0.1636,0,0.0,2,High Open-Source Contributor,Moderate match (Score: 45.2). Matched 1/4 required skills (25%). high text similarity (0.16). Segment: High Open-Source Contributor.
cab37fc0-5983-4910-a593-6b513146db25,proj_0112,1,1,67.7893,61.8832,0.9995,59.4241,1,1.0,3,3,0.2034,0,0.0,0,Applied Project Specialist,Strong match (Score: 67.8). Matched 3/3 required skills (100%). high text similarity (0.20). Segment: Applied Project Specialist.
1c013e76-8dd1-4835-929d-4d17b3cca983,proj_0112,2,2,67.413,60.1887,0.9995,63.7778,1,1.0,3,3,0.2235,0,0.0,0,Applied Project Specialist,Strong match (Score: 67.4). Matched 3/3 required skills (100%). high text similarity (0.22). Segment: Applied Project Specialist.
bb0f642d-1096-4c1e-a583-70dcd1d200f4,proj_0112,3,5,46.3274,27.1685,0.9946,25.3744,1,0.3333,1,3,0.1526,0,0.0,1,Hackathon Champion,Moderate match (Score: 46.3). Matched 1/3 required skills (33%). high text similarity (0.15). Segment: Hackathon Champion.
1458b5a8-ec14-4f63-b9f8-f205cef99d3a,proj_0112,4,29,45.5428,27.5807,0.9948,18.5844,1,0.3333,1,3,0.0889,0,0.0,0,Applied Project Specialist,Moderate match (Score: 45.5). Matched 1/3 required skills (33%). Segment: Applied Project Specialist.
62896dac-f806-44b9-bcb9-4a4df88ecc09,proj_0112,5,28,45.0152,26.4755,0.9928,21.0997,1,0.3333,1,3,0.0872,0,0.0,0,Applied Project Specialist,Moderate match (Score: 45.0). Matched 1/3 required skills (33%). Segment: Applied Project Specialist.
8b45903d-f859-457f-8517-b7b0cb85a48a,proj_0112,6,81,36.6011,19.4827,0.8953,23.4151,1,0.0,0,3,0.0966,0,0.2,0,Applied Project Specialist,Moderate match (Score: 36.6). Matched 0/3 required skills (0%). Segment: Applied Project Specialist.
0366bf32-f9d4-4aa2-a3f8-e65520b0768c,proj_0112,7,73,35.4439,16.0434,0.8794,16.7042,1,0.0,0,3,0.1763,0,0.0,2,High Open-Source Contributor,Moderate match (Score: 35.4). Matched 0/3 required skills (0%). high text similarity (0.18). Segment: High Open-Source Contributor.
b5b19d8a-de3e-45ba-bba5-521f2a25f95f,proj_0112,8,82,35.0374,14.6486,0.8971,12.4599,1,0.0,0,3,0.151,0,0.0,2,High Open-Source Contributor,Moderate match (Score: 35.0). Matched 0/3 required skills (0%). high text similarity (0.15). Segment: High Open-Source Contributor.
482ad2c1-897a-4d02-a049-2588feb555c9,proj_0112,9,61,34.9823,14.6119,0.8977,14.5286,1,0.0,0,3,0.1471,0,0.0,2,High Open-Source Contributor,Moderate match (Score: 35.0). Matched 0/3 required skills (0%). Segment: High Open-Source Contributor.
9965fb9a-60f0-4faa-a4c2-69d5bf9b8f86,proj_0112,10,91,34.4856,17.4065,0.8491,25.9006,1,0.0,0,3,0.095,0,0.25,0,Applied Project Specialist,Moderate match (Score: 34.5). Matched 0/3 required skills (0%). Segment: Applied Project Specialist.
cab37fc0-5983-4910-a593-6b513146db25,proj_0113,1,4,67.4961,59.7739,0.9995,62.0626,1,1.0,2,2,0.2401,0,0.0,0,Applied Project Specialist,Strong match (Score: 67.5). Matched 2/2 required skills (100%). high text similarity (0.24). Segment: Applied Project Specialist.
1c013e76-8dd1-4835-929d-4d17b3cca983,proj_0113,2,5,66.6839,58.0679,0.9995,63.1445,1,1.0,2,2,0.1759,0,0.3333,0,Applied Project Specialist,Strong match (Score: 66.7). Matched 2/2 required skills (100%). high text similarity (0.18). Segment: Applied Project Specialist.
b0c406c2-cfd3-4349-b3de-c77e91c6b52c,proj_0113,3,1,64.3196,53.6964,0.9996,51.8809,1,1.0,2,2,0.1902,0,0.0,3,Emerging Generalist Builder,Strong match (Score: 64.3). Matched 2/2 required skills (100%). high text similarity (0.19). Segment: Emerging Generalist Builder.
17fba54a-7d3e-423b-8ec7-f07480195e32,proj_0113,4,3,63.0802,51.7155,0.9995,55.2236,1,1.0,2,2,0.1606,0,0.0,2,High Open-Source Contributor,Strong match (Score: 63.1). Matched 2/2 required skills (100%). high text similarity (0.16). Segment: High Open-Source Contributor.
5fbb6942-6c35-4a1b-ad7e-c04350c2a97c,proj_0113,5,4,63.0647,51.418,0.9995,44.5295,1,1.0,2,2,0.1675,0,0.0,3,Emerging Generalist Builder,Strong match (Score: 63.1). Matched 2/2 required skills (100%). high text similarity (0.17). Segment: Emerging Generalist Builder.
47a94596-24f8-4c7c-9961-3337e72d1feb,proj_0113,6,8,62.804,51.76,0.9995,49.8926,1,1.0,2,2,0.141,0,0.0,0,Applied Project Specialist,Strong match (Score: 62.8). Matched 2/2 required skills (100%). Segment: Applied Project Specialist.
6c14e06c-348f-4870-8099-0da821e87a20,proj_0113,7,6,62.3843,50.4895,0.9995,52.3805,1,1.0,2,2,0.1469,0,0.0,3,Emerging Generalist Builder,Strong match (Score: 62.4). Matched 2/2 required skills (100%). Segment: Emerging Generalist Builder.
482ad2c1-897a-4d02-a049-2588feb555c9,proj_0113,8,9,62.3544,50.5048,0.9995,51.2061,1,1.0,2,2,0.1445,0,0.0,2,High Open-Source Contributor,Strong match (Score: 62.4). Matched 2/2 required skills (100%). Segment: High Open-Source Contributor.
11ae27ca-bf45-46bd-9607-4def4f4b9847,proj_0113,9,9,62.3491,50.7915,0.9995,47.5904,1,1.0,2,2,0.1365,0,0.0,1,Hackathon Champion,Strong match (Score: 62.3). Matched 2/2 required skills (100%). Segment: Hackathon Champion.
085e4057-c0dd-431b-a78c-ff334b23176d,proj_0113,10,4,62.331,50.3413,0.9995,49.2098,1,1.0,2,2,0.1473,0,0.0,3,Emerging Generalist Builder,Strong match (Score: 62.3). Matched 2/2 required skills (100%). Segment: Emerging Generalist Builder.
cab37fc0-5983-4910-a593-6b513146db25,proj_0114,1,4,67.4961,59.7739,0.9995,59.2423,1,1.0,2,2,0.2401,0,0.0,0,Applied Project Specialist,Strong match (Score: 67.5). Matched 2/2 required skills (100%). high text similarity (0.24). Segment: Applied Project Specialist.
1c013e76-8dd1-4835-929d-4d17b3cca983,proj_0114,2,5,66.6839,58.0679,0.9995,49.2269,1,1.0,2,2,0.1759,0,0.3333,0,Applied Project Specialist,Strong match (Score: 66.7). Matched 2/2 required skills (100%). high text similarity (0.18). Segment: Applied Project Specialist.
b0c406c2-cfd3-4349-b3de-c77e91c6b52c,proj_0114,3,1,64.3196,53.6964,0.9996,61.9888,1,1.0,2,2,0.1902,0,0.0,3,Emerging Generalist Builder,Strong match (Score: 64.3). Matched 2/2 required skills (100%). high text similarity (0.19). Segment: Emerging Generalist Builder.
17fba54a-7d3e-423b-8ec7-f07480195e32,proj_0114,4,3,63.0802,51.7155,0.9995,52.9758,1,1.0,2,2,0.1606,0,0.0,2,High Open-Source Contributor,Strong match (Score: 63.1). Matched 2/2 required skills (100%). high text similarity (0.16). Segment: High Open-Source Contributor.
5fbb6942-6c35-4a1b-ad7e-c04350c2a97c,proj_0114,5,4,63.0647,51.418,0.9995,47.4924,1,1.0,2,2,0.1675,0,0.0,3,Emerging Generalist Builder,Strong match (Score: 63.1). Matched 2/2 required skills (100%). high text similarity (0.17). Segment: Emerging Generalist Builder.
47a94596-24f8-4c7c-9961-3337e72d1feb,proj_0114,6,8,62.804,51.76,0.9995,45.6245,1,1.0,2,2,0.141,0,0.0,0,Applied Project Specialist,Strong match (Score: 62.8). Matched 2/2 required skills (100%). Segment: Applied Project Specialist.
6c14e06c-348f-4870-8099-0da821e87a20,proj_0114,7,6,62.3843,50.4895,0.9995,49.7961,1,1.0,2,2,0.1469,0,0.0,3,Emerging Generalist Builder,Strong match (Score: 62.4). Matched 2/2 required skills (100%). Segment: Emerging Generalist Builder.
482ad2c1-897a-4d02-a049-2588feb555c9,proj_0114,8,9,62.3544,50.5048,0.9995,55.3524,1,1.0,2,2,0.1445,0,0.0,2,High Open-Source Contributor,Strong match (Score: 62.4). Matched 2/2 required skills (100%). Segment: High Open-Source Contributor.
11ae27ca-bf45-46bd-9607-4def4f4b9847,proj_0114,9,9,62.3491,50.7915,0.9995,54.2111,1,1.0,2,2,0.1365,0,0.0,1,Hackathon Champion,Strong match (Score: 62.3). Matched 2/2 required skills (100%). Segment: Hackathon Champion.
085e4057-c0dd-431b-a78c-ff334b23176d,proj_0114,10,4,62.331,50.3413,0.9995,47.7656,1,1.0,2,2,0.1473,0,0.0,3,Emerging Generalist Builder,Strong match (Score: 62.3). Matched 2/2 required skills (100%). Segment: Emerging Generalist Builder.
1c013e76-8dd1-4835-929d-4d17b3cca983,proj_0115,1,1,69.0937,62.4068,0.9995,63.4016,1,1.0,3,3,0.2764,0,0.0,0,Applied Project Specialist,Strong match (Score: 69.1). Matched 3/3 required skills (100%). high text similarity (0.28). Segment: Applied Project Specialist.
cab37fc0-5983-4910-a593-6b513146db25,proj_0115,2,6,59.1723,48.6282,0.9995,48.9322,1,0.6667,2,3,0.2046,0,0.0,0,Applied Project Specialist,Strong match (Score: 59.2). Matched 2/3 required skills (67%). high text similarity (0.20). Segment: Applied Project Specialist.
bb0f642d-1096-4c1e-a583-70dcd1d200f4,proj_0115,3,1,57.6219,44.7634,0.9995,46.3011,1,0.6667,2,3,0.2043,0,0.0,1,Hackathon Champion,Strong match (Score: 57.6). Matched 2/3 required skills (67%). high text similarity (0.20). Segment: Hackathon Champion.
37921f8e-6940-4221-a34b-d7be678be5c4,proj_0115,4,10,51.2002,35.6681,0.9981,30.3571,1,0.3333,1,3,0.2438,0,0.0,0,Applied Project Specialist,Strong match (Score: 51.2). Matched 1/3 required skills (33%). high text similarity (0.24). Segment: Applied Project Specialist.
b7dad599-a16d-4fcf-b509-98101812c67c,proj_0115,5,11,50.7951,33.3352,0.9976,36.1042,1,0.3333,1,3,0.28,0,0.0,2,High Open-Source Contributor,Strong match (Score: 50.8). Matched 1/3 required skills (33%). high text similarity (0.28). Segment: High Open-Source Contributor.
b5b19d8a-de3e-45ba-bba5-521f2a25f95f,proj_0115,6,13,50.7919,33.5335,0.9975,44.3592,1,0.3333,1,3,0.2747,0,0.0,2,High Open-Source Contributor,Strong match (Score: 50.8). Matched 1/3 required skills (33%). high text similarity (0.27). Segment: High Open-Source Contributor.
17fba54a-7d3e-423b-8ec7-f07480195e32,proj_0115,7,12,50.7177,33.4718,0.9977,24.3268,1,0.3333,1,3,0.271,0,0.0,2,High Open-Source Contributor,Strong match (Score: 50.7). Matched 1/3 required skills (33%). high text similarity (0.27). Segment: High Open-Source Contributor.
482ad2c1-897a-4d02-a049-2588feb555c9,proj_0115,8,11,50.6439,33.4184,0.9976,25.2146,1,0.3333,1,3,0.2677,0,0.0,2,High Open-Source Contributor,Strong match (Score: 50.6). Matched 1/3 required skills (33%). high text similarity (0.27). Segment: High Open-Source Contributor.
f63bb13f-93b2-41f7-941e-269711f4d4eb,proj_0115,9,11,50.5945,33.2576,0.9974,36.5812,1,0.3333,1,3,0.2691,0,0.0,1,Hackathon Champion,Strong match (Score: 50.6). Matched 1/3 required skills (33%). high text similarity (0.27). Segment: Hackathon Champion.
0366bf32-f9d4-4aa2-a3f8-e65520b0768c,proj_0115,10,14,50.5042,33.8305,0.9976,36.3991,1,0.3333,1,3,0.2474,0,0.0,2,High Open-Source Contributor,Strong match (Score: 50.5). Matched 1/3 required skills (33%). high text similarity (0.25). Segment: High Open-Source Contributor.
cab37fc0-5983-4910-a593-6b513146db25,proj_0116,1,1,67.7893,61.8832,0.9995,65.1824,1,1.0,3,3,0.2034,0,0.0,0,Applied Project Specialist,Strong match (Score: 67.8). Matched 3/3 required skills (100%). high text similarity (0.20). Segment: Applied Project Specialist.
1c013e76-8dd1-4835-929d-4d17b3cca983,proj_0116,2,2,67.413,60.1887,0.9995,63.8072,1,1.0,3,3,0.2235,0,0.0,0,Applied Project Specialist,Strong match (Score: 67.4). Matched 3/3 required skills (100%). high text similarity (0.22). Segment: Applied Project Specialist.
bb0f642d-1096-4c1e-a583-70dcd1d200f4,proj_0116,3,5,46.3274,27.1685,0.9946,31.5683,1,0.3333,1,3,0.1526,0,0.0,1,Hackathon Champion,Moderate match (Score: 46.3). Matched 1/3 required skills (33%). high text similarity (0.15). Segment: Hackathon Champion.
1458b5a8-ec14-4f63-b9f8-f205cef99d3a,proj_0116,4,29,45.5428,27.5807,0.9948,31.1462,1,0.3333,1,3,0.0889,0,0.0,0,Applied Project Specialist,Moderate match (Score: 45.5). Matched 1/3 required skills (33%). Segment: Applied Project Specialist.
62896dac-f806-44b9-bcb9-4a4df88ecc09,proj_0116,5,28,45.0152,26.4755,0.9928,25.7303,1,0.3333,1,3,0.0872,0,0.0,0,Applied Project Specialist,Moderate match (Score: 45.0). Matched 1/3 required skills (33%). Segment: Applied Project Specialist.
8b45903d-f859-457f-8517-b7b0cb85a48a,proj_0116,6,81,36.6011,19.4827,0.8953,19.7058,1,0.0,0,3,0.0966,0,0.2,0,Applied Project Specialist,Moderate match (Score: 36.6). Matched 0/3 required skills (0%). Segment: Applied Project Specialist.
0366bf32-f9d4-4aa2-a3f8-e65520b0768c,proj_0116,7,73,35.4439,16.0434,0.8794,16.4825,1,0.0,0,3,0.1763,0,0.0,2,High Open-Source Contributor,Moderate match (Score: 35.4). Matched 0/3 required skills (0%). high text similarity (0.18). Segment: High Open-Source Contributor.
b5b19d8a-de3e-45ba-bba5-521f2a25f95f,proj_0116,8,82,35.0374,14.6486,0.8971,13.083,1,0.0,0,3,0.151,0,0.0,2,High Open-Source Contributor,Moderate match (Score: 35.0). Matched 0/3 required skills (0%). high text similarity (0.15). Segment: High Open-Source Contributor.
482ad2c1-897a-4d02-a049-2588feb555c9,proj_0116,9,61,34.9823,14.6119,0.8977,14.7846,1,0.0,0,3,0.1471,0,0.0,2,High Open-Source Contributor,Moderate match (Score: 35.0). Matched 0/3 required skills (0%). Segment: High Open-Source Contributor.
9965fb9a-60f0-4faa-a4c2-69d5bf9b8f86,proj_0116,10,91,34.4856,17.4065,0.8491,12.7823,1,0.0,0,3,0.095,0,0.25,0,Applied Project Specialist,Moderate match (Score: 34.5). Matched 0/3 required skills (0%). Segment: Applied Project Specialist.
cab37fc0-5983-4910-a593-6b513146db25,proj_0117,1,1,67.7893,61.8832,0.9995,65.3182,1,1.0,3,3,0.2034,0,0.0,0,Applied Project Specialist,Strong match (Score: 67.8). Matched 3/3 required skills (100%). high text similarity (0.20). Segment: Applied Project Specialist.
1c013e76-8dd1-4835-929d-4d17b3cca983,proj_0117,2,2,67.413,60.1887,0.9995,56.007,1,1.0,3,3,0.2235,0,0.0,0,Applied Project Specialist,Strong match (Score: 67.4). Matched 3/3 required skills (100%). high text similarity (0.22). Segment: Applied Project Specialist.
bb0f642d-1096-4c1e-a583-70dcd1d200f4,proj_0117,3,5,46.3274,27.1685,0.9946,41.1891,1,0.3333,1,3,0.1526,0,0.0,1,Hackathon Champion,Moderate match (Score: 46.3). Matched 1/3 required skills (33%). high text similarity (0.15). Segment: Hackathon Champion.
1458b5a8-ec14-4f63-b9f8-f205cef99d3a,proj_0117,4,29,45.5428,27.5807,0.9948,32.3198,1,0.3333,1,3,0.0889,0,0.0,0,Applied Project Specialist,Moderate match (Score: 45.5). Matched 1/3 required skills (33%). Segment: Applied Project Specialist.
62896dac-f806-44b9-bcb9-4a4df88ecc09,proj_0117,5,28,45.0152,26.4755,0.9928,28.5099,1,0.3333,1,3,0.0872,0,0.0,0,Applied Project Specialist,Moderate match (Score: 45.0). Matched 1/3 required skills (33%). Segment: Applied Project Specialist.
8b45903d-f859-457f-8517-b7b0cb85a48a,proj_0117,6,81,36.6011,19.4827,0.8953,14.8788,1,0.0,0,3,0.0966,0,0.2,0,Applied Project Specialist,Moderate match (Score: 36.6). Matched 0/3 required skills (0%). Segment: Applied Project Specialist.
0366bf32-f9d4-4aa2-a3f8-e65520b0768c,proj_0117,7,73,35.4439,16.0434,0.8794,17.4515,1,0.0,0,3,0.1763,0,0.0,2,High Open-Source Contributor,Moderate match (Score: 35.4). Matched 0/3 required skills (0%). high text similarity (0.18). Segment: High Open-Source Contributor.
b5b19d8a-de3e-45ba-bba5-521f2a25f95f,proj_0117,8,82,35.0374,14.6486,0.8971,14.1489,1,0.0,0,3,0.151,0,0.0,2,High Open-Source Contributor,Moderate match (Score: 35.0). Matched 0/3 required skills (0%). high text similarity (0.15). Segment: High Open-Source Contributor.
482ad2c1-897a-4d02-a049-2588feb555c9,proj_0117,9,61,34.9823,14.6119,0.8977,13.1356,1,0.0,0,3,0.1471,0,0.0,2,High Open-Source Contributor,Moderate match (Score: 35.0). Matched 0/3 required skills (0%). Segment: High Open-Source Contributor.
9965fb9a-60f0-4faa-a4c2-69d5bf9b8f86,proj_0117,10,91,34.4856,17.4065,0.8491,12.0413,1,0.0,0,3,0.095,0,0.25,0,Applied Project Specialist,Moderate match (Score: 34.5). Matched 0/3 required skills (0%). Segment: Applied Project Specialist.
3f631164-dc26-430c-8497-8c7760bfcedd,proj_0118,1,18,58.9049,48.5435,0.9995,43.4436,1,0.75,3,4,0.1335,0,0.0,1,Hackathon Champion,Strong match (Score: 58.9). Matched 3/4 required skills (75%). Segment: Hackathon Champion.
fb92583d-11ab-4cec-a9fd-c5fd932c1193,proj_0118,2,16,58.598,48.3538,0.9995,55.3635,1,0.75,3,4,0.1181,0,0.0,1,Hackathon Champion,Strong match (Score: 58.6). Matched 3/4 required skills (75%). Segment: Hackathon Champion.
fdc30964-24b1-415d-88e7-290336637cf5,proj_0118,3,13,58.5385,48.4412,0.9995,51.9999,1,0.75,3,4,0.1118,0,0.0,2,High Open-Source Contributor,Strong match (Score: 58.5). Matched 3/4 required skills (75%). Segment: High Open-Source Contributor.
c4e69c9e-4472-40aa-ae9e-e98402e48d1b,proj_0118,4,14,58.2119,47.3734,0.9995,48.1696,1,0.75,3,4,0.1185,0,0.0,0,Applied Project Specialist,Strong match (Score: 58.2). Matched 3/4 required skills (75%). Segment: Applied Project Specialist.
7920e9ba-5787-4e49-814d-3a6830d89f66,proj_0118,5,6,58.1541,47.9677,0.9994,45.3271,1,0.75,3,4,0.099,0,0.0,2,High Open-Source Contributor,Strong match (Score: 58.2). Matched 3/4 required skills (75%). Segment: High Open-Source Contributor.
387913f7-3bc9-49cb-8fe2-9330745c9851,proj_0118,6,17,57.9117,46.0454,0.9995,43.5736,1,0.75,3,4,0.1339,0,0.0,3,Emerging Generalist Builder,Strong match (Score: 57.9). Matched 3/4 required skills (75%). Segment: Emerging Generalist Builder.
e74cd5e6-4aad-460f-9ec1-a6eac48a4a58,proj_0118,7,11,56.2443,44.3895,0.9993,39.6296,1,0.75,3,4,0.0673,0,0.0,0,Applied Project Specialist,Strong match (Score: 56.2). Matched 3/4 required skills (75%). Segment: Applied Project Specialist.
e431f3da-f600-4d0f-ba76-86bf19ae9a0d,proj_0118,8,3,53.4257,41.073,0.9995,36.7256,1,0.5,2,4,0.1341,0,0.0,0,Applied Project Specialist,Strong match (Score: 53.4). Matched 2/4 required skills (50%). Segment: Applied Project Specialist.
026d7a41-6d0c-4425-bc94-74799fa8319f,proj_0118,9,13,51.8258,37.152,0.9995,27.9408,1,0.5,2,4,0.132,0,0.0,3,Emerging Generalist Builder,Strong match (Score: 51.8). Matched 2/4 required skills (50%). Segment: Emerging Generalist Builder.
4732886f-ea61-4283-92e8-e4dd176e752e,proj_0118,10,5,51.6195,36.5351,0.9995,33.7562,1,0.5,2,4,0.1347,0,0.0,2,High Open-Source Contributor,Strong match (Score: 51.6). Matched 2/4 required skills (50%). Segment: High Open-Source Contributor.
0d7aa2ad-f54e-438f-805a-7cb4ac9fb423,proj_0119,1,5,65.4186,57.029,0.9995,60.5397,1,1.0,4,4,0.1748,0,0.0,2,High Open-Source Contributor,Strong match (Score: 65.4). Matched 4/4 required skills (100%). high text similarity (0.17). Segment: High Open-Source Contributor.
ae3dcd6d-68be-4555-8891-2616eea6618b,proj_0119,2,20,59.9709,51.0059,0.9995,35.8326,1,0.75,3,4,0.1389,0,0.0,0,Applied Project Specialist,Strong match (Score: 60.0). Matched 3/4 required skills (75%). Segment: Applied Project Specialist.
1ac50d1b-e5e1-448b-9a7c-d0b1946dd32f,proj_0119,3,19,59.5562,50.1418,0.9995,47.6868,1,0.75,3,4,0.1343,0,0.0,0,Applied Project Specialist,Strong match (Score: 59.6). Matched 3/4 required skills (75%). Segment: Applied Project Specialist.
fb92583d-11ab-4cec-a9fd-c5fd932c1193,proj_0119,4,11,59.1064,49.0623,0.9995,53.5559,1,0.75,3,4,0.1331,0,0.0,1,Hackathon Champion,Strong match (Score: 59.1). Matched 3/4 required skills (75%). Segment: Hackathon Champion.
c4e69c9e-4472-40aa-ae9e-e98402e48d1b,proj_0119,5,10,58.9203,48.657,0.9995,50.0811,1,0.75,3,4,0.1315,0,0.0,0,Applied Project Specialist,Strong match (Score: 58.9). Matched 3/4 required skills (75%). Segment: Applied Project Specialist.
387913f7-3bc9-49cb-8fe2-9330745c9851,proj_0119,6,18,57.7435,45.4112,0.9995,44.6295,1,0.75,3,4,0.1396,0,0.0,3,Emerging Generalist Builder,Strong match (Score: 57.7). Matched 3/4 required skills (75%). Segment: Emerging Generalist Builder.
31923181-f583-4704-8bd5-7071757bb7b2,proj_0119,7,12,57.7133,46.9858,0.9994,45.9351,1,0.75,3,4,0.0958,0,0.0,2,High Open-Source Contributor,Strong match (Score: 57.7). Matched 3/4 required skills (75%). Segment: High Open-Source Contributor.
3a212f49-df4c-495e-9787-a66a9881678f,proj_0119,8,19,57.669,46.6199,0.9994,47.6927,1,0.75,3,4,0.1026,0,0.0,2,High Open-Source Contributor,Strong match (Score: 57.7). Matched 3/4 required skills (75%). Segment: High Open-Source Contributor.
15d763c8-c667-47dc-b0e4-4b655fcbea47,proj_0119,9,2,57.5392,45.3354,0.9996,53.6058,1,0.75,3,4,0.1278,0,0.0,3,Emerging Generalist Builder,Strong match (Score: 57.5). Matched 3/4 required skills (75%). Segment: Emerging Generalist Builder.
b3b6351b-3567-4776-9e69-58952ccbd617,proj_0119,10,19,57.5131,46.0053,0.9995,44.4253,1,0.75,3,4,0.1084,0,0.0,2,High Open-Source Contributor,Strong match (Score: 57.5). Matched 3/4 required skills (75%). Segment: High Open-Source Contributor.
fb92583d-11ab-4cec-a9fd-c5fd932c1193,proj_0120,1,2,67.4146,60.7178,0.9995,60.2447,1,1.0,4,4,0.2095,0,0.0,1,Hackathon Champion,Strong match (Score: 67.4). Matched 4/4 required skills (100%). high text similarity (0.21). Segment: Hackathon Champion.
ae3dcd6d-68be-4555-8891-2616eea6618b,proj_0120,2,11,62.6648,54.9769,0.9995,62.4153,1,0.75,3,4,0.2126,0,0.0,0,Applied Project Specialist,Strong match (Score: 62.7). Matched 3/4 required skills (75%). high text similarity (0.21). Segment: Applied Project Specialist.
1ac50d1b-e5e1-448b-9a7c-d0b1946dd32f,proj_0120,3,12,62.1415,53.9276,0.9995,55.1042,1,0.75,3,4,0.2057,0,0.0,0,Applied Project Specialist,Strong match (Score: 62.1). Matched 3/4 required skills (75%). high text similarity (0.21). Segment: Applied Project Specialist.
b3b6351b-3567-4776-9e69-58952ccbd617,proj_0120,4,12,61.5173,52.262,0.9995,51.3218,1,0.75,3,4,0.2085,0,0.0,2,High Open-Source Contributor,Strong match (Score: 61.5). Matched 3/4 required skills (75%). high text similarity (0.21). Segment: High Open-Source Contributor.
be383411-f3cf-4b9b-86fc-e4856043fba8,proj_0120,5,3,60.5092,50.3606,0.9995,52.7957,1,0.75,3,4,0.192,0,0.0,1,Hackathon Champion,Strong match (Score: 60.5). Matched 3/4 required skills (75%). high text similarity (0.19). Segment: Hackathon Champion.
c4e69c9e-4472-40aa-ae9e-e98402e48d1b,proj_0120,6,7,59.9387,49.5079,0.9996,51.7558,1,0.75,3,4,0.1765,0,0.0,0,Applied Project Specialist,Strong match (Score: 59.9). Matched 3/4 required skills (75%). high text similarity (0.18). Segment: Applied Project Specialist.
387913f7-3bc9-49cb-8fe2-9330745c9851,proj_0120,7,13,59.0564,47.1859,0.9995,46.7457,1,0.75,3,4,0.1798,0,0.0,3,Emerging Generalist Builder,Strong match (Score: 59.1). Matched 3/4 required skills (75%). high text similarity (0.18). Segment: Emerging Generalist Builder.
0b5106f1-f666-4035-8004-d8f2e00a6a1d,proj_0120,8,16,56.1831,45.364,0.9995,33.7953,1,0.5,2,4,0.2035,0,0.0,2,High Open-Source Contributor,Strong match (Score: 56.2). Matched 2/4 required skills (50%). high text similarity (0.20). Segment: High Open-Source Contributor.
3a212f49-df4c-495e-9787-a66a9881678f,proj_0120,9,25,54.4032,41.5331,0.9995,48.4792,1,0.5,2,4,0.187,0,0.0,2,High Open-Source Contributor,Strong match (Score: 54.4). Matched 2/4 required skills (50%). high text similarity (0.19). Segment: High Open-Source Contributor.
3f631164-dc26-430c-8497-8c7760bfcedd,proj_0120,10,22,53.2294,39.4759,0.9995,38.4524,1,0.5,2,4,0.1636,0,0.0,1,Hackathon Champion,Strong match (Score: 53.2). Matched 2/4 required skills (50%). high text similarity (0.16). Segment: Hackathon Champion.
0d7aa2ad-f54e-438f-805a-7cb4ac9fb423,proj_0121,1,5,65.4186,57.029,0.9995,46.1368,1,1.0,4,4,0.1748,0,0.0,2,High Open-Source Contributor,Strong match (Score: 65.4). Matched 4/4 required skills (100%). high text similarity (0.17). Segment: High Open-Source Contributor.
ae3dcd6d-68be-4555-8891-2616eea6618b,proj_0121,2,20,59.9709,51.0059,0.9995,60.0999,1,0.75,3,4,0.1389,0,0.0,0,Applied Project Specialist,Strong match (Score: 60.0). Matched 3/4 required skills (75%). Segment: Applied Project Specialist.
1ac50d1b-e5e1-448b-9a7c-d0b1946dd32f,proj_0121,3,19,59.5562,50.1418,0.9995,47.2722,1,0.75,3,4,0.1343,0,0.0,0,Applied Project Specialist,Strong match (Score: 59.6). Matched 3/4 required skills (75%). Segment: Applied Project Specialist.
fb92583d-11ab-4cec-a9fd-c5fd932c1193,proj_0121,4,11,59.1064,49.0623,0.9995,45.1101,1,0.75,3,4,0.1331,0,0.0,1,Hackathon Champion,Strong match (Score: 59.1). Matched 3/4 required skills (75%). Segment: Hackathon Champion.
c4e69c9e-4472-40aa-ae9e-e98402e48d1b,proj_0121,5,10,58.9203,48.657,0.9995,54.9135,1,0.75,3,4,0.1315,0,0.0,0,Applied Project Specialist,Strong match (Score: 58.9). Matched 3/4 required skills (75%). Segment: Applied Project Specialist.
387913f7-3bc9-49cb-8fe2-9330745c9851,proj_0121,6,18,57.7435,45.4112,0.9995,37.8246,1,0.75,3,4,0.1396,0,0.0,3,Emerging Generalist Builder,Strong match (Score: 57.7). Matched 3/4 required skills (75%). Segment: Emerging Generalist Builder.
31923181-f583-4704-8bd5-7071757bb7b2,proj_0121,7,12,57.7133,46.9858,0.9994,45.198,1,0.75,3,4,0.0958,0,0.0,2,High Open-Source Contributor,Strong match (Score: 57.7). Matched 3/4 required skills (75%). Segment: High Open-Source Contributor.
3a212f49-df4c-495e-9787-a66a9881678f,proj_0121,8,19,57.669,46.6199,0.9994,47.4344,1,0.75,3,4,0.1026,0,0.0,2,High Open-Source Contributor,Strong match (Score: 57.7). Matched 3/4 required skills (75%). Segment: High Open-Source Contributor.
15d763c8-c667-47dc-b0e4-4b655fcbea47,proj_0121,9,2,57.5392,45.3354,0.9996,37.8072,1,0.75,3,4,0.1278,0,0.0,3,Emerging Generalist Builder,Strong match (Score: 57.5). Matched 3/4 required skills (75%). Segment: Emerging Generalist Builder.
b3b6351b-3567-4776-9e69-58952ccbd617,proj_0121,10,19,57.5131,46.0053,0.9995,47.7676,1,0.75,3,4,0.1084,0,0.0,2,High Open-Source Contributor,Strong match (Score: 57.5). Matched 3/4 required skills (75%). Segment: High Open-Source Contributor.
0d7aa2ad-f54e-438f-805a-7cb4ac9fb423,proj_0122,1,5,65.4186,57.029,0.9995,59.6614,1,1.0,4,4,0.1748,0,0.0,2,High Open-Source Contributor,Strong match (Score: 65.4). Matched 4/4 required skills (100%). high text similarity (0.17). Segment: High Open-Source Contributor.
ae3dcd6d-68be-4555-8891-2616eea6618b,proj_0122,2,20,59.9709,51.0059,0.9995,50.0266,1,0.75,3,4,0.1389,0,0.0,0,Applied Project Specialist,Strong match (Score: 60.0). Matched 3/4 required skills (75%). Segment: Applied Project Specialist.
1ac50d1b-e5e1-448b-9a7c-d0b1946dd32f,proj_0122,3,19,59.5562,50.1418,0.9995,59.8245,1,0.75,3,4,0.1343,0,0.0,0,Applied Project Specialist,Strong match (Score: 59.6). Matched 3/4 required skills (75%). Segment: Applied Project Specialist.
fb92583d-11ab-4cec-a9fd-c5fd932c1193,proj_0122,4,11,59.1064,49.0623,0.9995,48.0911,1,0.75,3,4,0.1331,0,0.0,1,Hackathon Champion,Strong match (Score: 59.1). Matched 3/4 required skills (75%). Segment: Hackathon Champion.
c4e69c9e-4472-40aa-ae9e-e98402e48d1b,proj_0122,5,10,58.9203,48.657,0.9995,48.7184,1,0.75,3,4,0.1315,0,0.0,0,Applied Project Specialist,Strong match (Score: 58.9). Matched 3/4 required skills (75%). Segment: Applied Project Specialist.
387913f7-3bc9-49cb-8fe2-9330745c9851,proj_0122,6,18,57.7435,45.4112,0.9995,49.6993,1,0.75,3,4,0.1396,0,0.0,3,Emerging Generalist Builder,Strong match (Score: 57.7). Matched 3/4 required skills (75%). Segment: Emerging Generalist Builder.
31923181-f583-4704-8bd5-7071757bb7b2,proj_0122,7,12,57.7133,46.9858,0.9994,49.4164,1,0.75,3,4,0.0958,0,0.0,2,High Open-Source Contributor,Strong match (Score: 57.7). Matched 3/4 required skills (75%). Segment: High Open-Source Contributor.
3a212f49-df4c-495e-9787-a66a9881678f,proj_0122,8,19,57.669,46.6199,0.9994,46.2409,1,0.75,3,4,0.1026,0,0.0,2,High Open-Source Contributor,Strong match (Score: 57.7). Matched 3/4 required skills (75%). Segment: High Open-Source Contributor.
15d763c8-c667-47dc-b0e4-4b655fcbea47,proj_0122,9,2,57.5392,45.3354,0.9996,40.4759,1,0.75,3,4,0.1278,0,0.0,3,Emerging Generalist Builder,Strong match (Score: 57.5). Matched 3/4 required skills (75%). Segment: Emerging Generalist Builder.
b3b6351b-3567-4776-9e69-58952ccbd617,proj_0122,10,19,57.5131,46.0053,0.9995,40.8081,1,0.75,3,4,0.1084,0,0.0,2,High Open-Source Contributor,Strong match (Score: 57.5). Matched 3/4 required skills (75%). Segment: High Open-Source Contributor.
e88fb49b-4d38-4e00-98f7-81c1486d5d6c,proj_0123,1,1,69.1756,63.4702,0.9995,55.5732,1,1.0,4,4,0.2535,0,0.0,0,Applied Project Specialist,Strong match (Score: 69.2). Matched 4/4 required skills (100%). high text similarity (0.25). Segment: Applied Project Specialist.
d052c5f3-b891-454a-84df-4065759115f4,proj_0123,2,12,54.874,42.8526,0.9995,38.1474,1,0.5,2,4,0.1832,0,0.0,2,High Open-Source Contributor,Strong match (Score: 54.9). Matched 2/4 required skills (50%). high text similarity (0.18). Segment: High Open-Source Contributor.
38eb7628-e648-4935-b757-eff8326a187d,proj_0123,3,5,54.8246,43.1864,0.9995,44.2257,1,0.5,2,4,0.171,0,0.0,0,Applied Project Specialist,Strong match (Score: 54.8). Matched 2/4 required skills (50%). high text similarity (0.17). Segment: Applied Project Specialist.
aa8e0419-6869-4352-9957-c2ce19a4df19,proj_0123,4,15,53.1776,38.9528,0.9995,44.5021,1,0.5,2,4,0.1741,0,0.0,1,Hackathon Champion,Strong match (Score: 53.2). Matched 2/4 required skills (50%). high text similarity (0.17). Segment: Hackathon Champion.
4cf65dd2-ee7a-4220-9174-7b844f8fcf41,proj_0123,5,12,52.9391,38.2439,0.9995,38.3433,1,0.5,2,4,0.1771,0,0.0,3,Emerging Generalist Builder,Strong match (Score: 52.9). Matched 2/4 required skills (50%). high text similarity (0.18). Segment: Emerging Generalist Builder.
9819149e-0509-4b74-a86f-7975147d2768,proj_0123,6,15,52.4184,38.4459,0.9995,38.8348,1,0.5,2,4,0.137,0,0.0,0,Applied Project Specialist,Strong match (Score: 52.4). Matched 2/4 required skills (50%). Segment: Applied Project Specialist.
aea35633-2c28-4426-97f5-9cc483a2646b,proj_0123,7,9,52.3538,37.8683,0.9995,29.0221,1,0.5,2,4,0.1481,0,0.0,2,High Open-Source Contributor,Strong match (Score: 52.4). Matched 2/4 required skills (50%). Segment: High Open-Source Contributor.
fef4172a-9569-4d0a-b190-34fb043e7c40,proj_0123,8,15,51.3556,35.2302,0.9995,30.2327,1,0.5,2,4,0.1519,0,0.0,3,Emerging Generalist Builder,Strong match (Score: 51.4). Matched 2/4 required skills (50%). high text similarity (0.15). Segment: Emerging Generalist Builder.
202833cf-72c1-4a1a-94cf-7da9f9466fd7,proj_0123,9,9,51.222,34.4576,0.9995,31.0802,1,0.5,2,4,0.1636,0,0.0,3,Emerging Generalist Builder,Strong match (Score: 51.2). Matched 2/4 required skills (50%). high text similarity (0.16). Segment: Emerging Generalist Builder.
0066a921-913f-4f9c-94f3-fc50ab1a7418,proj_0123,10,19,50.5824,33.5859,0.9994,42.9733,1,0.5,2,4,0.1444,0,0.0,3,Emerging Generalist Builder,Strong match (Score: 50.6). Matched 2/4 required skills (50%). Segment: Emerging Generalist Builder.
89725f1b-cf77-46ec-b600-8d479c5336f0,proj_0124,1,3,63.264,54.5099,0.9995,61.6937,1,0.5,2,4,0.265,1,0.0,1,Hackathon Champion,Strong match (Score: 63.3). Matched 2/4 required skills (50%). high text similarity (0.27). domain aligned. Segment: Hackathon Champion.
1d9b4b3e-c4c0-43ca-8453-f32f9ffec287,proj_0124,2,4,62.2363,51.6221,0.9996,42.7259,1,0.5,2,4,0.2733,1,0.0,3,Emerging Generalist Builder,Strong match (Score: 62.2). Matched 2/4 required skills (50%). high text similarity (0.27). domain aligned. Segment: Emerging Generalist Builder.
028835cb-f2be-4cf3-833d-5016c814a61b,proj_0124,3,9,55.838,42.6412,0.9995,32.9199,1,0.5,2,4,0.2531,0,0.0,2,High Open-Source Contributor,Strong match (Score: 55.8). Matched 2/4 required skills (50%). high text similarity (0.25). Segment: High Open-Source Contributor.
2f7aab88-8c56-4ac2-afb3-ea61ddce7899,proj_0124,4,10,55.6189,42.7835,0.9991,50.3583,1,0.25,1,4,0.2355,1,0.0,2,High Open-Source Contributor,Strong match (Score: 55.6). Matched 1/4 required skills (25%). high text similarity (0.24). domain aligned. Segment: High Open-Source Contributor.
1d66819b-e8d6-4d38-a01a-7c1e10682d7a,proj_0124,5,4,54.076,38.5212,0.9995,29.7719,1,0.5,2,4,0.2455,0,0.0,3,Emerging Generalist Builder,Strong match (Score: 54.1). Matched 2/4 required skills (50%). high text similarity (0.25). Segment: Emerging Generalist Builder.
e5da3070-4f31-4f4e-97b7-7ce6e1450cb2,proj_0124,6,12,54.0447,40.4829,0.9988,41.2061,1,0.25,1,4,0.1925,1,0.0,0,Applied Project Specialist,Strong match (Score: 54.0). Matched 1/4 required skills (25%). high text similarity (0.19). domain aligned. Segment: Applied Project Specialist.
aa8e0419-6869-4352-9957-c2ce19a4df19,proj_0124,7,12,53.9099,39.0248,0.9995,38.6167,1,0.5,2,4,0.221,0,0.0,1,Hackathon Champion,Strong match (Score: 53.9). Matched 2/4 required skills (50%). high text similarity (0.22). Segment: Hackathon Champion.
38eb7628-e648-4935-b757-eff8326a187d,proj_0124,8,10,53.8027,41.1005,0.9995,35.9115,1,0.5,2,4,0.1585,0,0.0,0,Applied Project Specialist,Strong match (Score: 53.8). Matched 2/4 required skills (50%). high text similarity (0.16). Segment: Applied Project Specialist.
732dbfe7-1acd-4dd9-8572-92ca7923a567,proj_0124,9,7,53.2091,37.0214,0.9995,34.6874,1,0.5,2,4,0.2277,0,0.0,3,Emerging Generalist Builder,Strong match (Score: 53.2). Matched 2/4 required skills (50%). high text similarity (0.23). Segment: Emerging Generalist Builder.
9819149e-0509-4b74-a86f-7975147d2768,proj_0124,10,12,53.1411,38.9439,0.998,36.9461,1,0.25,1,4,0.1749,1,0.0,0,Applied Project Specialist,Strong match (Score: 53.1). Matched 1/4 required skills (25%). high text similarity (0.17). domain aligned. Segment: Applied Project Specialist.
e88fb49b-4d38-4e00-98f7-81c1486d5d6c,proj_0125,1,1,69.1756,63.4702,0.9995,64.6952,1,1.0,4,4,0.2535,0,0.0,0,Applied Project Specialist,Strong match (Score: 69.2). Matched 4/4 required skills (100%). high text similarity (0.25). Segment: Applied Project Specialist.
d052c5f3-b891-454a-84df-4065759115f4,proj_0125,2,12,54.874,42.8526,0.9995,37.6618,1,0.5,2,4,0.1832,0,0.0,2,High Open-Source Contributor,Strong match (Score: 54.9). Matched 2/4 required skills (50%). high text similarity (0.18). Segment: High Open-Source Contributor.
38eb7628-e648-4935-b757-eff8326a187d,proj_0125,3,5,54.8246,43.1864,0.9995,35.7875,1,0.5,2,4,0.171,0,0.0,0,Applied Project Specialist,Strong match (Score: 54.8). Matched 2/4 required skills (50%). high text similarity (0.17). Segment: Applied Project Specialist.
aa8e0419-6869-4352-9957-c2ce19a4df19,proj_0125,4,15,53.1776,38.9528,0.9995,22.4339,1,0.5,2,4,0.1741,0,0.0,1,Hackathon Champion,Strong match (Score: 53.2). Matched 2/4 required skills (50%). high text similarity (0.17). Segment: Hackathon Champion.
4cf65dd2-ee7a-4220-9174-7b844f8fcf41,proj_0125,5,12,52.9391,38.2439,0.9995,44.1285,1,0.5,2,4,0.1771,0,0.0,3,Emerging Generalist Builder,Strong match (Score: 52.9). Matched 2/4 required skills (50%). high text similarity (0.18). Segment: Emerging Generalist Builder.
9819149e-0509-4b74-a86f-7975147d2768,proj_0125,6,15,52.4184,38.4459,0.9995,40.615,1,0.5,2,4,0.137,0,0.0,0,Applied Project Specialist,Strong match (Score: 52.4). Matched 2/4 required skills (50%). Segment: Applied Project Specialist.
aea35633-2c28-4426-97f5-9cc483a2646b,proj_0125,7,9,52.3538,37.8683,0.9995,40.1603,1,0.5,2,4,0.1481,0,0.0,2,High Open-Source Contributor,Strong match (Score: 52.4). Matched 2/4 required skills (50%). Segment: High Open-Source Contributor.
fef4172a-9569-4d0a-b190-34fb043e7c40,proj_0125,8,15,51.3556,35.2302,0.9995,33.5124,1,0.5,2,4,0.1519,0,0.0,3,Emerging Generalist Builder,Strong match (Score: 51.4). Matched 2/4 required skills (50%). high text similarity (0.15). Segment: Emerging Generalist Builder.
202833cf-72c1-4a1a-94cf-7da9f9466fd7,proj_0125,9,9,51.222,34.4576,0.9995,36.4617,1,0.5,2,4,0.1636,0,0.0,3,Emerging Generalist Builder,Strong match (Score: 51.2). Matched 2/4 required skills (50%). high text similarity (0.16). Segment: Emerging Generalist Builder.
0066a921-913f-4f9c-94f3-fc50ab1a7418,proj_0125,10,19,50.5824,33.5859,0.9994,26.3341,1,0.5,2,4,0.1444,0,0.0,3,Emerging Generalist Builder,Strong match (Score: 50.6). Matched 2/4 required skills (50%). Segment: Emerging Generalist Builder.
9819149e-0509-4b74-a86f-7975147d2768,proj_0126,1,7,57.2296,44.6115,0.9995,43.2855,1,0.6667,2,3,0.1822,0,0.0,0,Applied Project Specialist,Strong match (Score: 57.2). Matched 2/3 required skills (67%). high text similarity (0.18). Segment: Applied Project Specialist.
89725f1b-cf77-46ec-b600-8d479c5336f0,proj_0126,2,11,57.2052,43.8755,0.9995,48.2275,1,0.6667,2,3,0.2002,0,0.0,1,Hackathon Champion,Strong match (Score: 57.2). Matched 2/3 required skills (67%). high text similarity (0.20). Segment: Hackathon Champion.
2f7aab88-8c56-4ac2-afb3-ea61ddce7899,proj_0126,3,9,57.0004,44.2522,0.9995,39.7418,1,0.6667,2,3,0.1765,0,0.0,2,High Open-Source Contributor,Strong match (Score: 57.0). Matched 2/3 required skills (67%). high text similarity (0.18). Segment: High Open-Source Contributor.
6188831d-2423-4170-97be-c1ce063d2e91,proj_0126,4,8,56.998,43.4774,0.9995,44.5409,1,0.6667,2,3,0.197,0,0.0,3,Emerging Generalist Builder,Strong match (Score: 57.0). Matched 2/3 required skills (67%). high text similarity (0.20). Segment: Emerging Generalist Builder.
fef4172a-9569-4d0a-b190-34fb043e7c40,proj_0126,5,10,56.2976,42.5066,0.9995,46.2405,1,0.6667,2,3,0.1762,0,0.0,3,Emerging Generalist Builder,Strong match (Score: 56.3). Matched 2/3 required skills (67%). high text similarity (0.18). Segment: Emerging Generalist Builder.
0066a921-913f-4f9c-94f3-fc50ab1a7418,proj_0126,6,10,55.6055,40.855,0.9995,41.0871,1,0.6667,2,3,0.1741,0,0.0,3,Emerging Generalist Builder,Strong match (Score: 55.6). Matched 2/3 required skills (67%). high text similarity (0.17). Segment: Emerging Generalist Builder.
d052c5f3-b891-454a-84df-4065759115f4,proj_0126,7,40,47.2404,30.0209,0.9961,31.3713,1,0.3333,1,3,0.1344,0,0.0,2,High Open-Source Contributor,Moderate match (Score: 47.2). Matched 1/3 required skills (33%). Segment: High Open-Source Contributor.
028835cb-f2be-4cf3-833d-5016c814a61b,proj_0126,8,27,46.7119,28.7409,0.9959,33.8305,1,0.3333,1,3,0.1337,0,0.0,2,High Open-Source Contributor,Moderate match (Score: 46.7). Matched 1/3 required skills (33%). Segment: High Open-Source Contributor.
e5da3070-4f31-4f4e-97b7-7ce6e1450cb2,proj_0126,9,30,46.5392,28.8342,0.9961,28.9664,1,0.3333,1,3,0.1193,0,0.0,0,Applied Project Specialist,Moderate match (Score: 46.5). Matched 1/3 required skills (33%). Segment: Applied Project Specialist.
38eb7628-e648-4935-b757-eff8326a187d,proj_0126,10,28,46.26,28.6201,0.9958,25.5319,1,0.3333,1,3,0.107,0,0.0,0,Applied Project Specialist,Moderate match (Score: 46.3). Matched 1/3 required skills (33%). Segment: Applied Project Specialist.
89725f1b-cf77-46ec-b600-8d479c5336f0,proj_0127,1,3,63.264,54.5099,0.9995,55.05,1,0.5,2,4,0.265,1,0.0,1,Hackathon Champion,Strong match (Score: 63.3). Matched 2/4 required skills (50%). high text similarity (0.27). domain aligned. Segment: Hackathon Champion.
1d9b4b3e-c4c0-43ca-8453-f32f9ffec287,proj_0127,2,4,62.2363,51.6221,0.9996,59.2875,1,0.5,2,4,0.2733,1,0.0,3,Emerging Generalist Builder,Strong match (Score: 62.2). Matched 2/4 required skills (50%). high text similarity (0.27). domain aligned. Segment: Emerging Generalist Builder.
028835cb-f2be-4cf3-833d-5016c814a61b,proj_0127,3,9,55.838,42.6412,0.9995,43.6734,1,0.5,2,4,0.2531,0,0.0,2,High Open-Source Contributor,Strong match (Score: 55.8). Matched 2/4 required skills (50%). high text similarity (0.25). Segment: High Open-Source Contributor.
2f7aab88-8c56-4ac2-afb3-ea61ddce7899,proj_0127,4,10,55.6189,42.7835,0.9991,41.5776,1,0.25,1,4,0.2355,1,0.0,2,High Open-Source Contributor,Strong match (Score: 55.6). Matched 1/4 required skills (25%). high text similarity (0.24). domain aligned. Segment: High Open-Source Contributor.
1d66819b-e8d6-4d38-a01a-7c1e10682d7a,proj_0127,5,4,54.076,38.5212,0.9995,45.4029,1,0.5,2,4,0.2455,0,0.0,3,Emerging Generalist Builder,Strong match (Score: 54.1). Matched 2/4 required skills (50%). high text similarity (0.25). Segment: Emerging Generalist Builder.
e5da3070-4f31-4f4e-97b7-7ce6e1450cb2,proj_0127,6,12,54.0447,40.4829,0.9988,44.51,1,0.25,1,4,0.1925,1,0.0,0,Applied Project Specialist,Strong match (Score: 54.0). Matched 1/4 required skills (25%). high text similarity (0.19). domain aligned. Segment: Applied Project Specialist.
aa8e0419-6869-4352-9957-c2ce19a4df19,proj_0127,7,12,53.9099,39.0248,0.9995,37.3292,1,0.5,2,4,0.221,0,0.0,1,Hackathon Champion,Strong match (Score: 53.9). Matched 2/4 required skills (50%). high text similarity (0.22). Segment: Hackathon Champion.
38eb7628-e648-4935-b757-eff8326a187d,proj_0127,8,10,53.8027,41.1005,0.9995,43.1746,1,0.5,2,4,0.1585,0,0.0,0,Applied Project Specialist,Strong match (Score: 53.8). Matched 2/4 required skills (50%). high text similarity (0.16). Segment: Applied Project Specialist.
732dbfe7-1acd-4dd9-8572-92ca7923a567,proj_0127,9,7,53.2091,37.0214,0.9995,40.1582,1,0.5,2,4,0.2277,0,0.0,3,Emerging Generalist Builder,Strong match (Score: 53.2). Matched 2/4 required skills (50%). high text similarity (0.23). Segment: Emerging Generalist Builder.
9819149e-0509-4b74-a86f-7975147d2768,proj_0127,10,12,53.1411,38.9439,0.998,46.4678,1,0.25,1,4,0.1749,1,0.0,0,Applied Project Specialist,Strong match (Score: 53.1). Matched 1/4 required skills (25%). high text similarity (0.17). domain aligned. Segment: Applied Project Specialist.
bccfcb8d-4fb3-47d4-b57d-a04e3af3b2df,proj_0128,1,1,65.3888,57.0708,0.9995,50.7112,1,1.0,3,3,0.1717,0,0.0,3,Emerging Generalist Builder,Strong match (Score: 65.4). Matched 3/3 required skills (100%). high text similarity (0.17). Segment: Emerging Generalist Builder.
a4a433e6-4d7c-4b9e-a42e-488e76adf7e7,proj_0128,2,4,57.2971,45.954,0.9995,40.4157,1,0.6667,2,3,0.1509,0,0.0,0,Applied Project Specialist,Strong match (Score: 57.3). Matched 2/3 required skills (67%). high text similarity (0.15). Segment: Applied Project Specialist.
6c6070fe-5590-4bd5-bd37-c804f1141ede,proj_0128,3,7,57.2452,45.8356,0.9995,47.845,1,0.6667,2,3,0.1506,0,0.0,0,Applied Project Specialist,Strong match (Score: 57.2). Matched 2/3 required skills (67%). high text similarity (0.15). Segment: Applied Project Specialist.
aef464f5-af76-44a4-87e7-f6be50045a9c,proj_0128,4,8,56.6846,44.014,0.9995,49.9752,1,0.6667,2,3,0.1618,0,0.0,2,High Open-Source Contributor,Strong match (Score: 56.7). Matched 2/3 required skills (67%). high text similarity (0.16). Segment: High Open-Source Contributor.
e9488dc6-d1ac-430c-a5c2-850186211dc1,proj_0128,5,16,56.1617,43.0705,0.9995,45.1048,1,0.6667,2,3,0.1521,0,0.0,1,Hackathon Champion,Strong match (Score: 56.2). Matched 2/3 required skills (67%). high text similarity (0.15). Segment: Hackathon Champion.
ed3f2794-a992-4ce0-bd83-2a067fc1022e,proj_0128,6,5,56.1428,42.8919,0.9995,48.1638,1,0.6667,2,3,0.1556,0,0.0,3,Emerging Generalist Builder,Strong match (Score: 56.1). Matched 2/3 required skills (67%). high text similarity (0.16). Segment: Emerging Generalist Builder.
efa39902-d69e-44f9-aad9-c9c79d10edf5,proj_0128,7,10,55.9221,43.1352,0.9995,45.4826,1,0.6667,2,3,0.1344,0,0.0,3,Emerging Generalist Builder,Strong match (Score: 55.9). Matched 2/3 required skills (67%). Segment: Emerging Generalist Builder.
a7773a57-50bc-47d6-8134-aaf0c5d7ebf2,proj_0128,8,13,55.8919,42.2985,0.9995,50.6571,1,0.6667,2,3,0.1547,0,0.0,2,High Open-Source Contributor,Strong match (Score: 55.9). Matched 2/3 required skills (67%). high text similarity (0.15). Segment: High Open-Source Contributor.
e010432f-7f95-480f-9c68-b6292bbbbefd,proj_0128,9,17,55.6468,42.4771,0.9983,43.331,1,0.6667,2,3,0.136,0,0.0,2,High Open-Source Contributor,Strong match (Score: 55.6). Matched 2/3 required skills (67%). Segment: High Open-Source Contributor.
79ace0f3-d328-4e54-99d8-c5fdd11aa452,proj_0128,10,15,55.5359,42.1322,0.9995,48.2669,1,0.6667,2,3,0.1354,0,0.0,1,Hackathon Champion,Strong match (Score: 55.5). Matched 2/3 required skills (67%). Segment: Hackathon Champion.
6c6070fe-5590-4bd5-bd37-c804f1141ede,proj_0129,1,4,68.0032,62.5379,0.9995,62.6987,1,1.0,3,3,0.2002,0,0.0,0,Applied Project Specialist,Strong match (Score: 68.0). Matched 3/3 required skills (100%). high text similarity (0.20). Segment: Applied Project Specialist.
a4a433e6-4d7c-4b9e-a42e-488e76adf7e7,proj_0129,2,1,67.6368,62.4239,0.9996,69.0402,1,0.6667,2,3,0.1786,1,0.3333,0,Applied Project Specialist,Strong match (Score: 67.6). Matched 2/3 required skills (67%). high text similarity (0.18). domain aligned. Segment: Applied Project Specialist.
e010432f-7f95-480f-9c68-b6292bbbbefd,proj_0129,3,13,56.9069,45.3636,0.9989,51.3829,1,0.3333,1,3,0.1641,1,0.2,2,High Open-Source Contributor,Strong match (Score: 56.9). Matched 1/3 required skills (33%). high text similarity (0.16). domain aligned. Segment: High Open-Source Contributor.
bccfcb8d-4fb3-47d4-b57d-a04e3af3b2df,proj_0129,4,8,55.1597,41.6118,0.9995,38.5777,1,0.6667,2,3,0.1242,0,0.0,3,Emerging Generalist Builder,Strong match (Score: 55.2). Matched 2/3 required skills (67%). Segment: Emerging Generalist Builder.
79ace0f3-d328-4e54-99d8-c5fdd11aa452,proj_0129,5,20,55.0772,42.538,0.9989,41.8928,1,0.3333,1,3,0.1508,1,0.0,1,Hackathon Champion,Strong match (Score: 55.1). Matched 1/3 required skills (33%). high text similarity (0.15). domain aligned. Segment: Hackathon Champion.
a229e7eb-4cc4-4904-bc99-f96417bb5bf0,proj_0129,6,17,53.5722,38.9556,0.998,36.9156,1,0.3333,1,3,0.1478,1,0.0,3,Emerging Generalist Builder,Strong match (Score: 53.6). Matched 1/3 required skills (33%). domain aligned. Segment: Emerging Generalist Builder.
ed5299a2-0bad-49b4-926e-1cf67c877fe8,proj_0129,7,19,50.7087,34.9056,0.9968,37.7886,1,0.3333,1,3,0.0673,1,0.0,1,Hackathon Champion,Strong match (Score: 50.7). Matched 1/3 required skills (33%). domain aligned. Segment: Hackathon Champion.
f2678cee-0f88-456f-9d8c-da04a86f8ea8,proj_0129,8,17,49.9958,34.2758,0.9984,30.0472,1,0.3333,1,3,0.1667,0,0.2,2,High Open-Source Contributor,Moderate match (Score: 50.0). Matched 1/3 required skills (33%). high text similarity (0.17). Segment: High Open-Source Contributor.
9365a220-90af-4de1-ab03-eb3a03eac0e3,proj_0129,9,17,49.0636,34.6303,0.9979,27.8033,1,0.3333,1,3,0.0961,0,0.2,0,Applied Project Specialist,Moderate match (Score: 49.1). Matched 1/3 required skills (33%). Segment: Applied Project Specialist.
fa9c63b6-6671-44c4-a83a-564068563133,proj_0129,10,22,47.5467,31.1906,0.9971,30.7453,1,0.3333,1,3,0.0883,0,0.2,2,High Open-Source Contributor,Moderate match (Score: 47.5). Matched 1/3 required skills (33%). Segment: High Open-Source Contributor.
bccfcb8d-4fb3-47d4-b57d-a04e3af3b2df,proj_0130,1,1,65.3888,57.0708,0.9995,56.3925,1,1.0,3,3,0.1717,0,0.0,3,Emerging Generalist Builder,Strong match (Score: 65.4). Matched 3/3 required skills (100%). high text similarity (0.17). Segment: Emerging Generalist Builder.
a4a433e6-4d7c-4b9e-a42e-488e76adf7e7,proj_0130,2,4,57.2971,45.954,0.9995,44.7532,1,0.6667,2,3,0.1509,0,0.0,0,Applied Project Specialist,Strong match (Score: 57.3). Matched 2/3 required skills (67%). high text similarity (0.15). Segment: Applied Project Specialist.
6c6070fe-5590-4bd5-bd37-c804f1141ede,proj_0130,3,7,57.2452,45.8356,0.9995,49.8587,1,0.6667,2,3,0.1506,0,0.0,0,Applied Project Specialist,Strong match (Score: 57.2). Matched 2/3 required skills (67%). high text similarity (0.15). Segment: Applied Project Specialist.
aef464f5-af76-44a4-87e7-f6be50045a9c,proj_0130,4,8,56.6846,44.014,0.9995,42.4631,1,0.6667,2,3,0.1618,0,0.0,2,High Open-Source Contributor,Strong match (Score: 56.7). Matched 2/3 required skills (67%). high text similarity (0.16). Segment: High Open-Source Contributor.
e9488dc6-d1ac-430c-a5c2-850186211dc1,proj_0130,5,16,56.1617,43.0705,0.9995,44.3658,1,0.6667,2,3,0.1521,0,0.0,1,Hackathon Champion,Strong match (Score: 56.2). Matched 2/3 required skills (67%). high text similarity (0.15). Segment: Hackathon Champion.
ed3f2794-a992-4ce0-bd83-2a067fc1022e,proj_0130,6,5,56.1428,42.8919,0.9995,48.8426,1,0.6667,2,3,0.1556,0,0.0,3,Emerging Generalist Builder,Strong match (Score: 56.1). Matched 2/3 required skills (67%). high text similarity (0.16). Segment: Emerging Generalist Builder.
efa39902-d69e-44f9-aad9-c9c79d10edf5,proj_0130,7,10,55.9221,43.1352,0.9995,42.5513,1,0.6667,2,3,0.1344,0,0.0,3,Emerging Generalist Builder,Strong match (Score: 55.9). Matched 2/3 required skills (67%). Segment: Emerging Generalist Builder.
a7773a57-50bc-47d6-8134-aaf0c5d7ebf2,proj_0130,8,13,55.8919,42.2985,0.9995,47.1176,1,0.6667,2,3,0.1547,0,0.0,2,High Open-Source Contributor,Strong match (Score: 55.9). Matched 2/3 required skills (67%). high text similarity (0.15). Segment: High Open-Source Contributor.
e010432f-7f95-480f-9c68-b6292bbbbefd,proj_0130,9,17,55.6468,42.4771,0.9983,39.8198,1,0.6667,2,3,0.136,0,0.0,2,High Open-Source Contributor,Strong match (Score: 55.6). Matched 2/3 required skills (67%). Segment: High Open-Source Contributor.
79ace0f3-d328-4e54-99d8-c5fdd11aa452,proj_0130,10,15,55.5359,42.1322,0.9995,47.6331,1,0.6667,2,3,0.1354,0,0.0,1,Hackathon Champion,Strong match (Score: 55.5). Matched 2/3 required skills (67%). Segment: Hackathon Champion.
a7773a57-50bc-47d6-8134-aaf0c5d7ebf2,proj_0131,1,3,71.867,67.9826,0.9995,63.6952,1,1.0,4,4,0.3126,0,0.0,2,High Open-Source Contributor,Strong match (Score: 71.9). Matched 4/4 required skills (100%). high text similarity (0.31). Segment: High Open-Source Contributor.
6c6070fe-5590-4bd5-bd37-c804f1141ede,proj_0131,2,1,70.0013,65.3508,0.9995,64.998,1,1.0,4,4,0.2584,0,0.0,0,Applied Project Specialist,Strong match (Score: 70.0). Matched 4/4 required skills (100%). high text similarity (0.26). Segment: Applied Project Specialist.
f2678cee-0f88-456f-9d8c-da04a86f8ea8,proj_0131,3,5,69.3514,62.8184,0.9995,64.4361,1,1.0,4,4,0.2826,0,0.0,2,High Open-Source Contributor,Strong match (Score: 69.4). Matched 4/4 required skills (100%). high text similarity (0.28). Segment: High Open-Source Contributor.
a35e9631-e4eb-4557-a26b-6f2609559a9e,proj_0131,4,2,67.3934,61.9073,0.9995,67.1312,1,0.75,3,4,0.3097,0,0.2,2,High Open-Source Contributor,Strong match (Score: 67.4). Matched 3/4 required skills (75%). high text similarity (0.31). Segment: High Open-Source Contributor.
e9488dc6-d1ac-430c-a5c2-850186211dc1,proj_0131,5,7,63.3358,55.6546,0.9996,50.1421,1,0.5,2,4,0.1974,1,0.25,1,Hackathon Champion,Strong match (Score: 63.3). Matched 2/4 required skills (50%). high text similarity (0.20). domain aligned. Segment: Hackathon Champion.
e010432f-7f95-480f-9c68-b6292bbbbefd,proj_0131,6,9,62.9715,53.7412,0.9995,53.4516,1,0.75,3,4,0.266,0,0.0,2,High Open-Source Contributor,Strong match (Score: 63.0). Matched 3/4 required skills (75%). high text similarity (0.27). Segment: High Open-Source Contributor.
79ace0f3-d328-4e54-99d8-c5fdd11aa452,proj_0131,7,10,62.9611,53.764,0.9995,50.5382,1,0.75,3,4,0.2647,0,0.0,1,Hackathon Champion,Strong match (Score: 63.0). Matched 3/4 required skills (75%). high text similarity (0.26). Segment: Hackathon Champion.
c07b1843-8687-4258-9ad7-9ab65909a578,proj_0131,8,7,62.8263,53.2995,0.9995,59.6652,1,0.75,3,4,0.2681,0,0.0,2,High Open-Source Contributor,Strong match (Score: 62.8). Matched 3/4 required skills (75%). high text similarity (0.27). Segment: High Open-Source Contributor.
5be666bd-5141-4449-8892-1e2a361b2e84,proj_0131,9,9,62.365,51.64,0.9995,53.9478,1,0.75,3,4,0.2816,0,0.0,3,Emerging Generalist Builder,Strong match (Score: 62.4). Matched 3/4 required skills (75%). high text similarity (0.28). Segment: Emerging Generalist Builder.
67a7cfcd-2ec3-4d77-a65d-e632b87f5456,proj_0131,10,4,62.2287,53.0767,0.9995,48.3731,1,0.75,3,4,0.2342,0,0.0,1,Hackathon Champion,Strong match (Score: 62.2). Matched 3/4 required skills (75%). high text similarity (0.23). Segment: Hackathon Champion.
bccfcb8d-4fb3-47d4-b57d-a04e3af3b2df,proj_0132,1,1,65.3888,57.0708,0.9995,60.3879,1,1.0,3,3,0.1717,0,0.0,3,Emerging Generalist Builder,Strong match (Score: 65.4). Matched 3/3 required skills (100%). high text similarity (0.17). Segment: Emerging Generalist Builder.
a4a433e6-4d7c-4b9e-a42e-488e76adf7e7,proj_0132,2,4,57.2971,45.954,0.9995,45.0995,1,0.6667,2,3,0.1509,0,0.0,0,Applied Project Specialist,Strong match (Score: 57.3). Matched 2/3 required skills (67%). high text similarity (0.15). Segment: Applied Project Specialist.
6c6070fe-5590-4bd5-bd37-c804f1141ede,proj_0132,3,7,57.2452,45.8356,0.9995,41.7235,1,0.6667,2,3,0.1506,0,0.0,0,Applied Project Specialist,Strong match (Score: 57.2). Matched 2/3 required skills (67%). high text similarity (0.15). Segment: Applied Project Specialist.
aef464f5-af76-44a4-87e7-f6be50045a9c,proj_0132,4,8,56.6846,44.014,0.9995,49.7502,1,0.6667,2,3,0.1618,0,0.0,2,High Open-Source Contributor,Strong match (Score: 56.7). Matched 2/3 required skills (67%). high text similarity (0.16). Segment: High Open-Source Contributor.
e9488dc6-d1ac-430c-a5c2-850186211dc1,proj_0132,5,16,56.1617,43.0705,0.9995,46.1825,1,0.6667,2,3,0.1521,0,0.0,1,Hackathon Champion,Strong match (Score: 56.2). Matched 2/3 required skills (67%). high text similarity (0.15). Segment: Hackathon Champion.
ed3f2794-a992-4ce0-bd83-2a067fc1022e,proj_0132,6,5,56.1428,42.8919,0.9995,42.4243,1,0.6667,2,3,0.1556,0,0.0,3,Emerging Generalist Builder,Strong match (Score: 56.1). Matched 2/3 required skills (67%). high text similarity (0.16). Segment: Emerging Generalist Builder.
efa39902-d69e-44f9-aad9-c9c79d10edf5,proj_0132,7,10,55.9221,43.1352,0.9995,39.7223,1,0.6667,2,3,0.1344,0,0.0,3,Emerging Generalist Builder,Strong match (Score: 55.9). Matched 2/3 required skills (67%). Segment: Emerging Generalist Builder.
a7773a57-50bc-47d6-8134-aaf0c5d7ebf2,proj_0132,8,13,55.8919,42.2985,0.9995,41.8044,1,0.6667,2,3,0.1547,0,0.0,2,High Open-Source Contributor,Strong match (Score: 55.9). Matched 2/3 required skills (67%). high text similarity (0.15). Segment: High Open-Source Contributor.
e010432f-7f95-480f-9c68-b6292bbbbefd,proj_0132,9,17,55.6468,42.4771,0.9983,46.3139,1,0.6667,2,3,0.136,0,0.0,2,High Open-Source Contributor,Strong match (Score: 55.6). Matched 2/3 required skills (67%). Segment: High Open-Source Contributor.
79ace0f3-d328-4e54-99d8-c5fdd11aa452,proj_0132,10,15,55.5359,42.1322,0.9995,43.535,1,0.6667,2,3,0.1354,0,0.0,1,Hackathon Champion,Strong match (Score: 55.5). Matched 2/3 required skills (67%). Segment: Hackathon Champion.
a7773a57-50bc-47d6-8134-aaf0c5d7ebf2,proj_0133,1,3,71.867,67.9826,0.9995,71.8122,1,1.0,4,4,0.3126,0,0.0,2,High Open-Source Contributor,Strong match (Score: 71.9). Matched 4/4 required skills (100%). high text similarity (0.31). Segment: High Open-Source Contributor.
6c6070fe-5590-4bd5-bd37-c804f1141ede,proj_0133,2,1,70.0013,65.3508,0.9995,72.3627,1,1.0,4,4,0.2584,0,0.0,0,Applied Project Specialist,Strong match (Score: 70.0). Matched 4/4 required skills (100%). high text similarity (0.26). Segment: Applied Project Specialist.
f2678cee-0f88-456f-9d8c-da04a86f8ea8,proj_0133,3,5,69.3514,62.8184,0.9995,53.8736,1,1.0,4,4,0.2826,0,0.0,2,High Open-Source Contributor,Strong match (Score: 69.4). Matched 4/4 required skills (100%). high text similarity (0.28). Segment: High Open-Source Contributor.
a35e9631-e4eb-4557-a26b-6f2609559a9e,proj_0133,4,2,67.3934,61.9073,0.9995,61.0287,1,0.75,3,4,0.3097,0,0.2,2,High Open-Source Contributor,Strong match (Score: 67.4). Matched 3/4 required skills (75%). high text similarity (0.31). Segment: High Open-Source Contributor.
e9488dc6-d1ac-430c-a5c2-850186211dc1,proj_0133,5,7,63.3358,55.6546,0.9996,57.2706,1,0.5,2,4,0.1974,1,0.25,1,Hackathon Champion,Strong match (Score: 63.3). Matched 2/4 required skills (50%). high text similarity (0.20). domain aligned. Segment: Hackathon Champion.
e010432f-7f95-480f-9c68-b6292bbbbefd,proj_0133,6,9,62.9715,53.7412,0.9995,51.362,1,0.75,3,4,0.266,0,0.0,2,High Open-Source Contributor,Strong match (Score: 63.0). Matched 3/4 required skills (75%). high text similarity (0.27). Segment: High Open-Source Contributor.
79ace0f3-d328-4e54-99d8-c5fdd11aa452,proj_0133,7,10,62.9611,53.764,0.9995,53.9425,1,0.75,3,4,0.2647,0,0.0,1,Hackathon Champion,Strong match (Score: 63.0). Matched 3/4 required skills (75%). high text similarity (0.26). Segment: Hackathon Champion.
c07b1843-8687-4258-9ad7-9ab65909a578,proj_0133,8,7,62.8263,53.2995,0.9995,60.5876,1,0.75,3,4,0.2681,0,0.0,2,High Open-Source Contributor,Strong match (Score: 62.8). Matched 3/4 required skills (75%). high text similarity (0.27). Segment: High Open-Source Contributor.
5be666bd-5141-4449-8892-1e2a361b2e84,proj_0133,9,9,62.365,51.64,0.9995,51.141,1,0.75,3,4,0.2816,0,0.0,3,Emerging Generalist Builder,Strong match (Score: 62.4). Matched 3/4 required skills (75%). high text similarity (0.28). Segment: Emerging Generalist Builder.
67a7cfcd-2ec3-4d77-a65d-e632b87f5456,proj_0133,10,4,62.2287,53.0767,0.9995,54.8303,1,0.75,3,4,0.2342,0,0.0,1,Hackathon Champion,Strong match (Score: 62.2). Matched 3/4 required skills (75%). high text similarity (0.23). Segment: Hackathon Champion.
6c6070fe-5590-4bd5-bd37-c804f1141ede,proj_0134,1,4,68.0032,62.5379,0.9995,59.4587,1,1.0,3,3,0.2002,0,0.0,0,Applied Project Specialist,Strong match (Score: 68.0). Matched 3/3 required skills (100%). high text similarity (0.20). Segment: Applied Project Specialist.
a4a433e6-4d7c-4b9e-a42e-488e76adf7e7,proj_0134,2,1,67.6368,62.4239,0.9996,60.8985,1,0.6667,2,3,0.1786,1,0.3333,0,Applied Project Specialist,Strong match (Score: 67.6). Matched 2/3 required skills (67%). high text similarity (0.18). domain aligned. Segment: Applied Project Specialist.
e010432f-7f95-480f-9c68-b6292bbbbefd,proj_0134,3,13,56.9069,45.3636,0.9989,33.7422,1,0.3333,1,3,0.1641,1,0.2,2,High Open-Source Contributor,Strong match (Score: 56.9). Matched 1/3 required skills (33%). high text similarity (0.16). domain aligned. Segment: High Open-Source Contributor.
bccfcb8d-4fb3-47d4-b57d-a04e3af3b2df,proj_0134,4,8,55.1597,41.6118,0.9995,43.8566,1,0.6667,2,3,0.1242,0,0.0,3,Emerging Generalist Builder,Strong match (Score: 55.2). Matched 2/3 required skills (67%). Segment: Emerging Generalist Builder.
79ace0f3-d328-4e54-99d8-c5fdd11aa452,proj_0134,5,20,55.0772,42.538,0.9989,35.6604,1,0.3333,1,3,0.1508,1,0.0,1,Hackathon Champion,Strong match (Score: 55.1). Matched 1/3 required skills (33%). high text similarity (0.15). domain aligned. Segment: Hackathon Champion.
a229e7eb-4cc4-4904-bc99-f96417bb5bf0,proj_0134,6,17,53.5722,38.9556,0.998,35.705,1,0.3333,1,3,0.1478,1,0.0,3,Emerging Generalist Builder,Strong match (Score: 53.6). Matched 1/3 required skills (33%). domain aligned. Segment: Emerging Generalist Builder.
ed5299a2-0bad-49b4-926e-1cf67c877fe8,proj_0134,7,19,50.7087,34.9056,0.9968,40.4748,1,0.3333,1,3,0.0673,1,0.0,1,Hackathon Champion,Strong match (Score: 50.7). Matched 1/3 required skills (33%). domain aligned. Segment: Hackathon Champion.
f2678cee-0f88-456f-9d8c-da04a86f8ea8,proj_0134,8,17,49.9958,34.2758,0.9984,30.3744,1,0.3333,1,3,0.1667,0,0.2,2,High Open-Source Contributor,Moderate match (Score: 50.0). Matched 1/3 required skills (33%). high text similarity (0.17). Segment: High Open-Source Contributor.
9365a220-90af-4de1-ab03-eb3a03eac0e3,proj_0134,9,17,49.0636,34.6303,0.9979,41.089,1,0.3333,1,3,0.0961,0,0.2,0,Applied Project Specialist,Moderate match (Score: 49.1). Matched 1/3 required skills (33%). Segment: Applied Project Specialist.
fa9c63b6-6671-44c4-a83a-564068563133,proj_0134,10,22,47.5467,31.1906,0.9971,32.6052,1,0.3333,1,3,0.0883,0,0.2,2,High Open-Source Contributor,Moderate match (Score: 47.5). Matched 1/3 required skills (33%). Segment: High Open-Source Contributor.
bf5c6dbf-7b36-4028-b03b-7b4abbf3532f,proj_0135,1,2,63.1262,54.6692,0.9993,52.0165,1,1.0,4,4,0.0853,0,0.0,0,Applied Project Specialist,Strong match (Score: 63.1). Matched 4/4 required skills (100%). Segment: Applied Project Specialist.
132eafd1-24b7-4dd8-b703-0907cb2db46e,proj_0135,2,3,62.8205,54.0512,0.9991,46.5125,1,1.0,4,4,0.0818,0,0.0,0,Applied Project Specialist,Strong match (Score: 62.8). Matched 4/4 required skills (100%). Segment: Applied Project Specialist.
d0eb8a5d-6237-4eec-a4e0-158099cc2659,proj_0135,3,2,57.4757,46.5456,0.9994,45.1378,1,0.75,3,4,0.0917,0,0.0,2,High Open-Source Contributor,Strong match (Score: 57.5). Matched 3/4 required skills (75%). Segment: High Open-Source Contributor.
3ed7abd2-0827-4ed4-b481-04b77872f7ed,proj_0135,4,9,57.3149,46.2598,0.9994,41.1414,1,0.75,3,4,0.0886,0,0.0,2,High Open-Source Contributor,Strong match (Score: 57.3). Matched 3/4 required skills (75%). Segment: High Open-Source Contributor.
8d64530c-b109-44d6-898f-58a15a3429d0,proj_0135,5,10,56.6735,46.1075,0.9994,48.4649,1,0.75,3,4,0.0499,0,0.0,0,Applied Project Specialist,Strong match (Score: 56.7). Matched 3/4 required skills (75%). Segment: Applied Project Specialist.
389062fe-a5c8-4f8d-ab5a-72f522fa00fa,proj_0135,6,4,56.3785,44.995,0.9994,38.2972,1,0.75,3,4,0.0599,0,0.0,0,Applied Project Specialist,Strong match (Score: 56.4). Matched 3/4 required skills (75%). Segment: Applied Project Specialist.
c9831642-b32a-482c-8fe5-23aa771dc05a,proj_0135,7,2,56.096,43.8838,0.9994,37.0948,1,0.75,3,4,0.0707,0,0.0,1,Hackathon Champion,Strong match (Score: 56.1). Matched 3/4 required skills (75%). Segment: Hackathon Champion.
4740cd5d-ac02-4515-ac53-2040e26b69ba,proj_0135,8,4,56.0244,44.2186,0.9994,43.1531,1,0.75,3,4,0.057,0,0.0,2,High Open-Source Contributor,Strong match (Score: 56.0). Matched 3/4 required skills (75%). Segment: High Open-Source Contributor.
b94ac878-a11a-4440-8721-86ece96b9784,proj_0135,9,2,55.6451,43.304,0.9994,47.3871,1,0.75,3,4,0.0561,0,0.0,2,High Open-Source Contributor,Strong match (Score: 55.6). Matched 3/4 required skills (75%). Segment: High Open-Source Contributor.
2af7712b-5192-4039-b527-b1a51858eda8,proj_0135,10,5,54.7327,41.1093,0.9993,38.2957,1,0.75,3,4,0.054,0,0.0,3,Emerging Generalist Builder,Strong match (Score: 54.7). Matched 3/4 required skills (75%). Segment: Emerging Generalist Builder.
764a5184-1cb3-4b67-90a5-b8daa11ab4db,proj_0136,1,7,57.3723,45.2071,0.9995,44.9684,1,0.75,3,4,0.1203,0,0.0,3,Emerging Generalist Builder,Strong match (Score: 57.4). Matched 3/4 required skills (75%). Segment: Emerging Generalist Builder.
b7e2ecbc-d330-413a-92ac-d3f85a79ef85,proj_0136,2,7,56.7749,44.3585,0.9994,46.0586,1,0.75,3,4,0.1033,0,0.0,3,Emerging Generalist Builder,Strong match (Score: 56.8). Matched 3/4 required skills (75%). Segment: Emerging Generalist Builder.
bf5c6dbf-7b36-4028-b03b-7b4abbf3532f,proj_0136,3,13,52.1831,38.7089,0.9995,37.0984,1,0.5,2,4,0.1143,0,0.0,0,Applied Project Specialist,Strong match (Score: 52.2). Matched 2/4 required skills (50%). Segment: Applied Project Specialist.
ee8e02a0-9f5d-4f2a-98f8-77485ed5989e,proj_0136,4,13,49.6924,33.8286,0.9994,38.0877,1,0.5,2,4,0.0786,0,0.0,2,High Open-Source Contributor,Moderate match (Score: 49.7). Matched 2/4 required skills (50%). Segment: High Open-Source Contributor.
78fc6901-7fbc-449d-ba7c-32ccbe16273a,proj_0136,5,11,49.6602,33.673,0.9993,35.0116,1,0.5,2,4,0.0808,0,0.0,2,High Open-Source Contributor,Moderate match (Score: 49.7). Matched 2/4 required skills (50%). Segment: High Open-Source Contributor.
2e6429ae-0f2a-44a0-a1f8-20065eb6cfe2,proj_0136,6,11,49.447,32.75,0.9993,28.4509,1,0.5,2,4,0.0912,0,0.0,3,Emerging Generalist Builder,Moderate match (Score: 49.4). Matched 2/4 required skills (50%). Segment: Emerging Generalist Builder.
8d64530c-b109-44d6-898f-58a15a3429d0,proj_0136,7,37,49.2248,33.5783,0.9994,31.3662,1,0.5,2,4,0.0541,0,0.0,0,Applied Project Specialist,Moderate match (Score: 49.2). Matched 2/4 required skills (50%). Segment: Applied Project Specialist.
3ed7abd2-0827-4ed4-b481-04b77872f7ed,proj_0136,8,23,49.0753,32.7019,0.9994,31.0135,1,0.5,2,4,0.0675,0,0.0,2,High Open-Source Contributor,Moderate match (Score: 49.1). Matched 2/4 required skills (50%). Segment: High Open-Source Contributor.
7c59a687-5d33-4f1e-b160-4b4af927664b,proj_0136,9,24,48.9543,32.4145,0.9994,35.6153,1,0.5,2,4,0.0671,0,0.0,2,High Open-Source Contributor,Moderate match (Score: 49.0). Matched 2/4 required skills (50%). Segment: High Open-Source Contributor.
5a5e88c1-5f2d-4dda-bf2b-57bab8f82575,proj_0136,10,10,48.6623,31.3921,0.9993,26.2476,1,0.5,2,4,0.0751,0,0.0,3,Emerging Generalist Builder,Moderate match (Score: 48.7). Matched 2/4 required skills (50%). Segment: Emerging Generalist Builder.
132eafd1-24b7-4dd8-b703-0907cb2db46e,proj_0137,1,8,57.8572,47.5405,0.9991,27.9749,1,0.75,3,4,0.0912,0,0.0,0,Applied Project Specialist,Strong match (Score: 57.9). Matched 3/4 required skills (75%). Segment: Applied Project Specialist.
19d329f2-3d8d-46b4-9a4c-c52d841a38aa,proj_0137,2,16,51.4819,36.7347,0.9995,30.6188,1,0.5,2,4,0.1202,0,0.0,2,High Open-Source Contributor,Strong match (Score: 51.5). Matched 2/4 required skills (50%). Segment: High Open-Source Contributor.
c5c58e75-ab1c-4fcb-9908-a0ebf6929c26,proj_0137,3,16,51.1551,36.3902,0.9995,47.6447,1,0.5,2,4,0.1076,0,0.0,0,Applied Project Specialist,Strong match (Score: 51.2). Matched 2/4 required skills (50%). Segment: Applied Project Specialist.
0be069f8-4359-46f5-8597-2da68f4dacb5,proj_0137,4,16,51.0083,35.4082,0.9995,35.0815,1,0.5,2,4,0.124,0,0.0,1,Hackathon Champion,Strong match (Score: 51.0). Matched 2/4 required skills (50%). Segment: Hackathon Champion.
3769dc5c-4e8b-4b24-9e2d-9e4e2179c613,proj_0137,5,15,50.996,35.61,0.9995,36.389,1,0.5,2,4,0.1178,0,0.0,1,Hackathon Champion,Strong match (Score: 51.0). Matched 2/4 required skills (50%). Segment: Hackathon Champion.
389062fe-a5c8-4f8d-ab5a-72f522fa00fa,proj_0137,6,16,50.9659,36.3259,0.9994,32.0875,1,0.5,2,4,0.0969,0,0.0,0,Applied Project Specialist,Strong match (Score: 51.0). Matched 2/4 required skills (50%). Segment: Applied Project Specialist.
7c59a687-5d33-4f1e-b160-4b4af927664b,proj_0137,7,17,50.8145,35.5087,0.9995,32.087,1,0.5,2,4,0.1084,0,0.0,2,High Open-Source Contributor,Strong match (Score: 50.8). Matched 2/4 required skills (50%). Segment: High Open-Source Contributor.
67a16551-d041-4a02-a244-08dfd022fb0c,proj_0137,8,12,50.7313,34.5621,0.9995,34.4486,1,0.5,2,4,0.1281,0,0.0,3,Emerging Generalist Builder,Strong match (Score: 50.7). Matched 2/4 required skills (50%). Segment: Emerging Generalist Builder.
df380874-aadc-4db9-bf1b-e42b838fb0f6,proj_0137,9,14,50.6228,35.1682,0.999,42.3511,1,0.5,2,4,0.1057,0,0.0,3,Emerging Generalist Builder,Strong match (Score: 50.6). Matched 2/4 required skills (50%). Segment: Emerging Generalist Builder.
b94ac878-a11a-4440-8721-86ece96b9784,proj_0137,10,14,50.1443,34.0169,0.9994,28.3418,1,0.5,2,4,0.1037,0,0.0,2,High Open-Source Contributor,Strong match (Score: 50.1). Matched 2/4 required skills (50%). Segment: High Open-Source Contributor.
764a5184-1cb3-4b67-90a5-b8daa11ab4db,proj_0138,1,7,57.3723,45.2071,0.9995,42.7584,1,0.75,3,4,0.1203,0,0.0,3,Emerging Generalist Builder,Strong match (Score: 57.4). Matched 3/4 required skills (75%). Segment: Emerging Generalist Builder.
b7e2ecbc-d330-413a-92ac-d3f85a79ef85,proj_0138,2,7,56.7749,44.3585,0.9994,39.018,1,0.75,3,4,0.1033,0,0.0,3,Emerging Generalist Builder,Strong match (Score: 56.8). Matched 3/4 required skills (75%). Segment: Emerging Generalist Builder.
bf5c6dbf-7b36-4028-b03b-7b4abbf3532f,proj_0138,3,13,52.1831,38.7089,0.9995,37.3418,1,0.5,2,4,0.1143,0,0.0,0,Applied Project Specialist,Strong match (Score: 52.2). Matched 2/4 required skills (50%). Segment: Applied Project Specialist.
ee8e02a0-9f5d-4f2a-98f8-77485ed5989e,proj_0138,4,13,49.6924,33.8286,0.9994,30.1002,1,0.5,2,4,0.0786,0,0.0,2,High Open-Source Contributor,Moderate match (Score: 49.7). Matched 2/4 required skills (50%). Segment: High Open-Source Contributor.
78fc6901-7fbc-449d-ba7c-32ccbe16273a,proj_0138,5,11,49.6602,33.673,0.9993,30.5676,1,0.5,2,4,0.0808,0,0.0,2,High Open-Source Contributor,Moderate match (Score: 49.7). Matched 2/4 required skills (50%). Segment: High Open-Source Contributor.
2e6429ae-0f2a-44a0-a1f8-20065eb6cfe2,proj_0138,6,11,49.447,32.75,0.9993,31.1282,1,0.5,2,4,0.0912,0,0.0,3,Emerging Generalist Builder,Moderate match (Score: 49.4). Matched 2/4 required skills (50%). Segment: Emerging Generalist Builder.
8d64530c-b109-44d6-898f-58a15a3429d0,proj_0138,7,37,49.2248,33.5783,0.9994,24.8475,1,0.5,2,4,0.0541,0,0.0,0,Applied Project Specialist,Moderate match (Score: 49.2). Matched 2/4 required skills (50%). Segment: Applied Project Specialist.
3ed7abd2-0827-4ed4-b481-04b77872f7ed,proj_0138,8,23,49.0753,32.7019,0.9994,38.1789,1,0.5,2,4,0.0675,0,0.0,2,High Open-Source Contributor,Moderate match (Score: 49.1). Matched 2/4 required skills (50%). Segment: High Open-Source Contributor.
7c59a687-5d33-4f1e-b160-4b4af927664b,proj_0138,9,24,48.9543,32.4145,0.9994,30.6278,1,0.5,2,4,0.0671,0,0.0,2,High Open-Source Contributor,Moderate match (Score: 49.0). Matched 2/4 required skills (50%). Segment: High Open-Source Contributor.
5a5e88c1-5f2d-4dda-bf2b-57bab8f82575,proj_0138,10,10,48.6623,31.3921,0.9993,29.4736,1,0.5,2,4,0.0751,0,0.0,3,Emerging Generalist Builder,Moderate match (Score: 48.7). Matched 2/4 required skills (50%). Segment: Emerging Generalist Builder.
132eafd1-24b7-4dd8-b703-0907cb2db46e,proj_0139,1,8,57.8572,47.5405,0.9991,39.6758,1,0.75,3,4,0.0912,0,0.0,0,Applied Project Specialist,Strong match (Score: 57.9). Matched 3/4 required skills (75%). Segment: Applied Project Specialist.
19d329f2-3d8d-46b4-9a4c-c52d841a38aa,proj_0139,2,16,51.4819,36.7347,0.9995,38.2531,1,0.5,2,4,0.1202,0,0.0,2,High Open-Source Contributor,Strong match (Score: 51.5). Matched 2/4 required skills (50%). Segment: High Open-Source Contributor.
c5c58e75-ab1c-4fcb-9908-a0ebf6929c26,proj_0139,3,16,51.1551,36.3902,0.9995,31.1679,1,0.5,2,4,0.1076,0,0.0,0,Applied Project Specialist,Strong match (Score: 51.2). Matched 2/4 required skills (50%). Segment: Applied Project Specialist.
0be069f8-4359-46f5-8597-2da68f4dacb5,proj_0139,4,16,51.0083,35.4082,0.9995,35.0194,1,0.5,2,4,0.124,0,0.0,1,Hackathon Champion,Strong match (Score: 51.0). Matched 2/4 required skills (50%). Segment: Hackathon Champion.
3769dc5c-4e8b-4b24-9e2d-9e4e2179c613,proj_0139,5,15,50.996,35.61,0.9995,29.4502,1,0.5,2,4,0.1178,0,0.0,1,Hackathon Champion,Strong match (Score: 51.0). Matched 2/4 required skills (50%). Segment: Hackathon Champion.
389062fe-a5c8-4f8d-ab5a-72f522fa00fa,proj_0139,6,16,50.9659,36.3259,0.9994,29.7789,1,0.5,2,4,0.0969,0,0.0,0,Applied Project Specialist,Strong match (Score: 51.0). Matched 2/4 required skills (50%). Segment: Applied Project Specialist.
7c59a687-5d33-4f1e-b160-4b4af927664b,proj_0139,7,17,50.8145,35.5087,0.9995,40.4468,1,0.5,2,4,0.1084,0,0.0,2,High Open-Source Contributor,Strong match (Score: 50.8). Matched 2/4 required skills (50%). Segment: High Open-Source Contributor.
67a16551-d041-4a02-a244-08dfd022fb0c,proj_0139,8,12,50.7313,34.5621,0.9995,32.3471,1,0.5,2,4,0.1281,0,0.0,3,Emerging Generalist Builder,Strong match (Score: 50.7). Matched 2/4 required skills (50%). Segment: Emerging Generalist Builder.
df380874-aadc-4db9-bf1b-e42b838fb0f6,proj_0139,9,14,50.6228,35.1682,0.999,40.745,1,0.5,2,4,0.1057,0,0.0,3,Emerging Generalist Builder,Strong match (Score: 50.6). Matched 2/4 required skills (50%). Segment: Emerging Generalist Builder.
b94ac878-a11a-4440-8721-86ece96b9784,proj_0139,10,14,50.1443,34.0169,0.9994,32.7896,1,0.5,2,4,0.1037,0,0.0,2,High Open-Source Contributor,Strong match (Score: 50.1). Matched 2/4 required skills (50%). Segment: High Open-Source Contributor.
e5da3070-4f31-4f4e-97b7-7ce6e1450cb2,proj_0140,1,2,73.1672,70.1805,0.9996,69.9791,1,1.0,3,3,0.1738,1,0.0,0,Applied Project Specialist,Strong match (Score: 73.2). Matched 3/3 required skills (100%). high text similarity (0.17). domain aligned. Segment: Applied Project Specialist.
550d3980-7d3a-4102-86fa-046f33d46845,proj_0140,2,3,63.7722,56.0079,0.9996,52.3601,1,0.6667,2,3,0.1476,1,0.0,2,High Open-Source Contributor,Strong match (Score: 63.8). Matched 2/3 required skills (67%). domain aligned. Segment: High Open-Source Contributor.
89fd636c-f318-4056-861f-7c69aabaed3f,proj_0140,3,2,62.2457,52.4767,0.9995,52.2208,1,0.6667,2,3,0.1402,1,0.0,3,Emerging Generalist Builder,Strong match (Score: 62.2). Matched 2/3 required skills (67%). domain aligned. Segment: Emerging Generalist Builder.
3b352acc-0fa8-4b83-9f14-78ace8ade551,proj_0140,4,1,61.6261,49.8727,0.9991,48.7956,1,1.0,3,3,0.1136,0,0.0,1,Hackathon Champion,Strong match (Score: 61.6). Matched 3/3 required skills (100%). Segment: Hackathon Champion.
961c7e8c-d09e-4acb-ba57-63466f357076,proj_0140,5,2,61.2917,50.0129,0.9996,57.6444,1,0.6667,2,3,0.1421,1,0.0,3,Emerging Generalist Builder,Strong match (Score: 61.3). Matched 2/3 required skills (67%). domain aligned. Segment: Emerging Generalist Builder.
aa8e0419-6869-4352-9957-c2ce19a4df19,proj_0140,6,6,60.9168,49.8333,0.9995,53.1458,1,0.6667,2,3,0.1221,1,0.0,1,Hackathon Champion,Strong match (Score: 60.9). Matched 2/3 required skills (67%). domain aligned. Segment: Hackathon Champion.
8ca7b2f9-b286-4535-ad63-ce138605bd4f,proj_0140,7,3,60.6419,48.9997,0.9996,40.1288,1,0.6667,2,3,0.1258,1,0.0,3,Emerging Generalist Builder,Strong match (Score: 60.6). Matched 2/3 required skills (67%). domain aligned. Segment: Emerging Generalist Builder.
32ac216b-0872-4b63-8b3d-efe240162165,proj_0140,8,1,55.9007,40.8393,0.9996,46.8458,1,0.6667,2,3,0.194,0,0.0,3,Emerging Generalist Builder,Strong match (Score: 55.9). Matched 2/3 required skills (67%). high text similarity (0.19). Segment: Emerging Generalist Builder.
4740cd5d-ac02-4515-ac53-2040e26b69ba,proj_0140,9,5,54.3069,40.6198,0.9994,44.9656,1,0.6667,2,3,0.094,0,0.0,2,High Open-Source Contributor,Strong match (Score: 54.3). Matched 2/3 required skills (67%). Segment: High Open-Source Contributor.
fdc30964-24b1-415d-88e7-290336637cf5,proj_0140,10,18,53.5657,39.3404,0.9993,39.4692,1,0.6667,2,3,0.0789,0,0.0,2,High Open-Source Contributor,Strong match (Score: 53.6). Matched 2/3 required skills (67%). Segment: High Open-Source Contributor.
e5da3070-4f31-4f4e-97b7-7ce6e1450cb2,proj_0141,1,1,77.1839,76.2398,0.9996,79.2359,1,1.0,4,4,0.28,1,0.0,0,Applied Project Specialist,Exceptional match (Score: 77.2). Matched 4/4 required skills (100%). high text similarity (0.28). domain aligned. Segment: Applied Project Specialist.
0066a921-913f-4f9c-94f3-fc50ab1a7418,proj_0141,2,2,75.5961,73.0053,0.9996,72.7143,1,1.0,4,4,0.2604,1,0.0,3,Emerging Generalist Builder,Exceptional match (Score: 75.6). Matched 4/4 required skills (100%). high text similarity (0.26). domain aligned. Segment: Emerging Generalist Builder.
9819149e-0509-4b74-a86f-7975147d2768,proj_0141,3,3,67.2834,62.5648,0.9996,60.3006,1,0.75,3,4,0.1513,1,0.0,0,Applied Project Specialist,Strong match (Score: 67.3). Matched 3/4 required skills (75%). high text similarity (0.15). domain aligned. Segment: Applied Project Specialist.
028835cb-f2be-4cf3-833d-5016c814a61b,proj_0141,4,5,65.442,59.4326,0.9995,63.5928,1,0.75,3,4,0.2456,0,0.2,2,High Open-Source Contributor,Strong match (Score: 65.4). Matched 3/4 required skills (75%). high text similarity (0.25). Segment: High Open-Source Contributor.
1d9b4b3e-c4c0-43ca-8453-f32f9ffec287,proj_0141,5,6,61.2334,51.4586,0.9996,55.0289,1,0.5,2,4,0.2108,1,0.0,3,Emerging Generalist Builder,Strong match (Score: 61.2). Matched 2/4 required skills (50%). high text similarity (0.21). domain aligned. Segment: Emerging Generalist Builder.
2f7aab88-8c56-4ac2-afb3-ea61ddce7899,proj_0141,6,5,61.1889,53.0834,0.9996,49.1048,1,0.5,2,4,0.1645,1,0.0,2,High Open-Source Contributor,Strong match (Score: 61.2). Matched 2/4 required skills (50%). high text similarity (0.16). domain aligned. Segment: High Open-Source Contributor.
89725f1b-cf77-46ec-b600-8d479c5336f0,proj_0141,7,7,60.7784,51.9822,0.9996,59.2211,1,0.5,2,4,0.1665,1,0.0,1,Hackathon Champion,Strong match (Score: 60.8). Matched 2/4 required skills (50%). high text similarity (0.17). domain aligned. Segment: Hackathon Champion.
aea35633-2c28-4426-97f5-9cc483a2646b,proj_0141,8,2,59.2874,48.9934,0.9995,48.5006,1,0.75,3,4,0.147,0,0.0,2,High Open-Source Contributor,Strong match (Score: 59.3). Matched 3/4 required skills (75%). Segment: High Open-Source Contributor.
fdc30964-24b1-415d-88e7-290336637cf5,proj_0141,9,11,58.9467,49.668,0.9995,51.4959,1,0.5,2,4,0.1063,1,0.0,2,High Open-Source Contributor,Strong match (Score: 58.9). Matched 2/4 required skills (50%). domain aligned. Segment: High Open-Source Contributor.
5fac1111-acb9-4ca4-aef3-3570b9713ec1,proj_0141,10,2,58.4505,47.9644,0.9995,49.1313,1,0.5,2,4,0.0631,1,0.3333,3,Emerging Generalist Builder,Strong match (Score: 58.5). Matched 2/4 required skills (50%). domain aligned. Segment: Emerging Generalist Builder.
fce40198-f588-46cb-81a7-fb2b2f159039,proj_0142,1,1,70.0052,63.8081,0.9995,61.4581,1,1.0,3,3,0.2998,0,0.0,2,High Open-Source Contributor,Strong match (Score: 70.0). Matched 3/3 required skills (100%). high text similarity (0.30). Segment: High Open-Source Contributor.
6d281b14-0770-4794-8714-213a98a8e198,proj_0142,2,1,69.8808,63.8194,0.9995,59.0294,1,1.0,3,3,0.2912,0,0.0,3,Emerging Generalist Builder,Strong match (Score: 69.9). Matched 3/3 required skills (100%). high text similarity (0.29). Segment: Emerging Generalist Builder.
03b5c41b-9b04-4bc6-9771-af990671b169,proj_0142,3,4,68.7139,61.2884,0.9995,63.0895,1,1.0,3,3,0.2809,0,0.0,3,Emerging Generalist Builder,Strong match (Score: 68.7). Matched 3/3 required skills (100%). high text similarity (0.28). Segment: Emerging Generalist Builder.
3769dc5c-4e8b-4b24-9e2d-9e4e2179c613,proj_0142,4,1,68.1765,60.605,0.9995,55.8002,1,1.0,3,3,0.2633,0,0.0,1,Hackathon Champion,Strong match (Score: 68.2). Matched 3/3 required skills (100%). high text similarity (0.26). Segment: Hackathon Champion.
19d329f2-3d8d-46b4-9a4c-c52d841a38aa,proj_0142,5,3,68.1432,60.3231,0.9995,66.5699,1,1.0,3,3,0.2686,0,0.0,2,High Open-Source Contributor,Strong match (Score: 68.1). Matched 3/3 required skills (100%). high text similarity (0.27). Segment: High Open-Source Contributor.
c5c58e75-ab1c-4fcb-9908-a0ebf6929c26,proj_0142,6,6,67.9967,61.018,0.9995,62.1426,1,1.0,3,3,0.2403,0,0.0,0,Applied Project Specialist,Strong match (Score: 68.0). Matched 3/3 required skills (100%). high text similarity (0.24). Segment: Applied Project Specialist.
ea526b22-b31d-4bcc-bf22-b26e667a0389,proj_0142,7,1,67.3019,59.4572,0.9995,57.6452,1,1.0,3,3,0.2356,0,0.0,1,Hackathon Champion,Strong match (Score: 67.3). Matched 3/3 required skills (100%). high text similarity (0.24). Segment: Hackathon Champion.
1f9bd25e-d55e-432f-906d-be2832e0475f,proj_0142,8,1,67.2931,59.379,0.9995,57.259,1,1.0,3,3,0.2371,0,0.0,3,Emerging Generalist Builder,Strong match (Score: 67.3). Matched 3/3 required skills (100%). high text similarity (0.24). Segment: Emerging Generalist Builder.
087481f9-5507-4faf-9389-4e4246f98b69,proj_0142,9,3,66.7897,57.9668,0.9995,51.339,1,1.0,3,3,0.2412,0,0.0,3,Emerging Generalist Builder,Strong match (Score: 66.8). Matched 3/3 required skills (100%). high text similarity (0.24). Segment: Emerging Generalist Builder.
b2b9f627-8889-463c-82ff-a50141a94031,proj_0142,10,5,66.6732,57.7018,0.9995,52.5012,1,1.0,3,3,0.2405,0,0.0,3,Emerging Generalist Builder,Strong match (Score: 66.7). Matched 3/3 required skills (100%). high text similarity (0.24). Segment: Emerging Generalist Builder.
a18617bd-eb70-4f68-9316-aa2807609078,proj_0143,1,1,81.9217,82.208,0.9996,93.7494,1,1.0,4,4,0.4367,1,0.0,3,Emerging Generalist Builder,Exceptional match (Score: 81.9). Matched 4/4 required skills (100%). high text similarity (0.44). domain aligned. Segment: Emerging Generalist Builder.
6604b8b7-f568-4fb9-a52b-767a49585bc8,proj_0143,2,2,73.528,71.6774,0.9996,67.4055,1,0.75,3,4,0.3246,1,0.0,2,High Open-Source Contributor,Strong match (Score: 73.5). Matched 3/4 required skills (75%). high text similarity (0.32). domain aligned. Segment: High Open-Source Contributor.
62c257a4-beb9-4e46-acfc-043c4c84b377,proj_0143,3,1,73.3598,71.542,0.9996,65.9689,1,0.75,3,4,0.317,1,0.0,3,Emerging Generalist Builder,Strong match (Score: 73.4). Matched 3/4 required skills (75%). high text similarity (0.32). domain aligned. Segment: Emerging Generalist Builder.
a1b22b09-722b-4f62-beec-d3e19dbb8026,proj_0143,4,3,64.9485,57.8737,0.9995,65.6157,1,0.75,3,4,0.2876,0,0.0,2,High Open-Source Contributor,Strong match (Score: 64.9). Matched 3/4 required skills (75%). high text similarity (0.29). Segment: High Open-Source Contributor.
d3ced1b7-92b3-466b-92fa-4d0f7d7ebdfa,proj_0143,5,4,63.8111,56.3802,0.9995,63.4204,1,0.75,3,4,0.2516,0,0.0,0,Applied Project Specialist,Strong match (Score: 63.8). Matched 3/4 required skills (75%). high text similarity (0.25). Segment: Applied Project Specialist.
5b3a219d-f774-40a3-8e53-cefbbd95c1b7,proj_0143,6,1,61.5264,51.5061,0.9995,52.2608,1,0.5,2,4,0.3626,0,0.2,0,Applied Project Specialist,Strong match (Score: 61.5). Matched 2/4 required skills (50%). high text similarity (0.36). Segment: Applied Project Specialist.
afc7e477-3249-4772-95fd-e07a29179270,proj_0143,7,5,60.7546,52.0453,0.9995,54.7994,1,0.5,2,4,0.3301,0,0.0,0,Applied Project Specialist,Strong match (Score: 60.8). Matched 2/4 required skills (50%). high text similarity (0.33). Segment: Applied Project Specialist.
1dcf8fd7-0579-4c7d-b867-2e6bdb73e5eb,proj_0143,8,5,60.5904,51.5061,0.9995,42.6912,1,0.5,2,4,0.3002,0,0.2,0,Applied Project Specialist,Strong match (Score: 60.6). Matched 2/4 required skills (50%). high text similarity (0.30). Segment: Applied Project Specialist.
2c3a61f7-7a00-431a-88b8-3cebad4617d3,proj_0143,9,4,59.3505,48.6563,0.9995,42.1968,1,0.75,3,4,0.1602,0,0.0,2,High Open-Source Contributor,Strong match (Score: 59.4). Matched 3/4 required skills (75%). high text similarity (0.16). Segment: High Open-Source Contributor.
f0ae74dd-8a44-49f8-b614-11c3abb9efb5,proj_0143,10,2,59.2393,47.867,0.9995,54.7696,1,0.5,2,4,0.3405,0,0.0,2,High Open-Source Contributor,Strong match (Score: 59.2). Matched 2/4 required skills (50%). high text similarity (0.34). Segment: High Open-Source Contributor.
121f5340-fe3c-4efd-b588-5f2655416124,proj_0144,1,1,69.1165,63.8124,0.9995,68.0826,1,1.0,3,3,0.2071,0,0.2,2,High Open-Source Contributor,Strong match (Score: 69.1). Matched 3/3 required skills (100%). high text similarity (0.21). Segment: High Open-Source Contributor.
3a29330d-5c66-44fd-97fd-5e6ccd8bb730,proj_0144,2,1,67.6494,60.9673,0.9995,60.7406,1,1.0,3,3,0.2185,0,0.0,2,High Open-Source Contributor,Strong match (Score: 67.6). Matched 3/3 required skills (100%). high text similarity (0.22). Segment: High Open-Source Contributor.
538469bd-76bb-4282-8098-c3a4b49df851,proj_0144,3,4,67.2517,60.3067,0.9995,64.8361,1,1.0,3,3,0.2096,0,0.0,2,High Open-Source Contributor,Strong match (Score: 67.3). Matched 3/3 required skills (100%). high text similarity (0.21). Segment: High Open-Source Contributor.
2c3a61f7-7a00-431a-88b8-3cebad4617d3,proj_0144,4,1,65.2678,56.4382,0.9995,52.4758,1,1.0,3,3,0.1805,0,0.0,2,High Open-Source Contributor,Strong match (Score: 65.3). Matched 3/3 required skills (100%). high text similarity (0.18). Segment: High Open-Source Contributor.
a1b22b09-722b-4f62-beec-d3e19dbb8026,proj_0144,5,2,65.1603,56.6494,0.9995,53.4621,1,1.0,3,3,0.1677,0,0.0,2,High Open-Source Contributor,Strong match (Score: 65.2). Matched 3/3 required skills (100%). high text similarity (0.17). Segment: High Open-Source Contributor.
d3ced1b7-92b3-466b-92fa-4d0f7d7ebdfa,proj_0144,6,3,65.0901,57.449,0.9995,62.6075,1,1.0,3,3,0.1417,0,0.0,0,Applied Project Specialist,Strong match (Score: 65.1). Matched 3/3 required skills (100%). Segment: Applied Project Specialist.
9bcd80ff-d980-4c47-8d24-7aefd1f1c6d6,proj_0144,7,1,64.8827,55.8131,0.9995,59.8591,1,1.0,3,3,0.1715,0,0.0,2,High Open-Source Contributor,Strong match (Score: 64.9). Matched 3/3 required skills (100%). high text similarity (0.17). Segment: High Open-Source Contributor.
3ee193d8-7126-4f80-b986-fd42c72759c2,proj_0144,8,3,64.5754,55.4834,0.9995,53.6513,1,1.0,3,3,0.1598,0,0.0,3,Emerging Generalist Builder,Strong match (Score: 64.6). Matched 3/3 required skills (100%). high text similarity (0.16). Segment: Emerging Generalist Builder.
5b3a219d-f774-40a3-8e53-cefbbd95c1b7,proj_0144,9,4,57.2674,46.0697,0.9995,46.2321,1,0.6667,2,3,0.1125,0,0.2,0,Applied Project Specialist,Strong match (Score: 57.3). Matched 2/3 required skills (67%). Segment: Applied Project Specialist.
359cd95a-3ba1-415a-89c5-e2d4d3e11945,proj_0144,10,9,56.3967,43.4142,0.9995,38.8631,1,0.6667,2,3,0.1586,0,0.0,2,High Open-Source Contributor,Strong match (Score: 56.4). Matched 2/3 required skills (67%). high text similarity (0.16). Segment: High Open-Source Contributor.
b737c73d-287a-42d9-bf3f-4c1e38e85199,proj_0145,1,1,81.8705,81.4012,0.9996,83.9056,1,1.0,5,5,0.4548,1,0.0,2,High Open-Source Contributor,Exceptional match (Score: 81.9). Matched 5/5 required skills (100%). high text similarity (0.45). domain aligned. Segment: High Open-Source Contributor.
6af6d70b-45e8-410c-89cf-1c8fa4574c85,proj_0145,2,1,75.4125,70.1751,0.9995,70.2653,1,1.0,5,5,0.4905,0,0.0,3,Emerging Generalist Builder,Exceptional match (Score: 75.4). Matched 5/5 required skills (100%). high text similarity (0.49). Segment: Emerging Generalist Builder.
bd1afdfb-8481-4dec-afac-ef902e110152,proj_0145,3,3,74.0412,68.0855,0.9995,75.366,1,1.0,5,5,0.4548,0,0.0,1,Hackathon Champion,Strong match (Score: 74.0). Matched 5/5 required skills (100%). high text similarity (0.45). Segment: Hackathon Champion.
4249c069-1499-4bb4-a274-9589707c4ae3,proj_0145,4,3,69.2983,61.9745,0.9995,67.0229,1,0.8,4,5,0.4349,0,0.0,3,Emerging Generalist Builder,Strong match (Score: 69.3). Matched 4/5 required skills (80%). high text similarity (0.43). Segment: Emerging Generalist Builder.
221c46a1-750f-4420-91f2-226350f81809,proj_0145,5,4,68.5618,60.7896,0.9995,64.3732,1,0.8,4,5,0.4174,0,0.0,3,Emerging Generalist Builder,Strong match (Score: 68.6). Matched 4/5 required skills (80%). high text similarity (0.42). Segment: Emerging Generalist Builder.
58789ed6-e1bc-4d0d-b96e-2f56072b273f,proj_0145,6,3,64.6481,56.3953,0.9995,56.0823,1,0.6,3,5,0.407,0,0.0,3,Emerging Generalist Builder,Strong match (Score: 64.6). Matched 3/5 required skills (60%). high text similarity (0.41). Segment: Emerging Generalist Builder.
930e1ffd-fd29-4319-a6b1-cc15b7906c5b,proj_0145,7,5,64.3522,56.7956,0.9995,62.1525,1,0.6,3,5,0.3766,0,0.0,2,High Open-Source Contributor,Strong match (Score: 64.4). Matched 3/5 required skills (60%). high text similarity (0.38). Segment: High Open-Source Contributor.
501caa1d-90ea-4e3d-a62b-21d64b15838b,proj_0145,8,5,64.2694,56.3109,0.9995,61.6888,1,0.6,3,5,0.384,0,0.0,2,High Open-Source Contributor,Strong match (Score: 64.3). Matched 3/5 required skills (60%). high text similarity (0.38). Segment: High Open-Source Contributor.
ae7ebec1-fd6e-42b9-8252-7ca6592ae554,proj_0145,9,3,63.8643,57.4394,0.9995,47.269,1,0.6,3,5,0.3269,0,0.0,2,High Open-Source Contributor,Strong match (Score: 63.9). Matched 3/5 required skills (60%). high text similarity (0.33). Segment: High Open-Source Contributor.
8c18a2bb-3ec0-4545-8fa8-02ccbc89971c,proj_0145,10,5,62.9142,52.3681,0.9995,59.4439,1,0.6,3,5,0.3988,0,0.0,3,Emerging Generalist Builder,Strong match (Score: 62.9). Matched 3/5 required skills (60%). high text similarity (0.40). Segment: Emerging Generalist Builder.
7cbaf425-d5c6-49f3-8efe-1b197b36c98b,proj_0146,1,1,78.9446,78.959,0.9996,85.6059,1,1.0,4,4,0.2832,1,0.25,1,Hackathon Champion,Exceptional match (Score: 78.9). Matched 4/4 required skills (100%). high text similarity (0.28). domain aligned. Segment: Hackathon Champion.
a660ca84-0849-42e6-9324-a286f016aa5b,proj_0146,2,4,60.9683,52.0444,0.9996,54.5723,1,0.5,2,4,0.1775,1,0.0,2,High Open-Source Contributor,Strong match (Score: 61.0). Matched 2/4 required skills (50%). high text similarity (0.18). domain aligned. Segment: High Open-Source Contributor.
69f3a439-decd-43f9-bbdd-a6d89724db17,proj_0146,3,2,60.2465,50.3088,0.9995,51.833,1,0.75,3,4,0.1342,0,0.25,3,Emerging Generalist Builder,Strong match (Score: 60.2). Matched 3/4 required skills (75%). Segment: Emerging Generalist Builder.
99d675f5-481c-4a42-ab83-626ee52dd60c,proj_0146,4,14,59.9676,52.0066,0.9996,48.8845,1,0.5,2,4,0.1118,1,0.0,0,Applied Project Specialist,Strong match (Score: 60.0). Matched 2/4 required skills (50%). domain aligned. Segment: Applied Project Specialist.
c4b5cf54-8f46-49df-b8f1-81ee738e55e4,proj_0146,5,2,59.3675,50.1199,0.9996,51.5948,1,0.5,2,4,0.1221,1,0.0,3,Emerging Generalist Builder,Strong match (Score: 59.4). Matched 2/4 required skills (50%). domain aligned. Segment: Emerging Generalist Builder.
0eb20fb6-a17a-41e6-846a-933aef316c3a,proj_0146,6,7,58.7679,48.5498,0.9996,46.5803,1,0.5,2,4,0.124,1,0.0,2,High Open-Source Contributor,Strong match (Score: 58.8). Matched 2/4 required skills (50%). domain aligned. Segment: High Open-Source Contributor.
cccfba1b-ed2e-4a9a-bd25-c6065845a27c,proj_0146,7,6,58.5059,46.7961,0.9995,49.737,1,0.75,3,4,0.1535,0,0.0,2,High Open-Source Contributor,Strong match (Score: 58.5). Matched 3/4 required skills (75%). high text similarity (0.15). Segment: High Open-Source Contributor.
9ae589e7-8191-4300-a84f-0a6aad97c42a,proj_0146,8,9,58.3349,46.5448,0.9995,42.731,1,0.75,3,4,0.1488,0,0.0,3,Emerging Generalist Builder,Strong match (Score: 58.3). Matched 3/4 required skills (75%). Segment: Emerging Generalist Builder.
6604b8b7-f568-4fb9-a52b-767a49585bc8,proj_0146,9,7,58.31,46.8987,0.9995,42.6994,1,0.75,3,4,0.1377,0,0.0,2,High Open-Source Contributor,Strong match (Score: 58.3). Matched 3/4 required skills (75%). Segment: High Open-Source Contributor.
5b3a219d-f774-40a3-8e53-cefbbd95c1b7,proj_0146,10,3,57.3283,46.462,0.9994,45.0329,1,0.75,3,4,0.0841,0,0.0,0,Applied Project Specialist,Strong match (Score: 57.3). Matched 3/4 required skills (75%). Segment: Applied Project Specialist.
68c6c4f0-0f3f-4023-9e14-06c382d47efc,proj_0147,1,1,79.8519,77.9261,0.9996,72.6162,1,1.0,3,3,0.4129,1,0.0,3,Emerging Generalist Builder,Exceptional match (Score: 79.9). Matched 3/3 required skills (100%). high text similarity (0.41). domain aligned. Segment: Emerging Generalist Builder.
6da5d977-9417-4177-8d85-9d17ec4d57b1,proj_0147,2,1,78.1818,75.4496,0.9996,79.8414,1,1.0,3,3,0.3676,1,0.0,1,Hackathon Champion,Exceptional match (Score: 78.2). Matched 3/3 required skills (100%). high text similarity (0.37). domain aligned. Segment: Hackathon Champion.
bb674ff0-1424-4409-99df-9f0eebde85eb,proj_0147,3,1,71.325,64.8762,0.9995,68.1806,1,1.0,3,3,0.3593,0,0.0,2,High Open-Source Contributor,Strong match (Score: 71.3). Matched 3/3 required skills (100%). high text similarity (0.36). Segment: High Open-Source Contributor.
556e9915-9ae4-403c-be22-8db0499bc5e5,proj_0147,4,1,62.7359,51.6573,0.9995,46.8374,1,0.6667,2,3,0.3614,0,0.0,1,Hackathon Champion,Strong match (Score: 62.7). Matched 2/3 required skills (67%). high text similarity (0.36). Segment: Hackathon Champion.
c14cdc98-76b8-4f75-94a7-d0af30fa0dec,proj_0147,5,2,62.5061,51.7464,0.9995,55.0935,1,0.6667,2,3,0.3437,0,0.0,2,High Open-Source Contributor,Strong match (Score: 62.5). Matched 2/3 required skills (67%). high text similarity (0.34). Segment: High Open-Source Contributor.
1ad0e42d-8a29-459b-9e16-ebe914a2f14c,proj_0147,6,6,61.1818,49.7269,0.9995,45.3116,1,0.6667,2,3,0.1426,1,0.0,3,Emerging Generalist Builder,Strong match (Score: 61.2). Matched 2/3 required skills (67%). domain aligned. Segment: Emerging Generalist Builder.
fd53b824-68d3-4bf7-b335-9690414454ca,proj_0147,7,4,59.1233,45.817,0.9995,50.1379,1,0.6667,2,3,0.2763,0,0.0,3,Emerging Generalist Builder,Strong match (Score: 59.1). Matched 2/3 required skills (67%). high text similarity (0.28). Segment: Emerging Generalist Builder.
ce5c719e-0eba-4ee2-9b14-0345a49fc6d3,proj_0147,8,7,58.9006,47.4539,0.9995,52.5443,1,0.6667,2,3,0.2178,0,0.0,0,Applied Project Specialist,Strong match (Score: 58.9). Matched 2/3 required skills (67%). high text similarity (0.22). Segment: Applied Project Specialist.
8adc503c-cbb2-41a7-bd6f-2bcec950aea0,proj_0147,9,13,55.0848,42.2758,0.9994,41.6621,1,0.6667,2,3,0.1017,0,0.0,0,Applied Project Specialist,Strong match (Score: 55.1). Matched 2/3 required skills (67%). Segment: Applied Project Specialist.
c04f993f-4455-4dc5-80f8-c549868d0354,proj_0147,10,11,53.7824,39.0235,0.9994,39.7517,1,0.6667,2,3,0.1016,0,0.0,1,Hackathon Champion,Strong match (Score: 53.8). Matched 2/3 required skills (67%). Segment: Hackathon Champion.
afc7e477-3249-4772-95fd-e07a29179270,proj_0148,1,2,76.3227,74.9681,0.9996,73.5594,1,1.0,3,3,0.2565,1,0.0,0,Applied Project Specialist,Exceptional match (Score: 76.3). Matched 3/3 required skills (100%). high text similarity (0.26). domain aligned. Segment: Applied Project Specialist.
cccfba1b-ed2e-4a9a-bd25-c6065845a27c,proj_0148,2,1,67.9193,60.7608,0.9995,60.0658,1,1.0,3,3,0.242,0,0.0,2,High Open-Source Contributor,Strong match (Score: 67.9). Matched 3/3 required skills (100%). high text similarity (0.24). Segment: High Open-Source Contributor.
7cbaf425-d5c6-49f3-8efe-1b197b36c98b,proj_0148,3,3,67.1114,59.3147,0.9995,56.5526,1,1.0,3,3,0.2267,0,0.0,1,Hackathon Champion,Strong match (Score: 67.1). Matched 3/3 required skills (100%). high text similarity (0.23). Segment: Hackathon Champion.
a1b22b09-722b-4f62-beec-d3e19dbb8026,proj_0148,4,1,66.6136,58.7491,0.9995,52.2871,1,1.0,3,3,0.2086,0,0.0,2,High Open-Source Contributor,Strong match (Score: 66.6). Matched 3/3 required skills (100%). high text similarity (0.21). Segment: High Open-Source Contributor.
61651476-b23b-4e95-9a84-a886cfb57efc,proj_0148,5,2,65.474,56.7937,0.9996,58.3482,1,0.6667,2,3,0.2401,1,0.0,3,Emerging Generalist Builder,Strong match (Score: 65.5). Matched 2/3 required skills (67%). high text similarity (0.24). domain aligned. Segment: Emerging Generalist Builder.
e2cd9ecd-2a7e-47a0-a70f-5b6c97586fa9,proj_0148,6,2,64.1049,56.4773,0.9996,63.3639,1,0.6667,2,3,0.1156,1,0.25,2,High Open-Source Contributor,Strong match (Score: 64.1). Matched 2/3 required skills (67%). domain aligned. Segment: High Open-Source Contributor.
1dcf8fd7-0579-4c7d-b867-2e6bdb73e5eb,proj_0148,7,7,60.3934,49.5759,0.9993,52.176,1,0.6667,2,3,0.2278,0,0.2,0,Applied Project Specialist,Strong match (Score: 60.4). Matched 2/3 required skills (67%). high text similarity (0.23). Segment: Applied Project Specialist.
9ae589e7-8191-4300-a84f-0a6aad97c42a,proj_0148,8,8,58.9182,46.6968,0.9994,44.9841,1,0.6667,2,3,0.0727,1,0.0,3,Emerging Generalist Builder,Strong match (Score: 58.9). Matched 2/3 required skills (67%). domain aligned. Segment: Emerging Generalist Builder.
49c9b4ca-d134-4461-a277-992b4d6ed843,proj_0148,9,6,57.4127,44.3006,0.9995,35.8488,1,0.6667,2,3,0.2027,0,0.0,2,High Open-Source Contributor,Strong match (Score: 57.4). Matched 2/3 required skills (67%). high text similarity (0.20). Segment: High Open-Source Contributor.
865025ab-17ab-4a0a-9d53-5985612261a0,proj_0148,10,3,57.2205,43.0249,0.9995,40.1557,1,0.6667,2,3,0.2239,0,0.0,3,Emerging Generalist Builder,Strong match (Score: 57.2). Matched 2/3 required skills (67%). high text similarity (0.22). Segment: Emerging Generalist Builder.
afc7e477-3249-4772-95fd-e07a29179270,proj_0149,1,1,79.5805,79.3851,0.9996,80.8229,1,1.0,3,3,0.3559,1,0.0,0,Applied Project Specialist,Exceptional match (Score: 79.6). Matched 3/3 required skills (100%). high text similarity (0.36). domain aligned. Segment: Applied Project Specialist.
f0ae74dd-8a44-49f8-b614-11c3abb9efb5,proj_0149,2,1,67.8359,59.3386,0.9996,61.2685,1,0.6667,2,3,0.3297,1,0.0,2,High Open-Source Contributor,Strong match (Score: 67.8). Matched 2/3 required skills (67%). high text similarity (0.33). domain aligned. Segment: High Open-Source Contributor.
c4b5cf54-8f46-49df-b8f1-81ee738e55e4,proj_0149,3,1,65.1289,57.2061,0.9996,64.5112,1,0.6667,2,3,0.2061,1,0.0,3,Emerging Generalist Builder,Strong match (Score: 65.1). Matched 2/3 required skills (67%). high text similarity (0.21). domain aligned. Segment: Emerging Generalist Builder.
2c3a61f7-7a00-431a-88b8-3cebad4617d3,proj_0149,4,2,64.5284,54.4034,0.9995,53.5897,1,0.6667,2,3,0.241,1,0.0,2,High Open-Source Contributor,Strong match (Score: 64.5). Matched 2/3 required skills (67%). high text similarity (0.24). domain aligned. Segment: High Open-Source Contributor.
a18617bd-eb70-4f68-9316-aa2807609078,proj_0149,5,2,61.4638,50.9969,0.9995,55.5563,1,0.6667,2,3,0.2942,0,0.0,3,Emerging Generalist Builder,Strong match (Score: 61.5). Matched 2/3 required skills (67%). high text similarity (0.29). Segment: Emerging Generalist Builder.
62c257a4-beb9-4e46-acfc-043c4c84b377,proj_0149,6,2,60.1029,48.9822,0.9995,49.9508,1,0.6667,2,3,0.2572,0,0.0,3,Emerging Generalist Builder,Strong match (Score: 60.1). Matched 2/3 required skills (67%). high text similarity (0.26). Segment: Emerging Generalist Builder.
6604b8b7-f568-4fb9-a52b-767a49585bc8,proj_0149,7,6,59.7454,48.6361,0.9995,42.933,1,0.6667,2,3,0.2426,0,0.0,2,High Open-Source Contributor,Strong match (Score: 59.7). Matched 2/3 required skills (67%). high text similarity (0.24). Segment: High Open-Source Contributor.
7cbaf425-d5c6-49f3-8efe-1b197b36c98b,proj_0149,8,9,58.8731,47.3553,0.9995,43.051,1,0.6667,2,3,0.2186,0,0.0,1,Hackathon Champion,Strong match (Score: 58.9). Matched 2/3 required skills (67%). high text similarity (0.22). Segment: Hackathon Champion.
d3ced1b7-92b3-466b-92fa-4d0f7d7ebdfa,proj_0149,9,13,56.98,45.5737,0.9994,49.9644,1,0.6667,2,3,0.1401,0,0.0,0,Applied Project Specialist,Strong match (Score: 57.0). Matched 2/3 required skills (67%). Segment: Applied Project Specialist.
cccfba1b-ed2e-4a9a-bd25-c6065845a27c,proj_0149,10,7,56.3591,42.409,0.9995,53.5914,1,0.6667,2,3,0.1829,0,0.0,2,High Open-Source Contributor,Strong match (Score: 56.4). Matched 2/3 required skills (67%). high text similarity (0.18). Segment: High Open-Source Contributor.
b4ccab6a-fe7a-4a76-bbea-150c9cbd5d3e,proj_0150,1,2,72.3579,67.0734,0.9996,65.5638,1,1.0,2,2,0.2027,1,0.0,3,Emerging Generalist Builder,Strong match (Score: 72.4). Matched 2/2 required skills (100%). high text similarity (0.20). domain aligned. Segment: Emerging Generalist Builder.
ebd67270-7b36-40e2-ba76-ffe10b3142c3,proj_0150,2,2,65.0468,55.0719,0.9995,46.5543,1,1.0,2,2,0.2022,0,0.0,2,High Open-Source Contributor,Strong match (Score: 65.0). Matched 2/2 required skills (100%). high text similarity (0.20). Segment: High Open-Source Contributor.
e9488dc6-d1ac-430c-a5c2-850186211dc1,proj_0150,3,10,60.6724,49.686,0.9996,50.7096,1,0.5,1,2,0.179,1,0.25,1,Hackathon Champion,Strong match (Score: 60.7). Matched 1/2 required skills (50%). high text similarity (0.18). domain aligned. Segment: Hackathon Champion.
dfc2ebc8-5500-4b50-82be-d77462e965ee,proj_0150,4,2,58.625,46.0738,0.9995,39.4141,1,0.5,1,2,0.1807,1,0.0,2,High Open-Source Contributor,Strong match (Score: 58.6). Matched 1/2 required skills (50%). high text similarity (0.18). domain aligned. Segment: High Open-Source Contributor.
359cd95a-3ba1-415a-89c5-e2d4d3e11945,proj_0150,5,10,56.2576,43.2528,0.9995,40.8339,1,0.5,1,2,0.0981,1,0.0,2,High Open-Source Contributor,Strong match (Score: 56.3). Matched 1/2 required skills (50%). domain aligned. Segment: High Open-Source Contributor.
08d4043d-ffc3-492c-bacb-0a1005e4a1de,proj_0150,6,9,55.9506,42.2341,0.9995,44.925,1,0.5,1,2,0.1048,1,0.0,3,Emerging Generalist Builder,Strong match (Score: 56.0). Matched 1/2 required skills (50%). domain aligned. Segment: Emerging Generalist Builder.
fdc30964-24b1-415d-88e7-290336637cf5,proj_0150,7,14,55.4698,41.7483,0.9994,43.9361,1,0.5,1,2,0.0859,1,0.0,2,High Open-Source Contributor,Strong match (Score: 55.5). Matched 1/2 required skills (50%). domain aligned. Segment: High Open-Source Contributor.
11b8d863-7acf-442d-bcc7-a0b1f0a62bd3,proj_0150,8,7,55.271,41.1876,0.9994,38.4214,1,0.5,1,2,0.0876,1,0.0,0,Applied Project Specialist,Strong match (Score: 55.3). Matched 1/2 required skills (50%). domain aligned. Segment: Applied Project Specialist.
fcccb7c6-a8a4-4e69-9db9-8f40d2b5cea2,proj_0150,9,6,54.0521,39.2915,0.9995,42.1632,1,0.5,1,2,0.0567,1,0.0,1,Hackathon Champion,Strong match (Score: 54.1). Matched 1/2 required skills (50%). domain aligned. Segment: Hackathon Champion.
ae6cb331-f877-4763-9728-6e2651b1be61,proj_0150,10,3,53.7891,38.3903,0.9995,38.9267,1,0.5,1,2,0.0632,1,0.0,3,Emerging Generalist Builder,Strong match (Score: 53.8). Matched 1/2 required skills (50%). domain aligned. Segment: Emerging Generalist Builder.
ae1edce1-d966-42e3-8c89-aef9b00864d3,proj_0151,1,1,81.0077,81.8579,0.9996,88.9748,1,1.0,5,5,0.3851,1,0.0,2,High Open-Source Contributor,Exceptional match (Score: 81.0). Matched 5/5 required skills (100%). high text similarity (0.39). domain aligned. Segment: High Open-Source Contributor.
bfa1f0df-056e-4c7d-8e36-bd69a0ff8ce2,proj_0151,2,1,74.2444,73.7111,0.9996,70.6054,1,0.8,4,5,0.2848,1,0.0,2,High Open-Source Contributor,Strong match (Score: 74.2). Matched 4/5 required skills (80%). high text similarity (0.28). domain aligned. Segment: High Open-Source Contributor.
43965359-ca1d-45cf-91a8-d082153130f9,proj_0151,3,2,69.3749,63.5048,0.9995,61.3351,1,0.8,4,5,0.3992,0,0.0,0,Applied Project Specialist,Strong match (Score: 69.4). Matched 4/5 required skills (80%). high text similarity (0.40). Segment: Applied Project Specialist.
5cab9df0-fce9-4f96-b7d4-77b04d8ef79a,proj_0151,4,3,66.5998,59.8707,0.9995,55.6597,1,0.8,4,5,0.3111,0,0.0,1,Hackathon Champion,Strong match (Score: 66.6). Matched 4/5 required skills (80%). high text similarity (0.31). Segment: Hackathon Champion.
62e37ce6-ceca-4f3a-aa3a-b3f14c0ccdde,proj_0151,5,4,64.4683,56.9971,0.9995,57.7839,1,0.6,3,5,0.3373,0,0.25,3,Emerging Generalist Builder,Strong match (Score: 64.5). Matched 3/5 required skills (60%). high text similarity (0.34). Segment: Emerging Generalist Builder.
039089eb-97a5-449d-bee2-00908fe0a587,proj_0151,6,4,62.2945,54.6874,0.9995,56.8876,1,0.6,3,5,0.2623,0,0.2,1,Hackathon Champion,Strong match (Score: 62.3). Matched 3/5 required skills (60%). high text similarity (0.26). Segment: Hackathon Champion.
eceb9a38-a02e-488b-8056-dfe93cb6e122,proj_0151,7,5,58.5409,47.806,0.9995,46.3907,1,0.6,3,5,0.2289,0,0.0,2,High Open-Source Contributor,Strong match (Score: 58.5). Matched 3/5 required skills (60%). high text similarity (0.23). Segment: High Open-Source Contributor.
1940ff65-3c28-41a4-9813-5a3ada45eb94,proj_0151,8,5,56.2921,43.4964,0.9995,54.5856,1,0.6,3,5,0.1939,0,0.0,3,Emerging Generalist Builder,Strong match (Score: 56.3). Matched 3/5 required skills (60%). high text similarity (0.19). Segment: Emerging Generalist Builder.
b94dbd3e-01cf-41d6-986f-f35a63a849a8,proj_0151,9,7,54.6881,42.9228,0.9995,36.7105,1,0.4,2,5,0.2356,0,0.0,2,High Open-Source Contributor,Strong match (Score: 54.7). Matched 2/5 required skills (40%). high text similarity (0.24). Segment: High Open-Source Contributor.
a4110e45-2926-4e7f-8678-ab3a4210a5f1,proj_0151,10,14,53.7241,41.5215,0.9995,44.1816,1,0.4,2,5,0.2087,0,0.0,1,Hackathon Champion,Strong match (Score: 53.7). Matched 2/5 required skills (40%). high text similarity (0.21). Segment: Hackathon Champion.
4a592bb5-0eb1-4432-9361-7200f4085604,proj_0152,1,1,75.1126,72.4816,0.9993,75.496,1,1.0,3,3,0.2094,1,0.2,2,High Open-Source Contributor,Exceptional match (Score: 75.1). Matched 3/3 required skills (100%). high text similarity (0.21). domain aligned. Segment: High Open-Source Contributor.
762d9ef6-91f9-45a9-b70e-026d55968fd6,proj_0152,2,2,70.9563,65.2158,0.9996,67.0174,1,1.0,3,3,0.1588,1,0.0,3,Emerging Generalist Builder,Strong match (Score: 71.0). Matched 3/3 required skills (100%). high text similarity (0.16). domain aligned. Segment: Emerging Generalist Builder.
97f73fec-5bfb-4202-afdc-2b2e1ddf4d87,proj_0152,3,3,65.5254,56.9423,0.9995,60.1153,1,1.0,3,3,0.1509,0,0.2,2,High Open-Source Contributor,Strong match (Score: 65.5). Matched 3/3 required skills (100%). high text similarity (0.15). Segment: High Open-Source Contributor.
b72b4665-e42c-4033-9c61-31b99ebc5161,proj_0152,4,4,64.6806,56.6427,0.9995,63.6691,1,1.0,3,3,0.1359,0,0.0,2,High Open-Source Contributor,Strong match (Score: 64.7). Matched 3/3 required skills (100%). Segment: High Open-Source Contributor.
5f1f946b-d5f8-40bb-8a4e-e31b98a7063b,proj_0152,5,3,63.5447,53.4655,0.9995,55.6183,1,1.0,3,3,0.1449,0,0.0,2,High Open-Source Contributor,Strong match (Score: 63.5). Matched 3/3 required skills (100%). Segment: High Open-Source Contributor.
087b73f9-9ad8-434c-b57d-4f1046ff9811,proj_0152,6,2,63.4117,53.0617,0.9995,55.31,1,1.0,3,3,0.1468,0,0.0,3,Emerging Generalist Builder,Strong match (Score: 63.4). Matched 3/3 required skills (100%). Segment: Emerging Generalist Builder.
d0b145e9-d7e7-4c2c-8a38-d3590f04765d,proj_0152,7,5,62.7161,53.1239,0.9996,46.5215,1,0.6667,2,3,0.1541,1,0.0,3,Emerging Generalist Builder,Strong match (Score: 62.7). Matched 2/3 required skills (67%). high text similarity (0.15). domain aligned. Segment: Emerging Generalist Builder.
8ca7b2f9-b286-4535-ad63-ce138605bd4f,proj_0152,8,5,58.6545,46.015,0.9995,58.5174,1,0.6667,2,3,0.1981,0,0.25,3,Emerging Generalist Builder,Strong match (Score: 58.7). Matched 2/3 required skills (67%). high text similarity (0.20). Segment: Emerging Generalist Builder.
eaaf1148-a323-40bb-9ae9-592ace11a073,proj_0152,9,6,57.7454,46.0678,0.9995,48.4872,1,0.6667,2,3,0.1222,0,0.3333,2,High Open-Source Contributor,Strong match (Score: 57.7). Matched 2/3 required skills (67%). Segment: High Open-Source Contributor.
6bd9ad33-a59a-410c-b027-98aa5712fb14,proj_0152,10,5,57.106,44.2651,0.9995,34.4702,1,0.6667,2,3,0.1832,0,0.0,3,Emerging Generalist Builder,Strong match (Score: 57.1). Matched 2/3 required skills (67%). high text similarity (0.18). Segment: Emerging Generalist Builder.
89725f1b-cf77-46ec-b600-8d479c5336f0,proj_0153,1,1,83.2284,82.2891,0.9996,79.7254,1,1.0,5,5,0.4661,1,0.3333,1,Hackathon Champion,Exceptional match (Score: 83.2). Matched 5/5 required skills (100%). high text similarity (0.47). domain aligned. Segment: Hackathon Champion.
028835cb-f2be-4cf3-833d-5016c814a61b,proj_0153,2,1,82.7891,81.3077,0.9996,92.9979,1,1.0,5,5,0.4852,1,0.2,2,High Open-Source Contributor,Exceptional match (Score: 82.8). Matched 5/5 required skills (100%). high text similarity (0.49). domain aligned. Segment: High Open-Source Contributor.
2b6fad95-0e6a-43b5-9410-74653a40193b,proj_0153,3,1,69.6381,63.569,0.9995,61.2545,1,0.8,4,5,0.3817,0,0.2,2,High Open-Source Contributor,Strong match (Score: 69.6). Matched 4/5 required skills (80%). high text similarity (0.38). Segment: High Open-Source Contributor.
1d66819b-e8d6-4d38-a01a-7c1e10682d7a,proj_0153,4,1,66.1337,57.4718,0.9995,59.7857,1,0.8,4,5,0.344,0,0.0,3,Emerging Generalist Builder,Strong match (Score: 66.1). Matched 4/5 required skills (80%). high text similarity (0.34). Segment: Emerging Generalist Builder.
e5da3070-4f31-4f4e-97b7-7ce6e1450cb2,proj_0153,5,4,64.1547,57.1943,0.9995,61.1169,1,0.6,3,5,0.3528,0,0.0,0,Applied Project Specialist,Strong match (Score: 64.2). Matched 3/5 required skills (60%). high text similarity (0.35). Segment: Applied Project Specialist.
aa8e0419-6869-4352-9957-c2ce19a4df19,proj_0153,6,4,63.9464,57.0923,0.9995,60.6411,1,0.6,3,5,0.3083,0,0.2,1,Hackathon Champion,Strong match (Score: 63.9). Matched 3/5 required skills (60%). high text similarity (0.31). Segment: Hackathon Champion.
2f7aab88-8c56-4ac2-afb3-ea61ddce7899,proj_0153,7,4,63.3334,55.5047,0.9995,54.3056,1,0.6,3,5,0.3431,0,0.0,2,High Open-Source Contributor,Strong match (Score: 63.3). Matched 3/5 required skills (60%). high text similarity (0.34). Segment: High Open-Source Contributor.
6188831d-2423-4170-97be-c1ce063d2e91,proj_0153,8,4,62.832,55.5001,0.9995,54.274,1,0.6,3,5,0.3098,0,0.0,3,Emerging Generalist Builder,Strong match (Score: 62.8). Matched 3/5 required skills (60%). high text similarity (0.31). Segment: Emerging Generalist Builder.
1d9b4b3e-c4c0-43ca-8453-f32f9ffec287,proj_0153,9,8,60.2283,49.5533,0.9995,51.6157,1,0.6,3,5,0.2948,0,0.0,3,Emerging Generalist Builder,Strong match (Score: 60.2). Matched 3/5 required skills (60%). high text similarity (0.29). Segment: Emerging Generalist Builder.
cba3356f-8ea7-4b80-afcb-bdb783165508,proj_0153,10,3,59.3694,47.826,0.9995,46.9437,1,0.6,3,5,0.2836,0,0.0,3,Emerging Generalist Builder,Strong match (Score: 59.4). Matched 3/5 required skills (60%). high text similarity (0.28). Segment: Emerging Generalist Builder.
c8a6c705-5710-4a9c-b506-593a8b372fba,proj_0154,1,1,78.1065,77.8975,0.9996,73.6183,1,1.0,3,3,0.2973,1,0.0,3,Emerging Generalist Builder,Exceptional match (Score: 78.1). Matched 3/3 required skills (100%). high text similarity (0.30). domain aligned. Segment: Emerging Generalist Builder.
689ef428-5690-41ea-8a1b-ebc15103c183,proj_0154,2,2,71.4729,66.1929,0.9995,69.3834,1,1.0,3,3,0.2785,0,0.3333,2,High Open-Source Contributor,Strong match (Score: 71.5). Matched 3/3 required skills (100%). high text similarity (0.28). Segment: High Open-Source Contributor.
581bb5ae-aabd-47ba-8e9e-54b92e296fad,proj_0154,3,1,68.5876,60.864,0.9995,59.7485,1,1.0,3,3,0.2838,0,0.0,3,Emerging Generalist Builder,Strong match (Score: 68.6). Matched 3/3 required skills (100%). high text similarity (0.28). Segment: Emerging Generalist Builder.
c443afae-85b7-4769-9c9b-3aa42d2f9b49,proj_0154,4,2,68.1525,60.8226,0.9995,62.3668,1,1.0,3,3,0.2559,0,0.0,3,Emerging Generalist Builder,Strong match (Score: 68.2). Matched 3/3 required skills (100%). high text similarity (0.26). Segment: Emerging Generalist Builder.
0c80f749-3d68-49f7-b466-a887bbecea6b,proj_0154,5,1,68.0611,60.6315,0.9995,52.9727,1,1.0,3,3,0.2549,0,0.0,2,High Open-Source Contributor,Strong match (Score: 68.1). Matched 3/3 required skills (100%). high text similarity (0.25). Segment: High Open-Source Contributor.
f8ec485a-c1a7-4210-9311-e69a848199f8,proj_0154,6,1,67.8733,59.907,0.9995,56.6283,1,1.0,3,3,0.2617,0,0.0,3,Emerging Generalist Builder,Strong match (Score: 67.9). Matched 3/3 required skills (100%). high text similarity (0.26). Segment: Emerging Generalist Builder.
29a70b35-707c-484f-8bb5-8b215d6ebcd4,proj_0154,7,11,58.5148,46.4219,0.9994,58.6275,1,0.6667,2,3,0.2198,0,0.0,2,High Open-Source Contributor,Strong match (Score: 58.5). Matched 2/3 required skills (67%). high text similarity (0.22). Segment: High Open-Source Contributor.
6c330b26-96e7-4e06-adf2-825da3cf559f,proj_0154,8,10,58.0444,45.2797,0.9995,37.9462,1,0.6667,2,3,0.2187,0,0.0,2,High Open-Source Contributor,Strong match (Score: 58.0). Matched 2/3 required skills (67%). high text similarity (0.22). Segment: High Open-Source Contributor.
da656870-ec8c-477f-ac77-d99f762a096a,proj_0154,9,6,57.1014,44.4786,0.9995,44.8435,1,0.6667,2,3,0.1772,0,0.0,0,Applied Project Specialist,Strong match (Score: 57.1). Matched 2/3 required skills (67%). high text similarity (0.18). Segment: Applied Project Specialist.
359cd95a-3ba1-415a-89c5-e2d4d3e11945,proj_0154,10,8,56.9125,43.7325,0.9995,37.3637,1,0.6667,2,3,0.1845,0,0.0,2,High Open-Source Contributor,Strong match (Score: 56.9). Matched 2/3 required skills (67%). high text similarity (0.18). Segment: High Open-Source Contributor.
221c46a1-750f-4420-91f2-226350f81809,proj_0155,1,1,80.6026,78.5202,0.9996,76.3488,1,1.0,4,4,0.4471,1,0.0,3,Emerging Generalist Builder,Exceptional match (Score: 80.6). Matched 4/4 required skills (100%). high text similarity (0.45). domain aligned. Segment: Emerging Generalist Builder.
b737c73d-287a-42d9-bf3f-4c1e38e85199,proj_0155,2,5,67.5459,59.8259,0.9995,65.4462,1,0.75,3,4,0.4087,0,0.0,2,High Open-Source Contributor,Strong match (Score: 67.5). Matched 3/4 required skills (75%). high text similarity (0.41). Segment: High Open-Source Contributor.
294e0a46-ef83-4845-864a-795ff0f17103,proj_0155,3,1,67.315,57.7562,0.9995,62.4887,1,0.75,3,4,0.4485,0,0.0,2,High Open-Source Contributor,Strong match (Score: 67.3). Matched 3/4 required skills (75%). high text similarity (0.45). Segment: High Open-Source Contributor.
8500cf34-7cf8-4e37-896e-0444443e65af,proj_0155,4,2,66.1056,57.0953,0.9996,65.4865,1,0.5,2,4,0.3853,1,0.0,1,Hackathon Champion,Strong match (Score: 66.1). Matched 2/4 required skills (50%). high text similarity (0.39). domain aligned. Segment: Hackathon Champion.
fba696b3-c8c2-4675-ba02-4061a30aef16,proj_0155,5,3,64.9791,57.2791,0.9995,56.2539,1,0.75,3,4,0.3055,0,0.0,3,Emerging Generalist Builder,Strong match (Score: 65.0). Matched 3/4 required skills (75%). high text similarity (0.31). Segment: Emerging Generalist Builder.
11cb9f36-3aa0-45ce-b350-da69f16b4894,proj_0155,6,1,64.0426,54.8478,0.9996,61.9208,1,0.5,2,4,0.3077,1,0.0,1,Hackathon Champion,Strong match (Score: 64.0). Matched 2/4 required skills (50%). high text similarity (0.31). domain aligned. Segment: Hackathon Champion.
6af6d70b-45e8-410c-89cf-1c8fa4574c85,proj_0155,7,5,60.6126,49.2452,0.9995,50.9125,1,0.5,2,4,0.3953,0,0.0,3,Emerging Generalist Builder,Strong match (Score: 60.6). Matched 2/4 required skills (50%). high text similarity (0.40). Segment: Emerging Generalist Builder.
501caa1d-90ea-4e3d-a62b-21d64b15838b,proj_0155,8,7,60.1133,47.8094,0.9995,51.4812,1,0.5,2,4,0.4003,0,0.0,2,High Open-Source Contributor,Strong match (Score: 60.1). Matched 2/4 required skills (50%). high text similarity (0.40). Segment: High Open-Source Contributor.
5061b396-fa5f-47ae-a0ae-f1592c9af4bc,proj_0155,9,5,60.1129,49.7286,0.9995,45.5218,1,0.5,2,4,0.3491,0,0.0,2,High Open-Source Contributor,Strong match (Score: 60.1). Matched 2/4 required skills (50%). high text similarity (0.35). Segment: High Open-Source Contributor.
ae7ebec1-fd6e-42b9-8252-7ca6592ae554,proj_0155,10,4,60.0674,50.4172,0.9995,50.303,1,0.5,2,4,0.3277,0,0.0,2,High Open-Source Contributor,Strong match (Score: 60.1). Matched 2/4 required skills (50%). high text similarity (0.33). Segment: High Open-Source Contributor.
fdc30964-24b1-415d-88e7-290336637cf5,proj_0156,1,1,74.7942,72.4779,0.9996,68.4963,1,1.0,3,3,0.221,1,0.0,2,High Open-Source Contributor,Strong match (Score: 74.8). Matched 3/3 required skills (100%). high text similarity (0.22). domain aligned. Segment: High Open-Source Contributor.
3f631164-dc26-430c-8497-8c7760bfcedd,proj_0156,2,5,66.6822,59.9104,0.9995,55.7992,1,1.0,3,3,0.1822,0,0.0,1,Hackathon Champion,Strong match (Score: 66.7). Matched 3/3 required skills (100%). high text similarity (0.18). Segment: Hackathon Champion.
3a212f49-df4c-495e-9787-a66a9881678f,proj_0156,3,9,65.6976,57.644,0.9995,56.2131,1,1.0,3,3,0.177,0,0.0,2,High Open-Source Contributor,Strong match (Score: 65.7). Matched 3/3 required skills (100%). high text similarity (0.18). Segment: High Open-Source Contributor.
387913f7-3bc9-49cb-8fe2-9330745c9851,proj_0156,4,9,64.8627,55.4554,0.9995,61.9095,1,1.0,3,3,0.1797,0,0.0,3,Emerging Generalist Builder,Strong match (Score: 64.9). Matched 3/3 required skills (100%). high text similarity (0.18). Segment: Emerging Generalist Builder.
7920e9ba-5787-4e49-814d-3a6830d89f66,proj_0156,5,2,64.1596,54.6764,0.9995,59.1974,1,1.0,3,3,0.1536,0,0.0,2,High Open-Source Contributor,Strong match (Score: 64.2). Matched 3/3 required skills (100%). high text similarity (0.15). Segment: High Open-Source Contributor.
e019c590-05ca-4dd0-8414-3264362d7ab3,proj_0156,6,1,63.7525,54.1726,0.9995,52.1019,1,1.0,3,3,0.1399,0,0.0,3,Emerging Generalist Builder,Strong match (Score: 63.8). Matched 3/3 required skills (100%). Segment: Emerging Generalist Builder.
31923181-f583-4704-8bd5-7071757bb7b2,proj_0156,7,17,56.1212,43.0556,0.9995,45.8723,1,0.6667,2,3,0.1498,0,0.0,2,High Open-Source Contributor,Strong match (Score: 56.1). Matched 2/3 required skills (67%). Segment: High Open-Source Contributor.
fa9c63b6-6671-44c4-a83a-564068563133,proj_0156,8,8,54.86,40.5512,0.9995,35.1656,1,0.6667,2,3,0.1325,0,0.0,2,High Open-Source Contributor,Strong match (Score: 54.9). Matched 2/3 required skills (67%). Segment: High Open-Source Contributor.
fb92583d-11ab-4cec-a9fd-c5fd932c1193,proj_0156,9,26,54.1634,39.5261,0.9995,37.5583,1,0.6667,2,3,0.1134,0,0.0,1,Hackathon Champion,Strong match (Score: 54.2). Matched 2/3 required skills (67%). Segment: Hackathon Champion.
d49250fd-6f04-4007-bcb0-968ddd8ba6d6,proj_0156,10,2,54.1467,38.1493,0.9995,37.1262,1,0.6667,2,3,0.149,0,0.0,3,Emerging Generalist Builder,Strong match (Score: 54.1). Matched 2/3 required skills (67%). Segment: Emerging Generalist Builder.
0811fe08-051a-4441-9608-0c17358c8abe,proj_0157,1,1,75.1815,72.1113,0.9996,69.8591,1,1.0,4,4,0.2566,1,0.0,3,Emerging Generalist Builder,Exceptional match (Score: 75.2). Matched 4/4 required skills (100%). high text similarity (0.26). domain aligned. Segment: Emerging Generalist Builder.
087481f9-5507-4faf-9389-4e4246f98b69,proj_0157,2,9,60.4348,50.7596,0.9996,53.118,1,0.5,2,4,0.1762,1,0.0,3,Emerging Generalist Builder,Strong match (Score: 60.4). Matched 2/4 required skills (50%). high text similarity (0.18). domain aligned. Segment: Emerging Generalist Builder.
3ed7abd2-0827-4ed4-b481-04b77872f7ed,proj_0157,3,3,59.4215,48.8526,0.9995,47.0499,1,0.75,3,4,0.1597,0,0.0,2,High Open-Source Contributor,Strong match (Score: 59.4). Matched 3/4 required skills (75%). high text similarity (0.16). Segment: High Open-Source Contributor.
ea526b22-b31d-4bcc-bf22-b26e667a0389,proj_0157,4,5,59.3657,49.763,0.9996,49.6655,1,0.5,2,4,0.1315,1,0.0,1,Hackathon Champion,Strong match (Score: 59.4). Matched 2/4 required skills (50%). domain aligned. Segment: Hackathon Champion.
2b147d81-92b6-4409-aa68-a44b06e3083e,proj_0157,5,2,59.2107,47.9392,0.9995,47.3796,1,0.75,3,4,0.17,0,0.0,2,High Open-Source Contributor,Strong match (Score: 59.2). Matched 3/4 required skills (75%). high text similarity (0.17). Segment: High Open-Source Contributor.
bf5c6dbf-7b36-4028-b03b-7b4abbf3532f,proj_0157,6,4,58.894,49.1012,0.9995,45.8152,1,0.5,2,4,0.1179,1,0.0,0,Applied Project Specialist,Strong match (Score: 58.9). Matched 2/4 required skills (50%). domain aligned. Segment: Applied Project Specialist.
89fd636c-f318-4056-861f-7c69aabaed3f,proj_0157,7,4,58.0408,47.302,0.9995,45.0993,1,0.5,2,4,0.109,1,0.0,3,Emerging Generalist Builder,Strong match (Score: 58.0). Matched 2/4 required skills (50%). domain aligned. Segment: Emerging Generalist Builder.
2434dd7a-db32-4b60-8025-8a694d181b79,proj_0157,8,1,57.6842,46.0543,0.9995,45.8243,1,0.5,2,4,0.1185,1,0.0,3,Emerging Generalist Builder,Strong match (Score: 57.7). Matched 2/4 required skills (50%). domain aligned. Segment: Emerging Generalist Builder.
132eafd1-24b7-4dd8-b703-0907cb2db46e,proj_0157,9,12,54.8568,42.5283,0.9995,40.1492,1,0.5,2,4,0.1907,0,0.0,0,Applied Project Specialist,Strong match (Score: 54.9). Matched 2/4 required skills (50%). high text similarity (0.19). Segment: Applied Project Specialist.
19d329f2-3d8d-46b4-9a4c-c52d841a38aa,proj_0157,10,15,51.8886,37.4327,0.9995,35.7704,1,0.5,2,4,0.1287,0,0.0,2,High Open-Source Contributor,Strong match (Score: 51.9). Matched 2/4 required skills (50%). Segment: High Open-Source Contributor.
e4c102b8-80bb-4fe3-9020-55e2e1c77522,proj_0158,1,1,82.8442,84.1506,0.9996,89.1096,1,1.0,4,4,0.4464,1,0.0,2,High Open-Source Contributor,Exceptional match (Score: 82.8). Matched 4/4 required skills (100%). high text similarity (0.45). domain aligned. Segment: High Open-Source Contributor.
afc2bd90-04a1-4a8a-82b7-e1582e9a16d8,proj_0158,2,2,75.0659,70.2073,0.9994,69.3992,1,1.0,4,4,0.4334,0,0.2,2,High Open-Source Contributor,Exceptional match (Score: 75.1). Matched 4/4 required skills (100%). high text similarity (0.43). Segment: High Open-Source Contributor.
0eb20fb6-a17a-41e6-846a-933aef316c3a,proj_0158,3,1,74.3189,71.5548,0.9996,72.1894,1,0.75,3,4,0.3806,1,0.0,2,High Open-Source Contributor,Strong match (Score: 74.3). Matched 3/4 required skills (75%). high text similarity (0.38). domain aligned. Segment: High Open-Source Contributor.
57f1deb3-f6b6-4040-937c-f8842a4bdeb1,proj_0158,4,3,71.97,67.1075,0.9995,67.7481,1,1.0,4,4,0.3428,0,0.0,2,High Open-Source Contributor,Strong match (Score: 72.0). Matched 4/4 required skills (100%). high text similarity (0.34). Segment: High Open-Source Contributor.
4255926b-5147-4f6a-8eed-9479ec273f86,proj_0158,5,2,70.5366,62.5795,0.9996,65.4233,1,0.5,2,4,0.4789,1,0.3333,3,Emerging Generalist Builder,Strong match (Score: 70.5). Matched 2/4 required skills (50%). high text similarity (0.48). domain aligned. Segment: Emerging Generalist Builder.
3c6e4855-a064-45ef-9ba1-692a2a1c9770,proj_0158,6,4,65.5735,57.5201,0.9995,60.5551,1,0.75,3,4,0.3387,0,0.0,3,Emerging Generalist Builder,Strong match (Score: 65.6). Matched 3/4 required skills (75%). high text similarity (0.34). Segment: Emerging Generalist Builder.
b0473f2b-3906-4d17-835c-77d14f68153c,proj_0158,7,3,65.5478,57.0694,0.9995,59.1621,1,0.75,3,4,0.349,0,0.0,2,High Open-Source Contributor,Strong match (Score: 65.5). Matched 3/4 required skills (75%). high text similarity (0.35). Segment: High Open-Source Contributor.
dcb6a76d-24ae-4ddd-b286-849f0bc7b932,proj_0158,8,1,62.9787,54.4867,0.9996,54.2778,1,0.5,2,4,0.2464,1,0.0,2,High Open-Source Contributor,Strong match (Score: 63.0). Matched 2/4 required skills (50%). high text similarity (0.25). domain aligned. Segment: High Open-Source Contributor.
25444a13-cd34-4765-9746-ff99a1521325,proj_0158,9,3,61.9345,52.6075,0.9995,60.8974,1,0.75,3,4,0.2271,0,0.0,0,Applied Project Specialist,Strong match (Score: 61.9). Matched 3/4 required skills (75%). high text similarity (0.23). Segment: Applied Project Specialist.
5c9edf70-b59e-4883-a7bb-83d28eedbee5,proj_0158,10,6,61.133,50.4725,0.9995,53.347,1,0.5,2,4,0.3556,0,0.25,1,Hackathon Champion,Strong match (Score: 61.1). Matched 2/4 required skills (50%). high text similarity (0.36). Segment: Hackathon Champion.
e9488dc6-d1ac-430c-a5c2-850186211dc1,proj_0159,1,1,81.7061,82.2514,0.9996,89.3347,1,1.0,4,4,0.3795,1,0.25,1,Hackathon Champion,Exceptional match (Score: 81.7). Matched 4/4 required skills (100%). high text similarity (0.38). domain aligned. Segment: Hackathon Champion.
bcd14113-cdb3-41fa-9993-040ff343e346,proj_0159,2,1,73.9869,69.7097,0.9995,69.0391,1,1.0,4,4,0.3662,0,0.25,2,High Open-Source Contributor,Strong match (Score: 74.0). Matched 4/4 required skills (100%). high text similarity (0.37). Segment: High Open-Source Contributor.
3bc2614f-c7f7-4b97-bc03-e59332e2b984,proj_0159,3,2,71.8491,69.9064,0.9996,69.1062,1,0.75,3,4,0.2599,1,0.0,3,Emerging Generalist Builder,Strong match (Score: 71.8). Matched 3/4 required skills (75%). high text similarity (0.26). domain aligned. Segment: Emerging Generalist Builder.
25f8a3d3-8ede-4e0d-bda4-823968c1f78a,proj_0159,4,1,70.7041,66.1177,0.9995,63.0129,1,1.0,4,4,0.2848,0,0.0,3,Emerging Generalist Builder,Strong match (Score: 70.7). Matched 4/4 required skills (100%). high text similarity (0.28). Segment: Emerging Generalist Builder.
efa39902-d69e-44f9-aad9-c9c79d10edf5,proj_0159,5,3,69.3602,63.313,0.9995,58.4298,1,1.0,4,4,0.27,0,0.0,3,Emerging Generalist Builder,Strong match (Score: 69.4). Matched 4/4 required skills (100%). high text similarity (0.27). Segment: Emerging Generalist Builder.
f2678cee-0f88-456f-9d8c-da04a86f8ea8,proj_0159,6,8,68.3955,61.9776,0.9995,58.5229,1,1.0,4,4,0.2413,0,0.0,2,High Open-Source Contributor,Strong match (Score: 68.4). Matched 4/4 required skills (100%). high text similarity (0.24). Segment: High Open-Source Contributor.
a7773a57-50bc-47d6-8134-aaf0c5d7ebf2,proj_0159,7,7,68.3191,61.8766,0.9995,62.527,1,1.0,4,4,0.2389,0,0.0,2,High Open-Source Contributor,Strong match (Score: 68.3). Matched 4/4 required skills (100%). high text similarity (0.24). Segment: High Open-Source Contributor.
e010432f-7f95-480f-9c68-b6292bbbbefd,proj_0159,8,5,68.3113,61.9095,0.9995,70.191,1,1.0,4,4,0.2375,0,0.0,2,High Open-Source Contributor,Strong match (Score: 68.3). Matched 4/4 required skills (100%). high text similarity (0.24). Segment: High Open-Source Contributor.
c07b1843-8687-4258-9ad7-9ab65909a578,proj_0159,9,4,68.2338,61.6446,0.9995,68.3665,1,1.0,4,4,0.2394,0,0.0,2,High Open-Source Contributor,Strong match (Score: 68.2). Matched 4/4 required skills (100%). high text similarity (0.24). Segment: High Open-Source Contributor.
08d4043d-ffc3-492c-bacb-0a1005e4a1de,proj_0159,10,2,68.1966,63.3665,0.9996,65.1928,1,0.75,3,4,0.1908,1,0.0,3,Emerging Generalist Builder,Strong match (Score: 68.2). Matched 3/4 required skills (75%). high text similarity (0.19). domain aligned. Segment: Emerging Generalist Builder.
3bc2614f-c7f7-4b97-bc03-e59332e2b984,proj_0160,1,3,65.6408,57.7269,0.9995,64.4209,1,1.0,3,3,0.171,0,0.0,3,Emerging Generalist Builder,Strong match (Score: 65.6). Matched 3/3 required skills (100%). high text similarity (0.17). Segment: Emerging Generalist Builder.
7c59a687-5d33-4f1e-b160-4b4af927664b,proj_0160,2,2,64.2964,55.5623,0.9995,55.499,1,1.0,3,3,0.1391,0,0.0,2,High Open-Source Contributor,Strong match (Score: 64.3). Matched 3/3 required skills (100%). Segment: High Open-Source Contributor.
556e9915-9ae4-403c-be22-8db0499bc5e5,proj_0160,3,3,60.22,49.9237,0.9993,48.3769,1,0.6667,2,3,0.2403,0,0.0,1,Hackathon Champion,Strong match (Score: 60.2). Matched 2/3 required skills (67%). high text similarity (0.24). Segment: Hackathon Champion.
fd53b824-68d3-4bf7-b335-9690414454ca,proj_0160,4,5,58.0314,45.6372,0.9995,38.3531,1,0.6667,2,3,0.2083,0,0.0,3,Emerging Generalist Builder,Strong match (Score: 58.0). Matched 2/3 required skills (67%). high text similarity (0.21). Segment: Emerging Generalist Builder.
79ace0f3-d328-4e54-99d8-c5fdd11aa452,proj_0160,5,13,56.7253,43.8044,0.9995,39.4518,1,0.6667,2,3,0.1701,0,0.0,1,Hackathon Champion,Strong match (Score: 56.7). Matched 2/3 required skills (67%). high text similarity (0.17). Segment: Hackathon Champion.
e9488dc6-d1ac-430c-a5c2-850186211dc1,proj_0160,6,15,56.5672,43.8031,0.9995,47.7851,1,0.6667,2,3,0.1596,0,0.0,1,Hackathon Champion,Strong match (Score: 56.6). Matched 2/3 required skills (67%). high text similarity (0.16). Segment: Hackathon Champion.
c07b1843-8687-4258-9ad7-9ab65909a578,proj_0160,7,12,56.4968,43.1546,0.9995,46.1617,1,0.6667,2,3,0.1722,0,0.0,2,High Open-Source Contributor,Strong match (Score: 56.5). Matched 2/3 required skills (67%). high text similarity (0.17). Segment: High Open-Source Contributor.
bcbb259f-658e-4461-8c3d-c07b29aa5e23,proj_0160,8,12,56.2716,42.644,0.9995,48.0946,1,0.6667,2,3,0.1708,0,0.0,3,Emerging Generalist Builder,Strong match (Score: 56.3). Matched 2/3 required skills (67%). high text similarity (0.17). Segment: Emerging Generalist Builder.
ce451e53-7a3e-478e-827e-ca40c205a0e3,proj_0160,9,5,56.2541,43.204,0.9995,46.0884,1,0.6667,2,3,0.1547,0,0.0,2,High Open-Source Contributor,Strong match (Score: 56.3). Matched 2/3 required skills (67%). high text similarity (0.15). Segment: High Open-Source Contributor.
e010432f-7f95-480f-9c68-b6292bbbbefd,proj_0160,10,16,56.1026,42.9191,0.9995,39.4066,1,0.6667,2,3,0.1522,0,0.0,2,High Open-Source Contributor,Strong match (Score: 56.1). Matched 2/3 required skills (67%). high text similarity (0.15). Segment: High Open-Source Contributor.
20f0cd2f-0720-4027-a947-2e6ea888d087,proj_0161,1,1,77.3421,75.8953,0.9996,72.6972,1,1.0,3,3,0.2664,1,0.2,3,Emerging Generalist Builder,Exceptional match (Score: 77.3). Matched 3/3 required skills (100%). high text similarity (0.27). domain aligned. Segment: Emerging Generalist Builder.
aaf15e54-2ea9-4302-9eb0-49002b6784b3,proj_0161,2,2,68.0153,62.0919,0.9996,64.0202,1,0.6667,2,3,0.2349,1,0.2,2,High Open-Source Contributor,Strong match (Score: 68.0). Matched 2/3 required skills (67%). high text similarity (0.23). domain aligned. Segment: High Open-Source Contributor.
595e0130-e17f-413e-b188-78166328de09,proj_0161,3,4,63.5377,53.9356,0.9995,53.1199,1,1.0,3,3,0.1319,0,0.0,2,High Open-Source Contributor,Strong match (Score: 63.5). Matched 3/3 required skills (100%). Segment: High Open-Source Contributor.
0c80f749-3d68-49f7-b466-a887bbecea6b,proj_0161,4,5,62.9699,52.2911,0.9995,47.9117,1,1.0,3,3,0.1379,0,0.0,2,High Open-Source Contributor,Strong match (Score: 63.0). Matched 3/3 required skills (100%). Segment: High Open-Source Contributor.
29a70b35-707c-484f-8bb5-8b215d6ebcd4,proj_0161,5,6,62.9067,52.3879,0.9994,48.6235,1,1.0,3,3,0.1313,0,0.0,2,High Open-Source Contributor,Strong match (Score: 62.9). Matched 3/3 required skills (100%). Segment: High Open-Source Contributor.
8e6faa10-2480-4c61-97e1-c320efa565fd,proj_0161,6,1,61.1133,50.8832,0.9995,51.867,1,0.6667,2,3,0.1072,1,0.0,3,Emerging Generalist Builder,Strong match (Score: 61.1). Matched 2/3 required skills (67%). domain aligned. Segment: Emerging Generalist Builder.
347dcda4-cc34-4117-be02-c3eeaaf8878f,proj_0161,7,5,59.2432,47.5387,0.9995,39.136,1,0.6667,2,3,0.2106,0,0.1667,3,Emerging Generalist Builder,Strong match (Score: 59.2). Matched 2/3 required skills (67%). high text similarity (0.21). Segment: Emerging Generalist Builder.
359cd95a-3ba1-415a-89c5-e2d4d3e11945,proj_0161,8,6,58.8268,47.8407,0.9995,44.3699,1,0.6667,2,3,0.1609,0,0.25,2,High Open-Source Contributor,Strong match (Score: 58.8). Matched 2/3 required skills (67%). high text similarity (0.16). Segment: High Open-Source Contributor.
49c9b4ca-d134-4461-a277-992b4d6ed843,proj_0161,9,5,57.7845,46.1131,0.9993,47.6475,1,0.3333,1,3,0.1796,1,0.3333,2,High Open-Source Contributor,Strong match (Score: 57.8). Matched 1/3 required skills (33%). high text similarity (0.18). domain aligned. Segment: High Open-Source Contributor.
039089eb-97a5-449d-bee2-00908fe0a587,proj_0161,10,5,57.7241,46.1202,0.9995,43.5854,1,0.6667,2,3,0.1416,0,0.2,1,Hackathon Champion,Strong match (Score: 57.7). Matched 2/3 required skills (67%). Segment: Hackathon Champion.
6188831d-2423-4170-97be-c1ce063d2e91,proj_0162,1,1,82.531,81.3237,0.9996,80.709,1,1.0,4,4,0.5009,1,0.0,3,Emerging Generalist Builder,Exceptional match (Score: 82.5). Matched 4/4 required skills (100%). high text similarity (0.50). domain aligned. Segment: Emerging Generalist Builder.
0066a921-913f-4f9c-94f3-fc50ab1a7418,proj_0162,2,1,80.2221,77.7339,0.9996,81.8211,1,1.0,4,4,0.4427,1,0.0,3,Emerging Generalist Builder,Exceptional match (Score: 80.2). Matched 4/4 required skills (100%). high text similarity (0.44). domain aligned. Segment: Emerging Generalist Builder.
2f7aab88-8c56-4ac2-afb3-ea61ddce7899,proj_0162,3,1,76.4492,75.2531,0.9996,82.6958,1,0.75,3,4,0.424,1,0.0,2,High Open-Source Contributor,Exceptional match (Score: 76.4). Matched 3/4 required skills (75%). high text similarity (0.42). domain aligned. Segment: High Open-Source Contributor.
fef4172a-9569-4d0a-b190-34fb043e7c40,proj_0162,4,2,75.8821,70.1021,0.9995,66.8363,1,1.0,4,4,0.4682,0,0.3333,3,Emerging Generalist Builder,Exceptional match (Score: 75.9). Matched 4/4 required skills (100%). high text similarity (0.47). Segment: Emerging Generalist Builder.
9819149e-0509-4b74-a86f-7975147d2768,proj_0162,5,4,66.5263,61.2632,0.9995,64.8492,1,0.75,3,4,0.3024,0,0.0,0,Applied Project Specialist,Strong match (Score: 66.5). Matched 3/4 required skills (75%). high text similarity (0.30). Segment: Applied Project Specialist.
4cf65dd2-ee7a-4220-9174-7b844f8fcf41,proj_0162,6,3,64.3524,54.0961,0.9996,53.079,1,0.5,2,4,0.3484,1,0.0,3,Emerging Generalist Builder,Strong match (Score: 64.4). Matched 2/4 required skills (50%). high text similarity (0.35). domain aligned. Segment: Emerging Generalist Builder.
6c984ec2-ddc4-4ca1-8e04-8fe558b7446a,proj_0162,7,7,59.1696,47.1114,0.9995,44.6063,1,0.5,2,4,0.356,0,0.0,2,High Open-Source Contributor,Strong match (Score: 59.2). Matched 2/4 required skills (50%). high text similarity (0.36). Segment: High Open-Source Contributor.
89725f1b-cf77-46ec-b600-8d479c5336f0,proj_0162,8,9,59.0427,47.983,0.9995,42.3668,1,0.5,2,4,0.3243,0,0.0,1,Hackathon Champion,Strong match (Score: 59.0). Matched 2/4 required skills (50%). high text similarity (0.32). Segment: Hackathon Champion.
2b6fad95-0e6a-43b5-9410-74653a40193b,proj_0162,9,6,58.8248,46.9019,0.9995,52.7024,1,0.5,2,4,0.3386,0,0.0,2,High Open-Source Contributor,Strong match (Score: 58.8). Matched 2/4 required skills (50%). high text similarity (0.34). Segment: High Open-Source Contributor.
84b11712-b999-4294-9216-31439dee842d,proj_0162,10,2,58.2881,45.2414,0.9995,41.2211,1,0.5,2,4,0.3471,0,0.0,3,Emerging Generalist Builder,Strong match (Score: 58.3). Matched 2/4 required skills (50%). high text similarity (0.35). Segment: Emerging Generalist Builder.
5650aad2-20d6-4baf-b306-cf8f848814e9,proj_0163,1,1,76.7695,75.4175,0.9996,83.0923,1,1.0,4,4,0.2743,1,0.0,3,Emerging Generalist Builder,Exceptional match (Score: 76.8). Matched 4/4 required skills (100%). high text similarity (0.27). domain aligned. Segment: Emerging Generalist Builder.
9cd942b8-00f7-495c-9c10-d6c9e2b36f57,proj_0163,2,3,67.2454,60.6772,0.9995,64.7068,1,1.0,4,4,0.1993,0,0.0,2,High Open-Source Contributor,Strong match (Score: 67.2). Matched 4/4 required skills (100%). high text similarity (0.20). Segment: High Open-Source Contributor.
a660ca84-0849-42e6-9324-a286f016aa5b,proj_0163,3,1,67.1784,61.8123,0.9995,58.6259,1,0.75,3,4,0.2979,0,0.2,2,High Open-Source Contributor,Strong match (Score: 67.2). Matched 3/4 required skills (75%). high text similarity (0.30). Segment: High Open-Source Contributor.
46a01596-9eb8-4790-9e04-ba845207e836,proj_0163,4,2,66.026,59.2474,0.9995,61.5023,1,0.75,3,4,0.3228,0,0.0,2,High Open-Source Contributor,Strong match (Score: 66.0). Matched 3/4 required skills (75%). high text similarity (0.32). Segment: High Open-Source Contributor.
8fddae81-3c19-442e-bb98-ee9806b04725,proj_0163,5,1,63.2492,54.3518,0.9996,48.1314,1,0.5,2,4,0.2347,1,0.2,3,Emerging Generalist Builder,Strong match (Score: 63.2). Matched 2/4 required skills (50%). high text similarity (0.23). domain aligned. Segment: Emerging Generalist Builder.
8500cf34-7cf8-4e37-896e-0444443e65af,proj_0163,6,3,62.9692,54.9956,0.9996,52.9947,1,0.5,2,4,0.2322,1,0.0,1,Hackathon Champion,Strong match (Score: 63.0). Matched 2/4 required skills (50%). high text similarity (0.23). domain aligned. Segment: Hackathon Champion.
9fecce85-a2ce-4a32-9236-9f7f9fae8ae8,proj_0163,7,2,60.6364,50.5772,0.9995,52.2757,1,0.75,3,4,0.1947,0,0.0,3,Emerging Generalist Builder,Strong match (Score: 60.6). Matched 3/4 required skills (75%). high text similarity (0.19). Segment: Emerging Generalist Builder.
65fb74d3-9211-4e75-a64c-e76a89893ccc,proj_0163,8,6,60.6034,50.7085,0.9995,50.8687,1,0.75,3,4,0.189,0,0.0,0,Applied Project Specialist,Strong match (Score: 60.6). Matched 3/4 required skills (75%). high text similarity (0.19). Segment: Applied Project Specialist.
661f3618-4b9f-4890-b5b9-ac942b752fd5,proj_0163,9,3,60.4329,51.0135,0.9996,44.5229,1,0.5,2,4,0.1693,1,0.0,3,Emerging Generalist Builder,Strong match (Score: 60.4). Matched 2/4 required skills (50%). high text similarity (0.17). domain aligned. Segment: Emerging Generalist Builder.
8c18a2bb-3ec0-4545-8fa8-02ccbc89971c,proj_0163,10,8,60.3811,49.9016,0.9996,51.6554,1,0.5,2,4,0.1955,1,0.0,3,Emerging Generalist Builder,Strong match (Score: 60.4). Matched 2/4 required skills (50%). high text similarity (0.20). domain aligned. Segment: Emerging Generalist Builder.
202ac62b-753f-400d-902a-ec7d099233b7,proj_0164,1,1,75.7725,73.615,0.9996,77.292,1,1.0,3,3,0.2559,1,0.0,2,High Open-Source Contributor,Exceptional match (Score: 75.8). Matched 3/3 required skills (100%). high text similarity (0.26). domain aligned. Segment: High Open-Source Contributor.
9365a220-90af-4de1-ab03-eb3a03eac0e3,proj_0164,2,4,73.9816,71.269,0.9995,71.4107,1,1.0,3,3,0.3326,0,0.2,0,Applied Project Specialist,Strong match (Score: 74.0). Matched 3/3 required skills (100%). high text similarity (0.33). Segment: Applied Project Specialist.
1ac50d1b-e5e1-448b-9a7c-d0b1946dd32f,proj_0164,3,6,69.7829,65.246,0.9995,73.343,1,1.0,3,3,0.2133,0,0.2,0,Applied Project Specialist,Strong match (Score: 69.8). Matched 3/3 required skills (100%). high text similarity (0.21). Segment: Applied Project Specialist.
0d7aa2ad-f54e-438f-805a-7cb4ac9fb423,proj_0164,4,4,66.6537,59.0179,0.9995,50.6859,1,1.0,3,3,0.2041,0,0.0,2,High Open-Source Contributor,Strong match (Score: 66.7). Matched 3/3 required skills (100%). high text similarity (0.20). Segment: High Open-Source Contributor.
fa9c63b6-6671-44c4-a83a-564068563133,proj_0164,5,1,64.5571,55.8364,0.9995,55.5216,1,0.6667,2,3,0.3047,0,0.4,2,High Open-Source Contributor,Strong match (Score: 64.6). Matched 2/3 required skills (67%). high text similarity (0.30). Segment: High Open-Source Contributor.
3f631164-dc26-430c-8497-8c7760bfcedd,proj_0164,6,15,60.7632,50.496,0.9995,45.0211,1,0.6667,2,3,0.2053,0,0.3333,1,Hackathon Champion,Strong match (Score: 60.8). Matched 2/3 required skills (67%). high text similarity (0.21). Segment: Hackathon Champion.
ae3dcd6d-68be-4555-8891-2616eea6618b,proj_0164,7,25,56.7679,44.946,0.9995,55.5629,1,0.6667,2,3,0.1425,0,0.0,0,Applied Project Specialist,Strong match (Score: 56.8). Matched 2/3 required skills (67%). Segment: Applied Project Specialist.
b3b6351b-3567-4776-9e69-58952ccbd617,proj_0164,8,23,56.6591,43.2002,0.9995,50.2372,1,0.6667,2,3,0.1818,0,0.0,2,High Open-Source Contributor,Strong match (Score: 56.7). Matched 2/3 required skills (67%). high text similarity (0.18). Segment: High Open-Source Contributor.
ed5299a2-0bad-49b4-926e-1cf67c877fe8,proj_0164,9,5,56.646,45.7113,0.9985,52.8159,1,0.3333,1,3,0.1299,1,0.25,1,Hackathon Champion,Strong match (Score: 56.6). Matched 1/3 required skills (33%). domain aligned. Segment: Hackathon Champion.
7eae055b-58e7-4ccf-b97e-b3d17f153640,proj_0164,10,8,56.6386,44.3509,0.9989,47.1682,1,0.3333,1,3,0.151,1,0.3333,2,High Open-Source Contributor,Strong match (Score: 56.6). Matched 1/3 required skills (33%). high text similarity (0.15). domain aligned. Segment: High Open-Source Contributor.
c478ab16-73cc-4c97-a81c-03bb388a6500,proj_0165,1,1,78.9235,80.1876,0.9996,82.2909,1,1.0,5,5,0.2907,1,0.0,3,Emerging Generalist Builder,Exceptional match (Score: 78.9). Matched 5/5 required skills (100%). high text similarity (0.29). domain aligned. Segment: Emerging Generalist Builder.
bfa1f0df-056e-4c7d-8e36-bd69a0ff8ce2,proj_0165,2,2,56.8343,46.2382,0.9996,44.0816,1,0.4,2,5,0.1234,1,0.0,2,High Open-Source Contributor,Strong match (Score: 56.8). Matched 2/5 required skills (40%). domain aligned. Segment: High Open-Source Contributor.
a8a41195-09bf-4827-8e15-3c311e65a5a4,proj_0165,3,3,56.2024,46.8448,0.9995,47.0735,1,0.4,2,5,0.0653,1,0.0,3,Emerging Generalist Builder,Strong match (Score: 56.2). Matched 2/5 required skills (40%). domain aligned. Segment: Emerging Generalist Builder.
7330eba1-85ce-43aa-866d-b5df0c4f5175,proj_0165,4,8,56.1751,46.7728,0.9995,49.0561,1,0.4,2,5,0.0654,1,0.0,3,Emerging Generalist Builder,Strong match (Score: 56.2). Matched 2/5 required skills (40%). domain aligned. Segment: Emerging Generalist Builder.
d650a5ef-4b67-4938-b860-7cdad70abcaa,proj_0165,5,3,55.6724,45.3884,0.9994,43.6916,1,0.4,2,5,0.069,1,0.0,3,Emerging Generalist Builder,Strong match (Score: 55.7). Matched 2/5 required skills (40%). domain aligned. Segment: Emerging Generalist Builder.
bb674ff0-1424-4409-99df-9f0eebde85eb,proj_0165,6,5,55.46,44.8576,0.9994,43.897,1,0.4,2,5,0.069,1,0.0,2,High Open-Source Contributor,Strong match (Score: 55.5). Matched 2/5 required skills (40%). domain aligned. Segment: High Open-Source Contributor.
087481f9-5507-4faf-9389-4e4246f98b69,proj_0165,7,16,55.3756,44.8114,0.9995,39.1337,1,0.4,2,5,0.0644,1,0.0,3,Emerging Generalist Builder,Strong match (Score: 55.4). Matched 2/5 required skills (40%). domain aligned. Segment: Emerging Generalist Builder.
2af7712b-5192-4039-b527-b1a51858eda8,proj_0165,8,6,53.8909,39.4098,0.9994,42.346,1,0.6,3,5,0.143,0,0.0,3,Emerging Generalist Builder,Strong match (Score: 53.9). Matched 3/5 required skills (60%). Segment: Emerging Generalist Builder.
c5644ec7-56a1-4c47-9050-b7704cf711bd,proj_0165,9,5,52.1049,38.1503,0.9996,40.1267,1,0.4,2,5,0.1349,0,0.3333,2,High Open-Source Contributor,Strong match (Score: 52.1). Matched 2/5 required skills (40%). Segment: High Open-Source Contributor.
cba3356f-8ea7-4b80-afcb-bdb783165508,proj_0165,10,10,51.337,36.7012,0.9995,33.4795,1,0.4,2,5,0.1781,0,0.0,3,Emerging Generalist Builder,Strong match (Score: 51.3). Matched 2/5 required skills (40%). high text similarity (0.18). Segment: Emerging Generalist Builder.
63d56c69-55e3-4528-b118-8b57a258f729,proj_0166,1,1,78.7518,79.2483,0.9996,69.6967,1,1.0,4,4,0.3043,1,0.0,0,Applied Project Specialist,Exceptional match (Score: 78.8). Matched 4/4 required skills (100%). high text similarity (0.30). domain aligned. Segment: Applied Project Specialist.
a79e2fc6-d588-48d8-aacc-30ae69842200,proj_0166,2,3,62.9598,55.2046,0.9996,50.3664,1,0.5,2,4,0.226,1,0.0,1,Hackathon Champion,Strong match (Score: 63.0). Matched 2/4 required skills (50%). high text similarity (0.23). domain aligned. Segment: Hackathon Champion.
7330eba1-85ce-43aa-866d-b5df0c4f5175,proj_0166,3,6,59.6434,49.3779,0.9995,53.3588,1,0.5,2,4,0.2716,0,0.3333,3,Emerging Generalist Builder,Strong match (Score: 59.6). Matched 2/4 required skills (50%). high text similarity (0.27). Segment: Emerging Generalist Builder.
be383411-f3cf-4b9b-86fc-e4856043fba8,proj_0166,4,7,55.4699,42.7234,0.999,43.8025,1,0.25,1,4,0.1857,1,0.25,1,Hackathon Champion,Strong match (Score: 55.5). Matched 1/4 required skills (25%). high text similarity (0.19). domain aligned. Segment: Hackathon Champion.
7ca1631a-6a33-4d50-b7c4-1812a5884003,proj_0166,5,11,54.5827,40.3404,0.9989,36.2107,1,0.25,1,4,0.1903,1,0.25,3,Emerging Generalist Builder,Strong match (Score: 54.6). Matched 1/4 required skills (25%). high text similarity (0.19). domain aligned. Segment: Emerging Generalist Builder.
4840528d-44a9-4c59-b980-d62a7738dead,proj_0166,6,4,54.4832,40.6212,0.9971,40.2303,1,0.25,1,4,0.1659,1,0.3333,2,High Open-Source Contributor,Strong match (Score: 54.5). Matched 1/4 required skills (25%). high text similarity (0.17). domain aligned. Segment: High Open-Source Contributor.
6743983b-209e-4bf0-9eed-5c7d813f9a5a,proj_0166,7,2,54.3209,40.626,0.9992,43.7595,1,0.5,2,4,0.2063,0,0.0,3,Emerging Generalist Builder,Strong match (Score: 54.3). Matched 2/4 required skills (50%). high text similarity (0.21). Segment: Emerging Generalist Builder.
d095cbba-302b-48b1-b0fc-d4269950c37a,proj_0166,8,7,54.2722,40.9579,0.9995,26.915,1,0.5,2,4,0.1936,0,0.0,1,Hackathon Champion,Strong match (Score: 54.3). Matched 2/4 required skills (50%). high text similarity (0.19). Segment: Hackathon Champion.
d34a1614-05f3-4f9a-88bf-dc0bf2b5aca7,proj_0166,9,6,54.2387,40.6418,0.9974,36.8963,1,0.25,1,4,0.204,1,0.0,3,Emerging Generalist Builder,Strong match (Score: 54.2). Matched 1/4 required skills (25%). high text similarity (0.20). domain aligned. Segment: Emerging Generalist Builder.
9bba2348-18e5-4a9c-af06-3a0a13237599,proj_0166,10,6,54.2116,41.2865,0.9977,41.8929,1,0.25,1,4,0.1844,1,0.0,2,High Open-Source Contributor,Strong match (Score: 54.2). Matched 1/4 required skills (25%). high text similarity (0.18). domain aligned. Segment: High Open-Source Contributor.
63d56c69-55e3-4528-b118-8b57a258f729,proj_0167,1,2,73.3953,69.8807,0.9996,67.6699,1,1.0,4,4,0.197,1,0.0,0,Applied Project Specialist,Strong match (Score: 73.4). Matched 4/4 required skills (100%). high text similarity (0.20). domain aligned. Segment: Applied Project Specialist.
7330eba1-85ce-43aa-866d-b5df0c4f5175,proj_0167,2,3,64.3571,57.0496,0.9995,65.8245,1,0.75,3,4,0.2146,0,0.3333,3,Emerging Generalist Builder,Strong match (Score: 64.4). Matched 3/4 required skills (75%). high text similarity (0.21). Segment: Emerging Generalist Builder.
261a2b64-84c8-4f62-aab8-f89183729d9f,proj_0167,3,1,60.1803,52.6321,0.9996,61.0825,1,0.5,2,4,0.1093,1,0.0,0,Applied Project Specialist,Strong match (Score: 60.2). Matched 2/4 required skills (50%). domain aligned. Segment: Applied Project Specialist.
1ad0e42d-8a29-459b-9e16-ebe914a2f14c,proj_0167,4,8,58.7671,47.1941,0.9995,47.4252,1,0.75,3,4,0.1603,0,0.0,3,Emerging Generalist Builder,Strong match (Score: 58.8). Matched 3/4 required skills (75%). high text similarity (0.16). Segment: Emerging Generalist Builder.
a79e2fc6-d588-48d8-aacc-30ae69842200,proj_0167,5,5,57.8422,47.6606,0.9994,44.122,1,0.5,2,4,0.0864,1,0.0,1,Hackathon Champion,Strong match (Score: 57.8). Matched 2/4 required skills (50%). domain aligned. Segment: Hackathon Champion.
c14cdc98-76b8-4f75-94a7-d0af30fa0dec,proj_0167,6,7,56.1899,45.016,0.9995,50.2832,1,0.5,2,4,0.1799,0,0.2,2,High Open-Source Contributor,Strong match (Score: 56.2). Matched 2/4 required skills (50%). high text similarity (0.18). Segment: High Open-Source Contributor.
efa39902-d69e-44f9-aad9-c9c79d10edf5,proj_0167,7,13,53.9436,40.9145,0.9995,37.6417,1,0.5,2,4,0.1173,0,0.3333,3,Emerging Generalist Builder,Strong match (Score: 53.9). Matched 2/4 required skills (50%). Segment: Emerging Generalist Builder.
fce40198-f588-46cb-81a7-fb2b2f159039,proj_0167,8,4,53.4647,40.4717,0.9995,34.2108,1,0.5,2,4,0.1194,0,0.2,2,High Open-Source Contributor,Strong match (Score: 53.5). Matched 2/4 required skills (50%). Segment: High Open-Source Contributor.
4840528d-44a9-4c59-b980-d62a7738dead,proj_0167,9,5,53.368,39.8843,0.9988,44.0391,1,0.25,1,4,0.1078,1,0.3333,2,High Open-Source Contributor,Strong match (Score: 53.4). Matched 1/4 required skills (25%). domain aligned. Segment: High Open-Source Contributor.
6c984ec2-ddc4-4ca1-8e04-8fe558b7446a,proj_0167,10,13,53.1888,40.0363,0.9987,36.4286,1,0.25,1,4,0.092,1,0.3333,2,High Open-Source Contributor,Strong match (Score: 53.2). Matched 1/4 required skills (25%). domain aligned. Segment: High Open-Source Contributor.
cd66922d-c11d-445c-8359-6d83c64885f1,proj_0168,1,2,73.0915,71.3513,0.9995,68.6444,1,1.0,4,4,0.3044,0,0.0,0,Applied Project Specialist,Strong match (Score: 73.1). Matched 4/4 required skills (100%). high text similarity (0.30). Segment: Applied Project Specialist.
1ad0e42d-8a29-459b-9e16-ebe914a2f14c,proj_0168,2,2,71.5531,66.0128,0.9995,71.5006,1,1.0,4,4,0.3442,0,0.0,3,Emerging Generalist Builder,Strong match (Score: 71.6). Matched 4/4 required skills (100%). high text similarity (0.34). Segment: Emerging Generalist Builder.
8adc503c-cbb2-41a7-bd6f-2bcec950aea0,proj_0168,3,7,63.9666,56.1916,0.9995,57.616,1,0.75,3,4,0.267,0,0.0,0,Applied Project Specialist,Strong match (Score: 64.0). Matched 3/4 required skills (75%). high text similarity (0.27). Segment: Applied Project Specialist.
c04f993f-4455-4dc5-80f8-c549868d0354,proj_0168,4,8,63.0956,54.0215,0.9995,58.8644,1,0.75,3,4,0.2668,0,0.0,1,Hackathon Champion,Strong match (Score: 63.1). Matched 3/4 required skills (75%). high text similarity (0.27). Segment: Hackathon Champion.
c14cdc98-76b8-4f75-94a7-d0af30fa0dec,proj_0168,5,4,60.2536,50.2689,0.9995,46.8517,1,0.75,3,4,0.1774,0,0.0,2,High Open-Source Contributor,Strong match (Score: 60.3). Matched 3/4 required skills (75%). high text similarity (0.18). Segment: High Open-Source Contributor.
c025d911-ca47-4671-903f-1caffc764350,proj_0168,6,2,58.0294,46.1023,0.9995,42.071,1,0.5,2,4,0.3069,0,0.0,2,High Open-Source Contributor,Strong match (Score: 58.0). Matched 2/4 required skills (50%). high text similarity (0.31). Segment: High Open-Source Contributor.
6da5d977-9417-4177-8d85-9d17ec4d57b1,proj_0168,7,6,55.5803,41.1233,0.9995,37.2176,1,0.5,2,4,0.2764,0,0.0,1,Hackathon Champion,Strong match (Score: 55.6). Matched 2/4 required skills (50%). high text similarity (0.28). Segment: Hackathon Champion.
fd53b824-68d3-4bf7-b335-9690414454ca,proj_0168,8,10,55.1367,40.9668,0.9995,39.8537,1,0.5,2,4,0.251,0,0.0,3,Emerging Generalist Builder,Strong match (Score: 55.1). Matched 2/4 required skills (50%). high text similarity (0.25). Segment: Emerging Generalist Builder.
e20b63aa-1094-46b0-89e8-7e6311e5962c,proj_0168,9,7,52.3553,38.8882,0.9995,38.8834,1,0.5,2,4,0.121,0,0.0,2,High Open-Source Contributor,Strong match (Score: 52.4). Matched 2/4 required skills (50%). Segment: High Open-Source Contributor.
556e9915-9ae4-403c-be22-8db0499bc5e5,proj_0168,10,7,52.1846,37.8728,0.9995,35.7638,1,0.5,2,4,0.1367,0,0.0,1,Hackathon Champion,Strong match (Score: 52.2). Matched 2/4 required skills (50%). Segment: Hackathon Champion.
efa39902-d69e-44f9-aad9-c9c79d10edf5,proj_0169,1,1,74.998,73.6287,0.9996,70.9703,1,1.0,3,3,0.2039,1,0.0,3,Emerging Generalist Builder,Strong match (Score: 75.0). Matched 3/3 required skills (100%). high text similarity (0.20). domain aligned. Segment: Emerging Generalist Builder.
aef464f5-af76-44a4-87e7-f6be50045a9c,proj_0169,2,3,66.108,59.1287,0.9996,61.5539,1,0.6667,2,3,0.2201,1,0.0,2,High Open-Source Contributor,Strong match (Score: 66.1). Matched 2/3 required skills (67%). high text similarity (0.22). domain aligned. Segment: High Open-Source Contributor.
79ace0f3-d328-4e54-99d8-c5fdd11aa452,proj_0169,3,9,65.6377,57.8468,0.9995,63.3909,1,1.0,3,3,0.1676,0,0.0,1,Hackathon Champion,Strong match (Score: 65.6). Matched 3/3 required skills (100%). high text similarity (0.17). Segment: Hackathon Champion.
71347510-c0fa-4c17-9340-1d4f34a9e024,proj_0169,4,9,65.0193,56.0682,0.9995,60.04,1,1.0,3,3,0.1738,0,0.0,3,Emerging Generalist Builder,Strong match (Score: 65.0). Matched 3/3 required skills (100%). high text similarity (0.17). Segment: Emerging Generalist Builder.
5be666bd-5141-4449-8892-1e2a361b2e84,proj_0169,5,7,64.9229,55.6585,0.9995,60.5615,1,1.0,3,3,0.1783,0,0.0,3,Emerging Generalist Builder,Strong match (Score: 64.9). Matched 3/3 required skills (100%). high text similarity (0.18). Segment: Emerging Generalist Builder.
f2678cee-0f88-456f-9d8c-da04a86f8ea8,proj_0169,6,11,64.4537,56.1967,0.9996,60.1774,1,0.6667,2,3,0.188,1,0.0,2,High Open-Source Contributor,Strong match (Score: 64.5). Matched 2/3 required skills (67%). high text similarity (0.19). domain aligned. Segment: High Open-Source Contributor.
e010432f-7f95-480f-9c68-b6292bbbbefd,proj_0169,7,7,64.3168,56.2483,0.9996,52.6031,1,0.6667,2,3,0.1775,1,0.0,2,High Open-Source Contributor,Strong match (Score: 64.3). Matched 2/3 required skills (67%). high text similarity (0.18). domain aligned. Segment: High Open-Source Contributor.
a229e7eb-4cc4-4904-bc99-f96417bb5bf0,proj_0169,8,8,64.2973,54.6195,0.9995,53.8906,1,1.0,3,3,0.1643,0,0.0,3,Emerging Generalist Builder,Strong match (Score: 64.3). Matched 3/3 required skills (100%). high text similarity (0.16). Segment: Emerging Generalist Builder.
6d04bbd9-50f3-4969-a3f7-bb0d4f0614fe,proj_0169,9,3,63.9985,57.0838,0.9994,64.6883,1,0.6667,2,3,0.1344,1,0.0,0,Applied Project Specialist,Strong match (Score: 64.0). Matched 2/3 required skills (67%). domain aligned. Segment: Applied Project Specialist.
9f9b0eda-2962-4e7d-b183-2577399042d9,proj_0169,10,3,63.5672,53.4543,0.9995,46.5272,1,1.0,3,3,0.1467,0,0.0,3,Emerging Generalist Builder,Strong match (Score: 63.6). Matched 3/3 required skills (100%). Segment: Emerging Generalist Builder.
efa39902-d69e-44f9-aad9-c9c79d10edf5,proj_0170,1,4,67.7402,61.4642,0.9995,57.4614,1,1.0,3,3,0.2113,0,0.0,3,Emerging Generalist Builder,Strong match (Score: 67.7). Matched 3/3 required skills (100%). high text similarity (0.21). Segment: Emerging Generalist Builder.
bcd14113-cdb3-41fa-9993-040ff343e346,proj_0170,2,2,67.4249,60.2559,0.9993,59.6612,1,1.0,3,3,0.2229,0,0.0,2,High Open-Source Contributor,Strong match (Score: 67.4). Matched 3/3 required skills (100%). high text similarity (0.22). Segment: High Open-Source Contributor.
e9488dc6-d1ac-430c-a5c2-850186211dc1,proj_0170,3,4,67.3571,60.6339,0.9995,57.2266,1,1.0,3,3,0.2079,0,0.0,1,Hackathon Champion,Strong match (Score: 67.4). Matched 3/3 required skills (100%). high text similarity (0.21). Segment: Hackathon Champion.
08d4043d-ffc3-492c-bacb-0a1005e4a1de,proj_0170,4,3,66.789,59.7237,0.9995,58.1592,1,1.0,3,3,0.1943,0,0.0,3,Emerging Generalist Builder,Strong match (Score: 66.8). Matched 3/3 required skills (100%). high text similarity (0.19). Segment: Emerging Generalist Builder.
25f8a3d3-8ede-4e0d-bda4-823968c1f78a,proj_0170,5,4,66.6467,58.2955,0.9995,58.4511,1,1.0,3,3,0.2229,0,0.0,3,Emerging Generalist Builder,Strong match (Score: 66.6). Matched 3/3 required skills (100%). high text similarity (0.22). Segment: Emerging Generalist Builder.
e010432f-7f95-480f-9c68-b6292bbbbefd,proj_0170,6,6,66.5937,59.5506,0.9995,48.2676,1,1.0,3,3,0.1859,0,0.0,2,High Open-Source Contributor,Strong match (Score: 66.6). Matched 3/3 required skills (100%). high text similarity (0.19). Segment: High Open-Source Contributor.
a7773a57-50bc-47d6-8134-aaf0c5d7ebf2,proj_0170,7,9,66.5577,59.4193,0.9995,61.0051,1,1.0,3,3,0.187,0,0.0,2,High Open-Source Contributor,Strong match (Score: 66.6). Matched 3/3 required skills (100%). high text similarity (0.19). Segment: High Open-Source Contributor.
f2678cee-0f88-456f-9d8c-da04a86f8ea8,proj_0170,8,9,66.5442,59.3181,0.9995,63.5566,1,1.0,3,3,0.1888,0,0.0,2,High Open-Source Contributor,Strong match (Score: 66.5). Matched 3/3 required skills (100%). high text similarity (0.19). Segment: High Open-Source Contributor.
c07b1843-8687-4258-9ad7-9ab65909a578,proj_0170,9,6,66.357,58.9851,0.9984,63.9627,1,1.0,3,3,0.1874,0,0.0,2,High Open-Source Contributor,Strong match (Score: 66.4). Matched 3/3 required skills (100%). high text similarity (0.19). Segment: High Open-Source Contributor.
79ace0f3-d328-4e54-99d8-c5fdd11aa452,proj_0170,10,8,66.0615,58.2538,0.9995,50.5735,1,1.0,3,3,0.185,0,0.0,1,Hackathon Champion,Strong match (Score: 66.1). Matched 3/3 required skills (100%). high text similarity (0.18). Segment: Hackathon Champion.
6bd9ad33-a59a-410c-b027-98aa5712fb14,proj_0171,1,1,76.2783,74.1144,0.9996,74.711,1,1.0,4,4,0.2763,1,0.0,3,Emerging Generalist Builder,Exceptional match (Score: 76.3). Matched 4/4 required skills (100%). high text similarity (0.28). domain aligned. Segment: Emerging Generalist Builder.
eaaf1148-a323-40bb-9ae9-592ace11a073,proj_0171,2,2,72.6609,68.3041,0.9995,70.6798,1,1.0,4,4,0.3014,0,0.3333,2,High Open-Source Contributor,Strong match (Score: 72.7). Matched 4/4 required skills (100%). high text similarity (0.30). Segment: High Open-Source Contributor.
4ab5a38a-79d5-4b12-8437-9bfe42044454,proj_0171,3,3,60.3996,50.2391,0.9996,49.9266,1,0.5,2,4,0.1544,1,0.2,3,Emerging Generalist Builder,Strong match (Score: 60.4). Matched 2/4 required skills (50%). high text similarity (0.15). domain aligned. Segment: Emerging Generalist Builder.
b72b4665-e42c-4033-9c61-31b99ebc5161,proj_0171,4,6,60.2543,50.2482,0.9995,40.8193,1,0.75,3,4,0.178,0,0.0,2,High Open-Source Contributor,Strong match (Score: 60.3). Matched 3/4 required skills (75%). high text similarity (0.18). Segment: High Open-Source Contributor.
f7b70b73-2af4-4692-a81e-e6701cc777f8,proj_0171,5,6,60.1092,49.0681,0.9995,51.6747,1,0.75,3,4,0.1998,0,0.0,2,High Open-Source Contributor,Strong match (Score: 60.1). Matched 3/4 required skills (75%). high text similarity (0.20). Segment: High Open-Source Contributor.
2c34b234-dd0c-4b60-91a8-9959c95c9859,proj_0171,6,3,59.2265,47.2474,0.9995,60.0793,1,0.75,3,4,0.1895,0,0.0,1,Hackathon Champion,Strong match (Score: 59.2). Matched 3/4 required skills (75%). high text similarity (0.19). Segment: Hackathon Champion.
4b282682-3a5b-46d9-9de9-e6085fcaf92c,proj_0171,7,1,57.5821,45.2552,0.9995,42.3881,1,0.5,2,4,0.133,1,0.0,3,Emerging Generalist Builder,Strong match (Score: 57.6). Matched 2/4 required skills (50%). domain aligned. Segment: Emerging Generalist Builder.
fd0feb1e-8702-4e30-9a7d-f1a6152889b2,proj_0171,8,7,56.3354,42.1203,0.9995,48.0982,1,0.5,2,4,0.2446,0,0.3333,3,Emerging Generalist Builder,Strong match (Score: 56.3). Matched 2/4 required skills (50%). high text similarity (0.24). Segment: Emerging Generalist Builder.
e5da3070-4f31-4f4e-97b7-7ce6e1450cb2,proj_0171,9,8,56.0596,44.1047,0.9992,56.1411,1,0.25,1,4,0.1739,1,0.3333,0,Applied Project Specialist,Strong match (Score: 56.1). Matched 1/4 required skills (25%). high text similarity (0.17). domain aligned. Segment: Applied Project Specialist.
97f73fec-5bfb-4202-afdc-2b2e1ddf4d87,proj_0171,10,8,55.1605,42.5288,0.9995,40.3223,1,0.5,2,4,0.1776,0,0.2,2,High Open-Source Contributor,Strong match (Score: 55.2). Matched 2/4 required skills (50%). high text similarity (0.18). Segment: High Open-Source Contributor.
08d4043d-ffc3-492c-bacb-0a1005e4a1de,proj_0172,1,1,73.3139,70.6936,0.9996,69.6154,1,1.0,3,3,0.1699,1,0.0,3,Emerging Generalist Builder,Strong match (Score: 73.3). Matched 3/3 required skills (100%). high text similarity (0.17). domain aligned. Segment: Emerging Generalist Builder.
9f9b0eda-2962-4e7d-b183-2577399042d9,proj_0172,2,2,72.6775,68.0788,0.9996,68.2622,1,1.0,3,3,0.1972,1,0.0,3,Emerging Generalist Builder,Strong match (Score: 72.7). Matched 3/3 required skills (100%). high text similarity (0.20). domain aligned. Segment: Emerging Generalist Builder.
f2678cee-0f88-456f-9d8c-da04a86f8ea8,proj_0172,3,10,65.7722,57.8342,0.9995,53.2298,1,1.0,3,3,0.1769,0,0.0,2,High Open-Source Contributor,Strong match (Score: 65.8). Matched 3/3 required skills (100%). high text similarity (0.18). Segment: High Open-Source Contributor.
a7773a57-50bc-47d6-8134-aaf0c5d7ebf2,proj_0172,4,10,65.5165,57.2587,0.9995,59.6002,1,1.0,3,3,0.1752,0,0.0,2,High Open-Source Contributor,Strong match (Score: 65.5). Matched 3/3 required skills (100%). high text similarity (0.18). Segment: High Open-Source Contributor.
aef464f5-af76-44a4-87e7-f6be50045a9c,proj_0172,5,4,64.4404,56.7597,0.9996,53.0005,1,0.6667,2,3,0.1721,1,0.0,2,High Open-Source Contributor,Strong match (Score: 64.4). Matched 2/3 required skills (67%). high text similarity (0.17). domain aligned. Segment: High Open-Source Contributor.
bccfcb8d-4fb3-47d4-b57d-a04e3af3b2df,proj_0172,6,4,64.3186,55.8165,0.9995,65.4996,1,1.0,3,3,0.1338,0,0.0,3,Emerging Generalist Builder,Strong match (Score: 64.3). Matched 3/3 required skills (100%). Segment: Emerging Generalist Builder.
efa39902-d69e-44f9-aad9-c9c79d10edf5,proj_0172,7,6,63.9435,55.8024,0.9996,64.0831,1,0.6667,2,3,0.1645,1,0.0,3,Emerging Generalist Builder,Strong match (Score: 63.9). Matched 2/3 required skills (67%). high text similarity (0.16). domain aligned. Segment: Emerging Generalist Builder.
bcd14113-cdb3-41fa-9993-040ff343e346,proj_0172,8,5,63.8725,55.2876,0.9996,54.9875,1,0.6667,2,3,0.1735,1,0.0,2,High Open-Source Contributor,Strong match (Score: 63.9). Matched 2/3 required skills (67%). high text similarity (0.17). domain aligned. Segment: High Open-Source Contributor.
5be666bd-5141-4449-8892-1e2a361b2e84,proj_0172,9,8,63.521,54.0751,0.9996,46.2834,1,0.6667,2,3,0.1824,1,0.0,3,Emerging Generalist Builder,Strong match (Score: 63.5). Matched 2/3 required skills (67%). high text similarity (0.18). domain aligned. Segment: Emerging Generalist Builder.
9819149e-0509-4b74-a86f-7975147d2768,proj_0172,10,5,63.4191,55.7815,0.9996,55.411,1,0.6667,2,3,0.1301,1,0.0,0,Applied Project Specialist,Strong match (Score: 63.4). Matched 2/3 required skills (67%). domain aligned. Segment: Applied Project Specialist.
47989dab-8699-407f-953a-0ee7d288cd51,proj_0173,1,1,75.6703,73.9482,0.9996,74.1064,1,1.0,3,3,0.2402,1,0.0,2,High Open-Source Contributor,Exceptional match (Score: 75.7). Matched 3/3 required skills (100%). high text similarity (0.24). domain aligned. Segment: High Open-Source Contributor.
1940ff65-3c28-41a4-9813-5a3ada45eb94,proj_0173,2,3,63.1724,52.6247,0.9995,46.7838,1,1.0,3,3,0.1425,0,0.0,3,Emerging Generalist Builder,Strong match (Score: 63.2). Matched 3/3 required skills (100%). Segment: Emerging Generalist Builder.
43965359-ca1d-45cf-91a8-d082153130f9,proj_0173,3,5,62.3227,53.0931,0.9996,51.4231,1,0.6667,2,3,0.1287,1,0.0,0,Applied Project Specialist,Strong match (Score: 62.3). Matched 2/3 required skills (67%). domain aligned. Segment: Applied Project Specialist.
3bc2614f-c7f7-4b97-bc03-e59332e2b984,proj_0173,4,6,55.729,43.5788,0.9977,45.9958,1,0.3333,1,3,0.1689,1,0.0,3,Emerging Generalist Builder,Strong match (Score: 55.7). Matched 1/3 required skills (33%). high text similarity (0.17). domain aligned. Segment: Emerging Generalist Builder.
026d7a41-6d0c-4425-bc94-74799fa8319f,proj_0173,5,8,55.3145,42.5051,0.9939,48.9363,1,0.3333,1,3,0.1775,1,0.0,3,Emerging Generalist Builder,Strong match (Score: 55.3). Matched 1/3 required skills (33%). high text similarity (0.18). domain aligned. Segment: Emerging Generalist Builder.
14f94e94-7722-4ae8-8b7e-be63c79c6533,proj_0173,6,10,54.9027,40.7781,0.9995,48.7119,1,0.6667,2,3,0.1293,0,0.0,2,High Open-Source Contributor,Strong match (Score: 54.9). Matched 2/3 required skills (67%). Segment: High Open-Source Contributor.
a4110e45-2926-4e7f-8678-ab3a4210a5f1,proj_0173,7,12,54.7835,40.4275,0.9994,38.2536,1,0.6667,2,3,0.1309,0,0.0,1,Hackathon Champion,Strong match (Score: 54.8). Matched 2/3 required skills (67%). Segment: Hackathon Champion.
595e0130-e17f-413e-b188-78166328de09,proj_0173,8,7,54.6807,40.6955,0.9992,41.0933,1,0.6667,2,3,0.1173,0,0.0,2,High Open-Source Contributor,Strong match (Score: 54.7). Matched 2/3 required skills (67%). Segment: High Open-Source Contributor.
a8a41195-09bf-4827-8e15-3c311e65a5a4,proj_0173,9,5,54.5906,42.0864,0.9975,39.836,1,0.3333,1,3,0.1332,1,0.0,3,Emerging Generalist Builder,Strong match (Score: 54.6). Matched 1/3 required skills (33%). domain aligned. Segment: Emerging Generalist Builder.
ce451e53-7a3e-478e-827e-ca40c205a0e3,proj_0173,10,8,54.4681,40.524,0.9992,37.4424,1,0.6667,2,3,0.1077,0,0.0,2,High Open-Source Contributor,Strong match (Score: 54.5). Matched 2/3 required skills (67%). Segment: High Open-Source Contributor.
fef4172a-9569-4d0a-b190-34fb043e7c40,proj_0174,1,1,79.3492,81.278,0.9996,81.4131,1,1.0,4,4,0.29,1,0.0,3,Emerging Generalist Builder,Exceptional match (Score: 79.3). Matched 4/4 required skills (100%). high text similarity (0.29). domain aligned. Segment: Emerging Generalist Builder.
4cf65dd2-ee7a-4220-9174-7b844f8fcf41,proj_0174,2,1,70.6465,66.5287,0.9996,66.0589,1,0.75,3,4,0.2698,1,0.0,3,Emerging Generalist Builder,Strong match (Score: 70.6). Matched 3/4 required skills (75%). high text similarity (0.27). domain aligned. Segment: Emerging Generalist Builder.
cba3356f-8ea7-4b80-afcb-bdb783165508,proj_0174,3,2,70.2441,65.2716,0.9996,56.4752,1,0.75,3,4,0.2765,1,0.0,3,Emerging Generalist Builder,Strong match (Score: 70.2). Matched 3/4 required skills (75%). high text similarity (0.28). domain aligned. Segment: Emerging Generalist Builder.
1d9b4b3e-c4c0-43ca-8453-f32f9ffec287,proj_0174,4,1,67.6332,59.3817,0.9995,65.2846,1,1.0,4,4,0.2597,0,0.0,3,Emerging Generalist Builder,Strong match (Score: 67.6). Matched 4/4 required skills (100%). high text similarity (0.26). Segment: Emerging Generalist Builder.
6c984ec2-ddc4-4ca1-8e04-8fe558b7446a,proj_0174,5,4,63.4144,55.7765,0.9996,67.1474,1,0.5,2,4,0.1855,1,0.3333,2,High Open-Source Contributor,Strong match (Score: 63.4). Matched 2/4 required skills (50%). high text similarity (0.19). domain aligned. Segment: High Open-Source Contributor.
6188831d-2423-4170-97be-c1ce063d2e91,proj_0174,6,5,62.3686,53.0289,0.9995,60.5875,1,0.75,3,4,0.2448,0,0.0,3,Emerging Generalist Builder,Strong match (Score: 62.4). Matched 3/4 required skills (75%). high text similarity (0.24). Segment: Emerging Generalist Builder.
0066a921-913f-4f9c-94f3-fc50ab1a7418,proj_0174,7,7,61.6739,50.5873,0.9995,50.333,1,0.75,3,4,0.2636,0,0.0,3,Emerging Generalist Builder,Strong match (Score: 61.7). Matched 3/4 required skills (75%). high text similarity (0.26). Segment: Emerging Generalist Builder.
e88fb49b-4d38-4e00-98f7-81c1486d5d6c,proj_0174,8,5,60.9914,52.6084,0.9996,61.1255,1,0.5,2,4,0.164,1,0.0,0,Applied Project Specialist,Strong match (Score: 61.0). Matched 2/4 required skills (50%). high text similarity (0.16). domain aligned. Segment: Applied Project Specialist.
d052c5f3-b891-454a-84df-4065759115f4,proj_0174,9,6,60.5117,51.6604,0.9995,49.1473,1,0.75,3,4,0.1575,0,0.0,2,High Open-Source Contributor,Strong match (Score: 60.5). Matched 3/4 required skills (75%). high text similarity (0.16). Segment: High Open-Source Contributor.
aa8e0419-6869-4352-9957-c2ce19a4df19,proj_0174,10,9,60.2442,48.6779,0.9995,53.6072,1,0.75,3,4,0.2192,0,0.0,1,Hackathon Champion,Strong match (Score: 60.2). Matched 3/4 required skills (75%). high text similarity (0.22). Segment: Hackathon Champion.
ce451e53-7a3e-478e-827e-ca40c205a0e3,proj_0175,1,1,79.556,81.0749,0.9996,75.4801,1,1.0,4,4,0.3092,1,0.0,2,High Open-Source Contributor,Exceptional match (Score: 79.6). Matched 4/4 required skills (100%). high text similarity (0.31). domain aligned. Segment: High Open-Source Contributor.
6c330b26-96e7-4e06-adf2-825da3cf559f,proj_0175,2,3,72.8681,71.3978,0.9996,70.8668,1,0.75,3,4,0.2464,1,0.25,2,High Open-Source Contributor,Strong match (Score: 72.9). Matched 3/4 required skills (75%). high text similarity (0.25). domain aligned. Segment: High Open-Source Contributor.
c443afae-85b7-4769-9c9b-3aa42d2f9b49,proj_0175,3,1,70.4844,67.1172,0.9996,67.3605,1,0.75,3,4,0.2433,1,0.0,3,Emerging Generalist Builder,Strong match (Score: 70.5). Matched 3/4 required skills (75%). high text similarity (0.24). domain aligned. Segment: Emerging Generalist Builder.
29a70b35-707c-484f-8bb5-8b215d6ebcd4,proj_0175,4,3,70.0375,64.3163,0.9995,60.6367,1,1.0,4,4,0.2884,0,0.0,2,High Open-Source Contributor,Strong match (Score: 70.0). Matched 4/4 required skills (100%). high text similarity (0.29). Segment: High Open-Source Contributor.
49d37776-22f9-4efe-8ffc-2b6f76e8f19c,proj_0175,5,2,67.7964,63.5486,0.9995,60.647,1,0.75,3,4,0.2928,0,0.2,3,Emerging Generalist Builder,Strong match (Score: 67.8). Matched 3/4 required skills (75%). high text similarity (0.29). Segment: Emerging Generalist Builder.
ec48f2c8-387a-4ec0-b06c-7fc1298bf283,proj_0175,6,2,66.8918,61.4483,0.9995,51.2553,1,0.75,3,4,0.2885,0,0.2,2,High Open-Source Contributor,Strong match (Score: 66.9). Matched 3/4 required skills (75%). high text similarity (0.29). Segment: High Open-Source Contributor.
347dcda4-cc34-4117-be02-c3eeaaf8878f,proj_0175,7,2,64.8237,56.7037,0.9995,49.5559,1,0.75,3,4,0.2827,0,0.1667,3,Emerging Generalist Builder,Strong match (Score: 64.8). Matched 3/4 required skills (75%). high text similarity (0.28). Segment: Emerging Generalist Builder.
689ef428-5690-41ea-8a1b-ebc15103c183,proj_0175,8,7,62.25,55.0875,0.9996,65.6261,1,0.5,2,4,0.1818,1,0.0,2,High Open-Source Contributor,Strong match (Score: 62.2). Matched 2/4 required skills (50%). high text similarity (0.18). domain aligned. Segment: High Open-Source Contributor.
fef4172a-9569-4d0a-b190-34fb043e7c40,proj_0175,9,9,57.5811,45.1559,0.999,50.062,1,0.25,1,4,0.2477,1,0.3333,3,Emerging Generalist Builder,Strong match (Score: 57.6). Matched 1/4 required skills (25%). high text similarity (0.25). domain aligned. Segment: Emerging Generalist Builder.
0c80f749-3d68-49f7-b466-a887bbecea6b,proj_0175,10,15,54.4363,41.3933,0.9995,47.1968,1,0.5,2,4,0.1596,0,0.2,2,High Open-Source Contributor,Strong match (Score: 54.4). Matched 2/4 required skills (50%). high text similarity (0.16). Segment: High Open-Source Contributor.
7eae055b-58e7-4ccf-b97e-b3d17f153640,proj_0176,1,1,74.3807,71.8456,0.9996,84.7593,1,1.0,3,3,0.2103,1,0.0,2,High Open-Source Contributor,Strong match (Score: 74.4). Matched 3/3 required skills (100%). high text similarity (0.21). domain aligned. Segment: High Open-Source Contributor.
71356e5d-9127-4bbd-9772-a4c4e1f40a13,proj_0176,2,9,63.6948,53.9044,0.9995,56.365,1,1.0,3,3,0.1432,0,0.0,2,High Open-Source Contributor,Strong match (Score: 63.7). Matched 3/3 required skills (100%). Segment: High Open-Source Contributor.
30591ae9-51a7-49ff-915a-2774d3908f84,proj_0176,3,4,63.4225,55.0774,0.9996,58.7869,1,0.6667,2,3,0.1491,1,0.0,0,Applied Project Specialist,Strong match (Score: 63.4). Matched 2/3 required skills (67%). domain aligned. Segment: Applied Project Specialist.
0eb20fb6-a17a-41e6-846a-933aef316c3a,proj_0176,4,6,63.2418,54.322,0.9996,56.0244,1,0.6667,2,3,0.1572,1,0.0,2,High Open-Source Contributor,Strong match (Score: 63.2). Matched 2/3 required skills (67%). high text similarity (0.16). domain aligned. Segment: High Open-Source Contributor.
2307d6c1-e503-4021-b867-985d5bdef21c,proj_0176,5,2,62.0217,51.433,0.9995,39.8712,1,0.6667,2,3,0.1531,1,0.0,2,High Open-Source Contributor,Strong match (Score: 62.0). Matched 2/3 required skills (67%). high text similarity (0.15). domain aligned. Segment: High Open-Source Contributor.
61fd5470-3e56-4a8f-95c3-c80c3571e83a,proj_0176,6,11,55.707,42.1326,0.9995,51.6163,1,0.6667,2,3,0.1468,0,0.0,1,Hackathon Champion,Strong match (Score: 55.7). Matched 2/3 required skills (67%). Segment: Hackathon Champion.
1538ac8c-01d2-479a-9cc9-7eca051bd928,proj_0176,7,6,55.6451,42.4839,0.9995,36.8264,1,0.6667,2,3,0.1333,0,0.0,2,High Open-Source Contributor,Strong match (Score: 55.6). Matched 2/3 required skills (67%). Segment: High Open-Source Contributor.
ce5c719e-0eba-4ee2-9b14-0345a49fc6d3,proj_0176,8,17,55.4424,43.3685,0.9994,46.164,1,0.6667,2,3,0.0964,0,0.0,0,Applied Project Specialist,Strong match (Score: 55.4). Matched 2/3 required skills (67%). Segment: Applied Project Specialist.
4628ab0b-3b8f-4738-8e72-f931e9ca9aa3,proj_0176,9,8,54.8976,40.5891,0.9994,41.4651,1,0.6667,2,3,0.1342,0,0.0,3,Emerging Generalist Builder,Strong match (Score: 54.9). Matched 2/3 required skills (67%). Segment: Emerging Generalist Builder.
dfd6a237-0a98-43be-8837-4607f5015d2c,proj_0176,10,15,54.5921,41.8577,0.9983,36.7948,1,0.3333,1,3,0.1378,1,0.0,2,High Open-Source Contributor,Strong match (Score: 54.6). Matched 1/3 required skills (33%). domain aligned. Segment: High Open-Source Contributor.
f7b70b73-2af4-4692-a81e-e6701cc777f8,proj_0177,1,1,79.6932,80.5406,0.9996,75.6423,1,1.0,3,3,0.3326,1,0.0,2,High Open-Source Contributor,Exceptional match (Score: 79.7). Matched 3/3 required skills (100%). high text similarity (0.33). domain aligned. Segment: High Open-Source Contributor.
4ab5a38a-79d5-4b12-8437-9bfe42044454,proj_0177,2,1,75.6188,72.447,0.9996,69.5782,1,1.0,3,3,0.2768,1,0.0,3,Emerging Generalist Builder,Exceptional match (Score: 75.6). Matched 3/3 required skills (100%). high text similarity (0.28). domain aligned. Segment: Emerging Generalist Builder.
eaaf1148-a323-40bb-9ae9-592ace11a073,proj_0177,3,3,71.5748,66.6219,0.9995,62.4759,1,1.0,3,3,0.3294,0,0.0,2,High Open-Source Contributor,Strong match (Score: 71.6). Matched 3/3 required skills (100%). high text similarity (0.33). Segment: High Open-Source Contributor.
2c34b234-dd0c-4b60-91a8-9959c95c9859,proj_0177,4,2,69.4868,62.5944,0.9993,60.5285,1,1.0,3,3,0.298,0,0.0,1,Hackathon Champion,Strong match (Score: 69.5). Matched 3/3 required skills (100%). high text similarity (0.30). Segment: Hackathon Champion.
5f1f946b-d5f8-40bb-8a4e-e31b98a7063b,proj_0177,5,1,68.5119,61.0048,0.9995,62.3319,1,1.0,3,3,0.275,0,0.0,2,High Open-Source Contributor,Strong match (Score: 68.5). Matched 3/3 required skills (100%). high text similarity (0.28). Segment: High Open-Source Contributor.
fd0feb1e-8702-4e30-9a7d-f1a6152889b2,proj_0177,6,4,62.5877,52.0237,0.9995,53.1903,1,0.6667,2,3,0.2862,0,0.3333,3,Emerging Generalist Builder,Strong match (Score: 62.6). Matched 2/3 required skills (67%). high text similarity (0.29). Segment: Emerging Generalist Builder.
b72b4665-e42c-4033-9c61-31b99ebc5161,proj_0177,7,7,59.229,48.6575,0.9995,43.958,1,0.6667,2,3,0.2076,0,0.0,2,High Open-Source Contributor,Strong match (Score: 59.2). Matched 2/3 required skills (67%). high text similarity (0.21). Segment: High Open-Source Contributor.
6bd9ad33-a59a-410c-b027-98aa5712fb14,proj_0177,8,4,58.613,47.1287,0.9995,45.9721,1,0.6667,2,3,0.2073,0,0.0,3,Emerging Generalist Builder,Strong match (Score: 58.6). Matched 2/3 required skills (67%). high text similarity (0.21). Segment: Emerging Generalist Builder.
6ccd1f6a-9887-4159-94ae-a8daf672d1a8,proj_0177,9,3,58.0169,46.7936,0.9995,54.858,1,0.6667,2,3,0.1765,0,0.0,0,Applied Project Specialist,Strong match (Score: 58.0). Matched 2/3 required skills (67%). high text similarity (0.18). Segment: Applied Project Specialist.
d0b145e9-d7e7-4c2c-8a38-d3590f04765d,proj_0177,10,6,56.7906,43.2439,0.9995,50.1814,1,0.6667,2,3,0.1894,0,0.0,3,Emerging Generalist Builder,Strong match (Score: 56.8). Matched 2/3 required skills (67%). high text similarity (0.19). Segment: Emerging Generalist Builder.
6af6d70b-45e8-410c-89cf-1c8fa4574c85,proj_0178,1,2,74.4564,71.0584,0.9995,76.159,1,1.0,5,5,0.4032,0,0.0,3,Emerging Generalist Builder,Strong match (Score: 74.5). Matched 5/5 required skills (100%). high text similarity (0.40). Segment: Emerging Generalist Builder.
221c46a1-750f-4420-91f2-226350f81809,proj_0178,2,2,74.3722,70.6679,0.9995,78.4872,1,1.0,5,5,0.408,0,0.0,3,Emerging Generalist Builder,Strong match (Score: 74.4). Matched 5/5 required skills (100%). high text similarity (0.41). Segment: Emerging Generalist Builder.
f37400af-de93-44f8-b68e-61e1a07cbf84,proj_0178,3,2,68.3839,62.666,0.9995,61.9233,1,0.8,4,5,0.3555,0,0.0,2,High Open-Source Contributor,Strong match (Score: 68.4). Matched 4/5 required skills (80%). high text similarity (0.36). Segment: High Open-Source Contributor.
b737c73d-287a-42d9-bf3f-4c1e38e85199,proj_0178,4,4,67.9928,61.7707,0.9995,67.3318,1,0.8,4,5,0.3533,0,0.0,2,High Open-Source Contributor,Strong match (Score: 68.0). Matched 4/5 required skills (80%). high text similarity (0.35). Segment: High Open-Source Contributor.
bd1afdfb-8481-4dec-afac-ef902e110152,proj_0178,5,8,67.9881,59.4602,0.9995,57.4911,1,0.8,4,5,0.4146,0,0.0,1,Hackathon Champion,Strong match (Score: 68.0). Matched 4/5 required skills (80%). high text similarity (0.41). Segment: Hackathon Champion.
501caa1d-90ea-4e3d-a62b-21d64b15838b,proj_0178,6,4,64.8831,56.5365,0.9995,61.6962,1,0.6,3,5,0.4189,0,0.0,2,High Open-Source Contributor,Strong match (Score: 64.9). Matched 3/5 required skills (60%). high text similarity (0.42). Segment: High Open-Source Contributor.
11cb9f36-3aa0-45ce-b350-da69f16b4894,proj_0178,7,2,63.5047,54.4856,0.9995,56.2432,1,0.6,3,5,0.3817,0,0.0,1,Hackathon Champion,Strong match (Score: 63.5). Matched 3/5 required skills (60%). high text similarity (0.38). Segment: Hackathon Champion.
294e0a46-ef83-4845-864a-795ff0f17103,proj_0178,8,2,63.447,54.3825,0.9995,55.2482,1,0.6,3,5,0.3806,0,0.0,2,High Open-Source Contributor,Strong match (Score: 63.4). Matched 3/5 required skills (60%). high text similarity (0.38). Segment: High Open-Source Contributor.
2eb80ac5-5cde-49bd-92de-1cea1c48bc1e,proj_0178,9,1,62.8305,54.2288,0.9995,49.8456,1,0.6,3,5,0.3436,0,0.0,2,High Open-Source Contributor,Strong match (Score: 62.8). Matched 3/5 required skills (60%). high text similarity (0.34). Segment: High Open-Source Contributor.
4249c069-1499-4bb4-a274-9589707c4ae3,proj_0178,10,7,62.6186,55.9077,0.9995,49.3979,1,0.6,3,5,0.2847,0,0.0,3,Emerging Generalist Builder,Strong match (Score: 62.6). Matched 3/5 required skills (60%). high text similarity (0.28). Segment: Emerging Generalist Builder.
7920e9ba-5787-4e49-814d-3a6830d89f66,proj_0179,1,1,73.6589,70.4947,0.9996,75.5729,1,1.0,4,4,0.1982,1,0.0,2,High Open-Source Contributor,Strong match (Score: 73.7). Matched 4/4 required skills (100%). high text similarity (0.20). domain aligned. Segment: High Open-Source Contributor.
e74cd5e6-4aad-460f-9ec1-a6eac48a4a58,proj_0179,2,3,63.7633,54.4696,0.9996,55.7751,1,1.0,4,4,0.1325,0,0.0,0,Applied Project Specialist,Strong match (Score: 63.8). Matched 4/4 required skills (100%). Segment: Applied Project Specialist.
7b2e3b2a-c45e-40d1-b5a3-f4c25123b11c,proj_0179,3,4,59.0908,48.4233,0.9995,39.5462,1,0.75,3,4,0.1491,0,0.0,2,High Open-Source Contributor,Strong match (Score: 59.1). Matched 3/4 required skills (75%). Segment: High Open-Source Contributor.
0af9507d-81b9-4cf1-b44b-0dacf503dc2d,proj_0179,4,7,53.0459,39.576,0.9991,37.276,1,0.25,1,4,0.1495,1,0.0,3,Emerging Generalist Builder,Strong match (Score: 53.0). Matched 1/4 required skills (25%). domain aligned. Segment: Emerging Generalist Builder.
1a936a97-805b-4cee-9aec-926daf068aae,proj_0179,5,13,52.4576,38.8178,0.9986,41.329,1,0.25,1,4,0.1315,1,0.0,3,Emerging Generalist Builder,Strong match (Score: 52.5). Matched 1/4 required skills (25%). domain aligned. Segment: Emerging Generalist Builder.
da656870-ec8c-477f-ac77-d99f762a096a,proj_0179,6,14,52.3123,39.002,0.9986,41.6052,1,0.25,1,4,0.1169,1,0.0,0,Applied Project Specialist,Strong match (Score: 52.3). Matched 1/4 required skills (25%). domain aligned. Segment: Applied Project Specialist.
c2340382-6c27-4270-9883-0b8b961fe8c0,proj_0179,7,6,51.3196,37.1128,0.9994,36.6461,1,0.5,2,4,0.0995,0,0.0,0,Applied Project Specialist,Strong match (Score: 51.3). Matched 2/4 required skills (50%). Segment: Applied Project Specialist.
ae3dcd6d-68be-4555-8891-2616eea6618b,proj_0179,8,33,51.2915,36.9749,0.9994,36.4284,1,0.5,2,4,0.1013,0,0.0,0,Applied Project Specialist,Strong match (Score: 51.3). Matched 2/4 required skills (50%). Segment: Applied Project Specialist.
85821370-f883-484e-94ee-f6ae8dc26c65,proj_0179,9,9,51.0808,37.1308,0.9979,30.0966,1,0.25,1,4,0.0861,1,0.0,1,Hackathon Champion,Strong match (Score: 51.1). Matched 1/4 required skills (25%). domain aligned. Segment: Hackathon Champion.
fdc30964-24b1-415d-88e7-290336637cf5,proj_0179,10,30,50.9975,35.9774,0.9995,43.1734,1,0.5,2,4,0.1081,0,0.0,2,High Open-Source Contributor,Strong match (Score: 51.0). Matched 2/4 required skills (50%). Segment: High Open-Source Contributor.
6af6d70b-45e8-410c-89cf-1c8fa4574c85,proj_0180,1,4,72.7817,66.7854,0.9995,69.3572,1,1.0,3,3,0.4055,0,0.0,3,Emerging Generalist Builder,Strong match (Score: 72.8). Matched 3/3 required skills (100%). high text similarity (0.41). Segment: Emerging Generalist Builder.
4249c069-1499-4bb4-a274-9589707c4ae3,proj_0180,2,2,72.742,66.8849,0.9995,77.6073,1,1.0,3,3,0.4002,0,0.0,3,Emerging Generalist Builder,Strong match (Score: 72.7). Matched 3/3 required skills (100%). high text similarity (0.40). Segment: Emerging Generalist Builder.
58789ed6-e1bc-4d0d-b96e-2f56072b273f,proj_0180,3,1,72.3384,66.1685,0.9995,76.974,1,1.0,3,3,0.3924,0,0.0,3,Emerging Generalist Builder,Strong match (Score: 72.3). Matched 3/3 required skills (100%). high text similarity (0.39). Segment: Emerging Generalist Builder.
b737c73d-287a-42d9-bf3f-4c1e38e85199,proj_0180,4,2,71.9811,66.6027,0.9995,73.5513,1,1.0,3,3,0.357,0,0.0,2,High Open-Source Contributor,Strong match (Score: 72.0). Matched 3/3 required skills (100%). high text similarity (0.36). Segment: High Open-Source Contributor.
bd1afdfb-8481-4dec-afac-ef902e110152,proj_0180,5,6,70.6577,63.6955,0.9995,65.7176,1,1.0,3,3,0.3463,0,0.0,1,Hackathon Champion,Strong match (Score: 70.7). Matched 3/3 required skills (100%). high text similarity (0.35). Segment: Hackathon Champion.
930e1ffd-fd29-4319-a6b1-cc15b7906c5b,proj_0180,6,7,62.7176,52.9427,0.9995,56.7594,1,0.6667,2,3,0.3259,0,0.0,2,High Open-Source Contributor,Strong match (Score: 62.7). Matched 2/3 required skills (67%). high text similarity (0.33). Segment: High Open-Source Contributor.
294e0a46-ef83-4845-864a-795ff0f17103,proj_0180,7,3,62.5016,50.9741,0.9995,53.7384,1,0.6667,2,3,0.364,0,0.0,2,High Open-Source Contributor,Strong match (Score: 62.5). Matched 2/3 required skills (67%). high text similarity (0.36). Segment: High Open-Source Contributor.
7e41e4a1-e1f5-4811-b5ee-7d004b7f594a,proj_0180,8,1,61.578,51.1251,0.9995,51.7212,1,0.6667,2,3,0.2984,0,0.0,3,Emerging Generalist Builder,Strong match (Score: 61.6). Matched 2/3 required skills (67%). high text similarity (0.30). Segment: Emerging Generalist Builder.
7ebfb18c-673f-4555-840f-7ad53c8cdea0,proj_0180,9,4,61.5045,48.6837,0.9995,39.0056,1,0.6667,2,3,0.3586,0,0.0,3,Emerging Generalist Builder,Strong match (Score: 61.5). Matched 2/3 required skills (67%). high text similarity (0.36). Segment: Emerging Generalist Builder.
43e5a54e-789c-45a4-8d3a-342e4cd105d1,proj_0180,10,3,61.4386,48.8078,0.9995,52.9319,1,0.6667,2,3,0.3509,0,0.0,3,Emerging Generalist Builder,Strong match (Score: 61.4). Matched 2/3 required skills (67%). high text similarity (0.35). Segment: Emerging Generalist Builder.
afc7e477-3249-4772-95fd-e07a29179270,proj_0181,1,3,63.9944,53.9334,0.9995,58.6149,1,1.0,2,2,0.1624,0,0.0,0,Applied Project Specialist,Strong match (Score: 64.0). Matched 2/2 required skills (100%). high text similarity (0.16). Segment: Applied Project Specialist.
382513f3-1f6e-46a2-bd96-deed53e75a83,proj_0181,2,1,63.0655,51.8438,0.9995,45.4467,1,1.0,2,2,0.1562,0,0.0,3,Emerging Generalist Builder,Strong match (Score: 63.1). Matched 2/2 required skills (100%). high text similarity (0.16). Segment: Emerging Generalist Builder.
d3ced1b7-92b3-466b-92fa-4d0f7d7ebdfa,proj_0181,3,6,62.421,51.6163,0.9994,53.0878,1,1.0,2,2,0.1195,0,0.0,0,Applied Project Specialist,Strong match (Score: 62.4). Matched 2/2 required skills (100%). Segment: Applied Project Specialist.
2c3a61f7-7a00-431a-88b8-3cebad4617d3,proj_0181,4,3,62.35,50.2013,0.9995,56.1781,1,1.0,2,2,0.1523,0,0.0,2,High Open-Source Contributor,Strong match (Score: 62.4). Matched 2/2 required skills (100%). high text similarity (0.15). Segment: High Open-Source Contributor.
7cbaf425-d5c6-49f3-8efe-1b197b36c98b,proj_0181,5,6,62.2737,50.6667,0.9995,50.193,1,1.0,2,2,0.1348,0,0.0,1,Hackathon Champion,Strong match (Score: 62.3). Matched 2/2 required skills (100%). Segment: Hackathon Champion.
538469bd-76bb-4282-8098-c3a4b49df851,proj_0181,6,5,62.1202,49.9756,0.9995,50.7304,1,1.0,2,2,0.143,0,0.0,2,High Open-Source Contributor,Strong match (Score: 62.1). Matched 2/2 required skills (100%). Segment: High Open-Source Contributor.
61651476-b23b-4e95-9a84-a886cfb57efc,proj_0181,7,3,61.8065,49.2062,0.9995,47.3781,1,1.0,2,2,0.1426,0,0.0,3,Emerging Generalist Builder,Strong match (Score: 61.8). Matched 2/2 required skills (100%). Segment: Emerging Generalist Builder.
a1b22b09-722b-4f62-beec-d3e19dbb8026,proj_0181,8,5,61.3507,48.7643,0.9995,54.1945,1,1.0,2,2,0.124,0,0.0,2,High Open-Source Contributor,Strong match (Score: 61.4). Matched 2/2 required skills (100%). Segment: High Open-Source Contributor.
d98f74bd-f178-4c27-b181-e77e0b0e657d,proj_0181,9,6,50.1434,32.4322,0.9995,37.2395,1,0.5,1,2,0.1457,0,0.0,2,High Open-Source Contributor,Strong match (Score: 50.1). Matched 1/2 required skills (50%). Segment: High Open-Source Contributor.
6c7ba5ab-e76c-4823-86d3-ecd291bf2b8e,proj_0181,10,10,49.8763,31.5995,0.9995,30.6109,1,0.5,1,2,0.1501,0,0.0,2,High Open-Source Contributor,Moderate match (Score: 49.9). Matched 1/2 required skills (50%). high text similarity (0.15). Segment: High Open-Source Contributor.
11b8d863-7acf-442d-bcc7-a0b1f0a62bd3,proj_0182,1,2,74.8792,72.3681,0.9993,81.9736,1,1.0,3,3,0.2302,1,0.0,0,Applied Project Specialist,Strong match (Score: 74.9). Matched 3/3 required skills (100%). high text similarity (0.23). domain aligned. Segment: Applied Project Specialist.
bf71b5af-5a4f-4e44-ba7a-ca87d9f090ff,proj_0182,2,3,66.1434,57.6148,0.9995,57.5868,1,1.0,3,3,0.2075,0,0.0,3,Emerging Generalist Builder,Strong match (Score: 66.1). Matched 3/3 required skills (100%). high text similarity (0.21). Segment: Emerging Generalist Builder.
fcf55a24-23c2-4309-a192-7f47d52acf29,proj_0182,3,8,64.6547,55.0968,0.9995,61.4865,1,1.0,3,3,0.1754,0,0.0,3,Emerging Generalist Builder,Strong match (Score: 64.7). Matched 3/3 required skills (100%). high text similarity (0.18). Segment: Emerging Generalist Builder.
4bf3230d-f348-44df-8f97-f2f8545feb5b,proj_0182,4,4,63.9431,54.8264,0.9996,65.9403,1,0.6667,2,3,0.1905,1,0.0,3,Emerging Generalist Builder,Strong match (Score: 63.9). Matched 2/3 required skills (67%). high text similarity (0.19). domain aligned. Segment: Emerging Generalist Builder.
b3b6351b-3567-4776-9e69-58952ccbd617,proj_0182,5,8,62.5663,53.9232,0.9996,56.3315,1,0.6667,2,3,0.1228,1,0.0,2,High Open-Source Contributor,Strong match (Score: 62.6). Matched 2/3 required skills (67%). domain aligned. Segment: High Open-Source Contributor.
8d64530c-b109-44d6-898f-58a15a3429d0,proj_0182,6,1,60.4832,51.3556,0.9995,54.7308,1,0.6667,2,3,0.0526,1,0.0,0,Applied Project Specialist,Strong match (Score: 60.5). Matched 2/3 required skills (67%). domain aligned. Segment: Applied Project Specialist.
7465b2ff-ad02-4e92-a603-cc3d842cfced,proj_0182,7,2,60.1555,49.3388,0.9995,49.691,1,0.6667,2,3,0.2512,0,0.0,3,Emerging Generalist Builder,Strong match (Score: 60.2). Matched 2/3 required skills (67%). high text similarity (0.25). Segment: Emerging Generalist Builder.
2af7712b-5192-4039-b527-b1a51858eda8,proj_0182,8,3,59.116,47.78,0.9994,52.8923,1,0.6667,2,3,0.057,1,0.0,3,Emerging Generalist Builder,Strong match (Score: 59.1). Matched 2/3 required skills (67%). domain aligned. Segment: Emerging Generalist Builder.
1a936a97-805b-4cee-9aec-926daf068aae,proj_0182,9,9,56.9175,44.345,0.9995,56.7438,1,0.6667,2,3,0.1685,0,0.0,3,Emerging Generalist Builder,Strong match (Score: 56.9). Matched 2/3 required skills (67%). high text similarity (0.17). Segment: Emerging Generalist Builder.
0af9507d-81b9-4cf1-b44b-0dacf503dc2d,proj_0182,10,4,56.8987,43.4354,0.9995,44.0962,1,0.6667,2,3,0.1915,0,0.0,3,Emerging Generalist Builder,Strong match (Score: 56.9). Matched 2/3 required skills (67%). high text similarity (0.19). Segment: Emerging Generalist Builder.
11b8d863-7acf-442d-bcc7-a0b1f0a62bd3,proj_0183,1,1,81.5398,83.5277,0.9995,80.8609,1,1.0,4,4,0.3207,1,0.3333,0,Applied Project Specialist,Exceptional match (Score: 81.5). Matched 4/4 required skills (100%). high text similarity (0.32). domain aligned. Segment: Applied Project Specialist.
88b163f6-0154-462a-85b1-8dccb2071ff2,proj_0183,2,1,64.5558,56.9445,0.9996,58.9286,1,0.5,2,4,0.286,1,0.0,0,Applied Project Specialist,Strong match (Score: 64.6). Matched 2/4 required skills (50%). high text similarity (0.29). domain aligned. Segment: Applied Project Specialist.
4bf3230d-f348-44df-8f97-f2f8545feb5b,proj_0183,3,5,60.6475,50.5975,0.9996,50.3575,1,0.5,2,4,0.1947,1,0.0,3,Emerging Generalist Builder,Strong match (Score: 60.6). Matched 2/4 required skills (50%). high text similarity (0.19). domain aligned. Segment: Emerging Generalist Builder.
4a592bb5-0eb1-4432-9361-7200f4085604,proj_0183,4,4,60.4227,51.5604,0.9995,52.1545,1,0.75,3,4,0.1209,0,0.2,2,High Open-Source Contributor,Strong match (Score: 60.4). Matched 3/4 required skills (75%). Segment: High Open-Source Contributor.
fe666b31-cdfb-495a-9c8a-2288a74bae75,proj_0183,5,4,60.3147,49.3906,0.9995,41.9173,1,0.75,3,4,0.2049,0,0.0,3,Emerging Generalist Builder,Strong match (Score: 60.3). Matched 3/4 required skills (75%). high text similarity (0.20). Segment: Emerging Generalist Builder.
4b17ddf9-16f9-48fc-9d6d-51afa2390456,proj_0183,6,2,59.8726,48.5252,0.9996,51.823,1,0.75,3,4,0.1983,0,0.0,3,Emerging Generalist Builder,Strong match (Score: 59.9). Matched 3/4 required skills (75%). high text similarity (0.20). Segment: Emerging Generalist Builder.
fcf55a24-23c2-4309-a192-7f47d52acf29,proj_0183,7,10,58.9179,46.8322,0.9995,47.4522,1,0.75,3,4,0.18,0,0.0,3,Emerging Generalist Builder,Strong match (Score: 58.9). Matched 3/4 required skills (75%). high text similarity (0.18). Segment: Emerging Generalist Builder.
a9e6c11c-3ef9-49c5-89a2-63fe46ab235c,proj_0183,8,1,58.3911,49.464,0.9995,49.3728,1,0.5,2,4,0.0747,1,0.0,0,Applied Project Specialist,Strong match (Score: 58.4). Matched 2/4 required skills (50%). domain aligned. Segment: Applied Project Specialist.
57f1deb3-f6b6-4040-937c-f8842a4bdeb1,proj_0183,9,10,58.3662,48.8618,0.9994,53.6361,1,0.5,2,4,0.0893,1,0.0,2,High Open-Source Contributor,Strong match (Score: 58.4). Matched 2/4 required skills (50%). domain aligned. Segment: High Open-Source Contributor.
0c8bb400-827f-49e1-a7d9-1d94cb7f8dfc,proj_0183,10,4,58.3124,48.4159,0.9995,57.0898,1,0.5,2,4,0.0974,1,0.0,1,Hackathon Champion,Strong match (Score: 58.3). Matched 2/4 required skills (50%). domain aligned. Segment: Hackathon Champion.
49d37776-22f9-4efe-8ffc-2b6f76e8f19c,proj_0184,1,1,79.3172,80.1893,0.9996,79.4814,1,1.0,5,5,0.3169,1,0.0,3,Emerging Generalist Builder,Exceptional match (Score: 79.3). Matched 5/5 required skills (100%). high text similarity (0.32). domain aligned. Segment: Emerging Generalist Builder.
f8ec485a-c1a7-4210-9311-e69a848199f8,proj_0184,2,2,64.0627,55.7692,0.9996,53.1999,1,0.6,3,5,0.2178,1,0.0,3,Emerging Generalist Builder,Strong match (Score: 64.1). Matched 3/5 required skills (60%). high text similarity (0.22). domain aligned. Segment: Emerging Generalist Builder.
ec48f2c8-387a-4ec0-b06c-7fc1298bf283,proj_0184,3,3,62.739,53.4137,0.9995,54.4924,1,0.8,4,5,0.2259,0,0.0,2,High Open-Source Contributor,Strong match (Score: 62.7). Matched 4/5 required skills (80%). high text similarity (0.23). Segment: High Open-Source Contributor.
c443afae-85b7-4769-9c9b-3aa42d2f9b49,proj_0184,4,4,62.71,53.6712,0.9995,55.7387,1,0.8,4,5,0.2171,0,0.0,3,Emerging Generalist Builder,Strong match (Score: 62.7). Matched 4/5 required skills (80%). high text similarity (0.22). Segment: Emerging Generalist Builder.
5cab9df0-fce9-4f96-b7d4-77b04d8ef79a,proj_0184,5,4,61.5849,52.7509,0.9996,56.4066,1,0.6,3,5,0.1331,1,0.0,1,Hackathon Champion,Strong match (Score: 61.6). Matched 3/5 required skills (60%). domain aligned. Segment: Hackathon Champion.
6c330b26-96e7-4e06-adf2-825da3cf559f,proj_0184,6,8,61.0065,50.9987,0.9995,47.0359,1,0.8,4,5,0.1748,0,0.0,2,High Open-Source Contributor,Strong match (Score: 61.0). Matched 4/5 required skills (80%). high text similarity (0.17). Segment: High Open-Source Contributor.
aaf15e54-2ea9-4302-9eb0-49002b6784b3,proj_0184,7,6,60.581,51.5625,0.9996,48.7323,1,0.4,2,5,0.2312,1,0.0,2,High Open-Source Contributor,Strong match (Score: 60.6). Matched 2/5 required skills (40%). high text similarity (0.23). domain aligned. Segment: High Open-Source Contributor.
c8a6c705-5710-4a9c-b506-593a8b372fba,proj_0184,8,3,60.0386,51.5828,0.9996,57.9251,1,0.4,2,5,0.1945,1,0.0,3,Emerging Generalist Builder,Strong match (Score: 60.0). Matched 2/5 required skills (40%). high text similarity (0.19). domain aligned. Segment: Emerging Generalist Builder.
afc7e477-3249-4772-95fd-e07a29179270,proj_0184,9,7,58.4321,49.719,0.9995,53.1693,1,0.4,2,5,0.1373,1,0.0,0,Applied Project Specialist,Strong match (Score: 58.4). Matched 2/5 required skills (40%). domain aligned. Segment: Applied Project Specialist.
da656870-ec8c-477f-ac77-d99f762a096a,proj_0184,10,4,58.2963,49.6645,0.9996,61.32,1,0.4,2,5,0.1295,1,0.0,0,Applied Project Specialist,Strong match (Score: 58.3). Matched 2/5 required skills (40%). domain aligned. Segment: Applied Project Specialist.
69079a57-0cef-4caa-8291-7f48b2a1ede0,proj_0185,1,1,78.1875,78.4037,0.9996,77.6097,1,1.0,4,4,0.2892,1,0.0,2,High Open-Source Contributor,Exceptional match (Score: 78.2). Matched 4/4 required skills (100%). high text similarity (0.29). domain aligned. Segment: High Open-Source Contributor.
c5c58e75-ab1c-4fcb-9908-a0ebf6929c26,proj_0185,2,4,69.2987,63.9993,0.9995,65.3648,1,1.0,4,4,0.2476,0,0.0,0,Applied Project Specialist,Strong match (Score: 69.3). Matched 4/4 required skills (100%). high text similarity (0.25). Segment: Applied Project Specialist.
19d329f2-3d8d-46b4-9a4c-c52d841a38aa,proj_0185,3,2,68.5083,64.2245,0.9996,68.5916,1,0.75,3,4,0.1887,1,0.0,2,High Open-Source Contributor,Strong match (Score: 68.5). Matched 3/4 required skills (75%). high text similarity (0.19). domain aligned. Segment: High Open-Source Contributor.
0be069f8-4359-46f5-8597-2da68f4dacb5,proj_0185,4,8,62.9109,54.0884,0.9995,58.0861,1,0.75,3,4,0.2527,0,0.0,1,Hackathon Champion,Strong match (Score: 62.9). Matched 3/4 required skills (75%). high text similarity (0.25). Segment: Hackathon Champion.
d92644e4-b1af-4c67-97b4-42a739dc989f,proj_0185,5,6,62.6064,53.6985,0.9995,52.3108,1,0.75,3,4,0.2428,0,0.0,3,Emerging Generalist Builder,Strong match (Score: 62.6). Matched 3/4 required skills (75%). high text similarity (0.24). Segment: Emerging Generalist Builder.
03b5c41b-9b04-4bc6-9771-af990671b169,proj_0185,6,7,61.8753,52.4146,0.9995,53.2134,1,0.75,3,4,0.2283,0,0.0,3,Emerging Generalist Builder,Strong match (Score: 61.9). Matched 3/4 required skills (75%). high text similarity (0.23). Segment: Emerging Generalist Builder.
61b17d01-04ee-42cb-bbfc-f28d39781cbd,proj_0185,7,10,61.3341,50.8516,0.9995,47.2782,1,0.75,3,4,0.2339,0,0.0,3,Emerging Generalist Builder,Strong match (Score: 61.3). Matched 3/4 required skills (75%). high text similarity (0.23). Segment: Emerging Generalist Builder.
b2b9f627-8889-463c-82ff-a50141a94031,proj_0185,8,9,61.0027,50.5705,0.9995,55.4155,1,0.75,3,4,0.2193,0,0.0,3,Emerging Generalist Builder,Strong match (Score: 61.0). Matched 3/4 required skills (75%). high text similarity (0.22). Segment: Emerging Generalist Builder.
1b0eb8d9-5d90-4feb-85f8-57e9bb66294b,proj_0185,9,3,60.8733,51.7696,0.9995,52.4603,1,0.75,3,4,0.1787,0,0.0,2,High Open-Source Contributor,Strong match (Score: 60.9). Matched 3/4 required skills (75%). high text similarity (0.18). Segment: High Open-Source Contributor.
bcbb259f-658e-4461-8c3d-c07b29aa5e23,proj_0185,10,8,59.3777,48.6229,0.9995,48.0763,1,0.75,3,4,0.1629,0,0.0,3,Emerging Generalist Builder,Strong match (Score: 59.4). Matched 3/4 required skills (75%). high text similarity (0.16). Segment: Emerging Generalist Builder.
fd0feb1e-8702-4e30-9a7d-f1a6152889b2,proj_0186,1,1,68.8959,60.6203,0.9995,66.4776,1,1.0,3,3,0.2553,0,0.3333,3,Emerging Generalist Builder,Strong match (Score: 68.9). Matched 3/3 required skills (100%). high text similarity (0.26). Segment: Emerging Generalist Builder.
6ccd1f6a-9887-4159-94ae-a8daf672d1a8,proj_0186,2,1,67.9085,62.5149,0.9995,71.9584,1,1.0,3,3,0.1945,0,0.0,0,Applied Project Specialist,Strong match (Score: 67.9). Matched 3/3 required skills (100%). high text similarity (0.19). Segment: Applied Project Specialist.
f7b70b73-2af4-4692-a81e-e6701cc777f8,proj_0186,3,3,66.4398,58.337,0.9995,48.5718,1,1.0,3,3,0.208,0,0.0,2,High Open-Source Contributor,Strong match (Score: 66.4). Matched 3/3 required skills (100%). high text similarity (0.21). Segment: High Open-Source Contributor.
b40d6b8e-760e-4dd4-9ba6-8fbc4b81f9ab,proj_0186,4,1,65.5581,56.2115,0.9995,51.1087,1,1.0,3,3,0.2059,0,0.0,3,Emerging Generalist Builder,Strong match (Score: 65.6). Matched 3/3 required skills (100%). high text similarity (0.21). Segment: Emerging Generalist Builder.
277d73e1-a781-4bdf-a6f2-d6c53560bc03,proj_0186,5,1,63.825,53.4875,0.9994,45.6863,1,1.0,3,3,0.1632,0,0.0,1,Hackathon Champion,Strong match (Score: 63.8). Matched 3/3 required skills (100%). high text similarity (0.16). Segment: Hackathon Champion.
087b73f9-9ad8-434c-b57d-4f1046ff9811,proj_0186,6,4,55.9735,40.8713,0.9995,45.2717,1,0.6667,2,3,0.1982,0,0.0,3,Emerging Generalist Builder,Strong match (Score: 56.0). Matched 2/3 required skills (67%). high text similarity (0.20). Segment: Emerging Generalist Builder.
b72b4665-e42c-4033-9c61-31b99ebc5161,proj_0186,7,9,55.8073,42.972,0.9995,40.1548,1,0.6667,2,3,0.1311,0,0.0,2,High Open-Source Contributor,Strong match (Score: 55.8). Matched 2/3 required skills (67%). Segment: High Open-Source Contributor.
5f1f946b-d5f8-40bb-8a4e-e31b98a7063b,proj_0186,8,8,55.7592,41.2692,0.9995,42.5708,1,0.6667,2,3,0.1733,0,0.0,2,High Open-Source Contributor,Strong match (Score: 55.8). Matched 2/3 required skills (67%). high text similarity (0.17). Segment: High Open-Source Contributor.
4b282682-3a5b-46d9-9de9-e6085fcaf92c,proj_0186,9,3,55.288,39.5401,0.9995,41.3268,1,0.6667,2,3,0.188,0,0.0,3,Emerging Generalist Builder,Strong match (Score: 55.3). Matched 2/3 required skills (67%). high text similarity (0.19). Segment: Emerging Generalist Builder.
eaaf1148-a323-40bb-9ae9-592ace11a073,proj_0186,10,8,55.2183,40.9519,0.9995,45.7223,1,0.6667,2,3,0.1457,0,0.0,2,High Open-Source Contributor,Strong match (Score: 55.2). Matched 2/3 required skills (67%). Segment: High Open-Source Contributor.
fef4172a-9569-4d0a-b190-34fb043e7c40,proj_0187,1,3,72.6625,68.5574,0.9995,67.98,1,1.0,5,5,0.3503,0,0.0,3,Emerging Generalist Builder,Strong match (Score: 72.7). Matched 5/5 required skills (100%). high text similarity (0.35). Segment: Emerging Generalist Builder.
d052c5f3-b891-454a-84df-4065759115f4,proj_0187,2,3,72.6605,68.6574,0.9995,63.6078,1,1.0,5,5,0.3475,0,0.0,2,High Open-Source Contributor,Strong match (Score: 72.7). Matched 5/5 required skills (100%). high text similarity (0.35). Segment: High Open-Source Contributor.
028835cb-f2be-4cf3-833d-5016c814a61b,proj_0187,3,3,67.8925,61.5087,0.9995,61.8465,1,0.8,4,5,0.3536,0,0.0,2,High Open-Source Contributor,Strong match (Score: 67.9). Matched 4/5 required skills (80%). high text similarity (0.35). Segment: High Open-Source Contributor.
aa8e0419-6869-4352-9957-c2ce19a4df19,proj_0187,4,2,66.6718,60.1371,0.9995,62.4344,1,0.8,4,5,0.3088,0,0.0,1,Hackathon Champion,Strong match (Score: 66.7). Matched 4/5 required skills (80%). high text similarity (0.31). Segment: Hackathon Champion.
6c984ec2-ddc4-4ca1-8e04-8fe558b7446a,proj_0187,5,3,66.4583,59.5432,0.9995,65.1211,1,0.8,4,5,0.3104,0,0.0,2,High Open-Source Contributor,Strong match (Score: 66.5). Matched 4/5 required skills (80%). high text similarity (0.31). Segment: High Open-Source Contributor.
1d9b4b3e-c4c0-43ca-8453-f32f9ffec287,proj_0187,6,3,63.0621,52.9652,0.9995,46.1682,1,0.8,4,5,0.2594,0,0.0,3,Emerging Generalist Builder,Strong match (Score: 63.1). Matched 4/5 required skills (80%). high text similarity (0.26). Segment: Emerging Generalist Builder.
38eb7628-e648-4935-b757-eff8326a187d,proj_0187,7,2,61.3669,52.8836,0.9995,57.9236,1,0.6,3,5,0.2819,0,0.0,0,Applied Project Specialist,Strong match (Score: 61.4). Matched 3/5 required skills (60%). high text similarity (0.28). Segment: Applied Project Specialist.
e88fb49b-4d38-4e00-98f7-81c1486d5d6c,proj_0187,8,4,61.0495,52.36,0.9995,52.4184,1,0.6,3,5,0.2747,0,0.0,0,Applied Project Specialist,Strong match (Score: 61.0). Matched 3/5 required skills (60%). high text similarity (0.27). Segment: Applied Project Specialist.
0066a921-913f-4f9c-94f3-fc50ab1a7418,proj_0187,9,9,61.0441,51.4466,0.9995,47.5037,1,0.6,3,5,0.2987,0,0.0,3,Emerging Generalist Builder,Strong match (Score: 61.0). Matched 3/5 required skills (60%). high text similarity (0.30). Segment: Emerging Generalist Builder.
89725f1b-cf77-46ec-b600-8d479c5336f0,proj_0187,10,8,59.4601,48.9716,0.9994,42.061,1,0.6,3,5,0.2593,0,0.0,1,Hackathon Champion,Strong match (Score: 59.5). Matched 3/5 required skills (60%). high text similarity (0.26). Segment: Hackathon Champion.
6c984ec2-ddc4-4ca1-8e04-8fe558b7446a,proj_0188,1,2,75.3148,72.9882,0.9996,69.3664,1,1.0,3,3,0.2421,1,0.0,2,High Open-Source Contributor,Exceptional match (Score: 75.3). Matched 3/3 required skills (100%). high text similarity (0.24). domain aligned. Segment: High Open-Source Contributor.
d052c5f3-b891-454a-84df-4065759115f4,proj_0188,2,2,74.5434,71.836,0.9993,74.4937,1,1.0,3,3,0.222,1,0.0,2,High Open-Source Contributor,Strong match (Score: 74.5). Matched 3/3 required skills (100%). high text similarity (0.22). domain aligned. Segment: High Open-Source Contributor.
e5da3070-4f31-4f4e-97b7-7ce6e1450cb2,proj_0188,3,3,67.9402,61.4206,0.9995,58.0043,1,1.0,3,3,0.2258,0,0.0,0,Applied Project Specialist,Strong match (Score: 67.9). Matched 3/3 required skills (100%). high text similarity (0.23). Segment: Applied Project Specialist.
028835cb-f2be-4cf3-833d-5016c814a61b,proj_0188,4,4,66.9253,59.5544,0.9995,64.3491,1,1.0,3,3,0.2079,0,0.0,2,High Open-Source Contributor,Strong match (Score: 66.9). Matched 3/3 required skills (100%). high text similarity (0.21). Segment: High Open-Source Contributor.
4cf65dd2-ee7a-4220-9174-7b844f8fcf41,proj_0188,5,2,65.724,56.9675,0.9995,61.6778,1,1.0,3,3,0.1968,0,0.0,3,Emerging Generalist Builder,Strong match (Score: 65.7). Matched 3/3 required skills (100%). high text similarity (0.20). Segment: Emerging Generalist Builder.
aa8e0419-6869-4352-9957-c2ce19a4df19,proj_0188,6,3,64.6129,54.7598,0.9995,54.5691,1,1.0,3,3,0.1816,0,0.0,1,Hackathon Champion,Strong match (Score: 64.6). Matched 3/3 required skills (100%). high text similarity (0.18). Segment: Hackathon Champion.
2b6fad95-0e6a-43b5-9410-74653a40193b,proj_0188,7,3,63.0383,52.6357,0.9996,53.5794,1,0.6667,2,3,0.1886,1,0.0,2,High Open-Source Contributor,Strong match (Score: 63.0). Matched 2/3 required skills (67%). high text similarity (0.19). domain aligned. Segment: High Open-Source Contributor.
38eb7628-e648-4935-b757-eff8326a187d,proj_0188,8,3,57.7401,45.9066,0.9995,41.6947,1,0.6667,2,3,0.1817,0,0.0,0,Applied Project Specialist,Strong match (Score: 57.7). Matched 2/3 required skills (67%). high text similarity (0.18). Segment: Applied Project Specialist.
e88fb49b-4d38-4e00-98f7-81c1486d5d6c,proj_0188,9,9,57.1857,44.5954,0.9995,35.6933,1,0.6667,2,3,0.1797,0,0.0,0,Applied Project Specialist,Strong match (Score: 57.2). Matched 2/3 required skills (67%). high text similarity (0.18). Segment: Applied Project Specialist.
aea35633-2c28-4426-97f5-9cc483a2646b,proj_0188,10,5,55.7266,42.3728,0.9994,42.4368,1,0.6667,2,3,0.1419,0,0.0,2,High Open-Source Contributor,Strong match (Score: 55.7). Matched 2/3 required skills (67%). Segment: High Open-Source Contributor.
4249c069-1499-4bb4-a274-9589707c4ae3,proj_0189,1,1,75.6429,73.6584,0.9996,69.0499,1,1.0,4,4,0.2461,1,0.0,3,Emerging Generalist Builder,Exceptional match (Score: 75.6). Matched 4/4 required skills (100%). high text similarity (0.25). domain aligned. Segment: Emerging Generalist Builder.
bd1afdfb-8481-4dec-afac-ef902e110152,proj_0189,2,2,74.8912,74.6367,0.9996,72.5659,1,0.75,3,4,0.2949,1,0.25,1,Hackathon Champion,Strong match (Score: 74.9). Matched 3/4 required skills (75%). high text similarity (0.29). domain aligned. Segment: Hackathon Champion.
501caa1d-90ea-4e3d-a62b-21d64b15838b,proj_0189,3,2,73.7252,73.6405,0.9996,68.6454,1,0.75,3,4,0.2854,1,0.0,2,High Open-Source Contributor,Strong match (Score: 73.7). Matched 3/4 required skills (75%). high text similarity (0.29). domain aligned. Segment: High Open-Source Contributor.
221c46a1-750f-4420-91f2-226350f81809,proj_0189,4,3,72.8323,70.0565,0.9996,72.7797,1,0.75,3,4,0.2659,1,0.3333,3,Emerging Generalist Builder,Strong match (Score: 72.8). Matched 3/4 required skills (75%). high text similarity (0.27). domain aligned. Segment: Emerging Generalist Builder.
5061b396-fa5f-47ae-a0ae-f1592c9af4bc,proj_0189,5,3,63.1833,54.087,0.9995,55.6293,1,0.75,3,4,0.2709,0,0.0,2,High Open-Source Contributor,Strong match (Score: 63.2). Matched 3/4 required skills (75%). high text similarity (0.27). Segment: High Open-Source Contributor.
8500cf34-7cf8-4e37-896e-0444443e65af,proj_0189,6,5,62.5287,54.3143,0.9996,46.1308,1,0.5,2,4,0.221,1,0.0,1,Hackathon Champion,Strong match (Score: 62.5). Matched 2/4 required skills (50%). high text similarity (0.22). domain aligned. Segment: Hackathon Champion.
906b7c83-8d8a-4fd8-91e5-44be728572c1,proj_0189,7,2,62.1745,53.1287,0.9996,49.8516,1,0.5,2,4,0.229,1,0.0,2,High Open-Source Contributor,Strong match (Score: 62.2). Matched 2/4 required skills (50%). high text similarity (0.23). domain aligned. Segment: High Open-Source Contributor.
58789ed6-e1bc-4d0d-b96e-2f56072b273f,proj_0189,8,5,61.5654,53.4136,0.9996,56.6601,1,0.5,2,4,0.1808,1,0.0,3,Emerging Generalist Builder,Strong match (Score: 61.6). Matched 2/4 required skills (50%). high text similarity (0.18). domain aligned. Segment: Emerging Generalist Builder.
fba696b3-c8c2-4675-ba02-4061a30aef16,proj_0189,9,4,61.0076,50.669,0.9995,52.9887,1,0.75,3,4,0.217,0,0.0,3,Emerging Generalist Builder,Strong match (Score: 61.0). Matched 3/4 required skills (75%). high text similarity (0.22). Segment: Emerging Generalist Builder.
43e5a54e-789c-45a4-8d3a-342e4cd105d1,proj_0189,10,7,58.0934,47.0547,0.9995,51.1652,1,0.5,2,4,0.2441,0,0.25,3,Emerging Generalist Builder,Strong match (Score: 58.1). Matched 2/4 required skills (50%). high text similarity (0.24). Segment: Emerging Generalist Builder.
bcd5ab2e-cbc6-4fb3-8f9e-4e431f84a173,proj_0190,1,2,70.5586,64.1828,0.9995,71.1821,1,1.0,3,3,0.3267,0,0.0,3,Emerging Generalist Builder,Strong match (Score: 70.6). Matched 3/3 required skills (100%). high text similarity (0.33). Segment: Emerging Generalist Builder.
7330eba1-85ce-43aa-866d-b5df0c4f5175,proj_0190,2,2,67.6509,60.8323,0.9995,61.2821,1,1.0,3,3,0.2222,0,0.0,3,Emerging Generalist Builder,Strong match (Score: 67.7). Matched 3/3 required skills (100%). high text similarity (0.22). Segment: Emerging Generalist Builder.
a8a41195-09bf-4827-8e15-3c311e65a5a4,proj_0190,3,1,67.6158,60.7521,0.9995,62.0472,1,1.0,3,3,0.222,0,0.0,3,Emerging Generalist Builder,Strong match (Score: 67.6). Matched 3/3 required skills (100%). high text similarity (0.22). Segment: Emerging Generalist Builder.
31dcad26-4ef6-4733-ae9d-014171bbf233,proj_0190,4,4,63.6698,54.5245,0.9995,57.8704,1,0.6667,2,3,0.3472,0,0.0,2,High Open-Source Contributor,Strong match (Score: 63.7). Matched 2/3 required skills (67%). high text similarity (0.35). Segment: High Open-Source Contributor.
d34a1614-05f3-4f9a-88bf-dc0bf2b5aca7,proj_0190,5,2,62.175,50.6976,0.9995,57.4319,1,0.6667,2,3,0.3496,0,0.0,3,Emerging Generalist Builder,Strong match (Score: 62.2). Matched 2/3 required skills (67%). high text similarity (0.35). Segment: Emerging Generalist Builder.
0fb77dc3-3168-4912-8bdb-eb91f70010dd,proj_0190,6,4,60.8551,49.3102,0.9995,45.4839,1,0.6667,2,3,0.2986,0,0.0,2,High Open-Source Contributor,Strong match (Score: 60.9). Matched 2/3 required skills (67%). high text similarity (0.30). Segment: High Open-Source Contributor.
cccfb865-01b3-442e-b740-e0b81f505d2a,proj_0190,7,3,59.912,46.9862,0.9995,39.4932,1,0.6667,2,3,0.2977,0,0.0,3,Emerging Generalist Builder,Strong match (Score: 59.9). Matched 2/3 required skills (67%). high text similarity (0.30). Segment: Emerging Generalist Builder.
026d7a41-6d0c-4425-bc94-74799fa8319f,proj_0190,8,3,59.3424,46.6761,0.9995,46.8914,1,0.6667,2,3,0.268,0,0.0,3,Emerging Generalist Builder,Strong match (Score: 59.3). Matched 2/3 required skills (67%). high text similarity (0.27). Segment: Emerging Generalist Builder.
ed5299a2-0bad-49b4-926e-1cf67c877fe8,proj_0190,9,4,58.2983,46.5407,0.9995,39.1784,1,0.6667,2,3,0.202,0,0.0,1,Hackathon Champion,Strong match (Score: 58.3). Matched 2/3 required skills (67%). high text similarity (0.20). Segment: Hackathon Champion.
38812e74-0884-4445-9981-78634874951b,proj_0190,10,1,58.2678,45.9208,0.9995,48.3707,1,0.6667,2,3,0.2165,0,0.0,2,High Open-Source Contributor,Strong match (Score: 58.3). Matched 2/3 required skills (67%). high text similarity (0.22). Segment: High Open-Source Contributor.
99d675f5-481c-4a42-ab83-626ee52dd60c,proj_0191,1,1,76.4439,75.8361,0.9996,89.7848,1,1.0,3,3,0.2081,1,0.2,0,Applied Project Specialist,Exceptional match (Score: 76.4). Matched 3/3 required skills (100%). high text similarity (0.21). domain aligned. Segment: Applied Project Specialist.
ddd531e1-0440-48ae-800a-f20c41af69f6,proj_0191,2,1,73.5932,70.8331,0.9996,73.5712,1,1.0,3,3,0.1848,1,0.0,2,High Open-Source Contributor,Strong match (Score: 73.6). Matched 3/3 required skills (100%). high text similarity (0.18). domain aligned. Segment: High Open-Source Contributor.
7e0352df-50b1-49a4-85bc-9954988090f0,proj_0191,3,1,65.6227,56.6442,0.9996,53.8265,1,0.6667,2,3,0.254,1,0.0,3,Emerging Generalist Builder,Strong match (Score: 65.6). Matched 2/3 required skills (67%). high text similarity (0.25). domain aligned. Segment: Emerging Generalist Builder.
1cff6ddb-077c-49a3-b9b1-c7cdad5c5a66,proj_0191,4,1,65.5435,58.0212,0.9996,58.0166,1,0.6667,2,3,0.212,1,0.0,2,High Open-Source Contributor,Strong match (Score: 65.5). Matched 2/3 required skills (67%). high text similarity (0.21). domain aligned. Segment: High Open-Source Contributor.
542b7d19-73c7-45fb-b92c-53bcb997d9cf,proj_0191,5,4,64.3994,55.5684,0.9995,54.2968,1,1.0,3,3,0.1458,0,0.0,1,Hackathon Champion,Strong match (Score: 64.4). Matched 3/3 required skills (100%). Segment: Hackathon Champion.
6865cca3-4c65-4233-ad13-01f07df1e294,proj_0191,6,7,63.4466,55.1039,0.9996,53.6941,1,0.6667,2,3,0.15,1,0.0,2,High Open-Source Contributor,Strong match (Score: 63.4). Matched 2/3 required skills (67%). high text similarity (0.15). domain aligned. Segment: High Open-Source Contributor.
9c588639-a077-4e52-b96e-abc5b46ed667,proj_0191,7,2,63.2601,55.1253,0.9996,55.8518,1,0.6667,2,3,0.137,1,0.0,2,High Open-Source Contributor,Strong match (Score: 63.3). Matched 2/3 required skills (67%). domain aligned. Segment: High Open-Source Contributor.
d3ced1b7-92b3-466b-92fa-4d0f7d7ebdfa,proj_0191,8,5,62.8705,54.9913,0.9996,53.3588,1,0.6667,2,3,0.1146,1,0.0,0,Applied Project Specialist,Strong match (Score: 62.9). Matched 2/3 required skills (67%). domain aligned. Segment: Applied Project Specialist.
9bcd80ff-d980-4c47-8d24-7aefd1f1c6d6,proj_0191,9,4,61.5009,51.5036,0.9996,59.3853,1,0.6667,2,3,0.1163,1,0.0,2,High Open-Source Contributor,Strong match (Score: 61.5). Matched 2/3 required skills (67%). domain aligned. Segment: High Open-Source Contributor.
ef7c61a2-dde5-449b-88e6-13dd92fbe187,proj_0191,10,2,60.6309,50.5734,0.9995,53.6175,1,0.6667,2,3,0.2083,0,0.25,2,High Open-Source Contributor,Strong match (Score: 60.6). Matched 2/3 required skills (67%). high text similarity (0.21). Segment: High Open-Source Contributor.
202833cf-72c1-4a1a-94cf-7da9f9466fd7,proj_0192,1,1,81.1202,79.7104,0.9996,84.2851,1,1.0,3,3,0.4082,1,0.25,3,Emerging Generalist Builder,Exceptional match (Score: 81.1). Matched 3/3 required skills (100%). high text similarity (0.41). domain aligned. Segment: Emerging Generalist Builder.
aea35633-2c28-4426-97f5-9cc483a2646b,proj_0192,2,1,78.7736,77.5852,0.9993,74.5026,1,1.0,3,3,0.3507,1,0.0,2,High Open-Source Contributor,Exceptional match (Score: 78.8). Matched 3/3 required skills (100%). high text similarity (0.35). domain aligned. Segment: High Open-Source Contributor.
9819149e-0509-4b74-a86f-7975147d2768,proj_0192,3,2,71.0498,66.3107,0.9995,64.0079,1,1.0,3,3,0.3027,0,0.0,0,Applied Project Specialist,Strong match (Score: 71.0). Matched 3/3 required skills (100%). high text similarity (0.30). Segment: Applied Project Specialist.
0066a921-913f-4f9c-94f3-fc50ab1a7418,proj_0192,4,4,68.1162,59.4831,0.9995,57.4803,1,1.0,3,3,0.2892,0,0.0,3,Emerging Generalist Builder,Strong match (Score: 68.1). Matched 3/3 required skills (100%). high text similarity (0.29). Segment: Emerging Generalist Builder.
84b11712-b999-4294-9216-31439dee842d,proj_0192,5,1,65.7659,56.4436,0.9996,57.8896,1,0.6667,2,3,0.2689,1,0.0,3,Emerging Generalist Builder,Strong match (Score: 65.8). Matched 2/3 required skills (67%). high text similarity (0.27). domain aligned. Segment: Emerging Generalist Builder.
aa8e0419-6869-4352-9957-c2ce19a4df19,proj_0192,6,5,63.5391,53.7614,0.9995,52.1469,1,0.6667,2,3,0.3255,0,0.2,1,Hackathon Champion,Strong match (Score: 63.5). Matched 2/3 required skills (67%). high text similarity (0.33). Segment: Hackathon Champion.
6c984ec2-ddc4-4ca1-8e04-8fe558b7446a,proj_0192,7,5,63.2159,53.4178,0.9995,52.3568,1,0.6667,2,3,0.2909,0,0.3333,2,High Open-Source Contributor,Strong match (Score: 63.2). Matched 2/3 required skills (67%). high text similarity (0.29). Segment: High Open-Source Contributor.
e5da3070-4f31-4f4e-97b7-7ce6e1450cb2,proj_0192,8,6,62.5365,53.9188,0.9995,57.1064,1,0.6667,2,3,0.2878,0,0.0,0,Applied Project Specialist,Strong match (Score: 62.5). Matched 2/3 required skills (67%). high text similarity (0.29). Segment: Applied Project Specialist.
d052c5f3-b891-454a-84df-4065759115f4,proj_0192,9,5,62.2283,51.6933,0.9995,48.5964,1,0.6667,2,3,0.3266,0,0.0,2,High Open-Source Contributor,Strong match (Score: 62.2). Matched 2/3 required skills (67%). high text similarity (0.33). Segment: High Open-Source Contributor.
e88fb49b-4d38-4e00-98f7-81c1486d5d6c,proj_0192,10,6,60.8437,51.5098,0.9995,52.504,1,0.6667,2,3,0.2114,0,0.1667,0,Applied Project Specialist,Strong match (Score: 60.8). Matched 2/3 required skills (67%). high text similarity (0.21). Segment: Applied Project Specialist.
46a01596-9eb8-4790-9e04-ba845207e836,proj_0193,1,1,73.4203,70.2695,0.9996,66.6629,1,1.0,3,3,0.1883,1,0.0,2,High Open-Source Contributor,Strong match (Score: 73.4). Matched 3/3 required skills (100%). high text similarity (0.19). domain aligned. Segment: High Open-Source Contributor.
5650aad2-20d6-4baf-b306-cf8f848814e9,proj_0193,2,2,68.2659,61.4109,0.9995,52.9254,1,1.0,3,3,0.2061,0,0.25,3,Emerging Generalist Builder,Strong match (Score: 68.3). Matched 3/3 required skills (100%). high text similarity (0.21). Segment: Emerging Generalist Builder.
61fd5470-3e56-4a8f-95c3-c80c3571e83a,proj_0193,3,6,65.4369,57.1573,0.9995,56.4301,1,1.0,3,3,0.1726,0,0.0,1,Hackathon Champion,Strong match (Score: 65.4). Matched 3/3 required skills (100%). high text similarity (0.17). Segment: Hackathon Champion.
71356e5d-9127-4bbd-9772-a4c4e1f40a13,proj_0193,4,7,65.0046,56.0953,0.9995,59.3999,1,1.0,3,3,0.1721,0,0.0,2,High Open-Source Contributor,Strong match (Score: 65.0). Matched 3/3 required skills (100%). high text similarity (0.17). Segment: High Open-Source Contributor.
9fecce85-a2ce-4a32-9236-9f7f9fae8ae8,proj_0193,5,1,63.3466,54.1602,0.9996,55.0622,1,0.6667,2,3,0.1685,1,0.0,3,Emerging Generalist Builder,Strong match (Score: 63.3). Matched 2/3 required skills (67%). high text similarity (0.17). domain aligned. Segment: Emerging Generalist Builder.
0664ac18-e4b1-4687-a748-cf62f7e567f9,proj_0193,6,13,57.5971,46.4277,0.9995,47.8688,1,0.6667,2,3,0.1166,0,0.25,2,High Open-Source Contributor,Strong match (Score: 57.6). Matched 2/3 required skills (67%). Segment: High Open-Source Contributor.
bb770a17-7d83-4cbb-aca4-e2a868dafa3e,proj_0193,7,11,56.2769,43.796,0.9995,39.9883,1,0.6667,2,3,0.1071,0,0.2,3,Emerging Generalist Builder,Strong match (Score: 56.3). Matched 2/3 required skills (67%). Segment: Emerging Generalist Builder.
f37400af-de93-44f8-b68e-61e1a07cbf84,proj_0193,8,10,55.7952,44.268,0.9991,46.1604,1,0.3333,1,3,0.1188,1,0.2,2,High Open-Source Contributor,Strong match (Score: 55.8). Matched 1/3 required skills (33%). domain aligned. Segment: High Open-Source Contributor.
a660ca84-0849-42e6-9324-a286f016aa5b,proj_0193,9,6,54.9647,40.978,0.9995,48.9811,1,0.6667,2,3,0.1281,0,0.0,2,High Open-Source Contributor,Strong match (Score: 55.0). Matched 2/3 required skills (67%). Segment: High Open-Source Contributor.
9cd942b8-00f7-495c-9c10-d6c9e2b36f57,proj_0193,10,13,54.7647,40.5717,0.9995,42.1542,1,0.6667,2,3,0.1256,0,0.0,2,High Open-Source Contributor,Strong match (Score: 54.8). Matched 2/3 required skills (67%). Segment: High Open-Source Contributor.
4255926b-5147-4f6a-8eed-9479ec273f86,proj_0194,1,1,80.5949,80.3534,0.9996,83.2414,1,1.0,4,4,0.3977,1,0.0,3,Emerging Generalist Builder,Exceptional match (Score: 80.6). Matched 4/4 required skills (100%). high text similarity (0.40). domain aligned. Segment: Emerging Generalist Builder.
afc2bd90-04a1-4a8a-82b7-e1582e9a16d8,proj_0194,2,4,72.1329,67.7586,0.9994,69.0229,1,1.0,4,4,0.3365,0,0.0,2,High Open-Source Contributor,Strong match (Score: 72.1). Matched 4/4 required skills (100%). high text similarity (0.34). Segment: High Open-Source Contributor.
8157aedf-3cb8-41e6-acac-ca31f4256129,proj_0194,3,1,71.9218,65.6557,0.9995,66.0533,1,1.0,4,4,0.3783,0,0.0,2,High Open-Source Contributor,Strong match (Score: 71.9). Matched 4/4 required skills (100%). high text similarity (0.38). Segment: High Open-Source Contributor.
57f1deb3-f6b6-4040-937c-f8842a4bdeb1,proj_0194,4,5,66.7076,58.9341,0.9995,63.4521,1,0.75,3,4,0.3766,0,0.0,2,High Open-Source Contributor,Strong match (Score: 66.7). Matched 3/4 required skills (75%). high text similarity (0.38). Segment: High Open-Source Contributor.
0eb20fb6-a17a-41e6-846a-933aef316c3a,proj_0194,5,5,65.3692,55.6855,0.9996,53.2707,1,0.5,2,4,0.3738,1,0.0,2,High Open-Source Contributor,Strong match (Score: 65.4). Matched 2/4 required skills (50%). high text similarity (0.37). domain aligned. Segment: High Open-Source Contributor.
e4c102b8-80bb-4fe3-9020-55e2e1c77522,proj_0194,6,3,65.2548,57.9758,0.9996,56.3942,1,0.5,2,4,0.3051,1,0.0,2,High Open-Source Contributor,Strong match (Score: 65.3). Matched 2/4 required skills (50%). high text similarity (0.31). domain aligned. Segment: High Open-Source Contributor.
5c9edf70-b59e-4883-a7bb-83d28eedbee5,proj_0194,7,4,65.048,57.785,0.9995,51.5301,1,0.75,3,4,0.2966,0,0.0,1,Hackathon Champion,Strong match (Score: 65.0). Matched 3/4 required skills (75%). high text similarity (0.30). Segment: Hackathon Champion.
c7e4375f-a8fd-4865-8103-37abae37a3a5,proj_0194,8,4,59.6857,49.2343,0.9995,54.5327,1,0.5,2,4,0.3338,0,0.0,2,High Open-Source Contributor,Strong match (Score: 59.7). Matched 2/4 required skills (50%). high text similarity (0.33). Segment: High Open-Source Contributor.
b0473f2b-3906-4d17-835c-77d14f68153c,proj_0194,9,7,58.7521,46.8965,0.9995,48.0818,1,0.5,2,4,0.3339,0,0.0,2,High Open-Source Contributor,Strong match (Score: 58.8). Matched 2/4 required skills (50%). high text similarity (0.33). Segment: High Open-Source Contributor.
3c6e4855-a064-45ef-9ba1-692a2a1c9770,proj_0194,10,6,58.6342,47.0554,0.9984,40.0678,1,0.5,2,4,0.324,0,0.0,3,Emerging Generalist Builder,Strong match (Score: 58.6). Matched 2/4 required skills (50%). high text similarity (0.32). Segment: Emerging Generalist Builder.
dfc2ebc8-5500-4b50-82be-d77462e965ee,proj_0195,1,1,81.8756,81.8864,0.9996,82.4889,1,1.0,5,5,0.4422,1,0.0,2,High Open-Source Contributor,Exceptional match (Score: 81.9). Matched 5/5 required skills (100%). high text similarity (0.44). domain aligned. Segment: High Open-Source Contributor.
b4ccab6a-fe7a-4a76-bbea-150c9cbd5d3e,proj_0195,2,1,75.0686,73.0191,0.9996,67.4933,1,0.8,4,5,0.3582,1,0.0,3,Emerging Generalist Builder,Exceptional match (Score: 75.1). Matched 4/5 required skills (80%). high text similarity (0.36). domain aligned. Segment: Emerging Generalist Builder.
8fdb4f75-2082-46bd-ac46-3d880127590a,proj_0195,3,1,72.9854,66.976,0.9995,78.1367,1,1.0,5,5,0.414,0,0.0,3,Emerging Generalist Builder,Strong match (Score: 73.0). Matched 5/5 required skills (100%). high text similarity (0.41). Segment: Emerging Generalist Builder.
ee0e5321-7a36-48e8-a779-33227c94a127,proj_0195,4,1,72.0978,65.4694,0.9995,69.1338,1,1.0,5,5,0.395,0,0.0,2,High Open-Source Contributor,Strong match (Score: 72.1). Matched 5/5 required skills (100%). high text similarity (0.40). Segment: High Open-Source Contributor.
6dda9196-0380-414d-9235-c10e43fb414e,proj_0195,5,1,65.8025,56.5576,0.9995,59.1451,1,0.8,4,5,0.3463,0,0.0,3,Emerging Generalist Builder,Strong match (Score: 65.8). Matched 4/5 required skills (80%). high text similarity (0.35). Segment: Emerging Generalist Builder.
ebd67270-7b36-40e2-ba76-ffe10b3142c3,proj_0195,6,3,62.7133,53.5307,0.9995,58.4538,1,0.6,3,5,0.3544,0,0.0,2,High Open-Source Contributor,Strong match (Score: 62.7). Matched 3/5 required skills (60%). high text similarity (0.35). Segment: High Open-Source Contributor.
62896dac-f806-44b9-bcb9-4a4df88ecc09,proj_0195,7,9,56.6616,46.2652,0.9995,43.9598,1,0.6,3,5,0.1447,0,0.0,0,Applied Project Specialist,Strong match (Score: 56.7). Matched 3/5 required skills (60%). Segment: Applied Project Specialist.
359cd95a-3ba1-415a-89c5-e2d4d3e11945,proj_0195,8,25,48.7888,33.4344,0.9969,31.9577,1,0.2,1,5,0.0672,1,0.0,2,High Open-Source Contributor,Moderate match (Score: 48.8). Matched 1/5 required skills (20%). domain aligned. Segment: High Open-Source Contributor.
689ef428-5690-41ea-8a1b-ebc15103c183,proj_0195,9,30,48.7309,33.5373,0.9962,33.3444,1,0.2,1,5,0.062,1,0.0,2,High Open-Source Contributor,Moderate match (Score: 48.7). Matched 1/5 required skills (20%). domain aligned. Segment: High Open-Source Contributor.
1458b5a8-ec14-4f63-b9f8-f205cef99d3a,proj_0195,10,21,48.2395,32.7975,0.9994,30.9476,1,0.4,2,5,0.0759,0,0.0,0,Applied Project Specialist,Moderate match (Score: 48.2). Matched 2/5 required skills (40%). Segment: Applied Project Specialist.
1a936a97-805b-4cee-9aec-926daf068aae,proj_0196,1,1,74.7954,73.0509,0.9996,82.3087,1,1.0,3,3,0.2058,1,0.0,3,Emerging Generalist Builder,Strong match (Score: 74.8). Matched 3/3 required skills (100%). high text similarity (0.21). domain aligned. Segment: Emerging Generalist Builder.
fcf55a24-23c2-4309-a192-7f47d52acf29,proj_0196,2,1,72.5671,67.8589,0.9996,74.0432,1,1.0,3,3,0.1957,1,0.0,3,Emerging Generalist Builder,Strong match (Score: 72.6). Matched 3/3 required skills (100%). high text similarity (0.20). domain aligned. Segment: Emerging Generalist Builder.
fb226637-2562-4854-b14a-c221fc1c16f5,proj_0196,3,7,64.8993,55.742,0.9995,53.0541,1,1.0,3,3,0.1745,0,0.0,2,High Open-Source Contributor,Strong match (Score: 64.9). Matched 3/3 required skills (100%). high text similarity (0.17). Segment: High Open-Source Contributor.
bf71b5af-5a4f-4e44-ba7a-ca87d9f090ff,proj_0196,4,4,64.8219,56.1085,0.9996,57.6653,1,0.6667,2,3,0.2149,1,0.0,3,Emerging Generalist Builder,Strong match (Score: 64.8). Matched 2/3 required skills (67%). high text similarity (0.21). domain aligned. Segment: Emerging Generalist Builder.
6188831d-2423-4170-97be-c1ce063d2e91,proj_0196,5,3,62.9289,54.706,0.9994,51.5656,1,0.6667,2,3,0.1265,1,0.0,3,Emerging Generalist Builder,Strong match (Score: 62.9). Matched 2/3 required skills (67%). domain aligned. Segment: Emerging Generalist Builder.
ae3dcd6d-68be-4555-8891-2616eea6618b,proj_0196,6,12,62.1547,53.9292,0.9995,50.636,1,0.6667,2,3,0.0954,1,0.0,0,Applied Project Specialist,Strong match (Score: 62.2). Matched 2/3 required skills (67%). domain aligned. Segment: Applied Project Specialist.
6e3fd000-3350-4764-982f-563f6caa0a70,proj_0196,7,3,61.1065,51.4888,0.9995,49.9531,1,0.6667,2,3,0.0906,1,0.0,2,High Open-Source Contributor,Strong match (Score: 61.1). Matched 2/3 required skills (67%). domain aligned. Segment: High Open-Source Contributor.
aae2087b-48ce-441f-8985-02e8fb5169ec,proj_0196,8,8,60.9387,49.4117,0.9995,46.1308,1,0.6667,2,3,0.1348,1,0.0,0,Applied Project Specialist,Strong match (Score: 60.9). Matched 2/3 required skills (67%). domain aligned. Segment: Applied Project Specialist.
1d9b4b3e-c4c0-43ca-8453-f32f9ffec287,proj_0196,9,9,59.7843,48.7196,0.9994,45.1183,1,0.6667,2,3,0.0765,1,0.0,3,Emerging Generalist Builder,Strong match (Score: 59.8). Matched 2/3 required skills (67%). domain aligned. Segment: Emerging Generalist Builder.
3ed7abd2-0827-4ed4-b481-04b77872f7ed,proj_0196,10,4,59.0831,47.2366,0.9994,39.0636,1,0.6667,2,3,0.0693,1,0.0,2,High Open-Source Contributor,Strong match (Score: 59.1). Matched 2/3 required skills (67%). domain aligned. Segment: High Open-Source Contributor.
1dcf8fd7-0579-4c7d-b867-2e6bdb73e5eb,proj_0197,1,1,77.6574,77.1609,0.9996,73.374,1,1.0,3,3,0.287,1,0.0,0,Applied Project Specialist,Exceptional match (Score: 77.7). Matched 3/3 required skills (100%). high text similarity (0.29). domain aligned. Segment: Applied Project Specialist.
6604b8b7-f568-4fb9-a52b-767a49585bc8,proj_0197,2,1,75.368,73.1926,0.9996,62.1682,1,1.0,3,3,0.2402,1,0.0,2,High Open-Source Contributor,Exceptional match (Score: 75.4). Matched 3/3 required skills (100%). high text similarity (0.24). domain aligned. Segment: High Open-Source Contributor.
7cbaf425-d5c6-49f3-8efe-1b197b36c98b,proj_0197,3,2,68.0437,60.5805,0.9995,61.7094,1,1.0,3,3,0.2551,0,0.0,1,Hackathon Champion,Strong match (Score: 68.0). Matched 3/3 required skills (100%). high text similarity (0.26). Segment: Hackathon Champion.
cccfba1b-ed2e-4a9a-bd25-c6065845a27c,proj_0197,4,2,67.3349,58.861,0.9995,52.9712,1,1.0,3,3,0.2537,0,0.0,2,High Open-Source Contributor,Strong match (Score: 67.3). Matched 3/3 required skills (100%). high text similarity (0.25). Segment: High Open-Source Contributor.
49c9b4ca-d134-4461-a277-992b4d6ed843,proj_0197,5,1,66.1033,57.662,0.9996,62.9634,1,0.6667,2,3,0.2589,1,0.0,2,High Open-Source Contributor,Strong match (Score: 66.1). Matched 2/3 required skills (67%). high text similarity (0.26). domain aligned. Segment: High Open-Source Contributor.
a1b22b09-722b-4f62-beec-d3e19dbb8026,proj_0197,6,7,58.1462,45.2868,0.9995,44.2686,1,0.6667,2,3,0.2253,0,0.0,2,High Open-Source Contributor,Strong match (Score: 58.1). Matched 2/3 required skills (67%). high text similarity (0.23). Segment: High Open-Source Contributor.
61651476-b23b-4e95-9a84-a886cfb57efc,proj_0197,7,6,57.2624,43.0436,0.9995,46.677,1,0.6667,2,3,0.2262,0,0.0,3,Emerging Generalist Builder,Strong match (Score: 57.3). Matched 2/3 required skills (67%). high text similarity (0.23). Segment: Emerging Generalist Builder.
a18617bd-eb70-4f68-9316-aa2807609078,proj_0197,8,4,56.8153,42.7319,0.9995,40.6432,1,0.6667,2,3,0.2047,0,0.0,3,Emerging Generalist Builder,Strong match (Score: 56.8). Matched 2/3 required skills (67%). high text similarity (0.20). Segment: Emerging Generalist Builder.
865025ab-17ab-4a0a-9d53-5985612261a0,proj_0197,9,6,56.6124,41.2834,0.9995,41.2579,1,0.6667,2,3,0.2298,0,0.0,3,Emerging Generalist Builder,Strong match (Score: 56.6). Matched 2/3 required skills (67%). high text similarity (0.23). Segment: Emerging Generalist Builder.
afc7e477-3249-4772-95fd-e07a29179270,proj_0197,10,8,56.5469,43.9586,0.9989,45.27,1,0.3333,1,3,0.2109,1,0.0,0,Applied Project Specialist,Strong match (Score: 56.5). Matched 1/3 required skills (33%). high text similarity (0.21). domain aligned. Segment: Applied Project Specialist.
1dcf8fd7-0579-4c7d-b867-2e6bdb73e5eb,proj_0198,1,2,72.446,67.875,0.9995,65.6078,1,1.0,3,3,0.1874,1,0.0,0,Applied Project Specialist,Strong match (Score: 72.4). Matched 3/3 required skills (100%). high text similarity (0.19). domain aligned. Segment: Applied Project Specialist.
cccfba1b-ed2e-4a9a-bd25-c6065845a27c,proj_0198,2,4,63.0863,52.972,0.9992,47.9402,1,1.0,3,3,0.1281,0,0.0,2,High Open-Source Contributor,Strong match (Score: 63.1). Matched 3/3 required skills (100%). Segment: High Open-Source Contributor.
99d675f5-481c-4a42-ab83-626ee52dd60c,proj_0198,3,9,63.0675,54.2749,0.9994,56.8764,1,1.0,3,3,0.0917,0,0.0,0,Applied Project Specialist,Strong match (Score: 63.1). Matched 3/3 required skills (100%). Segment: Applied Project Specialist.
542b7d19-73c7-45fb-b92c-53bcb997d9cf,proj_0198,4,5,62.2975,51.7851,0.9993,57.7223,1,0.6667,2,3,0.1625,1,0.0,1,Hackathon Champion,Strong match (Score: 62.3). Matched 2/3 required skills (67%). high text similarity (0.16). domain aligned. Segment: Hackathon Champion.
afc7e477-3249-4772-95fd-e07a29179270,proj_0198,5,4,60.9866,50.8177,0.9995,51.1665,1,0.6667,2,3,0.1005,1,0.0,0,Applied Project Specialist,Strong match (Score: 61.0). Matched 2/3 required skills (67%). domain aligned. Segment: Applied Project Specialist.
e2cd9ecd-2a7e-47a0-a70f-5b6c97586fa9,proj_0198,6,3,60.5038,49.5582,0.9995,50.7123,1,0.6667,2,3,0.1019,1,0.0,2,High Open-Source Contributor,Strong match (Score: 60.5). Matched 2/3 required skills (67%). domain aligned. Segment: High Open-Source Contributor.
7b26de21-f416-4540-b996-0ac71302b1d1,proj_0198,7,1,60.2843,48.6344,0.9993,51.2475,1,0.6667,2,3,0.1123,1,0.0,2,High Open-Source Contributor,Strong match (Score: 60.3). Matched 2/3 required skills (67%). domain aligned. Segment: High Open-Source Contributor.
ffe0d273-f719-408a-aa21-4cf1c812a031,proj_0198,8,3,59.7846,47.8464,0.9995,61.779,1,0.6667,2,3,0.0996,1,0.0,3,Emerging Generalist Builder,Strong match (Score: 59.8). Matched 2/3 required skills (67%). domain aligned. Segment: Emerging Generalist Builder.
0decaf73-52c9-42b3-86a1-ab4cceda8b82,proj_0198,9,6,54.9303,40.8582,0.9995,44.426,1,0.6667,2,3,0.129,0,0.0,2,High Open-Source Contributor,Strong match (Score: 54.9). Matched 2/3 required skills (67%). Segment: High Open-Source Contributor.
0b5106f1-f666-4035-8004-d8f2e00a6a1d,proj_0198,10,19,54.8656,42.3164,0.9984,40.3068,1,0.3333,1,3,0.1436,1,0.0,2,High Open-Source Contributor,Strong match (Score: 54.9). Matched 1/3 required skills (33%). domain aligned. Segment: High Open-Source Contributor.
aaf15e54-2ea9-4302-9eb0-49002b6784b3,proj_0199,1,1,74.3106,69.3677,0.9996,70.2249,1,1.0,2,2,0.2717,1,0.0,2,High Open-Source Contributor,Strong match (Score: 74.3). Matched 2/2 required skills (100%). high text similarity (0.27). domain aligned. Segment: High Open-Source Contributor.
8484aefb-b48a-4def-9957-9096f3e5b8dd,proj_0199,2,1,73.6382,68.8493,0.9996,66.3411,1,1.0,2,2,0.2407,1,0.0,3,Emerging Generalist Builder,Strong match (Score: 73.6). Matched 2/2 required skills (100%). high text similarity (0.24). domain aligned. Segment: Emerging Generalist Builder.
b33c7dd8-cc1e-4f75-abd7-db482c0308b4,proj_0199,3,5,66.3062,58.1004,0.9995,58.5851,1,1.0,2,2,0.2054,0,0.0,0,Applied Project Specialist,Strong match (Score: 66.3). Matched 2/2 required skills (100%). high text similarity (0.21). Segment: Applied Project Specialist.
9bd2188b-b88c-4911-b3b0-168e9e3e1ab3,proj_0199,4,1,65.6754,56.0959,0.9993,60.7949,1,1.0,2,2,0.2172,0,0.0,2,High Open-Source Contributor,Strong match (Score: 65.7). Matched 2/2 required skills (100%). high text similarity (0.22). Segment: High Open-Source Contributor.
a4110e45-2926-4e7f-8678-ab3a4210a5f1,proj_0199,5,5,65.5169,55.6323,0.9995,53.5246,1,1.0,2,2,0.2186,0,0.0,1,Hackathon Champion,Strong match (Score: 65.5). Matched 2/2 required skills (100%). high text similarity (0.22). Segment: Hackathon Champion.
e1d8cfae-372f-4a25-b650-e90bcb367e87,proj_0199,6,1,62.7711,51.3177,0.9996,58.6609,1,0.5,1,2,0.2754,1,0.25,2,High Open-Source Contributor,Strong match (Score: 62.8). Matched 1/2 required skills (50%). high text similarity (0.28). domain aligned. Segment: High Open-Source Contributor.
b94dbd3e-01cf-41d6-986f-f35a63a849a8,proj_0199,7,3,58.5036,44.5665,0.9995,47.8486,1,0.5,1,2,0.2128,1,0.0,2,High Open-Source Contributor,Strong match (Score: 58.5). Matched 1/2 required skills (50%). high text similarity (0.21). domain aligned. Segment: High Open-Source Contributor.
5cab9df0-fce9-4f96-b7d4-77b04d8ef79a,proj_0199,8,7,57.7826,44.3615,0.9996,42.1013,1,0.5,1,2,0.17,1,0.0,1,Hackathon Champion,Strong match (Score: 57.8). Matched 1/2 required skills (50%). high text similarity (0.17). domain aligned. Segment: Hackathon Champion.
20f0cd2f-0720-4027-a947-2e6ea888d087,proj_0199,9,8,53.3252,39.0168,0.9995,35.5516,1,0.5,1,2,0.1489,0,0.2,3,Emerging Generalist Builder,Strong match (Score: 53.3). Matched 1/2 required skills (50%). Segment: Emerging Generalist Builder.
62e37ce6-ceca-4f3a-aa3a-b3f14c0ccdde,proj_0199,10,10,52.6624,36.7023,0.9995,52.7757,1,0.5,1,2,0.1581,0,0.25,3,Emerging Generalist Builder,Strong match (Score: 52.7). Matched 1/2 required skills (50%). high text similarity (0.16). Segment: Emerging Generalist Builder.
c5c58e75-ab1c-4fcb-9908-a0ebf6929c26,proj_0200,1,3,72.9817,69.2055,0.9995,68.179,1,1.0,4,4,0.3543,0,0.0,0,Applied Project Specialist,Strong match (Score: 73.0). Matched 4/4 required skills (100%). high text similarity (0.35). Segment: Applied Project Specialist.
03b5c41b-9b04-4bc6-9771-af990671b169,proj_0200,2,3,71.9498,65.6846,0.9995,63.1546,1,1.0,4,4,0.3794,0,0.0,3,Emerging Generalist Builder,Strong match (Score: 71.9). Matched 4/4 required skills (100%). high text similarity (0.38). Segment: Emerging Generalist Builder.
0dabe4e1-350b-4355-83ee-2950ef0ed983,proj_0200,3,1,71.3823,64.3819,0.9995,60.2947,1,1.0,4,4,0.3763,0,0.0,3,Emerging Generalist Builder,Strong match (Score: 71.4). Matched 4/4 required skills (100%). high text similarity (0.38). Segment: Emerging Generalist Builder.
df380874-aadc-4db9-bf1b-e42b838fb0f6,proj_0200,4,2,71.3782,65.5829,0.9995,66.6326,1,1.0,4,4,0.344,0,0.0,3,Emerging Generalist Builder,Strong match (Score: 71.4). Matched 4/4 required skills (100%). high text similarity (0.34). Segment: Emerging Generalist Builder.
b2b9f627-8889-463c-82ff-a50141a94031,proj_0200,5,3,70.5154,63.5985,0.9995,59.6545,1,1.0,4,4,0.3394,0,0.0,3,Emerging Generalist Builder,Strong match (Score: 70.5). Matched 4/4 required skills (100%). high text similarity (0.34). Segment: Emerging Generalist Builder.
61b17d01-04ee-42cb-bbfc-f28d39781cbd,proj_0200,6,2,70.3925,62.4474,0.9995,56.271,1,1.0,4,4,0.3619,0,0.0,3,Emerging Generalist Builder,Strong match (Score: 70.4). Matched 4/4 required skills (100%). high text similarity (0.36). Segment: Emerging Generalist Builder.
4f42d475-c776-472f-a67f-3721710ad8fa,proj_0200,7,2,70.312,62.37,0.9995,64.7525,1,1.0,4,4,0.3586,0,0.0,3,Emerging Generalist Builder,Strong match (Score: 70.3). Matched 4/4 required skills (100%). high text similarity (0.36). Segment: Emerging Generalist Builder.
3769dc5c-4e8b-4b24-9e2d-9e4e2179c613,proj_0200,8,4,66.6695,59.4724,0.9995,59.7407,1,0.75,3,4,0.3597,0,0.0,1,Hackathon Champion,Strong match (Score: 66.7). Matched 3/4 required skills (75%). high text similarity (0.36). Segment: Hackathon Champion.
0be069f8-4359-46f5-8597-2da68f4dacb5,proj_0200,9,3,66.0119,58.1998,0.9995,59.0652,1,0.75,3,4,0.3498,0,0.0,1,Hackathon Champion,Strong match (Score: 66.0). Matched 3/4 required skills (75%). high text similarity (0.35). Segment: Hackathon Champion.
d92644e4-b1af-4c67-97b4-42a739dc989f,proj_0200,10,4,65.3888,58.3221,0.9995,51.8756,1,0.75,3,4,0.305,0,0.0,3,Emerging Generalist Builder,Strong match (Score: 65.4). Matched 3/4 required skills (75%). high text similarity (0.30). Segment: Emerging Generalist Builder.
ed3f2794-a992-4ce0-bd83-2a067fc1022e,proj_0201,1,1,74.2884,71.7961,0.9995,70.3374,1,1.0,4,4,0.339,0,0.2,3,Emerging Generalist Builder,Strong match (Score: 74.3). Matched 4/4 required skills (100%). high text similarity (0.34). Segment: Emerging Generalist Builder.
71347510-c0fa-4c17-9340-1d4f34a9e024,proj_0201,2,2,73.194,69.5275,0.9995,64.9284,1,1.0,4,4,0.3182,0,0.25,3,Emerging Generalist Builder,Strong match (Score: 73.2). Matched 4/4 required skills (100%). high text similarity (0.32). Segment: Emerging Generalist Builder.
79ace0f3-d328-4e54-99d8-c5fdd11aa452,proj_0201,3,3,72.6965,69.3963,0.9995,62.9633,1,1.0,4,4,0.3302,0,0.0,1,Hackathon Champion,Strong match (Score: 72.7). Matched 4/4 required skills (100%). high text similarity (0.33). Segment: Hackathon Champion.
efa39902-d69e-44f9-aad9-c9c79d10edf5,proj_0201,4,2,72.5938,69.4019,0.9995,71.2846,1,1.0,4,4,0.3232,0,0.0,3,Emerging Generalist Builder,Strong match (Score: 72.6). Matched 4/4 required skills (100%). high text similarity (0.32). Segment: Emerging Generalist Builder.
a229e7eb-4cc4-4904-bc99-f96417bb5bf0,proj_0201,5,3,68.3119,60.4148,0.9995,60.2326,1,1.0,4,4,0.2774,0,0.0,3,Emerging Generalist Builder,Strong match (Score: 68.3). Matched 4/4 required skills (100%). high text similarity (0.28). Segment: Emerging Generalist Builder.
bcd14113-cdb3-41fa-9993-040ff343e346,proj_0201,6,3,66.1149,58.431,0.9995,57.4067,1,0.75,3,4,0.3505,0,0.0,2,High Open-Source Contributor,Strong match (Score: 66.1). Matched 3/4 required skills (75%). high text similarity (0.35). Segment: High Open-Source Contributor.
e9488dc6-d1ac-430c-a5c2-850186211dc1,proj_0201,7,5,65.9204,59.8122,0.9995,58.3236,1,0.75,3,4,0.3007,0,0.0,1,Hackathon Champion,Strong match (Score: 65.9). Matched 3/4 required skills (75%). high text similarity (0.30). Segment: Hackathon Champion.
7ca1631a-6a33-4d50-b7c4-1812a5884003,proj_0201,8,5,63.8727,55.2404,0.9995,50.5637,1,0.75,3,4,0.2861,0,0.0,3,Emerging Generalist Builder,Strong match (Score: 63.9). Matched 3/4 required skills (75%). high text similarity (0.29). Segment: Emerging Generalist Builder.
e010432f-7f95-480f-9c68-b6292bbbbefd,proj_0201,9,8,63.3291,54.3127,0.9995,61.7023,1,0.75,3,4,0.2746,0,0.0,2,High Open-Source Contributor,Strong match (Score: 63.3). Matched 3/4 required skills (75%). high text similarity (0.27). Segment: High Open-Source Contributor.
f2678cee-0f88-456f-9d8c-da04a86f8ea8,proj_0201,10,12,62.9464,53.8661,0.9995,50.1602,1,0.75,3,4,0.261,0,0.0,2,High Open-Source Contributor,Strong match (Score: 62.9). Matched 3/4 required skills (75%). high text similarity (0.26). Segment: High Open-Source Contributor.
98819017-823e-4fb9-8740-a987af1920e0,proj_0202,1,2,74.5976,71.2741,0.9996,74.6888,1,1.0,2,2,0.24,1,0.0,0,Applied Project Specialist,Strong match (Score: 74.6). Matched 2/2 required skills (100%). high text similarity (0.24). domain aligned. Segment: Applied Project Specialist.
41548c0f-f749-405b-8baa-0d455112ae92,proj_0202,2,2,63.1092,51.6156,0.9995,55.7866,1,1.0,2,2,0.1652,0,0.0,2,High Open-Source Contributor,Strong match (Score: 63.1). Matched 2/2 required skills (100%). high text similarity (0.17). Segment: High Open-Source Contributor.
937d18e2-38a4-4b49-a93a-047fab3db10e,proj_0202,3,3,62.6089,51.7335,0.9995,53.9082,1,1.0,2,2,0.1287,0,0.0,0,Applied Project Specialist,Strong match (Score: 62.6). Matched 2/2 required skills (100%). Segment: Applied Project Specialist.
2af7712b-5192-4039-b527-b1a51858eda8,proj_0202,4,2,60.8861,47.2052,0.9995,45.7781,1,1.0,2,2,0.1346,0,0.0,3,Emerging Generalist Builder,Strong match (Score: 60.9). Matched 2/2 required skills (100%). Segment: Emerging Generalist Builder.
ee3b1533-299c-4e72-98f8-51677fd888c2,proj_0202,5,4,55.3511,40.7916,0.9994,48.9401,1,0.5,1,2,0.1035,1,0.0,3,Emerging Generalist Builder,Strong match (Score: 55.4). Matched 1/2 required skills (50%). domain aligned. Segment: Emerging Generalist Builder.
6c984ec2-ddc4-4ca1-8e04-8fe558b7446a,proj_0202,6,10,55.0975,40.69,0.9993,39.0383,1,0.5,1,2,0.0895,1,0.0,2,High Open-Source Contributor,Strong match (Score: 55.1). Matched 1/2 required skills (50%). domain aligned. Segment: High Open-Source Contributor.
2b6fad95-0e6a-43b5-9410-74653a40193b,proj_0202,7,7,54.8982,39.6517,0.9994,32.0026,1,0.5,1,2,0.1037,1,0.0,2,High Open-Source Contributor,Strong match (Score: 54.9). Matched 1/2 required skills (50%). domain aligned. Segment: High Open-Source Contributor.
7c59a687-5d33-4f1e-b160-4b4af927664b,proj_0202,8,36,47.6506,28.7691,0.9994,20.4785,1,0.5,1,2,0.0774,0,0.0,2,High Open-Source Contributor,Moderate match (Score: 47.7). Matched 1/2 required skills (50%). Segment: High Open-Source Contributor.
d052c5f3-b891-454a-84df-4065759115f4,proj_0202,9,44,46.9544,28.3484,0.9993,24.3152,1,0.5,1,2,0.0424,0,0.0,2,High Open-Source Contributor,Moderate match (Score: 47.0). Matched 1/2 required skills (50%). Segment: High Open-Source Contributor.
c478ab16-73cc-4c97-a81c-03bb388a6500,proj_0202,10,16,46.9051,26.8828,0.9993,19.1334,1,0.5,1,2,0.0782,0,0.0,3,Emerging Generalist Builder,Moderate match (Score: 46.9). Matched 1/2 required skills (50%). Segment: Emerging Generalist Builder.
98819017-823e-4fb9-8740-a987af1920e0,proj_0203,1,1,76.2465,75.0213,0.9996,74.4886,1,1.0,3,3,0.25,1,0.0,0,Applied Project Specialist,Exceptional match (Score: 76.2). Matched 3/3 required skills (100%). high text similarity (0.25). domain aligned. Segment: Applied Project Specialist.
89725f1b-cf77-46ec-b600-8d479c5336f0,proj_0203,2,6,61.1665,50.7432,0.9988,56.2969,1,0.3333,1,3,0.2826,1,0.3333,1,Hackathon Champion,Strong match (Score: 61.2). Matched 1/3 required skills (33%). high text similarity (0.28). domain aligned. Segment: Hackathon Champion.
028835cb-f2be-4cf3-833d-5016c814a61b,proj_0203,3,7,60.2818,48.9219,0.9989,51.5672,1,0.3333,1,3,0.2942,1,0.2,2,High Open-Source Contributor,Strong match (Score: 60.3). Matched 1/3 required skills (33%). high text similarity (0.29). domain aligned. Segment: High Open-Source Contributor.
937d18e2-38a4-4b49-a93a-047fab3db10e,proj_0203,4,4,57.4264,45.6284,0.9995,50.7105,1,0.6667,2,3,0.1682,0,0.0,0,Applied Project Specialist,Strong match (Score: 57.4). Matched 2/3 required skills (67%). high text similarity (0.17). Segment: Applied Project Specialist.
c3b38c11-0bcb-49fb-91ff-75f472399a74,proj_0203,5,2,55.8394,43.8084,0.9987,39.8081,1,0.3333,1,3,0.1348,1,0.2,1,Hackathon Champion,Strong match (Score: 55.8). Matched 1/3 required skills (33%). domain aligned. Segment: Hackathon Champion.
41548c0f-f749-405b-8baa-0d455112ae92,proj_0203,6,5,54.7006,40.7152,0.9995,44.5775,1,0.6667,2,3,0.1175,0,0.0,2,High Open-Source Contributor,Strong match (Score: 54.7). Matched 2/3 required skills (67%). Segment: High Open-Source Contributor.
3b352acc-0fa8-4b83-9f14-78ace8ade551,proj_0203,7,3,54.0928,38.5732,0.9995,36.0468,1,0.6667,2,3,0.1341,0,0.0,1,Hackathon Champion,Strong match (Score: 54.1). Matched 2/3 required skills (67%). Segment: Hackathon Champion.
961c7e8c-d09e-4acb-ba57-63466f357076,proj_0203,8,5,53.6797,37.9268,0.9995,40.0645,1,0.6667,2,3,0.1238,0,0.0,3,Emerging Generalist Builder,Strong match (Score: 53.7). Matched 2/3 required skills (67%). Segment: Emerging Generalist Builder.
2af7712b-5192-4039-b527-b1a51858eda8,proj_0203,9,7,52.92,36.6087,0.9994,37.2047,1,0.6667,2,3,0.1085,0,0.0,3,Emerging Generalist Builder,Strong match (Score: 52.9). Matched 2/3 required skills (67%). Segment: Emerging Generalist Builder.
6c984ec2-ddc4-4ca1-8e04-8fe558b7446a,proj_0203,10,15,52.1528,36.4726,0.9986,43.635,1,0.3333,1,3,0.2293,0,0.3333,2,High Open-Source Contributor,Strong match (Score: 52.2). Matched 1/3 required skills (33%). high text similarity (0.23). Segment: High Open-Source Contributor.
65fb74d3-9211-4e75-a64c-e76a89893ccc,proj_0204,1,1,79.3142,78.1079,0.9996,86.7057,1,1.0,4,4,0.3722,1,0.0,0,Applied Project Specialist,Exceptional match (Score: 79.3). Matched 4/4 required skills (100%). high text similarity (0.37). domain aligned. Segment: Applied Project Specialist.
71356e5d-9127-4bbd-9772-a4c4e1f40a13,proj_0204,2,1,74.3711,72.6489,0.9996,78.7012,1,0.75,3,4,0.3549,1,0.0,2,High Open-Source Contributor,Strong match (Score: 74.4). Matched 3/4 required skills (75%). high text similarity (0.35). domain aligned. Segment: High Open-Source Contributor.
bb770a17-7d83-4cbb-aca4-e2a868dafa3e,proj_0204,3,2,73.0956,71.0991,0.9996,67.9413,1,0.75,3,4,0.3112,1,0.0,3,Emerging Generalist Builder,Strong match (Score: 73.1). Matched 3/4 required skills (75%). high text similarity (0.31). domain aligned. Segment: Emerging Generalist Builder.
0664ac18-e4b1-4687-a748-cf62f7e567f9,proj_0204,4,2,71.9743,66.5669,0.9995,66.3074,1,1.0,4,4,0.3575,0,0.0,2,High Open-Source Contributor,Strong match (Score: 72.0). Matched 4/4 required skills (100%). high text similarity (0.36). Segment: High Open-Source Contributor.
9cd942b8-00f7-495c-9c10-d6c9e2b36f57,proj_0204,5,1,71.6418,65.0308,0.9995,61.5836,1,1.0,4,4,0.3763,0,0.0,2,High Open-Source Contributor,Strong match (Score: 71.6). Matched 4/4 required skills (100%). high text similarity (0.38). Segment: High Open-Source Contributor.
61fd5470-3e56-4a8f-95c3-c80c3571e83a,proj_0204,6,5,65.9199,58.4761,0.9995,54.1109,1,0.75,3,4,0.3363,0,0.0,1,Hackathon Champion,Strong match (Score: 65.9). Matched 3/4 required skills (75%). high text similarity (0.34). Segment: Hackathon Champion.
46a01596-9eb8-4790-9e04-ba845207e836,proj_0204,7,3,65.3546,58.2439,0.9995,56.4203,1,0.75,3,4,0.3048,0,0.0,2,High Open-Source Contributor,Strong match (Score: 65.4). Matched 3/4 required skills (75%). high text similarity (0.30). Segment: High Open-Source Contributor.
4c7158f5-0178-4764-91e9-206adc1abe4b,proj_0204,8,2,65.2326,56.7014,0.9995,55.2552,1,0.75,3,4,0.3378,0,0.0,2,High Open-Source Contributor,Strong match (Score: 65.2). Matched 3/4 required skills (75%). high text similarity (0.34). Segment: High Open-Source Contributor.
0614b282-09f3-41f4-8c80-cd26922cefb7,proj_0204,9,6,60.7298,50.6721,0.9996,56.5497,1,0.5,2,4,0.1982,1,0.0,1,Hackathon Champion,Strong match (Score: 60.7). Matched 2/4 required skills (50%). high text similarity (0.20). domain aligned. Segment: Hackathon Champion.
b737c73d-287a-42d9-bf3f-4c1e38e85199,proj_0204,10,8,59.1301,49.924,0.9996,44.1278,1,0.5,2,4,0.1115,1,0.0,2,High Open-Source Contributor,Strong match (Score: 59.1). Matched 2/4 required skills (50%). domain aligned. Segment: High Open-Source Contributor.
61fd5470-3e56-4a8f-95c3-c80c3571e83a,proj_0205,1,1,80.1197,80.3992,0.9996,85.477,1,1.0,4,4,0.3648,1,0.0,1,Hackathon Champion,Exceptional match (Score: 80.1). Matched 4/4 required skills (100%). high text similarity (0.36). domain aligned. Segment: Hackathon Champion.
65fb74d3-9211-4e75-a64c-e76a89893ccc,proj_0205,2,2,78.9367,78.8142,0.9996,80.4817,1,1.0,4,4,0.3282,1,0.0,0,Applied Project Specialist,Exceptional match (Score: 78.9). Matched 4/4 required skills (100%). high text similarity (0.33). domain aligned. Segment: Applied Project Specialist.
4c7158f5-0178-4764-91e9-206adc1abe4b,proj_0205,3,1,71.093,67.1462,0.9996,78.9676,1,0.75,3,4,0.2831,1,0.0,2,High Open-Source Contributor,Strong match (Score: 71.1). Matched 3/4 required skills (75%). high text similarity (0.28). domain aligned. Segment: High Open-Source Contributor.
0664ac18-e4b1-4687-a748-cf62f7e567f9,proj_0205,4,4,70.7797,65.7106,0.9995,65.4678,1,1.0,4,4,0.3007,0,0.0,2,High Open-Source Contributor,Strong match (Score: 70.8). Matched 4/4 required skills (100%). high text similarity (0.30). Segment: High Open-Source Contributor.
71356e5d-9127-4bbd-9772-a4c4e1f40a13,proj_0205,5,3,70.6341,65.3503,0.9995,50.5394,1,1.0,4,4,0.3006,0,0.0,2,High Open-Source Contributor,Strong match (Score: 70.6). Matched 4/4 required skills (100%). high text similarity (0.30). Segment: High Open-Source Contributor.
e12d2d84-0277-4bcb-84ff-63450e3cc004,proj_0205,6,2,69.9046,64.959,0.9996,62.7007,1,0.75,3,4,0.2622,1,0.0,3,Emerging Generalist Builder,Strong match (Score: 69.9). Matched 3/4 required skills (75%). high text similarity (0.26). domain aligned. Segment: Emerging Generalist Builder.
9cd942b8-00f7-495c-9c10-d6c9e2b36f57,proj_0205,7,2,67.4596,62.031,0.9995,67.3868,1,0.75,3,4,0.2886,0,0.3333,2,High Open-Source Contributor,Strong match (Score: 67.5). Matched 3/4 required skills (75%). high text similarity (0.29). Segment: High Open-Source Contributor.
a660ca84-0849-42e6-9324-a286f016aa5b,proj_0205,8,2,63.1866,54.4552,0.9996,51.0504,1,0.5,2,4,0.2611,1,0.0,2,High Open-Source Contributor,Strong match (Score: 63.2). Matched 2/4 required skills (50%). high text similarity (0.26). domain aligned. Segment: High Open-Source Contributor.
c9eb73ea-d077-44ec-b88c-690272b8f0e7,proj_0205,9,3,61.7659,51.2897,0.9995,52.0282,1,0.75,3,4,0.251,0,0.0,3,Emerging Generalist Builder,Strong match (Score: 61.8). Matched 3/4 required skills (75%). high text similarity (0.25). Segment: Emerging Generalist Builder.
46a01596-9eb8-4790-9e04-ba845207e836,proj_0205,10,6,61.4271,51.6427,0.9995,58.4181,1,0.75,3,4,0.219,0,0.0,2,High Open-Source Contributor,Strong match (Score: 61.4). Matched 3/4 required skills (75%). high text similarity (0.22). Segment: High Open-Source Contributor.
4740cd5d-ac02-4515-ac53-2040e26b69ba,proj_0206,1,1,75.5705,74.0026,0.9993,72.6719,1,1.0,3,3,0.2327,1,0.0,2,High Open-Source Contributor,Exceptional match (Score: 75.6). Matched 3/3 required skills (100%). high text similarity (0.23). domain aligned. Segment: High Open-Source Contributor.
075a80d5-043a-4b43-bdea-b48fad26e8ff,proj_0206,2,2,66.3666,58.6077,0.9995,52.7137,1,1.0,3,3,0.1959,0,0.0,0,Applied Project Specialist,Strong match (Score: 66.4). Matched 3/3 required skills (100%). high text similarity (0.20). Segment: Applied Project Specialist.
5a5e88c1-5f2d-4dda-bf2b-57bab8f82575,proj_0206,3,1,66.2329,57.3209,0.9995,55.6805,1,1.0,3,3,0.2213,0,0.0,3,Emerging Generalist Builder,Strong match (Score: 66.2). Matched 3/3 required skills (100%). high text similarity (0.22). Segment: Emerging Generalist Builder.
89fd636c-f318-4056-861f-7c69aabaed3f,proj_0206,4,1,65.5691,56.839,0.9993,52.9668,1,1.0,3,3,0.1903,0,0.0,3,Emerging Generalist Builder,Strong match (Score: 65.6). Matched 3/3 required skills (100%). high text similarity (0.19). Segment: Emerging Generalist Builder.
764a5184-1cb3-4b67-90a5-b8daa11ab4db,proj_0206,5,2,64.3044,55.1334,0.9996,48.3838,1,0.6667,2,3,0.2064,1,0.0,3,Emerging Generalist Builder,Strong match (Score: 64.3). Matched 2/3 required skills (67%). high text similarity (0.21). domain aligned. Segment: Emerging Generalist Builder.
ea526b22-b31d-4bcc-bf22-b26e667a0389,proj_0206,6,2,63.9017,54.7479,0.9996,61.606,1,0.6667,2,3,0.1565,1,0.2,1,Hackathon Champion,Strong match (Score: 63.9). Matched 2/3 required skills (67%). high text similarity (0.16). domain aligned. Segment: Hackathon Champion.
47bb619e-c8da-4f9d-b2b8-c1f34353bcbe,proj_0206,7,1,56.696,42.7151,0.9995,37.5579,1,0.6667,2,3,0.1972,0,0.0,2,High Open-Source Contributor,Strong match (Score: 56.7). Matched 2/3 required skills (67%). high text similarity (0.20). Segment: High Open-Source Contributor.
d92644e4-b1af-4c67-97b4-42a739dc989f,proj_0206,8,12,56.5055,44.3249,0.9986,41.3746,1,0.3333,1,3,0.1573,1,0.25,3,Emerging Generalist Builder,Strong match (Score: 56.5). Matched 1/3 required skills (33%). high text similarity (0.16). domain aligned. Segment: Emerging Generalist Builder.
ee8e02a0-9f5d-4f2a-98f8-77485ed5989e,proj_0206,9,4,56.4865,43.3312,0.9995,46.2958,1,0.6667,2,3,0.1668,0,0.0,2,High Open-Source Contributor,Strong match (Score: 56.5). Matched 2/3 required skills (67%). high text similarity (0.17). Segment: High Open-Source Contributor.
f4ba3a88-533b-438e-8ace-e729250c8304,proj_0206,10,6,56.074,42.15,0.9995,39.8994,1,0.6667,2,3,0.1708,0,0.0,2,High Open-Source Contributor,Strong match (Score: 56.1). Matched 2/3 required skills (67%). high text similarity (0.17). Segment: High Open-Source Contributor.
e431f3da-f600-4d0f-ba76-86bf19ae9a0d,proj_0207,1,1,82.0733,84.4371,0.9996,86.7903,1,1.0,3,3,0.3457,1,0.25,0,Applied Project Specialist,Exceptional match (Score: 82.1). Matched 3/3 required skills (100%). high text similarity (0.35). domain aligned. Segment: Applied Project Specialist.
1ec54584-53e9-4aeb-849b-1ecb628f6920,proj_0207,2,2,66.125,58.2149,0.9996,48.8874,1,0.6667,2,3,0.2456,1,0.0,2,High Open-Source Contributor,Strong match (Score: 66.1). Matched 2/3 required skills (67%). high text similarity (0.25). domain aligned. Segment: High Open-Source Contributor.
f65e9bc5-57b3-4f96-ab99-5e425d46456e,proj_0207,3,1,65.631,57.4563,0.9994,56.5095,1,0.6667,2,3,0.2333,1,0.0,0,Applied Project Specialist,Strong match (Score: 65.6). Matched 2/3 required skills (67%). high text similarity (0.23). domain aligned. Segment: Applied Project Specialist.
31dcad26-4ef6-4733-ae9d-014171bbf233,proj_0207,4,3,65.0743,57.2275,0.9993,65.4991,1,0.6667,2,3,0.3136,0,0.3333,2,High Open-Source Contributor,Strong match (Score: 65.1). Matched 2/3 required skills (67%). high text similarity (0.31). Segment: High Open-Source Contributor.
38ec06b2-32c5-44b5-9006-583e15a4e8de,proj_0207,5,4,64.0383,55.5919,0.9993,56.2605,1,0.6667,2,3,0.1437,1,0.2,3,Emerging Generalist Builder,Strong match (Score: 64.0). Matched 2/3 required skills (67%). domain aligned. Segment: Emerging Generalist Builder.
e74cd5e6-4aad-460f-9ec1-a6eac48a4a58,proj_0207,6,4,63.2967,53.8581,0.9995,60.7549,1,1.0,3,3,0.1179,0,0.0,0,Applied Project Specialist,Strong match (Score: 63.3). Matched 3/3 required skills (100%). Segment: Applied Project Specialist.
c4e69c9e-4472-40aa-ae9e-e98402e48d1b,proj_0207,7,4,62.4688,53.1582,0.9994,55.3897,1,0.6667,2,3,0.1371,1,0.0,0,Applied Project Specialist,Strong match (Score: 62.5). Matched 2/3 required skills (67%). domain aligned. Segment: Applied Project Specialist.
da656870-ec8c-477f-ac77-d99f762a096a,proj_0207,8,3,61.2575,51.8962,0.9994,49.9346,1,0.6667,2,3,0.09,1,0.0,0,Applied Project Specialist,Strong match (Score: 61.3). Matched 2/3 required skills (67%). domain aligned. Segment: Applied Project Specialist.
29a70b35-707c-484f-8bb5-8b215d6ebcd4,proj_0207,9,7,60.9399,50.5059,0.9995,53.6636,1,0.6667,2,3,0.1057,1,0.0,2,High Open-Source Contributor,Strong match (Score: 60.9). Matched 2/3 required skills (67%). domain aligned. Segment: High Open-Source Contributor.
7b2e3b2a-c45e-40d1-b5a3-f4c25123b11c,proj_0207,10,3,60.6383,50.1313,0.9995,48.5448,1,0.6667,2,3,0.2067,0,0.3333,2,High Open-Source Contributor,Strong match (Score: 60.6). Matched 2/3 required skills (67%). high text similarity (0.21). Segment: High Open-Source Contributor.
e431f3da-f600-4d0f-ba76-86bf19ae9a0d,proj_0208,1,2,69.2712,63.8667,0.9995,63.7495,1,1.0,4,4,0.2493,0,0.0,0,Applied Project Specialist,Strong match (Score: 69.3). Matched 4/4 required skills (100%). high text similarity (0.25). Segment: Applied Project Specialist.
31dcad26-4ef6-4733-ae9d-014171bbf233,proj_0208,2,2,68.1759,61.5335,0.9995,57.8271,1,1.0,4,4,0.2385,0,0.0,2,High Open-Source Contributor,Strong match (Score: 68.2). Matched 4/4 required skills (100%). high text similarity (0.24). Segment: High Open-Source Contributor.
e74cd5e6-4aad-460f-9ec1-a6eac48a4a58,proj_0208,3,1,68.0441,61.9028,0.9995,68.8579,1,0.75,3,4,0.3532,0,0.2,0,Applied Project Specialist,Strong match (Score: 68.0). Matched 3/4 required skills (75%). high text similarity (0.35). Segment: Applied Project Specialist.
10bc86f8-4c4f-44c5-ac1f-8300667bcd91,proj_0208,4,1,67.2561,59.8152,0.9995,57.0487,1,1.0,4,4,0.223,0,0.0,2,High Open-Source Contributor,Strong match (Score: 67.3). Matched 4/4 required skills (100%). high text similarity (0.22). Segment: High Open-Source Contributor.
1ec54584-53e9-4aeb-849b-1ecb628f6920,proj_0208,5,5,62.0657,53.0767,0.9995,46.392,1,0.75,3,4,0.19,0,0.2,2,High Open-Source Contributor,Strong match (Score: 62.1). Matched 3/4 required skills (75%). high text similarity (0.19). Segment: High Open-Source Contributor.
15d763c8-c667-47dc-b0e4-4b655fcbea47,proj_0208,6,1,57.8348,46.3151,0.9996,44.2338,1,0.5,2,4,0.2325,0,0.3333,3,Emerging Generalist Builder,Strong match (Score: 57.8). Matched 2/4 required skills (50%). high text similarity (0.23). Segment: Emerging Generalist Builder.
345ab973-cb26-4074-b96f-6db8f8e892c3,proj_0208,7,3,55.942,43.8749,0.9995,51.2751,1,0.5,2,4,0.1938,0,0.2,2,High Open-Source Contributor,Strong match (Score: 55.9). Matched 2/4 required skills (50%). high text similarity (0.19). Segment: High Open-Source Contributor.
ed5299a2-0bad-49b4-926e-1cf67c877fe8,proj_0208,8,7,55.5903,43.1596,0.9995,48.5559,1,0.5,2,4,0.1811,0,0.25,1,Hackathon Champion,Strong match (Score: 55.6). Matched 2/4 required skills (50%). high text similarity (0.18). Segment: Hackathon Champion.
1044be72-5821-47e7-92b6-0796d7cba486,proj_0208,9,4,55.4186,43.1628,0.9995,49.6147,1,0.5,2,4,0.1779,0,0.2,2,High Open-Source Contributor,Strong match (Score: 55.4). Matched 2/4 required skills (50%). high text similarity (0.18). Segment: High Open-Source Contributor.
c1a1ab53-2ff7-4fec-b883-968673ac227a,proj_0208,10,13,53.6548,39.6544,0.9991,37.9791,1,0.5,2,4,0.188,0,0.0,2,High Open-Source Contributor,Strong match (Score: 53.7). Matched 2/4 required skills (50%). high text similarity (0.19). Segment: High Open-Source Contributor.
10736425-57d9-44fa-9944-ecb1440f16cc,proj_0209,1,1,75.7261,74.0841,0.9996,74.1434,1,1.0,3,3,0.2403,1,0.0,1,Hackathon Champion,Exceptional match (Score: 75.7). Matched 3/3 required skills (100%). high text similarity (0.24). domain aligned. Segment: Hackathon Champion.
b7dad599-a16d-4fcf-b509-98101812c67c,proj_0209,2,1,75.435,73.6901,0.9996,76.4941,1,1.0,3,3,0.2314,1,0.0,2,High Open-Source Contributor,Exceptional match (Score: 75.4). Matched 3/3 required skills (100%). high text similarity (0.23). domain aligned. Segment: High Open-Source Contributor.
37921f8e-6940-4221-a34b-d7be678be5c4,proj_0209,3,6,67.6728,61.8282,0.9995,63.2269,1,1.0,3,3,0.1971,0,0.0,0,Applied Project Specialist,Strong match (Score: 67.7). Matched 3/3 required skills (100%). high text similarity (0.20). Segment: Applied Project Specialist.
11ae27ca-bf45-46bd-9607-4def4f4b9847,proj_0209,4,8,66.6902,59.9267,0.9995,58.4385,1,1.0,3,3,0.1823,0,0.0,1,Hackathon Champion,Strong match (Score: 66.7). Matched 3/3 required skills (100%). high text similarity (0.18). Segment: Hackathon Champion.
482ad2c1-897a-4d02-a049-2588feb555c9,proj_0209,5,8,66.6643,59.4608,0.9995,63.5862,1,1.0,3,3,0.193,0,0.0,2,High Open-Source Contributor,Strong match (Score: 66.7). Matched 3/3 required skills (100%). high text similarity (0.19). Segment: High Open-Source Contributor.
e79850c2-c17a-4aac-b2b3-52194b911c0a,proj_0209,6,7,66.3411,58.8777,0.9995,63.0418,1,1.0,3,3,0.187,0,0.0,2,High Open-Source Contributor,Strong match (Score: 66.3). Matched 3/3 required skills (100%). high text similarity (0.19). Segment: High Open-Source Contributor.
6750c492-31c8-4aa9-8d43-05cfda6f0f44,proj_0209,7,6,66.0459,57.611,0.9993,52.995,1,1.0,3,3,0.2015,0,0.0,3,Emerging Generalist Builder,Strong match (Score: 66.0). Matched 3/3 required skills (100%). high text similarity (0.20). Segment: Emerging Generalist Builder.
47a94596-24f8-4c7c-9961-3337e72d1feb,proj_0209,8,6,65.6052,58.4792,0.9996,59.2047,1,0.6667,2,3,0.2039,1,0.0,0,Applied Project Specialist,Strong match (Score: 65.6). Matched 2/3 required skills (67%). high text similarity (0.20). domain aligned. Segment: Applied Project Specialist.
5f9cfcc6-552b-4718-a0ae-2c03abd29b11,proj_0209,9,8,65.5024,56.9611,0.9996,56.3581,1,1.0,3,3,0.182,0,0.0,3,Emerging Generalist Builder,Strong match (Score: 65.5). Matched 3/3 required skills (100%). high text similarity (0.18). Segment: Emerging Generalist Builder.
0366bf32-f9d4-4aa2-a3f8-e65520b0768c,proj_0209,10,7,64.141,55.2162,0.9996,60.9396,1,0.6667,2,3,0.1933,1,0.0,2,High Open-Source Contributor,Strong match (Score: 64.1). Matched 2/3 required skills (67%). high text similarity (0.19). domain aligned. Segment: High Open-Source Contributor.
1b0eb8d9-5d90-4feb-85f8-57e9bb66294b,proj_0210,1,2,68.4723,62.4544,0.9995,58.985,1,1.0,4,4,0.2337,0,0.0,2,High Open-Source Contributor,Strong match (Score: 68.5). Matched 4/4 required skills (100%). high text similarity (0.23). Segment: High Open-Source Contributor.
132eafd1-24b7-4dd8-b703-0907cb2db46e,proj_0210,2,1,68.3853,62.4546,0.9995,60.2251,1,1.0,4,4,0.2279,0,0.0,0,Applied Project Specialist,Strong match (Score: 68.4). Matched 4/4 required skills (100%). high text similarity (0.23). Segment: Applied Project Specialist.
c5c58e75-ab1c-4fcb-9908-a0ebf6929c26,proj_0210,3,7,67.8723,61.7046,0.9995,58.7173,1,1.0,4,4,0.2137,0,0.0,0,Applied Project Specialist,Strong match (Score: 67.9). Matched 4/4 required skills (100%). high text similarity (0.21). Segment: Applied Project Specialist.
d92644e4-b1af-4c67-97b4-42a739dc989f,proj_0210,4,2,67.2587,60.1142,0.9995,68.5773,1,1.0,4,4,0.2152,0,0.0,3,Emerging Generalist Builder,Strong match (Score: 67.3). Matched 4/4 required skills (100%). high text similarity (0.22). Segment: Emerging Generalist Builder.
1f9bd25e-d55e-432f-906d-be2832e0475f,proj_0210,5,3,66.4448,58.9607,0.9995,57.2351,1,1.0,4,4,0.1917,0,0.0,3,Emerging Generalist Builder,Strong match (Score: 66.4). Matched 4/4 required skills (100%). high text similarity (0.19). Segment: Emerging Generalist Builder.
bcbb259f-658e-4461-8c3d-c07b29aa5e23,proj_0210,6,4,66.4158,58.0896,0.9995,55.7515,1,1.0,4,4,0.213,0,0.0,3,Emerging Generalist Builder,Strong match (Score: 66.4). Matched 4/4 required skills (100%). high text similarity (0.21). Segment: Emerging Generalist Builder.
61b17d01-04ee-42cb-bbfc-f28d39781cbd,proj_0210,7,5,66.0635,57.4225,0.9995,52.0499,1,1.0,4,4,0.2073,0,0.0,3,Emerging Generalist Builder,Strong match (Score: 66.1). Matched 4/4 required skills (100%). high text similarity (0.21). Segment: Emerging Generalist Builder.
19d329f2-3d8d-46b4-9a4c-c52d841a38aa,proj_0210,8,7,61.4133,52.2269,0.9995,56.3257,1,0.75,3,4,0.2025,0,0.0,2,High Open-Source Contributor,Strong match (Score: 61.4). Matched 3/4 required skills (75%). high text similarity (0.20). Segment: High Open-Source Contributor.
0be069f8-4359-46f5-8597-2da68f4dacb5,proj_0210,9,9,61.3596,51.8528,0.9995,47.7889,1,0.75,3,4,0.2089,0,0.0,1,Hackathon Champion,Strong match (Score: 61.4). Matched 3/4 required skills (75%). high text similarity (0.21). Segment: Hackathon Champion.
0f60b7fb-bc7e-48e4-95b5-f5b0a7f7bc31,proj_0210,10,3,61.1461,51.4728,0.9995,60.2646,1,0.75,3,4,0.2048,0,0.0,1,Hackathon Champion,Strong match (Score: 61.1). Matched 3/4 required skills (75%). high text similarity (0.20). Segment: Hackathon Champion.
2df251e3-b72c-4b1c-be29-4f4a1a0e19f7,proj_0211,1,2,75.6078,73.5708,0.9996,70.6427,1,1.0,3,3,0.2461,1,0.0,3,Emerging Generalist Builder,Exceptional match (Score: 75.6). Matched 3/3 required skills (100%). high text similarity (0.25). domain aligned. Segment: Emerging Generalist Builder.
c5c58e75-ab1c-4fcb-9908-a0ebf6929c26,proj_0211,2,1,74.7164,72.8123,0.9993,76.7887,1,1.0,3,3,0.2075,1,0.0,0,Applied Project Specialist,Strong match (Score: 74.7). Matched 3/3 required skills (100%). high text similarity (0.21). domain aligned. Segment: Applied Project Specialist.
b2b9f627-8889-463c-82ff-a50141a94031,proj_0211,3,1,72.5698,68.1844,0.9996,73.7822,1,1.0,3,3,0.1872,1,0.0,3,Emerging Generalist Builder,Strong match (Score: 72.6). Matched 3/3 required skills (100%). high text similarity (0.19). domain aligned. Segment: Emerging Generalist Builder.
1f9bd25e-d55e-432f-906d-be2832e0475f,proj_0211,4,2,66.8604,58.8409,0.9995,57.1165,1,1.0,3,3,0.2226,0,0.0,3,Emerging Generalist Builder,Strong match (Score: 66.9). Matched 3/3 required skills (100%). high text similarity (0.22). Segment: Emerging Generalist Builder.
bcbb259f-658e-4461-8c3d-c07b29aa5e23,proj_0211,5,6,65.0509,55.9972,0.9995,53.2099,1,1.0,3,3,0.1778,0,0.0,3,Emerging Generalist Builder,Strong match (Score: 65.1). Matched 3/3 required skills (100%). high text similarity (0.18). Segment: Emerging Generalist Builder.
3769dc5c-4e8b-4b24-9e2d-9e4e2179c613,proj_0211,6,5,64.6444,56.6136,0.9996,53.5873,1,0.6667,2,3,0.1896,1,0.0,1,Hackathon Champion,Strong match (Score: 64.6). Matched 2/3 required skills (67%). high text similarity (0.19). domain aligned. Segment: Hackathon Champion.
df380874-aadc-4db9-bf1b-e42b838fb0f6,proj_0211,7,5,64.586,55.5213,0.9995,50.554,1,1.0,3,3,0.1595,0,0.0,3,Emerging Generalist Builder,Strong match (Score: 64.6). Matched 3/3 required skills (100%). high text similarity (0.16). Segment: Emerging Generalist Builder.
19d329f2-3d8d-46b4-9a4c-c52d841a38aa,proj_0211,8,5,64.3027,55.8717,0.9996,55.0261,1,0.6667,2,3,0.1866,1,0.0,2,High Open-Source Contributor,Strong match (Score: 64.3). Matched 2/3 required skills (67%). high text similarity (0.19). domain aligned. Segment: High Open-Source Contributor.
4f42d475-c776-472f-a67f-3721710ad8fa,proj_0211,9,4,63.8896,54.4303,0.9996,58.1717,1,0.6667,2,3,0.1975,1,0.0,3,Emerging Generalist Builder,Strong match (Score: 63.9). Matched 2/3 required skills (67%). high text similarity (0.20). domain aligned. Segment: Emerging Generalist Builder.
61b17d01-04ee-42cb-bbfc-f28d39781cbd,proj_0211,10,7,63.7682,53.5254,0.9995,52.7965,1,1.0,3,3,0.1582,0,0.0,3,Emerging Generalist Builder,Strong match (Score: 63.8). Matched 3/3 required skills (100%). high text similarity (0.16). Segment: Emerging Generalist Builder.
aa8e0419-6869-4352-9957-c2ce19a4df19,proj_0212,1,1,81.7427,82.273,0.9996,77.9937,1,1.0,5,5,0.3897,1,0.2,1,Hackathon Champion,Exceptional match (Score: 81.7). Matched 5/5 required skills (100%). high text similarity (0.39). domain aligned. Segment: Hackathon Champion.
d052c5f3-b891-454a-84df-4065759115f4,proj_0212,2,1,76.6846,76.0241,0.9995,71.0117,1,0.8,4,5,0.386,1,0.0,2,High Open-Source Contributor,Exceptional match (Score: 76.7). Matched 4/5 required skills (80%). high text similarity (0.39). domain aligned. Segment: High Open-Source Contributor.
6c984ec2-ddc4-4ca1-8e04-8fe558b7446a,proj_0212,3,1,76.2337,75.0468,0.9996,74.0812,1,0.8,4,5,0.3818,1,0.0,2,High Open-Source Contributor,Exceptional match (Score: 76.2). Matched 4/5 required skills (80%). high text similarity (0.38). domain aligned. Segment: High Open-Source Contributor.
732dbfe7-1acd-4dd9-8572-92ca7923a567,proj_0212,4,1,75.0113,72.9133,0.9996,69.2673,1,0.8,4,5,0.3572,1,0.0,3,Emerging Generalist Builder,Exceptional match (Score: 75.0). Matched 4/5 required skills (80%). high text similarity (0.36). domain aligned. Segment: Emerging Generalist Builder.
38eb7628-e648-4935-b757-eff8326a187d,proj_0212,5,1,68.9336,64.5502,0.9995,71.9689,1,0.8,4,5,0.3419,0,0.0,0,Applied Project Specialist,Strong match (Score: 68.9). Matched 4/5 required skills (80%). high text similarity (0.34). Segment: Applied Project Specialist.
028835cb-f2be-4cf3-833d-5016c814a61b,proj_0212,6,2,68.5804,63.0411,0.9995,63.2267,1,0.8,4,5,0.3586,0,0.0,2,High Open-Source Contributor,Strong match (Score: 68.6). Matched 4/5 required skills (80%). high text similarity (0.36). Segment: High Open-Source Contributor.
1d9b4b3e-c4c0-43ca-8453-f32f9ffec287,proj_0212,7,2,65.1937,56.6068,0.9995,57.4171,1,0.8,4,5,0.3044,0,0.0,3,Emerging Generalist Builder,Strong match (Score: 65.2). Matched 4/5 required skills (80%). high text similarity (0.30). Segment: Emerging Generalist Builder.
0066a921-913f-4f9c-94f3-fc50ab1a7418,proj_0212,8,5,64.7771,56.8139,0.9995,63.8277,1,0.6,3,5,0.3711,0,0.2,3,Emerging Generalist Builder,Strong match (Score: 64.8). Matched 3/5 required skills (60%). high text similarity (0.37). Segment: Emerging Generalist Builder.
89725f1b-cf77-46ec-b600-8d479c5336f0,proj_0212,9,2,64.3787,56.1143,0.9995,55.731,1,0.8,4,5,0.2632,0,0.0,1,Hackathon Champion,Strong match (Score: 64.4). Matched 4/5 required skills (80%). high text similarity (0.26). Segment: Hackathon Champion.
e5da3070-4f31-4f4e-97b7-7ce6e1450cb2,proj_0212,10,5,63.7777,57.2604,0.9995,48.4281,1,0.6,3,5,0.3259,0,0.0,0,Applied Project Specialist,Strong match (Score: 63.8). Matched 3/5 required skills (60%). high text similarity (0.33). Segment: Applied Project Specialist.
ae3dcd6d-68be-4555-8891-2616eea6618b,proj_0213,1,3,76.5985,73.0376,0.9995,77.1451,1,1.0,4,4,0.4599,0,0.2,0,Applied Project Specialist,Exceptional match (Score: 76.6). Matched 4/4 required skills (100%). high text similarity (0.46). Segment: Applied Project Specialist.
0b5106f1-f666-4035-8004-d8f2e00a6a1d,proj_0213,2,1,76.5052,72.6318,0.9995,76.5027,1,1.0,4,4,0.4645,0,0.2,2,High Open-Source Contributor,Exceptional match (Score: 76.5). Matched 4/4 required skills (100%). high text similarity (0.46). Segment: High Open-Source Contributor.
202ac62b-753f-400d-902a-ec7d099233b7,proj_0213,3,3,67.6464,59.9872,0.9995,60.65,1,0.75,3,4,0.4111,0,0.0,2,High Open-Source Contributor,Strong match (Score: 67.6). Matched 3/4 required skills (75%). high text similarity (0.41). Segment: High Open-Source Contributor.
3a212f49-df4c-495e-9787-a66a9881678f,proj_0213,4,8,67.045,58.6824,0.9995,60.0848,1,0.75,3,4,0.4058,0,0.0,2,High Open-Source Contributor,Strong match (Score: 67.0). Matched 3/4 required skills (75%). high text similarity (0.41). Segment: High Open-Source Contributor.
1ac50d1b-e5e1-448b-9a7c-d0b1946dd32f,proj_0213,5,9,67.0118,59.9944,0.9995,66.4853,1,0.75,3,4,0.3686,0,0.0,0,Applied Project Specialist,Strong match (Score: 67.0). Matched 3/4 required skills (75%). high text similarity (0.37). Segment: Applied Project Specialist.
be383411-f3cf-4b9b-86fc-e4856043fba8,proj_0213,6,1,66.3394,56.7947,0.9995,59.4628,1,0.75,3,4,0.4091,0,0.0,1,Hackathon Champion,Strong match (Score: 66.3). Matched 3/4 required skills (75%). high text similarity (0.41). Segment: Hackathon Champion.
9365a220-90af-4de1-ab03-eb3a03eac0e3,proj_0213,7,7,60.675,52.9963,0.9995,50.2808,1,0.5,2,4,0.2661,0,0.2,0,Applied Project Specialist,Strong match (Score: 60.7). Matched 2/4 required skills (50%). high text similarity (0.27). Segment: Applied Project Specialist.
387913f7-3bc9-49cb-8fe2-9330745c9851,proj_0213,8,11,60.0724,47.1397,0.9995,49.3395,1,0.5,2,4,0.3821,0,0.2,3,Emerging Generalist Builder,Strong match (Score: 60.1). Matched 2/4 required skills (50%). high text similarity (0.38). Segment: Emerging Generalist Builder.
b3b6351b-3567-4776-9e69-58952ccbd617,proj_0213,9,18,58.2693,44.6357,0.9995,55.6233,1,0.5,2,4,0.362,0,0.0,2,High Open-Source Contributor,Strong match (Score: 58.3). Matched 2/4 required skills (50%). high text similarity (0.36). Segment: High Open-Source Contributor.
ba86a929-17c0-4066-af10-99311c211163,proj_0213,10,6,57.7912,44.4905,0.9995,45.2517,1,0.5,2,4,0.334,0,0.0,1,Hackathon Champion,Strong match (Score: 57.8). Matched 2/4 required skills (50%). high text similarity (0.33). Segment: Hackathon Champion.
ae3dcd6d-68be-4555-8891-2616eea6618b,proj_0214,1,1,81.5551,82.2016,0.9996,92.8225,1,1.0,3,3,0.3791,1,0.2,0,Applied Project Specialist,Exceptional match (Score: 81.6). Matched 3/3 required skills (100%). high text similarity (0.38). domain aligned. Segment: Applied Project Specialist.
9365a220-90af-4de1-ab03-eb3a03eac0e3,proj_0214,2,3,74.248,71.1775,0.9995,71.4827,1,1.0,3,3,0.3528,0,0.2,0,Applied Project Specialist,Strong match (Score: 74.2). Matched 3/3 required skills (100%). high text similarity (0.35). Segment: Applied Project Specialist.
0b5106f1-f666-4035-8004-d8f2e00a6a1d,proj_0214,3,6,71.4009,66.8172,0.9995,65.2986,1,1.0,3,3,0.3126,0,0.0,2,High Open-Source Contributor,Strong match (Score: 71.4). Matched 3/3 required skills (100%). high text similarity (0.31). Segment: High Open-Source Contributor.
1ac50d1b-e5e1-448b-9a7c-d0b1946dd32f,proj_0214,4,4,71.3253,67.1307,0.9995,67.7794,1,1.0,3,3,0.2992,0,0.0,0,Applied Project Specialist,Strong match (Score: 71.3). Matched 3/3 required skills (100%). high text similarity (0.30). Segment: Applied Project Specialist.
0d7aa2ad-f54e-438f-805a-7cb4ac9fb423,proj_0214,5,1,70.1557,63.9179,0.9995,55.5228,1,1.0,3,3,0.3069,0,0.0,2,High Open-Source Contributor,Strong match (Score: 70.2). Matched 3/3 required skills (100%). high text similarity (0.31). Segment: High Open-Source Contributor.
387913f7-3bc9-49cb-8fe2-9330745c9851,proj_0214,6,4,67.6898,59.3632,0.9996,59.5611,1,0.6667,2,3,0.3193,1,0.0,3,Emerging Generalist Builder,Strong match (Score: 67.7). Matched 2/3 required skills (67%). high text similarity (0.32). domain aligned. Segment: Emerging Generalist Builder.
ba86a929-17c0-4066-af10-99311c211163,proj_0214,7,2,66.2148,58.6046,0.9996,65.1304,1,0.6667,2,3,0.2412,1,0.0,1,Hackathon Champion,Strong match (Score: 66.2). Matched 2/3 required skills (67%). high text similarity (0.24). domain aligned. Segment: Hackathon Champion.
fa9c63b6-6671-44c4-a83a-564068563133,proj_0214,8,3,63.7312,54.9167,0.9995,46.1827,1,0.6667,2,3,0.3075,0,0.2,2,High Open-Source Contributor,Strong match (Score: 63.7). Matched 2/3 required skills (67%). high text similarity (0.31). Segment: High Open-Source Contributor.
550d3980-7d3a-4102-86fa-046f33d46845,proj_0214,9,4,62.3631,53.1777,0.9995,49.9457,1,0.6667,2,3,0.296,0,0.0,2,High Open-Source Contributor,Strong match (Score: 62.4). Matched 2/3 required skills (67%). high text similarity (0.30). Segment: High Open-Source Contributor.
6d5dbc88-26f2-437d-a615-0271948bfefd,proj_0214,10,3,61.4935,50.5424,0.9995,42.3966,1,0.6667,2,3,0.3083,0,0.0,2,High Open-Source Contributor,Strong match (Score: 61.5). Matched 2/3 required skills (67%). high text similarity (0.31). Segment: High Open-Source Contributor.
501caa1d-90ea-4e3d-a62b-21d64b15838b,proj_0215,1,1,78.6794,78.6997,0.9996,76.6135,1,1.0,4,4,0.3141,1,0.0,2,High Open-Source Contributor,Exceptional match (Score: 78.7). Matched 4/4 required skills (100%). high text similarity (0.31). domain aligned. Segment: High Open-Source Contributor.
bd1afdfb-8481-4dec-afac-ef902e110152,proj_0215,2,5,71.8126,67.3528,0.9995,67.0099,1,1.0,4,4,0.2841,0,0.25,1,Hackathon Champion,Strong match (Score: 71.8). Matched 4/4 required skills (100%). high text similarity (0.28). Segment: Hackathon Champion.
8c18a2bb-3ec0-4545-8fa8-02ccbc89971c,proj_0215,3,1,71.5937,65.7717,0.9995,63.1362,1,1.0,4,4,0.32,0,0.2,3,Emerging Generalist Builder,Strong match (Score: 71.6). Matched 4/4 required skills (100%). high text similarity (0.32). Segment: Emerging Generalist Builder.
7414c738-2eef-4913-994b-6afa09ab6f6b,proj_0215,4,1,65.064,57.0051,0.9995,60.4527,1,0.75,3,4,0.2768,0,0.25,2,High Open-Source Contributor,Strong match (Score: 65.1). Matched 3/4 required skills (75%). high text similarity (0.28). Segment: High Open-Source Contributor.
5c0da250-6f41-4e9f-b813-7948724a918a,proj_0215,5,2,63.851,55.2818,0.9995,56.4467,1,0.75,3,4,0.228,0,0.3333,2,High Open-Source Contributor,Strong match (Score: 63.9). Matched 3/4 required skills (75%). high text similarity (0.23). Segment: High Open-Source Contributor.
4249c069-1499-4bb4-a274-9589707c4ae3,proj_0215,6,6,63.098,54.9974,0.9995,56.8704,1,0.75,3,4,0.2076,0,0.2,3,Emerging Generalist Builder,Strong match (Score: 63.1). Matched 3/4 required skills (75%). high text similarity (0.21). Segment: Emerging Generalist Builder.
930e1ffd-fd29-4319-a6b1-cc15b7906c5b,proj_0215,7,6,62.9207,54.0979,0.9995,51.7838,1,0.75,3,4,0.2531,0,0.0,2,High Open-Source Contributor,Strong match (Score: 62.9). Matched 3/4 required skills (75%). high text similarity (0.25). Segment: High Open-Source Contributor.
8500cf34-7cf8-4e37-896e-0444443e65af,proj_0215,8,4,62.7537,53.493,0.9995,44.3163,1,0.75,3,4,0.2581,0,0.0,1,Hackathon Champion,Strong match (Score: 62.8). Matched 3/4 required skills (75%). high text similarity (0.26). Segment: Hackathon Champion.
58789ed6-e1bc-4d0d-b96e-2f56072b273f,proj_0215,9,4,62.6556,53.3041,0.9995,59.3314,1,0.75,3,4,0.2566,0,0.0,3,Emerging Generalist Builder,Strong match (Score: 62.7). Matched 3/4 required skills (75%). high text similarity (0.26). Segment: Emerging Generalist Builder.
2eb80ac5-5cde-49bd-92de-1cea1c48bc1e,proj_0215,10,3,62.1219,52.8361,0.9995,48.1004,1,0.75,3,4,0.2335,0,0.0,2,High Open-Source Contributor,Strong match (Score: 62.1). Matched 3/4 required skills (75%). high text similarity (0.23). Segment: High Open-Source Contributor.
6c5a40d6-81b7-4c8c-8a43-28cbe9f7b6b1,proj_0216,1,1,75.8721,73.0315,0.9996,75.0759,1,1.0,5,5,0.2781,1,0.0,3,Emerging Generalist Builder,Exceptional match (Score: 75.9). Matched 5/5 required skills (100%). high text similarity (0.28). domain aligned. Segment: Emerging Generalist Builder.
0398edf0-1654-443e-8430-98ce7d688969,proj_0216,2,1,67.1601,59.9253,0.9993,64.5082,1,0.6,3,5,0.2724,1,0.25,3,Emerging Generalist Builder,Strong match (Score: 67.2). Matched 3/5 required skills (60%). high text similarity (0.27). domain aligned. Segment: Emerging Generalist Builder.
26223b4e-f7fb-44af-b779-ee91d39509a7,proj_0216,3,1,63.5371,56.0202,0.9995,55.918,1,0.8,4,5,0.2096,0,0.0,0,Applied Project Specialist,Strong match (Score: 63.5). Matched 4/5 required skills (80%). high text similarity (0.21). Segment: Applied Project Specialist.
03e9d033-81a7-4e41-826e-0f695e2ea75b,proj_0216,4,1,60.8638,50.717,0.9995,51.6987,1,0.8,4,5,0.1728,0,0.0,2,High Open-Source Contributor,Strong match (Score: 60.9). Matched 4/5 required skills (80%). high text similarity (0.17). Segment: High Open-Source Contributor.
6d8f0325-f1c0-4cae-b27e-784bc5bd1b60,proj_0216,5,4,57.2981,46.1915,0.9995,43.6114,1,0.6,3,5,0.1891,0,0.0,1,Hackathon Champion,Strong match (Score: 57.3). Matched 3/5 required skills (60%). high text similarity (0.19). Segment: Hackathon Champion.
0614b282-09f3-41f4-8c80-cd26922cefb7,proj_0216,6,10,56.9561,46.6178,0.9996,42.762,1,0.4,2,5,0.1214,1,0.0,1,Hackathon Champion,Strong match (Score: 57.0). Matched 2/5 required skills (40%). domain aligned. Segment: Hackathon Champion.
a6cacd0c-eb5c-486a-a0d1-251027a2b59b,proj_0216,7,2,55.1313,41.6183,0.9993,43.2792,1,0.6,3,5,0.167,0,0.0,3,Emerging Generalist Builder,Strong match (Score: 55.1). Matched 3/5 required skills (60%). high text similarity (0.17). Segment: Emerging Generalist Builder.
d9758c73-1f57-4d15-a893-49b5f90df6b1,proj_0216,8,3,55.0648,42.9845,0.9994,42.1346,1,0.4,2,5,0.0926,1,0.0,1,Hackathon Champion,Strong match (Score: 55.1). Matched 2/5 required skills (40%). domain aligned. Segment: Hackathon Champion.
8b45903d-f859-457f-8517-b7b0cb85a48a,proj_0216,9,3,54.9841,43.2715,0.9995,38.7609,1,0.6,3,5,0.1127,0,0.0,0,Applied Project Specialist,Strong match (Score: 55.0). Matched 3/5 required skills (60%). Segment: Applied Project Specialist.
3c7d4f2c-e091-420f-812c-b1f63fa6cc28,proj_0216,10,4,54.6864,40.7759,0.9995,46.782,1,0.6,3,5,0.1594,0,0.0,3,Emerging Generalist Builder,Strong match (Score: 54.7). Matched 3/5 required skills (60%). high text similarity (0.16). Segment: Emerging Generalist Builder.
31923181-f583-4704-8bd5-7071757bb7b2,proj_0217,1,1,79.9822,80.5268,0.9996,84.9433,1,1.0,5,5,0.3189,1,0.2,2,High Open-Source Contributor,Exceptional match (Score: 80.0). Matched 5/5 required skills (100%). high text similarity (0.32). domain aligned. Segment: High Open-Source Contributor.
3a212f49-df4c-495e-9787-a66a9881678f,proj_0217,2,7,68.805,62.7537,0.9995,65.1348,1,1.0,5,5,0.2479,0,0.0,2,High Open-Source Contributor,Strong match (Score: 68.8). Matched 5/5 required skills (100%). high text similarity (0.25). Segment: High Open-Source Contributor.
2fbfa86f-52f2-4cd0-a0d9-623b6209eccd,proj_0217,3,4,64.2824,56.7761,0.9996,58.0641,1,0.6,3,5,0.2056,1,0.0,0,Applied Project Specialist,Strong match (Score: 64.3). Matched 3/5 required skills (60%). high text similarity (0.21). domain aligned. Segment: Applied Project Specialist.
0b5106f1-f666-4035-8004-d8f2e00a6a1d,proj_0217,4,10,63.3365,55.3862,0.9996,61.6249,1,0.6,3,5,0.1796,1,0.0,2,High Open-Source Contributor,Strong match (Score: 63.3). Matched 3/5 required skills (60%). high text similarity (0.18). domain aligned. Segment: High Open-Source Contributor.
3f631164-dc26-430c-8497-8c7760bfcedd,proj_0217,5,7,63.2481,54.7616,0.9995,47.7633,1,0.8,4,5,0.2239,0,0.0,1,Hackathon Champion,Strong match (Score: 63.2). Matched 4/5 required skills (80%). high text similarity (0.22). Segment: Hackathon Champion.
fdc30964-24b1-415d-88e7-290336637cf5,proj_0217,6,6,63.0523,55.0295,0.9995,66.06,1,0.8,4,5,0.2037,0,0.0,2,High Open-Source Contributor,Strong match (Score: 63.1). Matched 4/5 required skills (80%). high text similarity (0.20). Segment: High Open-Source Contributor.
b4480ab9-68c4-405e-89c5-4425b42b6a50,proj_0217,7,5,59.1219,48.3111,0.9995,46.3772,1,0.6,3,5,0.2125,0,0.25,3,Emerging Generalist Builder,Strong match (Score: 59.1). Matched 3/5 required skills (60%). high text similarity (0.21). Segment: Emerging Generalist Builder.
6784c2a4-5419-4346-bd1e-8ddef76ea579,proj_0217,8,3,57.2785,46.8162,0.9993,51.7009,1,0.4,2,5,0.1382,1,0.0,2,High Open-Source Contributor,Strong match (Score: 57.3). Matched 2/5 required skills (40%). domain aligned. Segment: High Open-Source Contributor.
ae3dcd6d-68be-4555-8891-2616eea6618b,proj_0217,9,24,57.1284,47.0573,0.9995,56.4519,1,0.6,3,5,0.1547,0,0.0,0,Applied Project Specialist,Strong match (Score: 57.1). Matched 3/5 required skills (60%). high text similarity (0.15). Segment: Applied Project Specialist.
0d7aa2ad-f54e-438f-805a-7cb4ac9fb423,proj_0217,10,15,56.4578,44.3721,0.9995,49.7358,1,0.6,3,5,0.1816,0,0.0,2,High Open-Source Contributor,Strong match (Score: 56.5). Matched 3/5 required skills (60%). high text similarity (0.18). Segment: High Open-Source Contributor.
fd53b824-68d3-4bf7-b335-9690414454ca,proj_0218,1,1,81.424,81.3463,0.9996,81.7416,1,1.0,4,4,0.4265,1,0.0,3,Emerging Generalist Builder,Exceptional match (Score: 81.4). Matched 4/4 required skills (100%). high text similarity (0.43). domain aligned. Segment: Emerging Generalist Builder.
8adc503c-cbb2-41a7-bd6f-2bcec950aea0,proj_0218,2,1,76.0439,75.6461,0.9996,76.241,1,0.75,3,4,0.3865,1,0.0,0,Applied Project Specialist,Exceptional match (Score: 76.0). Matched 3/4 required skills (75%). high text similarity (0.39). domain aligned. Segment: Applied Project Specialist.
6da5d977-9417-4177-8d85-9d17ec4d57b1,proj_0218,3,2,74.0291,69.9939,0.9996,68.1307,1,0.75,3,4,0.4029,1,0.0,1,Hackathon Champion,Strong match (Score: 74.0). Matched 3/4 required skills (75%). high text similarity (0.40). domain aligned. Segment: Hackathon Champion.
c04f993f-4455-4dc5-80f8-c549868d0354,proj_0218,4,5,66.7443,60.0683,0.9995,57.342,1,0.75,3,4,0.3488,0,0.0,1,Hackathon Champion,Strong match (Score: 66.7). Matched 3/4 required skills (75%). high text similarity (0.35). Segment: Hackathon Champion.
cd66922d-c11d-445c-8359-6d83c64885f1,proj_0218,5,8,62.2787,55.3568,0.9995,69.7954,1,0.5,2,4,0.3434,0,0.0,0,Applied Project Specialist,Strong match (Score: 62.3). Matched 2/4 required skills (50%). high text similarity (0.34). Segment: Applied Project Specialist.
c025d911-ca47-4671-903f-1caffc764350,proj_0218,6,1,60.8802,47.8705,0.9995,49.6808,1,0.5,2,4,0.4498,0,0.0,2,High Open-Source Contributor,Strong match (Score: 60.9). Matched 2/4 required skills (50%). high text similarity (0.45). Segment: High Open-Source Contributor.
79ace0f3-d328-4e54-99d8-c5fdd11aa452,proj_0218,7,12,60.8352,52.7992,0.9996,57.7279,1,0.5,2,4,0.1485,1,0.0,1,Hackathon Champion,Strong match (Score: 60.8). Matched 2/4 required skills (50%). domain aligned. Segment: Hackathon Champion.
556e9915-9ae4-403c-be22-8db0499bc5e5,proj_0218,8,2,60.4576,49.1015,0.9995,52.2099,1,0.5,2,4,0.3888,0,0.0,1,Hackathon Champion,Strong match (Score: 60.5). Matched 2/4 required skills (50%). high text similarity (0.39). Segment: Hackathon Champion.
e9488dc6-d1ac-430c-a5c2-850186211dc1,proj_0218,9,12,60.127,51.6851,0.9996,49.7271,1,0.5,2,4,0.131,1,0.0,1,Hackathon Champion,Strong match (Score: 60.1). Matched 2/4 required skills (50%). domain aligned. Segment: Hackathon Champion.
1ad0e42d-8a29-459b-9e16-ebe914a2f14c,proj_0218,10,7,59.6648,46.9469,0.9995,48.9652,1,0.5,2,4,0.3934,0,0.0,3,Emerging Generalist Builder,Strong match (Score: 59.7). Matched 2/4 required skills (50%). high text similarity (0.39). Segment: Emerging Generalist Builder.
5c9edf70-b59e-4883-a7bb-83d28eedbee5,proj_0219,1,2,72.7406,68.9302,0.9996,73.3416,1,1.0,3,3,0.1787,1,0.0,1,Hackathon Champion,Strong match (Score: 72.7). Matched 3/3 required skills (100%). high text similarity (0.18). domain aligned. Segment: Hackathon Champion.
0eb20fb6-a17a-41e6-846a-933aef316c3a,proj_0219,2,3,66.3929,58.5509,0.9996,66.4258,1,0.6667,2,3,0.2545,1,0.0,2,High Open-Source Contributor,Strong match (Score: 66.4). Matched 2/3 required skills (67%). high text similarity (0.25). domain aligned. Segment: High Open-Source Contributor.
b0473f2b-3906-4d17-835c-77d14f68153c,proj_0219,3,4,64.4402,55.833,0.9996,67.5787,1,0.6667,2,3,0.1968,1,0.0,2,High Open-Source Contributor,Strong match (Score: 64.4). Matched 2/3 required skills (67%). high text similarity (0.20). domain aligned. Segment: High Open-Source Contributor.
30591ae9-51a7-49ff-915a-2774d3908f84,proj_0219,4,3,64.396,56.7837,0.9996,53.126,1,0.6667,2,3,0.1685,1,0.0,0,Applied Project Specialist,Strong match (Score: 64.4). Matched 2/3 required skills (67%). high text similarity (0.17). domain aligned. Segment: Applied Project Specialist.
b3b6351b-3567-4776-9e69-58952ccbd617,proj_0219,5,11,61.5603,52.4094,0.9995,42.5385,1,0.6667,2,3,0.0963,1,0.0,2,High Open-Source Contributor,Strong match (Score: 61.6). Matched 2/3 required skills (67%). domain aligned. Segment: High Open-Source Contributor.
e20b63aa-1094-46b0-89e8-7e6311e5962c,proj_0219,6,2,61.1372,51.7718,0.9994,46.6475,1,0.6667,2,3,0.0853,1,0.0,2,High Open-Source Contributor,Strong match (Score: 61.1). Matched 2/3 required skills (67%). domain aligned. Segment: High Open-Source Contributor.
087481f9-5507-4faf-9389-4e4246f98b69,proj_0219,7,7,61.1095,50.5701,0.9996,53.3749,1,0.6667,2,3,0.1151,1,0.0,3,Emerging Generalist Builder,Strong match (Score: 61.1). Matched 2/3 required skills (67%). domain aligned. Segment: Emerging Generalist Builder.
57f1deb3-f6b6-4040-937c-f8842a4bdeb1,proj_0219,8,9,58.3787,46.318,0.9995,45.383,1,0.6667,2,3,0.2133,0,0.0,2,High Open-Source Contributor,Strong match (Score: 58.4). Matched 2/3 required skills (67%). high text similarity (0.21). Segment: High Open-Source Contributor.
e1d8cfae-372f-4a25-b650-e90bcb367e87,proj_0219,9,3,57.1949,45.3236,0.999,40.5317,1,0.3333,1,3,0.2175,1,0.0,2,High Open-Source Contributor,Strong match (Score: 57.2). Matched 1/3 required skills (33%). high text similarity (0.22). domain aligned. Segment: High Open-Source Contributor.
8157aedf-3cb8-41e6-acac-ca31f4256129,proj_0219,10,5,57.0112,43.6642,0.9993,35.9968,1,0.6667,2,3,0.1933,0,0.0,2,High Open-Source Contributor,Strong match (Score: 57.0). Matched 2/3 required skills (67%). high text similarity (0.19). Segment: High Open-Source Contributor.
0664ac18-e4b1-4687-a748-cf62f7e567f9,proj_0220,1,3,71.1559,66.7185,0.9995,64.9792,1,1.0,5,5,0.2989,0,0.0,2,High Open-Source Contributor,Strong match (Score: 71.2). Matched 5/5 required skills (100%). high text similarity (0.30). Segment: High Open-Source Contributor.
61fd5470-3e56-4a8f-95c3-c80c3571e83a,proj_0220,2,7,63.7674,55.6698,0.9995,53.7707,1,0.8,4,5,0.2343,0,0.0,1,Hackathon Champion,Strong match (Score: 63.8). Matched 4/5 required skills (80%). high text similarity (0.23). Segment: Hackathon Champion.
bb770a17-7d83-4cbb-aca4-e2a868dafa3e,proj_0220,3,5,63.5577,53.9904,0.9995,57.7112,1,0.8,4,5,0.2651,0,0.0,3,Emerging Generalist Builder,Strong match (Score: 63.6). Matched 4/5 required skills (80%). high text similarity (0.27). Segment: Emerging Generalist Builder.
65fb74d3-9211-4e75-a64c-e76a89893ccc,proj_0220,4,5,63.5542,53.9817,0.9995,51.9363,1,0.8,4,5,0.2651,0,0.0,0,Applied Project Specialist,Strong match (Score: 63.6). Matched 4/5 required skills (80%). high text similarity (0.27). Segment: Applied Project Specialist.
661f3618-4b9f-4890-b5b9-ac942b752fd5,proj_0220,5,4,58.7834,47.1484,0.9995,57.4807,1,0.6,3,5,0.2626,0,0.0,3,Emerging Generalist Builder,Strong match (Score: 58.8). Matched 3/5 required skills (60%). high text similarity (0.26). Segment: Emerging Generalist Builder.
0614b282-09f3-41f4-8c80-cd26922cefb7,proj_0220,6,8,58.5291,47.874,0.9995,48.4031,1,0.6,3,5,0.2263,0,0.0,1,Hackathon Champion,Strong match (Score: 58.5). Matched 3/5 required skills (60%). high text similarity (0.23). Segment: Hackathon Champion.
ed82829b-d814-4e03-b750-a41974852d40,proj_0220,7,8,58.2208,47.3282,0.9995,51.0383,1,0.6,3,5,0.2203,0,0.0,0,Applied Project Specialist,Strong match (Score: 58.2). Matched 3/5 required skills (60%). high text similarity (0.22). Segment: Applied Project Specialist.
46a01596-9eb8-4790-9e04-ba845207e836,proj_0220,8,8,57.8154,46.2847,0.9995,45.4773,1,0.6,3,5,0.2211,0,0.0,2,High Open-Source Contributor,Strong match (Score: 57.8). Matched 3/5 required skills (60%). high text similarity (0.22). Segment: High Open-Source Contributor.
9cd942b8-00f7-495c-9c10-d6c9e2b36f57,proj_0220,9,7,57.7889,45.9148,0.9995,50.5548,1,0.6,3,5,0.2292,0,0.0,2,High Open-Source Contributor,Strong match (Score: 57.8). Matched 3/5 required skills (60%). high text similarity (0.23). Segment: High Open-Source Contributor.
c9eb73ea-d077-44ec-b88c-690272b8f0e7,proj_0220,10,5,57.557,45.9276,0.9995,48.2578,1,0.6,3,5,0.2134,0,0.0,3,Emerging Generalist Builder,Strong match (Score: 57.6). Matched 3/5 required skills (60%). high text similarity (0.21). Segment: Emerging Generalist Builder.
67a16551-d041-4a02-a244-08dfd022fb0c,proj_0221,1,1,80.0701,79.3864,0.9996,74.8083,1,1.0,5,5,0.3885,1,0.0,3,Emerging Generalist Builder,Exceptional match (Score: 80.1). Matched 5/5 required skills (100%). high text similarity (0.39). domain aligned. Segment: Emerging Generalist Builder.
0be069f8-4359-46f5-8597-2da68f4dacb5,proj_0221,2,1,75.1529,73.6798,0.9996,75.1882,1,0.8,4,5,0.3462,1,0.0,1,Hackathon Champion,Exceptional match (Score: 75.2). Matched 4/5 required skills (80%). high text similarity (0.35). domain aligned. Segment: Hackathon Champion.
c5c58e75-ab1c-4fcb-9908-a0ebf6929c26,proj_0221,3,5,68.9023,64.0357,0.9996,72.5437,1,0.6,3,5,0.32,1,0.0,0,Applied Project Specialist,Strong match (Score: 68.9). Matched 3/5 required skills (60%). high text similarity (0.32). domain aligned. Segment: Applied Project Specialist.
fce40198-f588-46cb-81a7-fb2b2f159039,proj_0221,4,2,67.7417,61.6293,0.9996,55.5812,1,0.6,3,5,0.3068,1,0.0,2,High Open-Source Contributor,Strong match (Score: 67.7). Matched 3/5 required skills (60%). high text similarity (0.31). domain aligned. Segment: High Open-Source Contributor.
3769dc5c-4e8b-4b24-9e2d-9e4e2179c613,proj_0221,5,3,67.523,61.6651,0.9995,60.5079,1,0.8,4,5,0.3248,0,0.0,1,Hackathon Champion,Strong match (Score: 67.5). Matched 4/5 required skills (80%). high text similarity (0.32). Segment: Hackathon Champion.
0dabe4e1-350b-4355-83ee-2950ef0ed983,proj_0221,6,3,67.089,60.1849,0.9996,51.9177,1,0.6,3,5,0.3018,1,0.0,3,Emerging Generalist Builder,Strong match (Score: 67.1). Matched 3/5 required skills (60%). high text similarity (0.30). domain aligned. Segment: Emerging Generalist Builder.
b2b9f627-8889-463c-82ff-a50141a94031,proj_0221,7,6,65.9598,58.8108,0.9995,58.5474,1,0.8,4,5,0.2967,0,0.0,3,Emerging Generalist Builder,Strong match (Score: 66.0). Matched 4/5 required skills (80%). high text similarity (0.30). Segment: Emerging Generalist Builder.
03b5c41b-9b04-4bc6-9771-af990671b169,proj_0221,8,5,62.7866,55.8966,0.9995,52.4947,1,0.6,3,5,0.2962,0,0.0,3,Emerging Generalist Builder,Strong match (Score: 62.8). Matched 3/5 required skills (60%). high text similarity (0.30). Segment: Emerging Generalist Builder.
61b17d01-04ee-42cb-bbfc-f28d39781cbd,proj_0221,9,9,61.3456,52.0241,0.9995,44.6459,1,0.6,3,5,0.3034,0,0.0,3,Emerging Generalist Builder,Strong match (Score: 61.3). Matched 3/5 required skills (60%). high text similarity (0.30). Segment: Emerging Generalist Builder.
19d329f2-3d8d-46b4-9a4c-c52d841a38aa,proj_0221,10,8,61.1591,52.9739,0.9996,57.2501,1,0.4,2,5,0.2321,1,0.0,2,High Open-Source Contributor,Strong match (Score: 61.2). Matched 2/5 required skills (40%). high text similarity (0.23). domain aligned. Segment: High Open-Source Contributor.
69f3a439-decd-43f9-bbdd-a6d89724db17,proj_0222,1,1,82.0807,83.0268,0.9996,83.4227,1,1.0,4,4,0.3838,1,0.25,3,Emerging Generalist Builder,Exceptional match (Score: 82.1). Matched 4/4 required skills (100%). high text similarity (0.38). domain aligned. Segment: Emerging Generalist Builder.
d3ced1b7-92b3-466b-92fa-4d0f7d7ebdfa,proj_0222,2,2,67.2847,63.2806,0.9996,61.2066,1,0.75,3,4,0.1323,1,0.0,0,Applied Project Specialist,Strong match (Score: 67.3). Matched 3/4 required skills (75%). domain aligned. Segment: Applied Project Specialist.
3ee193d8-7126-4f80-b986-fd42c72759c2,proj_0222,3,2,65.8186,58.3708,0.9995,51.7909,1,0.75,3,4,0.2768,0,0.3333,3,Emerging Generalist Builder,Strong match (Score: 65.8). Matched 3/4 required skills (75%). high text similarity (0.28). Segment: Emerging Generalist Builder.
a483616c-ea51-4637-8408-10f68d7edbd4,proj_0222,4,2,61.1204,51.7086,0.9996,55.944,1,0.5,2,4,0.1966,1,0.0,2,High Open-Source Contributor,Strong match (Score: 61.1). Matched 2/4 required skills (50%). high text similarity (0.20). domain aligned. Segment: High Open-Source Contributor.
04988768-5f3f-4001-b1e2-cccf6434f729,proj_0222,5,1,59.8338,49.7857,0.9995,39.2537,1,0.75,3,4,0.1623,0,0.0,1,Hackathon Champion,Strong match (Score: 59.8). Matched 3/4 required skills (75%). high text similarity (0.16). Segment: Hackathon Champion.
91c33b06-c698-49f7-b17c-be3d4a8a4efe,proj_0222,6,3,59.6361,48.7665,0.9995,45.6797,1,0.75,3,4,0.1763,0,0.0,2,High Open-Source Contributor,Strong match (Score: 59.6). Matched 3/4 required skills (75%). high text similarity (0.18). Segment: High Open-Source Contributor.
99d675f5-481c-4a42-ab83-626ee52dd60c,proj_0222,7,15,58.9907,49.9467,0.9994,60.1432,1,0.75,3,4,0.102,0,0.0,0,Applied Project Specialist,Strong match (Score: 59.0). Matched 3/4 required skills (75%). Segment: Applied Project Specialist.
0decaf73-52c9-42b3-86a1-ab4cceda8b82,proj_0222,8,2,58.9301,48.2316,0.9995,53.826,1,0.75,3,4,0.1435,0,0.0,2,High Open-Source Contributor,Strong match (Score: 58.9). Matched 3/4 required skills (75%). Segment: High Open-Source Contributor.
49c9b4ca-d134-4461-a277-992b4d6ed843,proj_0222,9,3,58.6093,47.8871,0.9995,53.9266,1,0.75,3,4,0.1313,0,0.0,2,High Open-Source Contributor,Strong match (Score: 58.6). Matched 3/4 required skills (75%). Segment: High Open-Source Contributor.
542b7d19-73c7-45fb-b92c-53bcb997d9cf,proj_0222,10,8,58.1732,47.2167,0.9995,51.646,1,0.75,3,4,0.1201,0,0.0,1,Hackathon Champion,Strong match (Score: 58.2). Matched 3/4 required skills (75%). Segment: Hackathon Champion.
0b5106f1-f666-4035-8004-d8f2e00a6a1d,proj_0223,1,5,71.9533,67.8944,0.9995,72.1322,1,1.0,4,4,0.3207,0,0.0,2,High Open-Source Contributor,Strong match (Score: 72.0). Matched 4/4 required skills (100%). high text similarity (0.32). Segment: High Open-Source Contributor.
ae3dcd6d-68be-4555-8891-2616eea6618b,proj_0223,2,9,66.0445,60.3287,0.9995,52.2264,1,0.75,3,4,0.2952,0,0.0,0,Applied Project Specialist,Strong match (Score: 66.0). Matched 3/4 required skills (75%). high text similarity (0.30). Segment: Applied Project Specialist.
31923181-f583-4704-8bd5-7071757bb7b2,proj_0223,3,6,65.7491,59.8002,0.9995,55.4618,1,0.75,3,4,0.2896,0,0.0,2,High Open-Source Contributor,Strong match (Score: 65.7). Matched 3/4 required skills (75%). high text similarity (0.29). Segment: High Open-Source Contributor.
3a212f49-df4c-495e-9787-a66a9881678f,proj_0223,4,15,59.2256,49.584,0.9995,48.2819,1,0.5,2,4,0.2938,0,0.0,2,High Open-Source Contributor,Strong match (Score: 59.2). Matched 2/4 required skills (50%). high text similarity (0.29). Segment: High Open-Source Contributor.
2fbfa86f-52f2-4cd0-a0d9-623b6209eccd,proj_0223,5,6,59.0903,49.5645,0.9995,50.9056,1,0.5,2,4,0.2853,0,0.0,0,Applied Project Specialist,Strong match (Score: 59.1). Matched 2/4 required skills (50%). high text similarity (0.29). Segment: Applied Project Specialist.
e9488dc6-d1ac-430c-a5c2-850186211dc1,proj_0223,6,23,51.3109,36.4348,0.9995,28.9978,1,0.5,2,4,0.1168,0,0.0,1,Hackathon Champion,Strong match (Score: 51.3). Matched 2/4 required skills (50%). Segment: Hackathon Champion.
9365a220-90af-4de1-ab03-eb3a03eac0e3,proj_0223,7,12,51.2011,36.8503,0.9994,35.7764,1,0.5,2,4,0.0986,0,0.0,0,Applied Project Specialist,Strong match (Score: 51.2). Matched 2/4 required skills (50%). Segment: Applied Project Specialist.
c07b1843-8687-4258-9ad7-9ab65909a578,proj_0223,8,23,50.7265,35.4126,0.9994,28.5838,1,0.5,2,4,0.1053,0,0.0,2,High Open-Source Contributor,Strong match (Score: 50.7). Matched 2/4 required skills (50%). Segment: High Open-Source Contributor.
c4e69c9e-4472-40aa-ae9e-e98402e48d1b,proj_0223,9,22,50.6721,35.644,0.9993,27.5693,1,0.5,2,4,0.0957,0,0.0,0,Applied Project Specialist,Strong match (Score: 50.7). Matched 2/4 required skills (50%). Segment: Applied Project Specialist.
79ace0f3-d328-4e54-99d8-c5fdd11aa452,proj_0223,10,30,50.6523,35.2758,0.9994,27.2892,1,0.5,2,4,0.104,0,0.0,1,Hackathon Champion,Strong match (Score: 50.7). Matched 2/4 required skills (50%). Segment: Hackathon Champion.
0b5106f1-f666-4035-8004-d8f2e00a6a1d,proj_0224,1,2,74.7262,68.9281,0.9995,80.1291,1,1.0,5,5,0.478,0,0.0,2,High Open-Source Contributor,Strong match (Score: 74.7). Matched 5/5 required skills (100%). high text similarity (0.48). Segment: High Open-Source Contributor.
ae3dcd6d-68be-4555-8891-2616eea6618b,proj_0224,2,4,70.419,63.8051,0.9995,69.6738,1,0.8,4,5,0.4608,0,0.0,0,Applied Project Specialist,Strong match (Score: 70.4). Matched 4/5 required skills (80%). high text similarity (0.46). Segment: Applied Project Specialist.
3a212f49-df4c-495e-9787-a66a9881678f,proj_0224,3,6,68.9589,61.7372,0.9995,63.7842,1,0.8,4,5,0.4186,0,0.0,2,High Open-Source Contributor,Strong match (Score: 69.0). Matched 4/5 required skills (80%). high text similarity (0.42). Segment: High Open-Source Contributor.
31923181-f583-4704-8bd5-7071757bb7b2,proj_0224,4,5,67.8422,62.793,0.9995,66.7493,1,0.8,4,5,0.316,0,0.0,2,High Open-Source Contributor,Strong match (Score: 67.8). Matched 4/5 required skills (80%). high text similarity (0.32). Segment: High Open-Source Contributor.
387913f7-3bc9-49cb-8fe2-9330745c9851,proj_0224,5,3,67.7038,58.9633,0.9995,64.9544,1,0.8,4,5,0.4089,0,0.0,3,Emerging Generalist Builder,Strong match (Score: 67.7). Matched 4/5 required skills (80%). high text similarity (0.41). Segment: Emerging Generalist Builder.
1ac50d1b-e5e1-448b-9a7c-d0b1946dd32f,proj_0224,6,10,63.5353,54.9371,0.9995,53.9671,1,0.6,3,5,0.3717,0,0.0,0,Applied Project Specialist,Strong match (Score: 63.5). Matched 3/5 required skills (60%). high text similarity (0.37). Segment: Applied Project Specialist.
be383411-f3cf-4b9b-86fc-e4856043fba8,proj_0224,7,2,63.5312,53.3968,0.9995,52.9818,1,0.6,3,5,0.4125,0,0.0,1,Hackathon Champion,Strong match (Score: 63.5). Matched 3/5 required skills (60%). high text similarity (0.41). Segment: Hackathon Champion.
b3b6351b-3567-4776-9e69-58952ccbd617,proj_0224,8,7,63.2816,53.7439,0.9995,58.8707,1,0.6,3,5,0.3866,0,0.0,2,High Open-Source Contributor,Strong match (Score: 63.3). Matched 3/5 required skills (60%). high text similarity (0.39). Segment: High Open-Source Contributor.
6784c2a4-5419-4346-bd1e-8ddef76ea579,proj_0224,9,2,62.7411,53.874,0.9995,58.0142,1,0.6,3,5,0.3471,0,0.0,2,High Open-Source Contributor,Strong match (Score: 62.7). Matched 3/5 required skills (60%). high text similarity (0.35). Segment: High Open-Source Contributor.
2fbfa86f-52f2-4cd0-a0d9-623b6209eccd,proj_0224,10,5,60.6232,51.1779,0.9995,51.2448,1,0.6,3,5,0.2778,0,0.0,0,Applied Project Specialist,Strong match (Score: 60.6). Matched 3/5 required skills (60%). high text similarity (0.28). Segment: Applied Project Specialist.
2c34b234-dd0c-4b60-91a8-9959c95c9859,proj_0225,1,1,76.8616,74.864,0.9993,77.6986,1,1.0,3,3,0.2958,1,0.0,1,Hackathon Champion,Exceptional match (Score: 76.9). Matched 3/3 required skills (100%). high text similarity (0.30). domain aligned. Segment: Hackathon Champion.
d0b145e9-d7e7-4c2c-8a38-d3590f04765d,proj_0225,2,1,75.5343,72.3258,0.9996,70.144,1,1.0,3,3,0.2744,1,0.0,3,Emerging Generalist Builder,Exceptional match (Score: 75.5). Matched 3/3 required skills (100%). high text similarity (0.27). domain aligned. Segment: Emerging Generalist Builder.
762d9ef6-91f9-45a9-b70e-026d55968fd6,proj_0225,3,1,75.1914,71.1536,0.9996,67.8771,1,1.0,3,3,0.2828,1,0.0,3,Emerging Generalist Builder,Exceptional match (Score: 75.2). Matched 3/3 required skills (100%). high text similarity (0.28). domain aligned. Segment: Emerging Generalist Builder.
eaaf1148-a323-40bb-9ae9-592ace11a073,proj_0225,4,1,72.8434,68.089,0.9995,68.8286,1,1.0,3,3,0.3193,0,0.3333,2,High Open-Source Contributor,Strong match (Score: 72.8). Matched 3/3 required skills (100%). high text similarity (0.32). Segment: High Open-Source Contributor.
6bd9ad33-a59a-410c-b027-98aa5712fb14,proj_0225,5,2,71.6037,67.0429,0.9995,63.4122,1,1.0,3,3,0.3201,0,0.0,3,Emerging Generalist Builder,Strong match (Score: 71.6). Matched 3/3 required skills (100%). high text similarity (0.32). Segment: Emerging Generalist Builder.
97f73fec-5bfb-4202-afdc-2b2e1ddf4d87,proj_0225,6,1,70.228,64.4838,0.9993,67.7231,1,1.0,3,3,0.2637,0,0.2,2,High Open-Source Contributor,Strong match (Score: 70.2). Matched 3/3 required skills (100%). high text similarity (0.26). Segment: High Open-Source Contributor.
5f1f946b-d5f8-40bb-8a4e-e31b98a7063b,proj_0225,7,2,68.4801,61.049,0.9995,51.3236,1,1.0,3,3,0.2717,0,0.0,2,High Open-Source Contributor,Strong match (Score: 68.5). Matched 3/3 required skills (100%). high text similarity (0.27). Segment: High Open-Source Contributor.
8ca7b2f9-b286-4535-ad63-ce138605bd4f,proj_0225,8,1,67.2858,59.982,0.9996,57.2296,1,0.6667,2,3,0.2342,1,0.25,3,Emerging Generalist Builder,Strong match (Score: 67.3). Matched 2/3 required skills (67%). high text similarity (0.23). domain aligned. Segment: Emerging Generalist Builder.
4ab5a38a-79d5-4b12-8437-9bfe42044454,proj_0225,9,2,61.3649,51.4009,0.9995,50.5664,1,0.6667,2,3,0.2435,0,0.2,3,Emerging Generalist Builder,Strong match (Score: 61.4). Matched 2/3 required skills (67%). high text similarity (0.24). Segment: Emerging Generalist Builder.
f7b70b73-2af4-4692-a81e-e6701cc777f8,proj_0225,10,7,59.5652,48.4855,0.9995,48.8289,1,0.6667,2,3,0.2346,0,0.0,2,High Open-Source Contributor,Strong match (Score: 59.6). Matched 2/3 required skills (67%). high text similarity (0.23). Segment: High Open-Source Contributor.
cba3356f-8ea7-4b80-afcb-bdb783165508,proj_0226,1,1,73.09,67.82,0.9996,70.9865,1,1.0,2,2,0.2316,1,0.0,3,Emerging Generalist Builder,Strong match (Score: 73.1). Matched 2/2 required skills (100%). high text similarity (0.23). domain aligned. Segment: Emerging Generalist Builder.
028835cb-f2be-4cf3-833d-5016c814a61b,proj_0226,2,6,65.3652,55.6654,0.9995,53.6261,1,1.0,2,2,0.2076,0,0.0,2,High Open-Source Contributor,Strong match (Score: 65.4). Matched 2/2 required skills (100%). high text similarity (0.21). Segment: High Open-Source Contributor.
6c984ec2-ddc4-4ca1-8e04-8fe558b7446a,proj_0226,3,6,62.1084,50.9592,0.9995,50.2093,1,0.5,1,2,0.2271,1,0.3333,2,High Open-Source Contributor,Strong match (Score: 62.1). Matched 1/2 required skills (50%). high text similarity (0.23). domain aligned. Segment: High Open-Source Contributor.
4cf65dd2-ee7a-4220-9174-7b844f8fcf41,proj_0226,4,8,58.5087,44.5831,0.9995,40.7618,1,0.5,1,2,0.2127,1,0.0,3,Emerging Generalist Builder,Strong match (Score: 58.5). Matched 1/2 required skills (50%). high text similarity (0.21). domain aligned. Segment: Emerging Generalist Builder.
fef4172a-9569-4d0a-b190-34fb043e7c40,proj_0226,5,8,58.1386,44.5089,0.9995,51.8653,1,0.5,1,2,0.19,1,0.0,3,Emerging Generalist Builder,Strong match (Score: 58.1). Matched 1/2 required skills (50%). high text similarity (0.19). domain aligned. Segment: Emerging Generalist Builder.
e88fb49b-4d38-4e00-98f7-81c1486d5d6c,proj_0226,6,8,57.8855,44.2587,0.9995,45.2747,1,0.5,1,2,0.1798,1,0.0,0,Applied Project Specialist,Strong match (Score: 57.9). Matched 1/2 required skills (50%). high text similarity (0.18). domain aligned. Segment: Applied Project Specialist.
556e9915-9ae4-403c-be22-8db0499bc5e5,proj_0226,7,4,57.8822,45.8385,0.9995,51.8334,1,0.5,1,2,0.0819,1,0.3333,1,Hackathon Champion,Strong match (Score: 57.9). Matched 1/2 required skills (50%). domain aligned. Segment: Hackathon Champion.
4a592bb5-0eb1-4432-9361-7200f4085604,proj_0226,8,5,57.715,45.2226,0.9996,48.4214,1,0.5,1,2,0.1092,1,0.2,2,High Open-Source Contributor,Strong match (Score: 57.7). Matched 1/2 required skills (50%). domain aligned. Segment: High Open-Source Contributor.
7ca1631a-6a33-4d50-b7c4-1812a5884003,proj_0226,9,10,56.7975,43.505,0.9995,48.6529,1,0.5,1,2,0.0857,1,0.25,3,Emerging Generalist Builder,Strong match (Score: 56.8). Matched 1/2 required skills (50%). domain aligned. Segment: Emerging Generalist Builder.
c832156b-9640-4fc0-bdab-bf9bf717d549,proj_0226,10,10,56.0381,42.0616,0.9995,44.2028,1,0.5,1,2,0.0819,1,0.2,3,Emerging Generalist Builder,Strong match (Score: 56.0). Matched 1/2 required skills (50%). domain aligned. Segment: Emerging Generalist Builder.
ef7c61a2-dde5-449b-88e6-13dd92fbe187,proj_0227,1,1,66.9472,59.2455,0.9995,56.7119,1,1.0,3,3,0.2176,0,0.0,2,High Open-Source Contributor,Strong match (Score: 66.9). Matched 3/3 required skills (100%). high text similarity (0.22). Segment: High Open-Source Contributor.
3ee193d8-7126-4f80-b986-fd42c72759c2,proj_0227,2,1,66.8024,58.9735,0.9995,61.2186,1,1.0,3,3,0.2152,0,0.0,3,Emerging Generalist Builder,Strong match (Score: 66.8). Matched 3/3 required skills (100%). high text similarity (0.22). Segment: Emerging Generalist Builder.
9bcd80ff-d980-4c47-8d24-7aefd1f1c6d6,proj_0227,3,8,56.3702,41.7842,0.9995,45.1985,1,0.6667,2,3,0.2003,0,0.0,2,High Open-Source Contributor,Strong match (Score: 56.4). Matched 2/3 required skills (67%). high text similarity (0.20). Segment: High Open-Source Contributor.
91c33b06-c698-49f7-b17c-be3d4a8a4efe,proj_0227,4,7,56.1413,41.6395,0.9995,36.2547,1,0.6667,2,3,0.1889,0,0.0,2,High Open-Source Contributor,Strong match (Score: 56.1). Matched 2/3 required skills (67%). high text similarity (0.19). Segment: High Open-Source Contributor.
a483616c-ea51-4637-8408-10f68d7edbd4,proj_0227,5,7,55.376,41.425,0.9995,43.244,1,0.6667,2,3,0.1436,0,0.0,2,High Open-Source Contributor,Strong match (Score: 55.4). Matched 2/3 required skills (67%). Segment: High Open-Source Contributor.
a1b22b09-722b-4f62-beec-d3e19dbb8026,proj_0227,6,10,55.3134,41.1559,0.9995,41.0288,1,0.6667,2,3,0.1466,0,0.0,2,High Open-Source Contributor,Strong match (Score: 55.3). Matched 2/3 required skills (67%). Segment: High Open-Source Contributor.
2051f1b1-c94b-48cd-b22b-3b109fa0bc9a,proj_0227,7,12,46.2132,26.9468,0.995,23.8119,1,0.3333,1,3,0.1501,0,0.0,3,Emerging Generalist Builder,Moderate match (Score: 46.2). Matched 1/3 required skills (33%). high text similarity (0.15). Segment: Emerging Generalist Builder.
ae6cb331-f877-4763-9728-6e2651b1be61,proj_0227,8,20,46.1676,27.1778,0.9934,22.7475,1,0.3333,1,3,0.1441,0,0.0,3,Emerging Generalist Builder,Moderate match (Score: 46.2). Matched 1/3 required skills (33%). Segment: Emerging Generalist Builder.
e2cd9ecd-2a7e-47a0-a70f-5b6c97586fa9,proj_0227,9,31,46.1296,27.2552,0.9945,27.972,1,0.3333,1,3,0.1373,0,0.0,2,High Open-Source Contributor,Moderate match (Score: 46.1). Matched 1/3 required skills (33%). Segment: High Open-Source Contributor.
7cbaf425-d5c6-49f3-8efe-1b197b36c98b,proj_0227,10,38,46.0327,27.313,0.9938,27.2618,1,0.3333,1,3,0.1307,0,0.0,1,Hackathon Champion,Moderate match (Score: 46.0). Matched 1/3 required skills (33%). Segment: Hackathon Champion.
d0eb8a5d-6237-4eec-a4e0-158099cc2659,proj_0228,1,1,74.0449,69.7761,0.9996,67.6508,1,1.0,2,2,0.2431,1,0.0,2,High Open-Source Contributor,Strong match (Score: 74.0). Matched 2/2 required skills (100%). high text similarity (0.24). domain aligned. Segment: High Open-Source Contributor.
075a80d5-043a-4b43-bdea-b48fad26e8ff,proj_0228,2,1,73.8466,69.5391,0.9996,73.4542,1,1.0,2,2,0.2362,1,0.0,0,Applied Project Specialist,Strong match (Score: 73.8). Matched 2/2 required skills (100%). high text similarity (0.24). domain aligned. Segment: Applied Project Specialist.
fe99f611-2c6c-4443-b5ca-7a9efb2bbdf1,proj_0228,3,1,64.8952,54.9554,0.9995,52.8242,1,1.0,2,2,0.1952,0,0.0,2,High Open-Source Contributor,Strong match (Score: 64.9). Matched 2/2 required skills (100%). high text similarity (0.20). Segment: High Open-Source Contributor.
3ed7abd2-0827-4ed4-b481-04b77872f7ed,proj_0228,4,2,60.134,48.5425,0.9996,45.8585,1,0.5,1,2,0.1736,1,0.25,2,High Open-Source Contributor,Strong match (Score: 60.1). Matched 1/2 required skills (50%). high text similarity (0.17). domain aligned. Segment: High Open-Source Contributor.
ee8e02a0-9f5d-4f2a-98f8-77485ed5989e,proj_0228,5,3,58.2305,45.7024,0.9996,49.0604,1,0.5,1,2,0.1641,1,0.0,2,High Open-Source Contributor,Strong match (Score: 58.2). Matched 1/2 required skills (50%). high text similarity (0.16). domain aligned. Segment: High Open-Source Contributor.
ea4753a7-445e-4faa-88bd-cf82789bca37,proj_0228,6,2,55.4114,39.9747,0.9996,43.5503,1,0.5,1,2,0.1289,1,0.0,3,Emerging Generalist Builder,Strong match (Score: 55.4). Matched 1/2 required skills (50%). domain aligned. Segment: Emerging Generalist Builder.
2434dd7a-db32-4b60-8025-8a694d181b79,proj_0228,7,5,55.0121,39.4265,0.9995,34.7341,1,0.5,1,2,0.1171,1,0.0,3,Emerging Generalist Builder,Strong match (Score: 55.0). Matched 1/2 required skills (50%). domain aligned. Segment: Emerging Generalist Builder.
a488a43c-38ab-4a5d-b6d1-e4ebb9f9c281,proj_0228,8,7,52.4538,36.444,0.9993,32.9229,1,0.5,1,2,0.1376,0,0.3333,3,Emerging Generalist Builder,Strong match (Score: 52.5). Matched 1/2 required skills (50%). Segment: Emerging Generalist Builder.
4740cd5d-ac02-4515-ac53-2040e26b69ba,proj_0228,9,9,51.9766,36.1077,0.9995,37.1803,1,0.5,1,2,0.1699,0,0.0,2,High Open-Source Contributor,Strong match (Score: 52.0). Matched 1/2 required skills (50%). high text similarity (0.17). Segment: High Open-Source Contributor.
764a5184-1cb3-4b67-90a5-b8daa11ab4db,proj_0228,10,12,51.7761,36.149,0.9995,35.8033,1,0.5,1,2,0.1221,0,0.2,3,Emerging Generalist Builder,Strong match (Score: 51.8). Matched 1/2 required skills (50%). Segment: Emerging Generalist Builder.
e20b63aa-1094-46b0-89e8-7e6311e5962c,proj_0229,1,1,75.9642,74.4093,0.9996,70.4388,1,1.0,3,3,0.2475,1,0.0,2,High Open-Source Contributor,Exceptional match (Score: 76.0). Matched 3/3 required skills (100%). high text similarity (0.25). domain aligned. Segment: High Open-Source Contributor.
8adc503c-cbb2-41a7-bd6f-2bcec950aea0,proj_0229,2,11,58.9042,49.0498,0.9995,46.1239,1,0.6667,2,3,0.1477,0,0.1667,0,Applied Project Specialist,Strong match (Score: 58.9). Matched 2/3 required skills (67%). Segment: Applied Project Specialist.
dfd6a237-0a98-43be-8837-4607f5015d2c,proj_0229,3,12,55.8635,42.4001,0.9994,47.136,1,0.6667,2,3,0.1503,0,0.0,2,High Open-Source Contributor,Strong match (Score: 55.9). Matched 2/3 required skills (67%). high text similarity (0.15). Segment: High Open-Source Contributor.
360fc955-3175-4c3d-9b68-b9c3dc856b80,proj_0229,4,4,55.3768,41.0596,0.9995,43.8013,1,0.6667,2,3,0.1534,0,0.0,2,High Open-Source Contributor,Strong match (Score: 55.4). Matched 2/3 required skills (67%). high text similarity (0.15). Segment: High Open-Source Contributor.
ce5c719e-0eba-4ee2-9b14-0345a49fc6d3,proj_0229,5,18,54.8396,41.5202,0.9994,39.2021,1,0.6667,2,3,0.1055,0,0.0,0,Applied Project Specialist,Strong match (Score: 54.8). Matched 2/3 required skills (67%). Segment: Applied Project Specialist.
cd66922d-c11d-445c-8359-6d83c64885f1,proj_0229,6,12,54.7598,41.6846,0.9994,43.313,1,0.6667,2,3,0.0958,0,0.0,0,Applied Project Specialist,Strong match (Score: 54.8). Matched 2/3 required skills (67%). Segment: Applied Project Specialist.
61651476-b23b-4e95-9a84-a886cfb57efc,proj_0229,7,9,54.0613,40.8419,0.9982,47.8287,1,0.3333,1,3,0.1297,1,0.0,3,Emerging Generalist Builder,Strong match (Score: 54.1). Matched 1/3 required skills (33%). domain aligned. Segment: Emerging Generalist Builder.
c04f993f-4455-4dc5-80f8-c549868d0354,proj_0229,8,12,53.7456,39.2089,0.9994,35.8567,1,0.6667,2,3,0.0942,0,0.0,1,Hackathon Champion,Strong match (Score: 53.7). Matched 2/3 required skills (67%). Segment: Hackathon Champion.
fd53b824-68d3-4bf7-b335-9690414454ca,proj_0229,9,12,53.7377,39.1517,0.9994,33.2486,1,0.6667,2,3,0.0952,0,0.0,3,Emerging Generalist Builder,Strong match (Score: 53.7). Matched 2/3 required skills (67%). Segment: Emerging Generalist Builder.
cf1e539f-ead8-4a9f-9648-f90c9abbaa41,proj_0229,10,3,53.5266,38.3016,0.9994,31.5083,1,0.6667,2,3,0.1038,0,0.0,2,High Open-Source Contributor,Strong match (Score: 53.5). Matched 2/3 required skills (67%). Segment: High Open-Source Contributor.
1b0eb8d9-5d90-4feb-85f8-57e9bb66294b,proj_0230,1,1,73.9659,72.0084,0.9996,72.5865,1,1.0,3,3,0.1783,1,0.0,2,High Open-Source Contributor,Strong match (Score: 74.0). Matched 3/3 required skills (100%). high text similarity (0.18). domain aligned. Segment: High Open-Source Contributor.
b2b9f627-8889-463c-82ff-a50141a94031,proj_0230,2,2,71.6445,67.3263,0.9996,65.2635,1,1.0,3,3,0.1484,1,0.0,3,Emerging Generalist Builder,Strong match (Score: 71.6). Matched 3/3 required skills (100%). domain aligned. Segment: Emerging Generalist Builder.
0be069f8-4359-46f5-8597-2da68f4dacb5,proj_0230,3,5,65.1446,56.9491,0.9995,62.9868,1,1.0,3,3,0.117,0,0.25,1,Hackathon Champion,Strong match (Score: 65.1). Matched 3/3 required skills (100%). Segment: Hackathon Champion.
bf5c6dbf-7b36-4028-b03b-7b4abbf3532f,proj_0230,4,1,63.4722,55.4968,0.9994,53.471,1,1.0,3,3,0.0861,0,0.0,0,Applied Project Specialist,Strong match (Score: 63.5). Matched 3/3 required skills (100%). Segment: Applied Project Specialist.
d92644e4-b1af-4c67-97b4-42a739dc989f,proj_0230,5,5,63.3035,54.0813,0.9995,69.035,1,1.0,3,3,0.1124,0,0.0,3,Emerging Generalist Builder,Strong match (Score: 63.3). Matched 3/3 required skills (100%). Segment: Emerging Generalist Builder.
132eafd1-24b7-4dd8-b703-0907cb2db46e,proj_0230,6,2,63.1217,54.7743,0.9991,54.512,1,1.0,3,3,0.0826,0,0.0,0,Applied Project Specialist,Strong match (Score: 63.1). Matched 3/3 required skills (100%). Segment: Applied Project Specialist.
c5c58e75-ab1c-4fcb-9908-a0ebf6929c26,proj_0230,7,11,62.8608,54.3333,0.9996,56.5277,1,0.6667,2,3,0.1315,1,0.0,0,Applied Project Specialist,Strong match (Score: 62.9). Matched 2/3 required skills (67%). domain aligned. Segment: Applied Project Specialist.
ea526b22-b31d-4bcc-bf22-b26e667a0389,proj_0230,8,4,62.3411,53.1315,0.9996,55.3787,1,0.6667,2,3,0.1289,1,0.0,1,Hackathon Champion,Strong match (Score: 62.3). Matched 2/3 required skills (67%). domain aligned. Segment: Hackathon Champion.
4f42d475-c776-472f-a67f-3721710ad8fa,proj_0230,9,5,61.3861,51.0441,0.9996,58.7803,1,0.6667,2,3,0.1209,1,0.0,3,Emerging Generalist Builder,Strong match (Score: 61.4). Matched 2/3 required skills (67%). domain aligned. Segment: Emerging Generalist Builder.
3769dc5c-4e8b-4b24-9e2d-9e4e2179c613,proj_0230,10,6,60.8141,50.1428,0.9996,61.1975,1,0.6667,2,3,0.1068,1,0.0,1,Hackathon Champion,Strong match (Score: 60.8). Matched 2/3 required skills (67%). domain aligned. Segment: Hackathon Champion.
e010432f-7f95-480f-9c68-b6292bbbbefd,proj_0231,1,2,78.0066,77.2789,0.9996,81.1673,1,1.0,4,4,0.2738,1,0.2,2,High Open-Source Contributor,Exceptional match (Score: 78.0). Matched 4/4 required skills (100%). high text similarity (0.27). domain aligned. Segment: High Open-Source Contributor.
79ace0f3-d328-4e54-99d8-c5fdd11aa452,proj_0231,2,1,76.1892,74.6606,0.9996,72.6328,1,1.0,4,4,0.2558,1,0.0,1,Hackathon Champion,Exceptional match (Score: 76.2). Matched 4/4 required skills (100%). high text similarity (0.26). domain aligned. Segment: Hackathon Champion.
a229e7eb-4cc4-4904-bc99-f96417bb5bf0,proj_0231,3,1,74.9791,71.8265,0.9996,66.2123,1,1.0,4,4,0.2507,1,0.0,3,Emerging Generalist Builder,Strong match (Score: 75.0). Matched 4/4 required skills (100%). high text similarity (0.25). domain aligned. Segment: Emerging Generalist Builder.
f2678cee-0f88-456f-9d8c-da04a86f8ea8,proj_0231,4,4,71.0729,66.0373,0.9995,72.1911,1,1.0,4,4,0.2782,0,0.2,2,High Open-Source Contributor,Strong match (Score: 71.1). Matched 4/4 required skills (100%). high text similarity (0.28). Segment: High Open-Source Contributor.
e9488dc6-d1ac-430c-a5c2-850186211dc1,proj_0231,5,3,68.9286,62.2902,0.9995,63.3346,1,1.0,4,4,0.2685,0,0.0,1,Hackathon Champion,Strong match (Score: 68.9). Matched 4/4 required skills (100%). high text similarity (0.27). Segment: Hackathon Champion.
c07b1843-8687-4258-9ad7-9ab65909a578,proj_0231,6,3,68.5067,62.2293,0.9995,52.1583,1,1.0,4,4,0.242,0,0.0,2,High Open-Source Contributor,Strong match (Score: 68.5). Matched 4/4 required skills (100%). high text similarity (0.24). Segment: High Open-Source Contributor.
a7773a57-50bc-47d6-8134-aaf0c5d7ebf2,proj_0231,7,6,68.4918,62.2071,0.9995,68.0979,1,1.0,4,4,0.2416,0,0.0,2,High Open-Source Contributor,Strong match (Score: 68.5). Matched 4/4 required skills (100%). high text similarity (0.24). Segment: High Open-Source Contributor.
5be666bd-5141-4449-8892-1e2a361b2e84,proj_0231,8,3,67.9042,60.2656,0.9995,60.7415,1,1.0,4,4,0.2542,0,0.0,3,Emerging Generalist Builder,Strong match (Score: 67.9). Matched 4/4 required skills (100%). high text similarity (0.25). Segment: Emerging Generalist Builder.
71347510-c0fa-4c17-9340-1d4f34a9e024,proj_0231,9,6,67.5185,59.5374,0.9995,61.507,1,1.0,4,4,0.2479,0,0.0,3,Emerging Generalist Builder,Strong match (Score: 67.5). Matched 4/4 required skills (100%). high text similarity (0.25). Segment: Emerging Generalist Builder.
c832156b-9640-4fc0-bdab-bf9bf717d549,proj_0231,10,3,67.3263,59.1957,0.9995,62.092,1,1.0,4,4,0.2442,0,0.0,3,Emerging Generalist Builder,Strong match (Score: 67.3). Matched 4/4 required skills (100%). high text similarity (0.24). Segment: Emerging Generalist Builder.
6c330b26-96e7-4e06-adf2-825da3cf559f,proj_0232,1,1,77.8304,77.3623,0.9996,72.679,1,1.0,3,3,0.2515,1,0.25,2,High Open-Source Contributor,Exceptional match (Score: 77.8). Matched 3/3 required skills (100%). high text similarity (0.25). domain aligned. Segment: High Open-Source Contributor.
16e1d5c0-c928-45c9-9206-d483c8771a33,proj_0232,2,1,77.2565,75.6537,0.9996,87.8499,1,1.0,3,3,0.2588,1,0.25,3,Emerging Generalist Builder,Exceptional match (Score: 77.3). Matched 3/3 required skills (100%). high text similarity (0.26). domain aligned. Segment: Emerging Generalist Builder.
29a70b35-707c-484f-8bb5-8b215d6ebcd4,proj_0232,3,2,72.2644,67.0055,0.9995,72.5345,1,1.0,3,3,0.3096,0,0.3333,2,High Open-Source Contributor,Strong match (Score: 72.3). Matched 3/3 required skills (100%). high text similarity (0.31). Segment: High Open-Source Contributor.
1cca7ff7-949b-4b61-ab87-5e3a12f08e01,proj_0232,4,2,66.1019,59.016,0.9996,63.8918,1,0.6667,2,3,0.2227,1,0.0,3,Emerging Generalist Builder,Strong match (Score: 66.1). Matched 2/3 required skills (67%). high text similarity (0.22). domain aligned. Segment: Emerging Generalist Builder.
b92bae36-b338-429c-af78-0cbf3fb8795f,proj_0232,5,5,62.9029,53.1186,0.9996,46.7958,1,0.6667,2,3,0.1667,1,0.0,2,High Open-Source Contributor,Strong match (Score: 62.9). Matched 2/3 required skills (67%). high text similarity (0.17). domain aligned. Segment: High Open-Source Contributor.
ec48f2c8-387a-4ec0-b06c-7fc1298bf283,proj_0232,6,4,60.3905,49.8951,0.9995,42.7203,1,0.6667,2,3,0.2187,0,0.2,2,High Open-Source Contributor,Strong match (Score: 60.4). Matched 2/3 required skills (67%). high text similarity (0.22). Segment: High Open-Source Contributor.
689ef428-5690-41ea-8a1b-ebc15103c183,proj_0232,7,9,59.9814,49.5615,0.9995,47.2934,1,0.6667,2,3,0.1781,0,0.3333,2,High Open-Source Contributor,Strong match (Score: 60.0). Matched 2/3 required skills (67%). high text similarity (0.18). Segment: High Open-Source Contributor.
dc121a55-7e67-46ad-8a5e-d5f29f0627c4,proj_0232,8,3,59.0764,50.6436,0.9988,55.4492,1,0.3333,1,3,0.1348,1,0.4,0,Applied Project Specialist,Strong match (Score: 59.1). Matched 1/3 required skills (33%). domain aligned. Segment: Applied Project Specialist.
e1d8cfae-372f-4a25-b650-e90bcb367e87,proj_0232,9,2,57.882,46.4162,0.9991,43.0157,1,0.3333,1,3,0.1923,1,0.25,2,High Open-Source Contributor,Strong match (Score: 57.9). Matched 1/3 required skills (33%). high text similarity (0.19). domain aligned. Segment: High Open-Source Contributor.
c443afae-85b7-4769-9c9b-3aa42d2f9b49,proj_0232,10,10,56.8261,43.539,0.9995,40.8529,1,0.6667,2,3,0.1839,0,0.0,3,Emerging Generalist Builder,Strong match (Score: 56.8). Matched 2/3 required skills (67%). high text similarity (0.18). Segment: Emerging Generalist Builder.
0811fe08-051a-4441-9608-0c17358c8abe,proj_0233,1,2,66.8626,58.1153,0.9995,61.0757,1,1.0,3,3,0.2421,0,0.0,3,Emerging Generalist Builder,Strong match (Score: 66.9). Matched 3/3 required skills (100%). high text similarity (0.24). Segment: Emerging Generalist Builder.
b7e2ecbc-d330-413a-92ac-d3f85a79ef85,proj_0233,2,2,66.0341,56.8803,0.9995,55.1542,1,1.0,3,3,0.2198,0,0.0,3,Emerging Generalist Builder,Strong match (Score: 66.0). Matched 3/3 required skills (100%). high text similarity (0.22). Segment: Emerging Generalist Builder.
c9831642-b32a-482c-8fe5-23aa771dc05a,proj_0233,3,1,58.1185,45.7576,0.9995,43.2141,1,0.6667,2,3,0.2109,0,0.0,1,Hackathon Champion,Strong match (Score: 58.1). Matched 2/3 required skills (67%). high text similarity (0.21). Segment: Hackathon Champion.
d92644e4-b1af-4c67-97b4-42a739dc989f,proj_0233,4,11,57.2642,46.6455,0.9992,56.9528,1,0.6667,2,3,0.0892,0,0.25,3,Emerging Generalist Builder,Strong match (Score: 57.3). Matched 2/3 required skills (67%). Segment: Emerging Generalist Builder.
1f9bd25e-d55e-432f-906d-be2832e0475f,proj_0233,5,10,57.1927,45.4661,0.9992,45.7149,1,0.6667,2,3,0.102,0,0.3333,3,Emerging Generalist Builder,Strong match (Score: 57.2). Matched 2/3 required skills (67%). Segment: Emerging Generalist Builder.
ea526b22-b31d-4bcc-bf22-b26e667a0389,proj_0233,6,7,56.791,45.655,0.9995,50.4883,1,0.6667,2,3,0.0918,0,0.2,1,Hackathon Champion,Strong match (Score: 56.8). Matched 2/3 required skills (67%). Segment: Hackathon Champion.
ea4753a7-445e-4faa-88bd-cf82789bca37,proj_0233,7,1,56.3409,41.1185,0.9995,39.4384,1,0.6667,2,3,0.2161,0,0.0,3,Emerging Generalist Builder,Strong match (Score: 56.3). Matched 2/3 required skills (67%). high text similarity (0.22). Segment: Emerging Generalist Builder.
a488a43c-38ab-4a5d-b6d1-e4ebb9f9c281,proj_0233,8,3,56.011,41.3775,0.9994,37.7173,1,0.6667,2,3,0.1874,0,0.0,3,Emerging Generalist Builder,Strong match (Score: 56.0). Matched 2/3 required skills (67%). high text similarity (0.19). Segment: Emerging Generalist Builder.
03b5c41b-9b04-4bc6-9771-af990671b169,proj_0233,9,17,54.7845,41.2401,0.9995,41.7328,1,0.6667,2,3,0.1091,0,0.0,3,Emerging Generalist Builder,Strong match (Score: 54.8). Matched 2/3 required skills (67%). Segment: Emerging Generalist Builder.
bcbb259f-658e-4461-8c3d-c07b29aa5e23,proj_0233,10,14,53.8875,39.5037,0.9994,36.4509,1,0.6667,2,3,0.0958,0,0.0,3,Emerging Generalist Builder,Strong match (Score: 53.9). Matched 2/3 required skills (67%). Segment: Emerging Generalist Builder.
1044be72-5821-47e7-92b6-0796d7cba486,proj_0234,1,1,73.2454,70.6772,0.9995,69.2803,1,1.0,4,4,0.2993,0,0.2,2,High Open-Source Contributor,Strong match (Score: 73.2). Matched 4/4 required skills (100%). high text similarity (0.30). Segment: High Open-Source Contributor.
0fb77dc3-3168-4912-8bdb-eb91f70010dd,proj_0234,2,2,65.9992,59.4561,0.9995,61.9678,1,0.75,3,4,0.2599,0,0.3333,2,High Open-Source Contributor,Strong match (Score: 66.0). Matched 3/4 required skills (75%). high text similarity (0.26). Segment: High Open-Source Contributor.
1ec54584-53e9-4aeb-849b-1ecb628f6920,proj_0234,3,3,65.4675,59.0125,0.9984,56.9459,1,0.75,3,4,0.2607,0,0.2,2,High Open-Source Contributor,Strong match (Score: 65.5). Matched 3/4 required skills (75%). high text similarity (0.26). Segment: High Open-Source Contributor.
10bc86f8-4c4f-44c5-ac1f-8300667bcd91,proj_0234,4,6,59.137,47.6913,0.9995,57.1798,1,0.75,3,4,0.1717,0,0.0,2,High Open-Source Contributor,Strong match (Score: 59.1). Matched 3/4 required skills (75%). high text similarity (0.17). Segment: High Open-Source Contributor.
9bba2348-18e5-4a9c-af06-3a0a13237599,proj_0234,5,3,56.3017,44.2824,0.9995,38.9526,1,0.5,2,4,0.1847,0,0.3333,2,High Open-Source Contributor,Strong match (Score: 56.3). Matched 2/4 required skills (50%). high text similarity (0.18). Segment: High Open-Source Contributor.
97f1639b-02d7-491e-b55e-723ec9973a3b,proj_0234,6,3,56.231,46.0474,0.9995,45.2139,1,0.5,2,4,0.1468,0,0.25,2,High Open-Source Contributor,Strong match (Score: 56.2). Matched 2/4 required skills (50%). Segment: High Open-Source Contributor.
345ab973-cb26-4074-b96f-6db8f8e892c3,proj_0234,7,4,55.493,43.6562,0.9995,43.4589,1,0.5,2,4,0.1697,0,0.2,2,High Open-Source Contributor,Strong match (Score: 55.5). Matched 2/4 required skills (50%). high text similarity (0.17). Segment: High Open-Source Contributor.
026d7a41-6d0c-4425-bc94-74799fa8319f,proj_0234,8,10,54.9268,42.5482,0.9995,41.4871,1,0.5,2,4,0.1615,0,0.2,3,Emerging Generalist Builder,Strong match (Score: 54.9). Matched 2/4 required skills (50%). high text similarity (0.16). Segment: Emerging Generalist Builder.
d34a1614-05f3-4f9a-88bf-dc0bf2b5aca7,proj_0234,9,7,53.0098,37.9445,0.9995,30.7405,1,0.5,2,4,0.1898,0,0.0,3,Emerging Generalist Builder,Strong match (Score: 53.0). Matched 2/4 required skills (50%). high text similarity (0.19). Segment: Emerging Generalist Builder.
c942d9cb-4340-4ddb-9e60-09cb93fcb96d,proj_0234,10,3,52.4061,37.489,0.9995,38.0458,1,0.5,2,4,0.1617,0,0.0,3,Emerging Generalist Builder,Strong match (Score: 52.4). Matched 2/4 required skills (50%). high text similarity (0.16). Segment: Emerging Generalist Builder.
41548c0f-f749-405b-8baa-0d455112ae92,proj_0235,1,1,80.1085,82.5426,0.9996,69.456,1,1.0,5,5,0.3069,1,0.0,2,High Open-Source Contributor,Exceptional match (Score: 80.1). Matched 5/5 required skills (100%). high text similarity (0.31). domain aligned. Segment: High Open-Source Contributor.
5fac1111-acb9-4ca4-aef3-3570b9713ec1,proj_0235,2,1,60.9738,52.9289,0.9996,54.3124,1,0.4,2,5,0.1654,1,0.3333,3,Emerging Generalist Builder,Strong match (Score: 61.0). Matched 2/5 required skills (40%). high text similarity (0.17). domain aligned. Segment: Emerging Generalist Builder.
b7e2ecbc-d330-413a-92ac-d3f85a79ef85,proj_0235,3,5,60.3147,52.0304,0.9996,41.362,1,0.4,2,5,0.1593,1,0.25,3,Emerging Generalist Builder,Strong match (Score: 60.3). Matched 2/5 required skills (40%). high text similarity (0.16). domain aligned. Segment: Emerging Generalist Builder.
38ec06b2-32c5-44b5-9006-583e15a4e8de,proj_0235,4,5,58.824,48.5675,0.9991,44.0069,1,0.6,3,5,0.1616,0,0.4,3,Emerging Generalist Builder,Strong match (Score: 58.8). Matched 3/5 required skills (60%). high text similarity (0.16). Segment: Emerging Generalist Builder.
1bf2ac9a-4858-4f47-8632-78375ffd5317,proj_0235,5,1,57.705,48.2126,0.9996,38.3803,1,0.4,2,5,0.1288,1,0.0,2,High Open-Source Contributor,Strong match (Score: 57.7). Matched 2/5 required skills (40%). domain aligned. Segment: High Open-Source Contributor.
8d64530c-b109-44d6-898f-58a15a3429d0,proj_0235,6,6,57.2889,48.6273,0.9995,42.4913,1,0.4,2,5,0.0902,1,0.0,0,Applied Project Specialist,Strong match (Score: 57.3). Matched 2/5 required skills (40%). domain aligned. Segment: Applied Project Specialist.
fe99f611-2c6c-4443-b5ca-7a9efb2bbdf1,proj_0235,7,2,55.4063,43.0896,0.9995,51.7389,1,0.6,3,5,0.1457,0,0.0,2,High Open-Source Contributor,Strong match (Score: 55.4). Matched 3/5 required skills (60%). Segment: High Open-Source Contributor.
43e5a54e-789c-45a4-8d3a-342e4cd105d1,proj_0235,8,12,54.2409,40.8597,0.9985,40.2906,1,0.2,1,5,0.1878,1,0.25,3,Emerging Generalist Builder,Strong match (Score: 54.2). Matched 1/5 required skills (20%). high text similarity (0.19). domain aligned. Segment: Emerging Generalist Builder.
389062fe-a5c8-4f8d-ab5a-72f522fa00fa,proj_0235,9,8,54.1225,42.4974,0.9995,44.745,1,0.4,2,5,0.1759,0,0.2,0,Applied Project Specialist,Strong match (Score: 54.1). Matched 2/5 required skills (40%). high text similarity (0.18). Segment: Applied Project Specialist.
d052c5f3-b891-454a-84df-4065759115f4,proj_0235,10,16,53.744,42.3612,0.9995,48.5778,1,0.4,2,5,0.1543,0,0.2,2,High Open-Source Contributor,Strong match (Score: 53.7). Matched 2/5 required skills (40%). high text similarity (0.15). Segment: High Open-Source Contributor.
408c11bf-3b81-445f-b34d-5dc8d82d98a6,proj_0236,1,1,77.6879,77.5859,0.9996,80.0323,1,1.0,4,4,0.2777,1,0.0,1,Hackathon Champion,Exceptional match (Score: 77.7). Matched 4/4 required skills (100%). high text similarity (0.28). domain aligned. Segment: Hackathon Champion.
1e0e2f42-c427-4c4d-83bd-e57542369eb1,proj_0236,2,1,67.8759,61.4435,0.9995,70.1423,1,1.0,4,4,0.2209,0,0.0,2,High Open-Source Contributor,Strong match (Score: 67.9). Matched 4/4 required skills (100%). high text similarity (0.22). Segment: High Open-Source Contributor.
0ccf56e5-46bd-47b3-b230-cc2db88dabf9,proj_0236,3,3,66.5385,59.0112,0.9995,51.1774,1,1.0,4,4,0.1966,0,0.0,1,Hackathon Champion,Strong match (Score: 66.5). Matched 4/4 required skills (100%). high text similarity (0.20). Segment: Hackathon Champion.
1538ac8c-01d2-479a-9cc9-7eca051bd928,proj_0236,4,2,60.5539,52.6135,0.9996,52.3031,1,0.5,2,4,0.1347,1,0.0,2,High Open-Source Contributor,Strong match (Score: 60.6). Matched 2/4 required skills (50%). domain aligned. Segment: High Open-Source Contributor.
71356e5d-9127-4bbd-9772-a4c4e1f40a13,proj_0236,5,10,60.4897,52.288,0.9996,52.3448,1,0.5,2,4,0.1391,1,0.0,2,High Open-Source Contributor,Strong match (Score: 60.5). Matched 2/4 required skills (50%). domain aligned. Segment: High Open-Source Contributor.
ce46641a-724d-478c-b961-285394659b37,proj_0236,6,1,59.5354,49.2535,0.9995,49.9115,1,0.5,2,4,0.1566,1,0.0,3,Emerging Generalist Builder,Strong match (Score: 59.5). Matched 2/4 required skills (50%). high text similarity (0.16). domain aligned. Segment: Emerging Generalist Builder.
60bb75a2-5063-493a-8b0d-af43bcb01f84,proj_0236,7,1,58.9673,48.5569,0.9996,45.2583,1,0.5,2,4,0.1371,1,0.0,3,Emerging Generalist Builder,Strong match (Score: 59.0). Matched 2/4 required skills (50%). domain aligned. Segment: Emerging Generalist Builder.
9c588639-a077-4e52-b96e-abc5b46ed667,proj_0236,8,3,58.8666,49.2691,0.9996,47.8618,1,0.5,2,4,0.1114,1,0.0,2,High Open-Source Contributor,Strong match (Score: 58.9). Matched 2/4 required skills (50%). domain aligned. Segment: High Open-Source Contributor.
cd66922d-c11d-445c-8359-6d83c64885f1,proj_0236,9,11,58.194,49.5449,0.9995,52.2572,1,0.5,2,4,0.0594,1,0.0,0,Applied Project Specialist,Strong match (Score: 58.2). Matched 2/4 required skills (50%). domain aligned. Segment: Applied Project Specialist.
0f60b7fb-bc7e-48e4-95b5-f5b0a7f7bc31,proj_0236,10,5,57.6769,47.4009,0.9991,43.605,1,0.5,2,4,0.0829,1,0.0,1,Hackathon Champion,Strong match (Score: 57.7). Matched 2/4 required skills (50%). domain aligned. Segment: Hackathon Champion.
ae7ebec1-fd6e-42b9-8252-7ca6592ae554,proj_0237,1,1,80.2151,81.039,0.9996,86.5412,1,1.0,3,3,0.3541,1,0.0,2,High Open-Source Contributor,Exceptional match (Score: 80.2). Matched 3/3 required skills (100%). high text similarity (0.35). domain aligned. Segment: High Open-Source Contributor.
930e1ffd-fd29-4319-a6b1-cc15b7906c5b,proj_0237,2,3,68.7475,62.19,0.9995,62.9259,1,1.0,3,3,0.2591,0,0.0,2,High Open-Source Contributor,Strong match (Score: 68.7). Matched 3/3 required skills (100%). high text similarity (0.26). Segment: High Open-Source Contributor.
4249c069-1499-4bb4-a274-9589707c4ae3,proj_0237,3,4,66.6726,58.6166,0.9996,61.1182,1,0.6667,2,3,0.2714,1,0.0,3,Emerging Generalist Builder,Strong match (Score: 66.7). Matched 2/3 required skills (67%). high text similarity (0.27). domain aligned. Segment: Emerging Generalist Builder.
bd1afdfb-8481-4dec-afac-ef902e110152,proj_0237,4,9,66.3975,58.7799,0.9996,59.0421,1,0.6667,2,3,0.2487,1,0.0,1,Hackathon Champion,Strong match (Score: 66.4). Matched 2/3 required skills (67%). high text similarity (0.25). domain aligned. Segment: Hackathon Champion.
8c18a2bb-3ec0-4545-8fa8-02ccbc89971c,proj_0237,5,4,65.1195,56.2149,0.9996,47.7978,1,0.6667,2,3,0.2319,1,0.0,3,Emerging Generalist Builder,Strong match (Score: 65.1). Matched 2/3 required skills (67%). high text similarity (0.23). domain aligned. Segment: Emerging Generalist Builder.
f37400af-de93-44f8-b68e-61e1a07cbf84,proj_0237,6,5,60.6403,49.5945,0.9995,52.2647,1,0.6667,2,3,0.2767,0,0.0,2,High Open-Source Contributor,Strong match (Score: 60.6). Matched 2/3 required skills (67%). high text similarity (0.28). Segment: High Open-Source Contributor.
6af6d70b-45e8-410c-89cf-1c8fa4574c85,proj_0237,7,6,60.3248,49.282,0.9995,51.0312,1,0.6667,2,3,0.264,0,0.0,3,Emerging Generalist Builder,Strong match (Score: 60.3). Matched 2/3 required skills (67%). high text similarity (0.26). Segment: Emerging Generalist Builder.
b737c73d-287a-42d9-bf3f-4c1e38e85199,proj_0237,8,6,59.9376,49.2964,0.9995,47.1189,1,0.6667,2,3,0.2378,0,0.0,2,High Open-Source Contributor,Strong match (Score: 59.9). Matched 2/3 required skills (67%). high text similarity (0.24). Segment: High Open-Source Contributor.
43e5a54e-789c-45a4-8d3a-342e4cd105d1,proj_0237,9,6,58.9591,47.1128,0.9995,46.0353,1,0.6667,2,3,0.2308,0,0.0,3,Emerging Generalist Builder,Strong match (Score: 59.0). Matched 2/3 required skills (67%). high text similarity (0.23). Segment: Emerging Generalist Builder.
7ebfb18c-673f-4555-840f-7ad53c8cdea0,proj_0237,10,6,58.8149,45.601,0.9995,44.4788,1,0.6667,2,3,0.2615,0,0.0,3,Emerging Generalist Builder,Strong match (Score: 58.8). Matched 2/3 required skills (67%). high text similarity (0.26). Segment: Emerging Generalist Builder.
ae3dcd6d-68be-4555-8891-2616eea6618b,proj_0238,1,2,80.0702,79.7092,0.9996,82.4854,1,1.0,4,4,0.3799,1,0.0,0,Applied Project Specialist,Exceptional match (Score: 80.1). Matched 4/4 required skills (100%). high text similarity (0.38). domain aligned. Segment: Applied Project Specialist.
387913f7-3bc9-49cb-8fe2-9330745c9851,proj_0238,2,1,78.9466,76.8252,0.9996,80.6724,1,1.0,4,4,0.3819,1,0.0,3,Emerging Generalist Builder,Exceptional match (Score: 78.9). Matched 4/4 required skills (100%). high text similarity (0.38). domain aligned. Segment: Emerging Generalist Builder.
1ac50d1b-e5e1-448b-9a7c-d0b1946dd32f,proj_0238,3,3,74.049,71.3626,0.9995,78.7414,1,1.0,4,4,0.3346,0,0.2,0,Applied Project Specialist,Strong match (Score: 74.0). Matched 4/4 required skills (100%). high text similarity (0.33). Segment: Applied Project Specialist.
fb92583d-11ab-4cec-a9fd-c5fd932c1193,proj_0238,4,1,68.4517,62.1256,0.9995,63.3815,1,1.0,4,4,0.2411,0,0.0,1,Hackathon Champion,Strong match (Score: 68.5). Matched 4/4 required skills (100%). high text similarity (0.24). Segment: Hackathon Champion.
ba86a929-17c0-4066-af10-99311c211163,proj_0238,5,4,65.19,56.9701,0.9996,57.2265,1,0.5,2,4,0.3276,1,0.0,1,Hackathon Champion,Strong match (Score: 65.2). Matched 2/4 required skills (50%). high text similarity (0.33). domain aligned. Segment: Hackathon Champion.
b3b6351b-3567-4776-9e69-58952ccbd617,proj_0238,6,9,62.1163,52.2933,0.9995,44.6754,1,0.75,3,4,0.2476,0,0.0,2,High Open-Source Contributor,Strong match (Score: 62.1). Matched 3/4 required skills (75%). high text similarity (0.25). Segment: High Open-Source Contributor.
c4e69c9e-4472-40aa-ae9e-e98402e48d1b,proj_0238,7,6,61.4833,51.9894,0.9995,53.5064,1,0.75,3,4,0.2135,0,0.0,0,Applied Project Specialist,Strong match (Score: 61.5). Matched 3/4 required skills (75%). high text similarity (0.21). Segment: Applied Project Specialist.
0b5106f1-f666-4035-8004-d8f2e00a6a1d,proj_0238,8,12,61.4749,53.4059,0.9995,59.0515,1,0.5,2,4,0.3085,0,0.2,2,High Open-Source Contributor,Strong match (Score: 61.5). Matched 2/4 required skills (50%). high text similarity (0.31). Segment: High Open-Source Contributor.
550d3980-7d3a-4102-86fa-046f33d46845,proj_0238,9,6,60.0703,50.8502,0.9995,46.9615,1,0.5,2,4,0.2608,0,0.3333,2,High Open-Source Contributor,Strong match (Score: 60.1). Matched 2/4 required skills (50%). high text similarity (0.26). Segment: High Open-Source Contributor.
fa9c63b6-6671-44c4-a83a-564068563133,proj_0238,10,4,59.3582,49.3143,0.9995,54.632,1,0.5,2,4,0.2765,0,0.2,2,High Open-Source Contributor,Strong match (Score: 59.4). Matched 2/4 required skills (50%). high text similarity (0.28). Segment: High Open-Source Contributor.
937d18e2-38a4-4b49-a93a-047fab3db10e,proj_0239,1,1,80.8042,82.1105,0.9996,84.2171,1,1.0,5,5,0.3648,1,0.0,0,Applied Project Specialist,Exceptional match (Score: 80.8). Matched 5/5 required skills (100%). high text similarity (0.36). domain aligned. Segment: Applied Project Specialist.
961c7e8c-d09e-4acb-ba57-63466f357076,proj_0239,2,1,64.7232,55.7862,0.9992,54.25,1,0.6,3,5,0.3733,0,0.3333,3,Emerging Generalist Builder,Strong match (Score: 64.7). Matched 3/5 required skills (60%). high text similarity (0.37). Segment: Emerging Generalist Builder.
764a5184-1cb3-4b67-90a5-b8daa11ab4db,proj_0239,3,6,57.6302,48.0106,0.9996,51.5697,1,0.4,2,5,0.1292,1,0.0,3,Emerging Generalist Builder,Strong match (Score: 57.6). Matched 2/5 required skills (40%). domain aligned. Segment: Emerging Generalist Builder.
d052c5f3-b891-454a-84df-4065759115f4,proj_0239,4,8,57.0292,48.1093,0.9995,51.9896,1,0.4,2,5,0.1867,0,0.4,2,High Open-Source Contributor,Strong match (Score: 57.0). Matched 2/5 required skills (40%). high text similarity (0.19). Segment: High Open-Source Contributor.
7c59a687-5d33-4f1e-b160-4b4af927664b,proj_0239,5,5,56.8834,45.1548,0.9995,45.4317,1,0.6,3,5,0.1891,0,0.0,2,High Open-Source Contributor,Strong match (Score: 56.9). Matched 3/5 required skills (60%). high text similarity (0.19). Segment: High Open-Source Contributor.
41548c0f-f749-405b-8baa-0d455112ae92,proj_0239,6,4,56.7047,45.3829,0.9995,47.7315,1,0.6,3,5,0.1711,0,0.0,2,High Open-Source Contributor,Strong match (Score: 56.7). Matched 3/5 required skills (60%). high text similarity (0.17). Segment: High Open-Source Contributor.
ee3b1533-299c-4e72-98f8-51677fd888c2,proj_0239,7,3,55.7456,45.0128,0.9994,35.0991,1,0.4,2,5,0.0839,1,0.0,3,Emerging Generalist Builder,Strong match (Score: 55.7). Matched 2/5 required skills (40%). domain aligned. Segment: Emerging Generalist Builder.
3b352acc-0fa8-4b83-9f14-78ace8ade551,proj_0239,8,2,54.9258,42.7045,0.9994,47.3987,1,0.4,2,5,0.0908,1,0.0,1,Hackathon Champion,Strong match (Score: 54.9). Matched 2/5 required skills (40%). domain aligned. Segment: Hackathon Champion.
fd53b824-68d3-4bf7-b335-9690414454ca,proj_0239,9,13,53.3384,39.2361,0.9981,42.488,1,0.2,1,5,0.2134,1,0.0,3,Emerging Generalist Builder,Strong match (Score: 53.3). Matched 1/5 required skills (20%). high text similarity (0.21). domain aligned. Segment: Emerging Generalist Builder.
e887736d-bf55-4cf8-919a-9a3b332033d1,proj_0239,10,5,52.7925,39.6438,0.9985,41.9094,1,0.2,1,5,0.132,1,0.2,3,Emerging Generalist Builder,Strong match (Score: 52.8). Matched 1/5 required skills (20%). domain aligned. Segment: Emerging Generalist Builder.
937d18e2-38a4-4b49-a93a-047fab3db10e,proj_0240,1,2,78.5628,79.2483,0.9996,80.4001,1,1.0,4,4,0.2917,1,0.0,0,Applied Project Specialist,Exceptional match (Score: 78.6). Matched 4/4 required skills (100%). high text similarity (0.29). domain aligned. Segment: Applied Project Specialist.
2af7712b-5192-4039-b527-b1a51858eda8,proj_0240,2,1,67.4662,61.6306,0.9996,65.6622,1,0.75,3,4,0.1884,1,0.0,3,Emerging Generalist Builder,Strong match (Score: 67.5). Matched 3/4 required skills (75%). high text similarity (0.19). domain aligned. Segment: Emerging Generalist Builder.
41548c0f-f749-405b-8baa-0d455112ae92,proj_0240,3,3,63.0834,54.2985,0.9995,52.8562,1,0.75,3,4,0.2586,0,0.0,2,High Open-Source Contributor,Strong match (Score: 63.1). Matched 3/4 required skills (75%). high text similarity (0.26). Segment: High Open-Source Contributor.
764a5184-1cb3-4b67-90a5-b8daa11ab4db,proj_0240,4,5,59.7726,49.9816,0.9996,48.7155,1,0.5,2,4,0.1528,1,0.0,3,Emerging Generalist Builder,Strong match (Score: 59.8). Matched 2/4 required skills (50%). high text similarity (0.15). domain aligned. Segment: Emerging Generalist Builder.
98819017-823e-4fb9-8740-a987af1920e0,proj_0240,5,8,54.287,41.8201,0.9995,43.6922,1,0.5,2,4,0.1716,0,0.0,0,Applied Project Specialist,Strong match (Score: 54.3). Matched 2/4 required skills (50%). high text similarity (0.17). Segment: Applied Project Specialist.
5a5e88c1-5f2d-4dda-bf2b-57bab8f82575,proj_0240,6,6,51.6873,36.0632,0.9975,40.1854,1,0.25,1,4,0.1558,1,0.0,3,Emerging Generalist Builder,Strong match (Score: 51.7). Matched 1/4 required skills (25%). high text similarity (0.16). domain aligned. Segment: Emerging Generalist Builder.
68850a10-ff2d-4844-b456-e19c970488a0,proj_0240,7,8,51.3291,36.8741,0.9986,41.6984,1,0.25,1,4,0.1081,1,0.0,0,Applied Project Specialist,Strong match (Score: 51.3). Matched 1/4 required skills (25%). domain aligned. Segment: Applied Project Specialist.
47bb619e-c8da-4f9d-b2b8-c1f34353bcbe,proj_0240,8,4,50.9601,35.4453,0.9995,38.1059,1,0.5,2,4,0.1198,0,0.0,2,High Open-Source Contributor,Strong match (Score: 51.0). Matched 2/4 required skills (50%). Segment: High Open-Source Contributor.
d052c5f3-b891-454a-84df-4065759115f4,proj_0240,9,23,50.6441,35.6864,0.9994,33.1885,1,0.5,2,4,0.0925,0,0.0,2,High Open-Source Contributor,Strong match (Score: 50.6). Matched 2/4 required skills (50%). Segment: High Open-Source Contributor.
6c984ec2-ddc4-4ca1-8e04-8fe558b7446a,proj_0240,10,23,50.44,34.4412,0.9977,33.3367,1,0.25,1,4,0.1155,1,0.0,2,High Open-Source Contributor,Strong match (Score: 50.4). Matched 1/4 required skills (25%). domain aligned. Segment: High Open-Source Contributor.
9c588639-a077-4e52-b96e-abc5b46ed667,proj_0241,1,1,71.1724,66.9697,0.9995,54.5248,1,1.0,5,5,0.2933,0,0.0,2,High Open-Source Contributor,Strong match (Score: 71.2). Matched 5/5 required skills (100%). high text similarity (0.29). Segment: High Open-Source Contributor.
360fc955-3175-4c3d-9b68-b9c3dc856b80,proj_0241,2,1,69.2475,65.0712,0.9995,69.1254,1,0.8,4,5,0.3156,0,0.2,2,High Open-Source Contributor,Strong match (Score: 69.2). Matched 4/5 required skills (80%). high text similarity (0.32). Segment: High Open-Source Contributor.
cf1e539f-ead8-4a9f-9648-f90c9abbaa41,proj_0241,3,1,64.0363,55.1269,0.9995,62.1375,1,0.8,4,5,0.2667,0,0.0,2,High Open-Source Contributor,Strong match (Score: 64.0). Matched 4/5 required skills (80%). high text similarity (0.27). Segment: High Open-Source Contributor.
72848f00-32d0-4c87-a52e-9346570c5189,proj_0241,4,1,63.6376,54.9664,0.9995,47.3205,1,0.8,4,5,0.2444,0,0.0,2,High Open-Source Contributor,Strong match (Score: 63.6). Matched 4/5 required skills (80%). high text similarity (0.24). Segment: High Open-Source Contributor.
ce5c719e-0eba-4ee2-9b14-0345a49fc6d3,proj_0241,5,3,61.7078,54.2019,0.9982,58.6925,1,0.6,3,5,0.1054,1,0.0,0,Applied Project Specialist,Strong match (Score: 61.7). Matched 3/5 required skills (60%). domain aligned. Segment: Applied Project Specialist.
dfd6a237-0a98-43be-8837-4607f5015d2c,proj_0241,6,3,61.0027,51.3679,0.9995,51.7373,1,0.8,4,5,0.1647,0,0.0,2,High Open-Source Contributor,Strong match (Score: 61.0). Matched 4/5 required skills (80%). high text similarity (0.16). Segment: High Open-Source Contributor.
03475a14-2a18-4b0b-93f5-ee3f95eb5625,proj_0241,7,2,60.4398,49.4544,0.9995,48.7997,1,0.8,4,5,0.1782,0,0.0,3,Emerging Generalist Builder,Strong match (Score: 60.4). Matched 4/5 required skills (80%). high text similarity (0.18). Segment: Emerging Generalist Builder.
c4dd2160-9823-4402-81d3-8707c241bdd5,proj_0241,8,2,59.1495,48.7387,0.9994,45.2788,1,0.6,3,5,0.2448,0,0.0,1,Hackathon Champion,Strong match (Score: 59.1). Matched 3/5 required skills (60%). high text similarity (0.24). Segment: Hackathon Champion.
9c7b6795-f410-4c60-a33d-1b394b14a28e,proj_0241,9,3,57.8503,47.7964,0.9995,53.7918,1,0.4,2,5,0.2609,0,0.3333,3,Emerging Generalist Builder,Strong match (Score: 57.9). Matched 2/5 required skills (40%). high text similarity (0.26). Segment: Emerging Generalist Builder.
c9eb73ea-d077-44ec-b88c-690272b8f0e7,proj_0241,10,7,55.657,44.4051,0.9995,42.4763,1,0.4,2,5,0.094,1,0.0,3,Emerging Generalist Builder,Strong match (Score: 55.7). Matched 2/5 required skills (40%). domain aligned. Segment: Emerging Generalist Builder.
e08544ce-9fea-4ed5-926b-df8a4054cef4,proj_0242,1,1,78.1761,77.8991,0.9996,78.0188,1,1.0,4,4,0.3019,1,0.0,2,High Open-Source Contributor,Exceptional match (Score: 78.2). Matched 4/4 required skills (100%). high text similarity (0.30). domain aligned. Segment: High Open-Source Contributor.
c5644ec7-56a1-4c47-9050-b7704cf711bd,proj_0242,2,3,55.4212,42.3268,0.9995,43.4038,1,0.5,2,4,0.2337,0,0.0,2,High Open-Source Contributor,Strong match (Score: 55.4). Matched 2/4 required skills (50%). high text similarity (0.23). Segment: High Open-Source Contributor.
c478ab16-73cc-4c97-a81c-03bb388a6500,proj_0242,3,5,54.1042,40.4917,0.9991,40.4149,1,0.5,2,4,0.1623,0,0.2,3,Emerging Generalist Builder,Strong match (Score: 54.1). Matched 2/4 required skills (50%). high text similarity (0.16). Segment: Emerging Generalist Builder.
389062fe-a5c8-4f8d-ab5a-72f522fa00fa,proj_0242,4,10,53.8374,40.1486,0.9995,37.0786,1,0.5,2,4,0.1862,0,0.0,0,Applied Project Specialist,Strong match (Score: 53.8). Matched 2/4 required skills (50%). high text similarity (0.19). Segment: Applied Project Specialist.
1bf2ac9a-4858-4f47-8632-78375ffd5317,proj_0242,5,3,53.629,40.0,0.9995,39.2906,1,0.5,2,4,0.1346,0,0.25,2,High Open-Source Contributor,Strong match (Score: 53.6). Matched 2/4 required skills (50%). Segment: High Open-Source Contributor.
41548c0f-f749-405b-8baa-0d455112ae92,proj_0242,6,7,50.7434,35.0272,0.9995,32.1698,1,0.5,2,4,0.1165,0,0.0,2,High Open-Source Contributor,Strong match (Score: 50.7). Matched 2/4 required skills (50%). Segment: High Open-Source Contributor.
8232d63e-d487-4977-bd32-327717e11fb0,proj_0242,7,1,50.5247,33.9442,0.9975,33.7531,1,0.25,1,4,0.1348,1,0.0,1,Hackathon Champion,Strong match (Score: 50.5). Matched 1/4 required skills (25%). domain aligned. Segment: Hackathon Champion.
2af7712b-5192-4039-b527-b1a51858eda8,proj_0242,8,21,49.3023,31.4169,0.9994,22.7052,1,0.5,2,4,0.1169,0,0.0,3,Emerging Generalist Builder,Moderate match (Score: 49.3). Matched 2/4 required skills (50%). Segment: Emerging Generalist Builder.
98819017-823e-4fb9-8740-a987af1920e0,proj_0242,9,16,48.9672,34.7268,0.9979,37.8419,1,0.25,1,4,0.1093,0,0.4,0,Applied Project Specialist,Moderate match (Score: 49.0). Matched 1/4 required skills (25%). Segment: Applied Project Specialist.
5fac1111-acb9-4ca4-aef3-3570b9713ec1,proj_0242,10,24,47.8208,30.2013,0.9954,36.3654,1,0.0,0,4,0.1141,1,0.6667,3,Emerging Generalist Builder,Moderate match (Score: 47.8). Matched 0/4 required skills (0%). domain aligned. Segment: Emerging Generalist Builder.
11ae27ca-bf45-46bd-9607-4def4f4b9847,proj_0243,1,1,78.7799,77.976,0.9996,72.6938,1,1.0,3,3,0.3401,1,0.0,1,Hackathon Champion,Exceptional match (Score: 78.8). Matched 3/3 required skills (100%). high text similarity (0.34). domain aligned. Segment: Hackathon Champion.
37921f8e-6940-4221-a34b-d7be678be5c4,proj_0243,2,3,72.1581,67.9866,0.9995,54.2431,1,1.0,3,3,0.3319,0,0.0,0,Applied Project Specialist,Strong match (Score: 72.2). Matched 3/3 required skills (100%). high text similarity (0.33). Segment: Applied Project Specialist.
47a94596-24f8-4c7c-9961-3337e72d1feb,proj_0243,3,4,71.5158,66.9396,0.9995,62.8435,1,1.0,3,3,0.317,0,0.0,0,Applied Project Specialist,Strong match (Score: 71.5). Matched 3/3 required skills (100%). high text similarity (0.32). Segment: Applied Project Specialist.
f63bb13f-93b2-41f7-941e-269711f4d4eb,proj_0243,4,1,70.7075,64.5549,0.9995,62.7709,1,1.0,3,3,0.3267,0,0.0,1,Hackathon Champion,Strong match (Score: 70.7). Matched 3/3 required skills (100%). high text similarity (0.33). Segment: Hackathon Champion.
b5b19d8a-de3e-45ba-bba5-521f2a25f95f,proj_0243,5,3,70.687,64.2487,0.9995,64.0665,1,1.0,3,3,0.3335,0,0.0,2,High Open-Source Contributor,Strong match (Score: 70.7). Matched 3/3 required skills (100%). high text similarity (0.33). Segment: High Open-Source Contributor.
482ad2c1-897a-4d02-a049-2588feb555c9,proj_0243,6,4,70.6862,64.5656,0.9995,64.6071,1,1.0,3,3,0.325,0,0.0,2,High Open-Source Contributor,Strong match (Score: 70.7). Matched 3/3 required skills (100%). high text similarity (0.33). Segment: High Open-Source Contributor.
0366bf32-f9d4-4aa2-a3f8-e65520b0768c,proj_0243,7,2,70.4946,65.0089,0.9995,74.4704,1,1.0,3,3,0.3004,0,0.0,2,High Open-Source Contributor,Strong match (Score: 70.5). Matched 3/3 required skills (100%). high text similarity (0.30). Segment: High Open-Source Contributor.
e79850c2-c17a-4aac-b2b3-52194b911c0a,proj_0243,8,4,70.4632,64.3829,0.9995,62.6416,1,1.0,3,3,0.315,0,0.0,2,High Open-Source Contributor,Strong match (Score: 70.5). Matched 3/3 required skills (100%). high text similarity (0.32). Segment: High Open-Source Contributor.
b7dad599-a16d-4fcf-b509-98101812c67c,proj_0243,9,4,70.2993,64.0144,0.9995,62.301,1,1.0,3,3,0.3139,0,0.0,2,High Open-Source Contributor,Strong match (Score: 70.3). Matched 3/3 required skills (100%). high text similarity (0.31). Segment: High Open-Source Contributor.
6750c492-31c8-4aa9-8d43-05cfda6f0f44,proj_0243,10,3,69.9078,62.102,0.9993,61.4401,1,1.0,3,3,0.3392,0,0.0,3,Emerging Generalist Builder,Strong match (Score: 69.9). Matched 3/3 required skills (100%). high text similarity (0.34). Segment: Emerging Generalist Builder.
5bb79aa1-96a0-4574-ab8a-8a44cc9b7d84,proj_0244,1,1,75.6545,73.8524,0.9993,72.9328,1,1.0,3,3,0.2423,1,0.0,2,High Open-Source Contributor,Exceptional match (Score: 75.7). Matched 3/3 required skills (100%). high text similarity (0.24). domain aligned. Segment: High Open-Source Contributor.
7330eba1-85ce-43aa-866d-b5df0c4f5175,proj_0244,2,1,68.0741,61.159,0.9995,61.0937,1,1.0,3,3,0.2417,0,0.0,3,Emerging Generalist Builder,Strong match (Score: 68.1). Matched 3/3 required skills (100%). high text similarity (0.24). Segment: Emerging Generalist Builder.
b76e52b5-01dd-4187-b21f-d60808acc325,proj_0244,3,1,66.8278,58.9095,0.9995,56.7247,1,1.0,3,3,0.2186,0,0.0,2,High Open-Source Contributor,Strong match (Score: 66.8). Matched 3/3 required skills (100%). high text similarity (0.22). Segment: High Open-Source Contributor.
d095cbba-302b-48b1-b0fc-d4269950c37a,proj_0244,4,2,66.7245,58.9476,0.9995,59.5164,1,1.0,3,3,0.2107,0,0.0,1,Hackathon Champion,Strong match (Score: 66.7). Matched 3/3 required skills (100%). high text similarity (0.21). Segment: Hackathon Champion.
7b2e3b2a-c45e-40d1-b5a3-f4c25123b11c,proj_0244,5,2,61.4443,51.017,0.9996,49.1933,1,0.6667,2,3,0.1255,1,0.0,2,High Open-Source Contributor,Strong match (Score: 61.4). Matched 2/3 required skills (67%). domain aligned. Segment: High Open-Source Contributor.
d650a5ef-4b67-4938-b860-7cdad70abcaa,proj_0244,6,2,57.8936,45.1202,0.9995,60.1964,1,0.6667,2,3,0.2129,0,0.0,3,Emerging Generalist Builder,Strong match (Score: 57.9). Matched 2/3 required skills (67%). high text similarity (0.21). Segment: Emerging Generalist Builder.
c1a1ab53-2ff7-4fec-b883-968673ac227a,proj_0244,7,10,56.3677,42.7305,0.9992,44.6375,1,0.6667,2,3,0.1755,0,0.0,2,High Open-Source Contributor,Strong match (Score: 56.4). Matched 2/3 required skills (67%). high text similarity (0.18). Segment: High Open-Source Contributor.
1ee97fc8-a9e6-4a93-9b13-b736356a4c9a,proj_0244,8,1,55.4738,40.0344,0.9995,38.0709,1,0.6667,2,3,0.1872,0,0.0,3,Emerging Generalist Builder,Strong match (Score: 55.5). Matched 2/3 required skills (67%). high text similarity (0.19). Segment: Emerging Generalist Builder.
68850a10-ff2d-4844-b456-e19c970488a0,proj_0244,9,7,52.0551,36.9365,0.9975,38.5044,1,0.3333,1,3,0.1015,1,0.0,0,Applied Project Specialist,Strong match (Score: 52.1). Matched 1/3 required skills (33%). domain aligned. Segment: Applied Project Specialist.
a79e2fc6-d588-48d8-aacc-30ae69842200,proj_0244,10,10,51.5213,36.3258,0.997,49.9625,1,0.3333,1,3,0.0832,1,0.0,1,Hackathon Champion,Strong match (Score: 51.5). Matched 1/3 required skills (33%). domain aligned. Segment: Hackathon Champion.
e12d2d84-0277-4bcb-84ff-63450e3cc004,proj_0245,1,1,73.4915,69.1687,0.9996,70.5565,1,1.0,3,3,0.2224,1,0.0,3,Emerging Generalist Builder,Strong match (Score: 73.5). Matched 3/3 required skills (100%). high text similarity (0.22). domain aligned. Segment: Emerging Generalist Builder.
7eae055b-58e7-4ccf-b97e-b3d17f153640,proj_0245,2,3,67.1026,58.7972,0.9996,66.468,1,0.6667,2,3,0.2397,1,0.3333,2,High Open-Source Contributor,Strong match (Score: 67.1). Matched 2/3 required skills (67%). high text similarity (0.24). domain aligned. Segment: High Open-Source Contributor.
61fd5470-3e56-4a8f-95c3-c80c3571e83a,proj_0245,3,4,67.0107,59.9105,0.9995,56.2381,1,1.0,3,3,0.2041,0,0.0,1,Hackathon Champion,Strong match (Score: 67.0). Matched 3/3 required skills (100%). high text similarity (0.20). Segment: Hackathon Champion.
0664ac18-e4b1-4687-a748-cf62f7e567f9,proj_0245,4,8,64.5629,55.2798,0.9995,49.8901,1,1.0,3,3,0.1644,0,0.0,2,High Open-Source Contributor,Strong match (Score: 64.6). Matched 3/3 required skills (100%). high text similarity (0.16). Segment: High Open-Source Contributor.
71356e5d-9127-4bbd-9772-a4c4e1f40a13,proj_0245,5,8,64.3827,54.8329,0.9995,58.0629,1,1.0,3,3,0.1643,0,0.0,2,High Open-Source Contributor,Strong match (Score: 64.4). Matched 3/3 required skills (100%). high text similarity (0.16). Segment: High Open-Source Contributor.
bb770a17-7d83-4cbb-aca4-e2a868dafa3e,proj_0245,6,4,64.3695,54.875,0.9995,55.2085,1,1.0,3,3,0.1623,0,0.0,3,Emerging Generalist Builder,Strong match (Score: 64.4). Matched 3/3 required skills (100%). high text similarity (0.16). Segment: Emerging Generalist Builder.
46a01596-9eb8-4790-9e04-ba845207e836,proj_0245,7,4,64.0624,54.3773,0.9995,54.9858,1,1.0,3,3,0.1551,0,0.0,2,High Open-Source Contributor,Strong match (Score: 64.1). Matched 3/3 required skills (100%). high text similarity (0.16). Segment: High Open-Source Contributor.
286ddc0f-e370-4a6a-b71d-eafbac97a95f,proj_0245,8,2,63.3997,52.4617,0.9995,47.4967,1,1.0,3,3,0.162,0,0.0,3,Emerging Generalist Builder,Strong match (Score: 63.4). Matched 3/3 required skills (100%). high text similarity (0.16). Segment: Emerging Generalist Builder.
e2fce6e3-f948-4770-b5e5-a66e7d104e15,proj_0245,9,4,61.6134,50.7459,0.9995,57.3855,1,0.6667,2,3,0.1442,1,0.0,2,High Open-Source Contributor,Strong match (Score: 61.6). Matched 2/3 required skills (67%). domain aligned. Segment: High Open-Source Contributor.
5650aad2-20d6-4baf-b306-cf8f848814e9,proj_0245,10,4,60.0635,48.0,0.9995,36.7865,1,0.6667,2,3,0.2391,0,0.25,3,Emerging Generalist Builder,Strong match (Score: 60.1). Matched 2/3 required skills (67%). high text similarity (0.24). Segment: Emerging Generalist Builder.
d98f74bd-f178-4c27-b181-e77e0b0e657d,proj_0246,1,1,68.4627,61.9656,0.9995,57.9752,1,1.0,4,4,0.2461,0,0.0,2,High Open-Source Contributor,Strong match (Score: 68.5). Matched 4/4 required skills (100%). high text similarity (0.25). Segment: High Open-Source Contributor.
91c33b06-c698-49f7-b17c-be3d4a8a4efe,proj_0246,2,2,59.9195,49.5124,0.9995,46.7143,1,0.75,3,4,0.1753,0,0.0,2,High Open-Source Contributor,Strong match (Score: 59.9). Matched 3/4 required skills (75%). high text similarity (0.18). Segment: High Open-Source Contributor.
61651476-b23b-4e95-9a84-a886cfb57efc,proj_0246,3,5,59.3632,48.3242,0.9995,48.0217,1,0.75,3,4,0.1699,0,0.0,3,Emerging Generalist Builder,Strong match (Score: 59.4). Matched 3/4 required skills (75%). high text similarity (0.17). Segment: Emerging Generalist Builder.
9965fb9a-60f0-4faa-a4c2-69d5bf9b8f86,proj_0246,4,10,58.813,48.1637,0.9995,49.9257,1,0.75,3,4,0.1375,0,0.0,0,Applied Project Specialist,Strong match (Score: 58.8). Matched 3/4 required skills (75%). Segment: Applied Project Specialist.
8ad6c823-a9c7-4460-aa3b-8594a99e72f2,proj_0246,5,2,58.3874,46.136,0.9995,46.4463,1,0.75,3,4,0.1632,0,0.0,3,Emerging Generalist Builder,Strong match (Score: 58.4). Matched 3/4 required skills (75%). high text similarity (0.16). Segment: Emerging Generalist Builder.
ae6cb331-f877-4763-9728-6e2651b1be61,proj_0246,6,1,55.0187,42.8217,0.9995,44.2785,1,0.5,2,4,0.152,0,0.25,3,Emerging Generalist Builder,Strong match (Score: 55.0). Matched 2/4 required skills (50%). high text similarity (0.15). Segment: Emerging Generalist Builder.
382513f3-1f6e-46a2-bd96-deed53e75a83,proj_0246,7,5,53.9431,40.9578,0.9995,41.1816,1,0.5,2,4,0.13,0,0.25,3,Emerging Generalist Builder,Strong match (Score: 53.9). Matched 2/4 required skills (50%). Segment: Emerging Generalist Builder.
ef7c61a2-dde5-449b-88e6-13dd92fbe187,proj_0246,8,9,53.4216,39.2589,0.9995,33.1665,1,0.5,2,4,0.1822,0,0.0,2,High Open-Source Contributor,Strong match (Score: 53.4). Matched 2/4 required skills (50%). high text similarity (0.18). Segment: High Open-Source Contributor.
03475a14-2a18-4b0b-93f5-ee3f95eb5625,proj_0246,9,7,52.8298,38.1246,0.9995,42.2788,1,0.5,2,4,0.173,0,0.0,3,Emerging Generalist Builder,Strong match (Score: 52.8). Matched 2/4 required skills (50%). high text similarity (0.17). Segment: Emerging Generalist Builder.
31af78ed-9dda-4632-a904-96cb721a1963,proj_0246,10,8,52.6032,39.4442,0.9995,36.5891,1,0.5,2,4,0.1227,0,0.0,0,Applied Project Specialist,Strong match (Score: 52.6). Matched 2/4 required skills (50%). Segment: Applied Project Specialist.
b33c7dd8-cc1e-4f75-abd7-db482c0308b4,proj_0247,1,2,69.4378,63.5332,0.9995,60.1904,1,1.0,4,4,0.2693,0,0.0,0,Applied Project Specialist,Strong match (Score: 69.4). Matched 4/4 required skills (100%). high text similarity (0.27). Segment: Applied Project Specialist.
1940ff65-3c28-41a4-9813-5a3ada45eb94,proj_0247,2,1,67.9595,60.6476,0.9995,62.7624,1,1.0,4,4,0.2477,0,0.0,3,Emerging Generalist Builder,Strong match (Score: 68.0). Matched 4/4 required skills (100%). high text similarity (0.25). Segment: Emerging Generalist Builder.
a4110e45-2926-4e7f-8678-ab3a4210a5f1,proj_0247,3,4,67.8074,60.3984,0.9994,62.0799,1,1.0,4,4,0.2444,0,0.0,1,Hackathon Champion,Strong match (Score: 67.8). Matched 4/4 required skills (100%). high text similarity (0.24). Segment: Hackathon Champion.
5cab9df0-fce9-4f96-b7d4-77b04d8ef79a,proj_0247,4,2,67.2747,60.173,0.9995,57.4924,1,1.0,4,4,0.2147,0,0.0,1,Hackathon Champion,Strong match (Score: 67.3). Matched 4/4 required skills (100%). high text similarity (0.21). Segment: Hackathon Champion.
aaf15e54-2ea9-4302-9eb0-49002b6784b3,proj_0247,5,3,67.1559,59.4297,0.9995,54.429,1,1.0,4,4,0.2266,0,0.0,2,High Open-Source Contributor,Strong match (Score: 67.2). Matched 4/4 required skills (100%). high text similarity (0.23). Segment: High Open-Source Contributor.
8995f629-3c40-4be3-af08-55a1ef05567b,proj_0247,6,3,61.1344,51.5486,0.9995,44.1035,1,0.75,3,4,0.202,0,0.0,2,High Open-Source Contributor,Strong match (Score: 61.1). Matched 3/4 required skills (75%). high text similarity (0.20). Segment: High Open-Source Contributor.
14f94e94-7722-4ae8-8b7e-be63c79c6533,proj_0247,7,3,59.9862,48.6968,0.9995,55.1309,1,0.75,3,4,0.2015,0,0.0,2,High Open-Source Contributor,Strong match (Score: 60.0). Matched 3/4 required skills (75%). high text similarity (0.20). Segment: High Open-Source Contributor.
62e37ce6-ceca-4f3a-aa3a-b3f14c0ccdde,proj_0247,8,5,59.8472,48.1354,0.9995,47.3328,1,0.75,3,4,0.2072,0,0.0,3,Emerging Generalist Builder,Strong match (Score: 59.8). Matched 3/4 required skills (75%). high text similarity (0.21). Segment: Emerging Generalist Builder.
8484aefb-b48a-4def-9957-9096f3e5b8dd,proj_0247,9,2,58.3093,46.9908,0.9995,44.3788,1,0.75,3,4,0.1352,0,0.0,3,Emerging Generalist Builder,Strong match (Score: 58.3). Matched 3/4 required skills (75%). Segment: Emerging Generalist Builder.
3f5bccd6-69b7-4942-b990-1a8d254bb653,proj_0247,10,1,58.2099,45.2047,0.9995,43.602,1,0.75,3,4,0.1762,0,0.0,3,Emerging Generalist Builder,Strong match (Score: 58.2). Matched 3/4 required skills (75%). high text similarity (0.18). Segment: Emerging Generalist Builder.
b33c7dd8-cc1e-4f75-abd7-db482c0308b4,proj_0248,1,1,76.1639,75.2384,0.9996,77.4782,1,1.0,4,4,0.2387,1,0.0,0,Applied Project Specialist,Exceptional match (Score: 76.2). Matched 4/4 required skills (100%). high text similarity (0.24). domain aligned. Segment: Applied Project Specialist.
20f0cd2f-0720-4027-a947-2e6ea888d087,proj_0248,2,2,70.6767,67.7442,0.9996,66.6825,1,0.75,3,4,0.2394,1,0.0,3,Emerging Generalist Builder,Strong match (Score: 70.7). Matched 3/4 required skills (75%). high text similarity (0.24). domain aligned. Segment: Emerging Generalist Builder.
595e0130-e17f-413e-b188-78166328de09,proj_0248,3,6,60.8352,51.3818,0.9995,55.87,1,0.75,3,4,0.1865,0,0.0,2,High Open-Source Contributor,Strong match (Score: 60.8). Matched 3/4 required skills (75%). high text similarity (0.19). Segment: High Open-Source Contributor.
0c80f749-3d68-49f7-b466-a887bbecea6b,proj_0248,4,9,60.4935,50.5013,0.9995,49.2736,1,0.75,3,4,0.1872,0,0.0,2,High Open-Source Contributor,Strong match (Score: 60.5). Matched 3/4 required skills (75%). high text similarity (0.19). Segment: High Open-Source Contributor.
5cab9df0-fce9-4f96-b7d4-77b04d8ef79a,proj_0248,5,5,59.7211,49.4103,0.9995,46.3021,1,0.75,3,4,0.1648,0,0.0,1,Hackathon Champion,Strong match (Score: 59.7). Matched 3/4 required skills (75%). high text similarity (0.16). Segment: Hackathon Champion.
aaf15e54-2ea9-4302-9eb0-49002b6784b3,proj_0248,6,7,59.0055,47.6324,0.9995,46.5937,1,0.75,3,4,0.1645,0,0.0,2,High Open-Source Contributor,Strong match (Score: 59.0). Matched 3/4 required skills (75%). high text similarity (0.16). Segment: High Open-Source Contributor.
b92bae36-b338-429c-af78-0cbf3fb8795f,proj_0248,7,9,58.6631,48.6439,0.9996,40.5421,1,0.5,2,4,0.1145,1,0.0,2,High Open-Source Contributor,Strong match (Score: 58.7). Matched 2/4 required skills (50%). domain aligned. Segment: High Open-Source Contributor.
0e5fe7e2-af95-46e2-bf8f-a08bcb198d14,proj_0248,8,1,58.287,47.0475,0.9995,42.9227,1,0.75,3,4,0.1322,0,0.0,0,Applied Project Specialist,Strong match (Score: 58.3). Matched 3/4 required skills (75%). Segment: Applied Project Specialist.
29a70b35-707c-484f-8bb5-8b215d6ebcd4,proj_0248,9,16,56.1928,44.0101,0.9995,39.9685,1,0.5,2,4,0.1847,0,0.3333,2,High Open-Source Contributor,Strong match (Score: 56.2). Matched 2/4 required skills (50%). high text similarity (0.18). Segment: High Open-Source Contributor.
b94dbd3e-01cf-41d6-986f-f35a63a849a8,proj_0248,10,6,56.0652,44.205,0.9995,49.7825,1,0.5,2,4,0.171,0,0.3333,2,High Open-Source Contributor,Strong match (Score: 56.1). Matched 2/4 required skills (50%). high text similarity (0.17). Segment: High Open-Source Contributor.
b33c7dd8-cc1e-4f75-abd7-db482c0308b4,proj_0249,1,3,68.4668,62.4146,0.9995,59.158,1,1.0,3,3,0.2344,0,0.0,0,Applied Project Specialist,Strong match (Score: 68.5). Matched 3/3 required skills (100%). high text similarity (0.23). Segment: Applied Project Specialist.
43965359-ca1d-45cf-91a8-d082153130f9,proj_0249,2,3,68.4431,62.1978,0.9995,65.4369,1,1.0,3,3,0.2386,0,0.0,0,Applied Project Specialist,Strong match (Score: 68.4). Matched 3/3 required skills (100%). high text similarity (0.24). Segment: Applied Project Specialist.
69b350c6-2a8f-4317-b816-1b51a6cddd3d,proj_0249,3,1,67.9524,60.7686,0.9994,65.6356,1,1.0,3,3,0.2442,0,0.0,2,High Open-Source Contributor,Strong match (Score: 68.0). Matched 3/3 required skills (100%). high text similarity (0.24). Segment: High Open-Source Contributor.
9bd2188b-b88c-4911-b3b0-168e9e3e1ab3,proj_0249,4,3,58.555,46.1024,0.9995,43.4114,1,0.6667,2,3,0.2308,0,0.0,2,High Open-Source Contributor,Strong match (Score: 58.6). Matched 2/3 required skills (67%). high text similarity (0.23). Segment: High Open-Source Contributor.
a4110e45-2926-4e7f-8678-ab3a4210a5f1,proj_0249,5,11,57.8745,46.3531,0.9995,43.7429,1,0.6667,2,3,0.1232,0,0.3333,1,Hackathon Champion,Strong match (Score: 57.9). Matched 2/3 required skills (67%). Segment: Hackathon Champion.
ae1edce1-d966-42e3-8c89-aef9b00864d3,proj_0249,6,5,57.8518,45.0383,0.9995,41.6432,1,0.6667,2,3,0.2123,0,0.0,2,High Open-Source Contributor,Strong match (Score: 57.9). Matched 2/3 required skills (67%). high text similarity (0.21). Segment: High Open-Source Contributor.
b94dbd3e-01cf-41d6-986f-f35a63a849a8,proj_0249,7,4,57.6353,44.1819,0.9995,36.4331,1,0.6667,2,3,0.2207,0,0.0,2,High Open-Source Contributor,Strong match (Score: 57.6). Matched 2/3 required skills (67%). high text similarity (0.22). Segment: High Open-Source Contributor.
aaf15e54-2ea9-4302-9eb0-49002b6784b3,proj_0249,8,9,57.0723,45.5182,0.9995,45.6931,1,0.6667,2,3,0.1142,0,0.2,2,High Open-Source Contributor,Strong match (Score: 57.1). Matched 2/3 required skills (67%). Segment: High Open-Source Contributor.
5cab9df0-fce9-4f96-b7d4-77b04d8ef79a,proj_0249,9,10,56.0992,43.9281,0.9994,53.8799,1,0.6667,2,3,0.0836,0,0.25,1,Hackathon Champion,Strong match (Score: 56.1). Matched 2/3 required skills (67%). Segment: Hackathon Champion.
eceb9a38-a02e-488b-8056-dfe93cb6e122,proj_0249,10,8,56.0545,41.7938,0.9995,38.0368,1,0.6667,2,3,0.179,0,0.0,2,High Open-Source Contributor,Strong match (Score: 56.1). Matched 2/3 required skills (67%). high text similarity (0.18). Segment: High Open-Source Contributor.
43965359-ca1d-45cf-91a8-d082153130f9,proj_0250,1,1,78.7259,78.8948,0.9996,75.3832,1,1.0,3,3,0.312,1,0.0,0,Applied Project Specialist,Exceptional match (Score: 78.7). Matched 3/3 required skills (100%). high text similarity (0.31). domain aligned. Segment: Applied Project Specialist.
5cab9df0-fce9-4f96-b7d4-77b04d8ef79a,proj_0250,2,1,68.194,61.2637,0.9995,65.3083,1,1.0,3,3,0.2469,0,0.0,1,Hackathon Champion,Strong match (Score: 68.2). Matched 3/3 required skills (100%). high text similarity (0.25). Segment: Hackathon Champion.
ae1edce1-d966-42e3-8c89-aef9b00864d3,proj_0250,3,2,68.0645,61.0749,0.9995,58.8096,1,1.0,3,3,0.2433,0,0.0,2,High Open-Source Contributor,Strong match (Score: 68.1). Matched 3/3 required skills (100%). high text similarity (0.24). Segment: High Open-Source Contributor.
b94dbd3e-01cf-41d6-986f-f35a63a849a8,proj_0250,4,1,68.0408,61.5607,0.9996,62.2103,1,0.6667,2,3,0.2841,1,0.0,2,High Open-Source Contributor,Strong match (Score: 68.0). Matched 2/3 required skills (67%). high text similarity (0.28). domain aligned. Segment: High Open-Source Contributor.
a4110e45-2926-4e7f-8678-ab3a4210a5f1,proj_0250,5,1,68.0113,60.6046,0.9995,65.6956,1,1.0,3,3,0.2523,0,0.0,1,Hackathon Champion,Strong match (Score: 68.0). Matched 3/3 required skills (100%). high text similarity (0.25). Segment: Hackathon Champion.
62e37ce6-ceca-4f3a-aa3a-b3f14c0ccdde,proj_0250,6,3,67.5872,58.9218,0.9995,54.9805,1,1.0,3,3,0.2689,0,0.0,3,Emerging Generalist Builder,Strong match (Score: 67.6). Matched 3/3 required skills (100%). high text similarity (0.27). Segment: Emerging Generalist Builder.
89d8fc5d-e5fd-43e4-9fa2-b97feeb783d5,proj_0250,7,3,56.1933,42.5121,0.9995,49.6606,1,0.6667,2,3,0.1691,0,0.0,3,Emerging Generalist Builder,Strong match (Score: 56.2). Matched 2/3 required skills (67%). high text similarity (0.17). Segment: Emerging Generalist Builder.
039089eb-97a5-449d-bee2-00908fe0a587,proj_0250,8,8,55.8288,42.0394,0.9995,32.6186,1,0.6667,2,3,0.1574,0,0.0,1,Hackathon Champion,Strong match (Score: 55.8). Matched 2/3 required skills (67%). high text similarity (0.16). Segment: Hackathon Champion.
eceb9a38-a02e-488b-8056-dfe93cb6e122,proj_0250,9,9,55.44,41.6038,0.9995,41.3324,1,0.6667,2,3,0.1431,0,0.0,2,High Open-Source Contributor,Strong match (Score: 55.4). Matched 2/3 required skills (67%). Segment: High Open-Source Contributor.
8995f629-3c40-4be3-af08-55a1ef05567b,proj_0250,10,7,55.1676,41.3165,0.9995,40.9555,1,0.6667,2,3,0.1326,0,0.0,2,High Open-Source Contributor,Strong match (Score: 55.2). Matched 2/3 required skills (67%). Segment: High Open-Source Contributor.
eea395fd-93bf-4317-b6e5-0916f9cab3b2,proj_0251,1,1,78.6182,77.9054,0.9995,72.2242,1,1.0,4,4,0.3314,1,0.0,3,Emerging Generalist Builder,Exceptional match (Score: 78.6). Matched 4/4 required skills (100%). high text similarity (0.33). domain aligned. Segment: Emerging Generalist Builder.
1ad0e42d-8a29-459b-9e16-ebe914a2f14c,proj_0251,2,1,77.4819,76.7109,0.9996,76.6779,1,1.0,4,4,0.2873,1,0.0,3,Emerging Generalist Builder,Exceptional match (Score: 77.5). Matched 4/4 required skills (100%). high text similarity (0.29). domain aligned. Segment: Emerging Generalist Builder.
cd66922d-c11d-445c-8359-6d83c64885f1,proj_0251,3,1,77.0304,77.1947,0.9996,86.8111,1,1.0,4,4,0.2443,1,0.0,0,Applied Project Specialist,Exceptional match (Score: 77.0). Matched 4/4 required skills (100%). high text similarity (0.24). domain aligned. Segment: Applied Project Specialist.
c04f993f-4455-4dc5-80f8-c549868d0354,proj_0251,4,3,67.6796,60.6978,0.9995,58.4563,1,1.0,4,4,0.2277,0,0.0,1,Hackathon Champion,Strong match (Score: 67.7). Matched 4/4 required skills (100%). high text similarity (0.23). Segment: Hackathon Champion.
8adc503c-cbb2-41a7-bd6f-2bcec950aea0,proj_0251,5,8,62.6262,54.4755,0.9995,46.4659,1,0.75,3,4,0.2234,0,0.0,0,Applied Project Specialist,Strong match (Score: 62.6). Matched 3/4 required skills (75%). high text similarity (0.22). Segment: Applied Project Specialist.
c14cdc98-76b8-4f75-94a7-d0af30fa0dec,proj_0251,6,3,61.9352,52.2193,0.9995,39.9169,1,0.75,3,4,0.2375,0,0.0,2,High Open-Source Contributor,Strong match (Score: 61.9). Matched 3/4 required skills (75%). high text similarity (0.24). Segment: High Open-Source Contributor.
68c6c4f0-0f3f-4023-9e14-06c382d47efc,proj_0251,7,5,59.8762,49.2505,0.9995,49.6759,1,0.75,3,4,0.1794,0,0.0,3,Emerging Generalist Builder,Strong match (Score: 59.9). Matched 3/4 required skills (75%). high text similarity (0.18). Segment: Emerging Generalist Builder.
6da5d977-9417-4177-8d85-9d17ec4d57b1,proj_0251,8,3,57.8742,45.1756,0.9995,60.2397,1,0.75,3,4,0.1546,0,0.0,1,Hackathon Champion,Strong match (Score: 57.9). Matched 3/4 required skills (75%). high text similarity (0.15). Segment: Hackathon Champion.
e20b63aa-1094-46b0-89e8-7e6311e5962c,proj_0251,9,4,53.9638,40.4345,0.9983,40.8448,1,0.25,1,4,0.1894,1,0.0,2,High Open-Source Contributor,Strong match (Score: 54.0). Matched 1/4 required skills (25%). high text similarity (0.19). domain aligned. Segment: High Open-Source Contributor.
bb674ff0-1424-4409-99df-9f0eebde85eb,proj_0251,10,21,49.7321,33.1478,0.9994,29.346,1,0.5,2,4,0.0994,0,0.0,2,High Open-Source Contributor,Moderate match (Score: 49.7). Matched 2/4 required skills (50%). Segment: High Open-Source Contributor.
5061b396-fa5f-47ae-a0ae-f1592c9af4bc,proj_0252,1,1,80.1349,79.196,0.9996,90.0592,1,1.0,4,4,0.3979,1,0.0,2,High Open-Source Contributor,Exceptional match (Score: 80.1). Matched 4/4 required skills (100%). high text similarity (0.40). domain aligned. Segment: High Open-Source Contributor.
fba696b3-c8c2-4675-ba02-4061a30aef16,proj_0252,2,1,78.5236,76.6603,0.9996,77.3137,1,1.0,4,4,0.3581,1,0.0,3,Emerging Generalist Builder,Exceptional match (Score: 78.5). Matched 4/4 required skills (100%). high text similarity (0.36). domain aligned. Segment: Emerging Generalist Builder.
bd1afdfb-8481-4dec-afac-ef902e110152,proj_0252,3,4,73.0283,71.0171,0.9996,71.6881,1,0.75,3,4,0.3089,1,0.0,1,Hackathon Champion,Strong match (Score: 73.0). Matched 3/4 required skills (75%). high text similarity (0.31). domain aligned. Segment: Hackathon Champion.
501caa1d-90ea-4e3d-a62b-21d64b15838b,proj_0252,4,3,65.6193,58.3396,0.9995,53.6646,1,0.75,3,4,0.3199,0,0.0,2,High Open-Source Contributor,Strong match (Score: 65.6). Matched 3/4 required skills (75%). high text similarity (0.32). Segment: High Open-Source Contributor.
f37400af-de93-44f8-b68e-61e1a07cbf84,proj_0252,5,4,64.8107,57.6068,0.9996,51.6109,1,0.5,2,4,0.252,1,0.2,2,High Open-Source Contributor,Strong match (Score: 64.8). Matched 2/4 required skills (50%). high text similarity (0.25). domain aligned. Segment: High Open-Source Contributor.
5c0da250-6f41-4e9f-b813-7948724a918a,proj_0252,6,3,63.0362,54.1093,0.9996,54.0358,1,0.5,2,4,0.2603,1,0.0,2,High Open-Source Contributor,Strong match (Score: 63.0). Matched 2/4 required skills (50%). high text similarity (0.26). domain aligned. Segment: High Open-Source Contributor.
8c18a2bb-3ec0-4545-8fa8-02ccbc89971c,proj_0252,7,6,62.7338,51.8045,0.9995,44.8284,1,0.75,3,4,0.3018,0,0.0,3,Emerging Generalist Builder,Strong match (Score: 62.7). Matched 3/4 required skills (75%). high text similarity (0.30). Segment: Emerging Generalist Builder.
930e1ffd-fd29-4319-a6b1-cc15b7906c5b,proj_0252,8,10,56.0219,43.7209,0.9995,50.7308,1,0.5,2,4,0.1949,0,0.25,2,High Open-Source Contributor,Strong match (Score: 56.0). Matched 2/4 required skills (50%). high text similarity (0.19). Segment: High Open-Source Contributor.
43e5a54e-789c-45a4-8d3a-342e4cd105d1,proj_0252,9,10,55.6508,42.0696,0.9995,47.793,1,0.5,2,4,0.2142,0,0.25,3,Emerging Generalist Builder,Strong match (Score: 55.7). Matched 2/4 required skills (50%). high text similarity (0.21). Segment: Emerging Generalist Builder.
7414c738-2eef-4913-994b-6afa09ab6f6b,proj_0252,10,7,55.1328,41.8871,0.9995,40.1595,1,0.5,2,4,0.2262,0,0.0,2,High Open-Source Contributor,Strong match (Score: 55.1). Matched 2/4 required skills (50%). high text similarity (0.23). Segment: High Open-Source Contributor.
6e3fd000-3350-4764-982f-563f6caa0a70,proj_0253,1,2,78.1201,77.9577,0.9996,71.3197,1,1.0,4,4,0.2966,1,0.0,2,High Open-Source Contributor,Exceptional match (Score: 78.1). Matched 4/4 required skills (100%). high text similarity (0.30). domain aligned. Segment: High Open-Source Contributor.
dfd6a237-0a98-43be-8837-4607f5015d2c,proj_0253,2,2,70.6468,67.2645,0.9995,64.8928,1,0.75,3,4,0.2504,1,0.0,2,High Open-Source Contributor,Strong match (Score: 70.6). Matched 3/4 required skills (75%). high text similarity (0.25). domain aligned. Segment: High Open-Source Contributor.
1e0e2f42-c427-4c4d-83bd-e57542369eb1,proj_0253,3,2,66.9625,59.4975,0.9995,56.4159,1,1.0,4,4,0.2119,0,0.0,2,High Open-Source Contributor,Strong match (Score: 67.0). Matched 4/4 required skills (100%). high text similarity (0.21). Segment: High Open-Source Contributor.
0ccf56e5-46bd-47b3-b230-cc2db88dabf9,proj_0253,4,4,65.8033,57.4695,0.9995,60.3151,1,1.0,4,4,0.1887,0,0.0,1,Hackathon Champion,Strong match (Score: 65.8). Matched 4/4 required skills (100%). high text similarity (0.19). Segment: Hackathon Champion.
68c6c4f0-0f3f-4023-9e14-06c382d47efc,proj_0253,5,4,65.4211,58.8621,0.9995,57.5583,1,0.75,3,4,0.2372,0,0.3333,3,Emerging Generalist Builder,Strong match (Score: 65.4). Matched 3/4 required skills (75%). high text similarity (0.24). Segment: Emerging Generalist Builder.
1cff6ddb-077c-49a3-b9b1-c7cdad5c5a66,proj_0253,6,4,58.9123,48.4346,0.9996,36.4258,1,0.5,2,4,0.1367,1,0.0,2,High Open-Source Contributor,Strong match (Score: 58.9). Matched 2/4 required skills (50%). domain aligned. Segment: High Open-Source Contributor.
8adc503c-cbb2-41a7-bd6f-2bcec950aea0,proj_0253,7,12,58.8728,48.857,0.9995,56.3599,1,0.75,3,4,0.123,0,0.0,0,Applied Project Specialist,Strong match (Score: 58.9). Matched 3/4 required skills (75%). Segment: Applied Project Specialist.
1ad0e42d-8a29-459b-9e16-ebe914a2f14c,proj_0253,8,9,57.9037,46.1943,0.9995,40.218,1,0.5,2,4,0.1294,1,0.0,3,Emerging Generalist Builder,Strong match (Score: 57.9). Matched 2/4 required skills (50%). domain aligned. Segment: Emerging Generalist Builder.
c04f993f-4455-4dc5-80f8-c549868d0354,proj_0253,9,9,57.4405,45.2801,0.9995,49.2249,1,0.75,3,4,0.1229,0,0.0,1,Hackathon Champion,Strong match (Score: 57.4). Matched 3/4 required skills (75%). Segment: Hackathon Champion.
087481f9-5507-4faf-9389-4e4246f98b69,proj_0253,10,18,53.5909,39.9961,0.9989,45.2966,1,0.25,1,4,0.1417,1,0.2,3,Emerging Generalist Builder,Strong match (Score: 53.6). Matched 1/4 required skills (25%). domain aligned. Segment: Emerging Generalist Builder.
6e3fd000-3350-4764-982f-563f6caa0a70,proj_0254,1,1,80.6995,81.483,0.9996,78.2211,1,1.0,3,3,0.319,1,0.3333,2,High Open-Source Contributor,Exceptional match (Score: 80.7). Matched 3/3 required skills (100%). high text similarity (0.32). domain aligned. Segment: High Open-Source Contributor.
0ccf56e5-46bd-47b3-b230-cc2db88dabf9,proj_0254,2,2,71.9007,66.4631,0.9996,62.3895,1,1.0,3,3,0.1885,1,0.0,1,Hackathon Champion,Strong match (Score: 71.9). Matched 3/3 required skills (100%). high text similarity (0.19). domain aligned. Segment: Hackathon Champion.
1e0e2f42-c427-4c4d-83bd-e57542369eb1,proj_0254,3,3,66.2758,58.4369,0.9995,59.462,1,1.0,3,3,0.1944,0,0.0,2,High Open-Source Contributor,Strong match (Score: 66.3). Matched 3/3 required skills (100%). high text similarity (0.19). Segment: High Open-Source Contributor.
72848f00-32d0-4c87-a52e-9346570c5189,proj_0254,4,4,62.051,51.7125,0.9995,45.2727,1,0.6667,2,3,0.1476,1,0.0,2,High Open-Source Contributor,Strong match (Score: 62.1). Matched 2/3 required skills (67%). domain aligned. Segment: High Open-Source Contributor.
dfd6a237-0a98-43be-8837-4607f5015d2c,proj_0254,5,10,57.0205,43.5599,0.9995,53.5186,1,0.6667,2,3,0.1963,0,0.0,2,High Open-Source Contributor,Strong match (Score: 57.0). Matched 2/3 required skills (67%). high text similarity (0.20). Segment: High Open-Source Contributor.
1cff6ddb-077c-49a3-b9b1-c7cdad5c5a66,proj_0254,6,8,56.5092,42.4505,0.9995,36.4381,1,0.6667,2,3,0.1918,0,0.0,2,High Open-Source Contributor,Strong match (Score: 56.5). Matched 2/3 required skills (67%). high text similarity (0.19). Segment: High Open-Source Contributor.
e5da3070-4f31-4f4e-97b7-7ce6e1450cb2,proj_0254,7,9,55.8987,44.9274,0.9985,50.5835,1,0.3333,1,3,0.0871,1,0.3333,0,Applied Project Specialist,Strong match (Score: 55.9). Matched 1/3 required skills (33%). domain aligned. Segment: Applied Project Specialist.
68c6c4f0-0f3f-4023-9e14-06c382d47efc,proj_0254,8,10,55.451,41.8113,0.9995,39.495,1,0.6667,2,3,0.1383,0,0.0,3,Emerging Generalist Builder,Strong match (Score: 55.5). Matched 2/3 required skills (67%). Segment: Emerging Generalist Builder.
03b5c41b-9b04-4bc6-9771-af990671b169,proj_0254,9,15,55.1881,43.2589,0.9986,47.2937,1,0.3333,1,3,0.0979,1,0.25,3,Emerging Generalist Builder,Strong match (Score: 55.2). Matched 1/3 required skills (33%). domain aligned. Segment: Emerging Generalist Builder.
c04f993f-4455-4dc5-80f8-c549868d0354,proj_0254,10,10,54.9716,40.9239,0.9995,40.9106,1,0.6667,2,3,0.13,0,0.0,1,Hackathon Champion,Strong match (Score: 55.0). Matched 2/3 required skills (67%). Segment: Hackathon Champion.
bcbb259f-658e-4461-8c3d-c07b29aa5e23,proj_0255,1,1,73.4439,69.2523,0.9996,69.5186,1,1.0,3,3,0.217,1,0.0,3,Emerging Generalist Builder,Strong match (Score: 73.4). Matched 3/3 required skills (100%). high text similarity (0.22). domain aligned. Segment: Emerging Generalist Builder.
19d329f2-3d8d-46b4-9a4c-c52d841a38aa,proj_0255,2,4,67.2432,59.8467,0.9995,67.0337,1,1.0,3,3,0.2213,0,0.0,2,High Open-Source Contributor,Strong match (Score: 67.2). Matched 3/3 required skills (100%). high text similarity (0.22). Segment: High Open-Source Contributor.
0be069f8-4359-46f5-8597-2da68f4dacb5,proj_0255,3,2,66.4021,58.8316,0.9995,56.9511,1,1.0,3,3,0.1923,0,0.0,1,Hackathon Champion,Strong match (Score: 66.4). Matched 3/3 required skills (100%). high text similarity (0.19). Segment: Hackathon Champion.
1f9bd25e-d55e-432f-906d-be2832e0475f,proj_0255,4,4,66.3053,58.1057,0.9995,60.4113,1,1.0,3,3,0.2052,0,0.0,3,Emerging Generalist Builder,Strong match (Score: 66.3). Matched 3/3 required skills (100%). high text similarity (0.21). Segment: Emerging Generalist Builder.
d92644e4-b1af-4c67-97b4-42a739dc989f,proj_0255,5,3,66.2933,58.8408,0.9995,56.6439,1,1.0,3,3,0.1848,0,0.0,3,Emerging Generalist Builder,Strong match (Score: 66.3). Matched 3/3 required skills (100%). high text similarity (0.18). Segment: Emerging Generalist Builder.
c5c58e75-ab1c-4fcb-9908-a0ebf6929c26,proj_0255,6,10,65.3021,57.0378,0.9995,56.856,1,1.0,3,3,0.1668,0,0.0,0,Applied Project Specialist,Strong match (Score: 65.3). Matched 3/3 required skills (100%). high text similarity (0.17). Segment: Applied Project Specialist.
b2b9f627-8889-463c-82ff-a50141a94031,proj_0255,7,7,64.4051,54.7915,0.9995,60.0427,1,1.0,3,3,0.1669,0,0.0,3,Emerging Generalist Builder,Strong match (Score: 64.4). Matched 3/3 required skills (100%). high text similarity (0.17). Segment: Emerging Generalist Builder.
61b17d01-04ee-42cb-bbfc-f28d39781cbd,proj_0255,8,6,64.2326,53.9441,0.9995,53.5762,1,1.0,3,3,0.178,0,0.0,3,Emerging Generalist Builder,Strong match (Score: 64.2). Matched 3/3 required skills (100%). high text similarity (0.18). Segment: Emerging Generalist Builder.
c5644ec7-56a1-4c47-9050-b7704cf711bd,proj_0255,9,1,63.1449,52.4784,0.9996,49.4486,1,0.6667,2,3,0.1999,1,0.0,2,High Open-Source Contributor,Strong match (Score: 63.1). Matched 2/3 required skills (67%). high text similarity (0.20). domain aligned. Segment: High Open-Source Contributor.
df380874-aadc-4db9-bf1b-e42b838fb0f6,proj_0255,10,6,62.8274,53.0461,0.9995,62.2394,1,0.6667,2,3,0.1638,1,0.0,3,Emerging Generalist Builder,Strong match (Score: 62.8). Matched 2/3 required skills (67%). high text similarity (0.16). domain aligned. Segment: Emerging Generalist Builder.
0ccf56e5-46bd-47b3-b230-cc2db88dabf9,proj_0256,1,1,78.6509,78.0998,0.9996,69.5678,1,1.0,5,5,0.3282,1,0.0,1,Hackathon Champion,Exceptional match (Score: 78.7). Matched 5/5 required skills (100%). high text similarity (0.33). domain aligned. Segment: Hackathon Champion.
1e0e2f42-c427-4c4d-83bd-e57542369eb1,proj_0256,2,4,66.1437,59.4356,0.9995,52.6065,1,0.8,4,5,0.2923,0,0.0,2,High Open-Source Contributor,Strong match (Score: 66.1). Matched 4/5 required skills (80%). high text similarity (0.29). Segment: High Open-Source Contributor.
72848f00-32d0-4c87-a52e-9346570c5189,proj_0256,3,2,62.2292,54.2492,0.9994,57.7021,1,0.6,3,5,0.1365,1,0.0,2,High Open-Source Contributor,Strong match (Score: 62.2). Matched 3/5 required skills (60%). domain aligned. Segment: High Open-Source Contributor.
1cff6ddb-077c-49a3-b9b1-c7cdad5c5a66,proj_0256,4,3,61.212,51.2988,0.9995,58.3953,1,0.8,4,5,0.1805,0,0.0,2,High Open-Source Contributor,Strong match (Score: 61.2). Matched 4/5 required skills (80%). high text similarity (0.18). Segment: High Open-Source Contributor.
408c11bf-3b81-445f-b34d-5dc8d82d98a6,proj_0256,5,2,60.7888,51.6371,0.9995,51.9816,1,0.6,3,5,0.2766,0,0.0,1,Hackathon Champion,Strong match (Score: 60.8). Matched 3/5 required skills (60%). high text similarity (0.28). Segment: Hackathon Champion.
76a0650f-3ab3-46ef-a7bd-0757f8840278,proj_0256,6,1,60.0279,49.6898,0.9995,50.223,1,0.6,3,5,0.2778,0,0.0,2,High Open-Source Contributor,Strong match (Score: 60.0). Matched 3/5 required skills (60%). high text similarity (0.28). Segment: High Open-Source Contributor.
9c588639-a077-4e52-b96e-abc5b46ed667,proj_0256,7,6,56.1412,44.5781,0.9995,45.7963,1,0.6,3,5,0.155,0,0.0,2,High Open-Source Contributor,Strong match (Score: 56.1). Matched 3/5 required skills (60%). high text similarity (0.15). Segment: High Open-Source Contributor.
dfd6a237-0a98-43be-8837-4607f5015d2c,proj_0256,8,14,55.0099,43.206,0.9994,38.5029,1,0.4,2,5,0.2497,0,0.0,2,High Open-Source Contributor,Strong match (Score: 55.0). Matched 2/5 required skills (40%). high text similarity (0.25). Segment: High Open-Source Contributor.
03475a14-2a18-4b0b-93f5-ee3f95eb5625,proj_0256,9,6,53.9763,40.3921,0.9995,41.0895,1,0.6,3,5,0.1223,0,0.0,3,Emerging Generalist Builder,Strong match (Score: 54.0). Matched 3/5 required skills (60%). Segment: Emerging Generalist Builder.
ce46641a-724d-478c-b961-285394659b37,proj_0256,10,3,52.8371,37.8902,0.9993,39.64,1,0.4,2,5,0.2468,0,0.0,3,Emerging Generalist Builder,Strong match (Score: 52.8). Matched 2/5 required skills (40%). high text similarity (0.25). Segment: Emerging Generalist Builder.
b7dad599-a16d-4fcf-b509-98101812c67c,proj_0257,1,2,73.8557,68.6156,0.9995,71.7137,1,1.0,5,5,0.4283,0,0.0,2,High Open-Source Contributor,Strong match (Score: 73.9). Matched 5/5 required skills (100%). high text similarity (0.43). Segment: High Open-Source Contributor.
6c14e06c-348f-4870-8099-0da821e87a20,proj_0257,2,2,73.815,69.8974,0.9995,65.4775,1,1.0,5,5,0.3914,0,0.0,3,Emerging Generalist Builder,Strong match (Score: 73.8). Matched 5/5 required skills (100%). high text similarity (0.39). Segment: Emerging Generalist Builder.
47a94596-24f8-4c7c-9961-3337e72d1feb,proj_0257,3,3,73.6907,69.3131,0.9995,61.9362,1,1.0,5,5,0.3987,0,0.0,0,Applied Project Specialist,Strong match (Score: 73.7). Matched 5/5 required skills (100%). high text similarity (0.40). Segment: Applied Project Specialist.
b5b19d8a-de3e-45ba-bba5-521f2a25f95f,proj_0257,4,2,73.5362,68.7579,0.9995,67.6705,1,1.0,5,5,0.4032,0,0.0,2,High Open-Source Contributor,Strong match (Score: 73.5). Matched 5/5 required skills (100%). high text similarity (0.40). Segment: High Open-Source Contributor.
0366bf32-f9d4-4aa2-a3f8-e65520b0768c,proj_0257,5,1,73.3725,69.2638,0.9995,70.593,1,1.0,5,5,0.3788,0,0.0,2,High Open-Source Contributor,Strong match (Score: 73.4). Matched 5/5 required skills (100%). high text similarity (0.38). Segment: High Open-Source Contributor.
11ae27ca-bf45-46bd-9607-4def4f4b9847,proj_0257,6,7,67.9956,61.7365,0.9995,74.033,1,0.8,4,5,0.3544,0,0.0,1,Hackathon Champion,Strong match (Score: 68.0). Matched 4/5 required skills (80%). high text similarity (0.35). Segment: Hackathon Champion.
f63bb13f-93b2-41f7-941e-269711f4d4eb,proj_0257,7,2,67.8328,60.1782,0.9995,60.93,1,0.8,4,5,0.3851,0,0.0,1,Hackathon Champion,Strong match (Score: 67.8). Matched 4/5 required skills (80%). high text similarity (0.39). Segment: Hackathon Champion.
482ad2c1-897a-4d02-a049-2588feb555c9,proj_0257,8,7,67.3152,59.5517,0.9995,54.3242,1,0.8,4,5,0.3673,0,0.0,2,High Open-Source Contributor,Strong match (Score: 67.3). Matched 4/5 required skills (80%). high text similarity (0.37). Segment: High Open-Source Contributor.
085e4057-c0dd-431b-a78c-ff334b23176d,proj_0257,9,1,67.1817,60.238,0.9995,54.9788,1,0.8,4,5,0.3401,0,0.0,3,Emerging Generalist Builder,Strong match (Score: 67.2). Matched 4/5 required skills (80%). high text similarity (0.34). Segment: Emerging Generalist Builder.
5fbb6942-6c35-4a1b-ad7e-c04350c2a97c,proj_0257,10,2,66.977,57.9751,0.9995,68.348,1,0.8,4,5,0.3868,0,0.0,3,Emerging Generalist Builder,Strong match (Score: 67.0). Matched 4/5 required skills (80%). high text similarity (0.39). Segment: Emerging Generalist Builder.
7c59a687-5d33-4f1e-b160-4b4af927664b,proj_0258,1,1,79.0838,77.9296,0.9996,79.1087,1,1.0,4,4,0.3616,1,0.0,2,High Open-Source Contributor,Exceptional match (Score: 79.1). Matched 4/4 required skills (100%). high text similarity (0.36). domain aligned. Segment: High Open-Source Contributor.
c3b38c11-0bcb-49fb-91ff-75f472399a74,proj_0258,2,1,57.2897,45.6643,0.9995,47.1798,1,0.5,2,4,0.1026,1,0.0,1,Hackathon Champion,Strong match (Score: 57.3). Matched 2/4 required skills (50%). domain aligned. Segment: Hackathon Champion.
67a16551-d041-4a02-a244-08dfd022fb0c,proj_0258,3,10,51.0264,35.9684,0.9974,40.5687,1,0.25,1,4,0.0728,1,0.25,3,Emerging Generalist Builder,Strong match (Score: 51.0). Matched 1/4 required skills (25%). domain aligned. Segment: Emerging Generalist Builder.
af4ec097-6ced-4f57-8f0d-7e1ff5ee4a98,proj_0258,4,16,50.8915,35.343,0.9979,47.2757,1,0.25,1,4,0.0656,1,0.3333,2,High Open-Source Contributor,Strong match (Score: 50.9). Matched 1/4 required skills (25%). domain aligned. Segment: High Open-Source Contributor.
38ec06b2-32c5-44b5-9006-583e15a4e8de,proj_0258,5,9,50.4368,34.9308,0.9979,28.6762,1,0.25,1,4,0.0685,1,0.2,3,Emerging Generalist Builder,Strong match (Score: 50.4). Matched 1/4 required skills (25%). domain aligned. Segment: Emerging Generalist Builder.
41548c0f-f749-405b-8baa-0d455112ae92,proj_0258,6,14,49.9447,34.1255,0.9994,27.4267,1,0.5,2,4,0.0875,0,0.0,2,High Open-Source Contributor,Moderate match (Score: 49.9). Matched 2/4 required skills (50%). Segment: High Open-Source Contributor.
c5644ec7-56a1-4c47-9050-b7704cf711bd,proj_0258,7,20,49.4255,32.8313,0.9994,27.9457,1,0.5,2,4,0.0874,0,0.0,2,High Open-Source Contributor,Moderate match (Score: 49.4). Matched 2/4 required skills (50%). Segment: High Open-Source Contributor.
8d64530c-b109-44d6-898f-58a15a3429d0,proj_0258,8,41,49.0938,33.3894,0.9994,27.0563,1,0.5,2,4,0.0504,0,0.0,0,Applied Project Specialist,Moderate match (Score: 49.1). Matched 2/4 required skills (50%). Segment: Applied Project Specialist.
bf5c6dbf-7b36-4028-b03b-7b4abbf3532f,proj_0258,9,30,49.0047,33.2455,0.9994,31.2526,1,0.5,2,4,0.0483,0,0.0,0,Applied Project Specialist,Moderate match (Score: 49.0). Matched 2/4 required skills (50%). Segment: Applied Project Specialist.
3ed7abd2-0827-4ed4-b481-04b77872f7ed,proj_0258,10,29,48.8417,32.4705,0.9994,33.4978,1,0.5,2,4,0.0581,0,0.0,2,High Open-Source Contributor,Moderate match (Score: 48.8). Matched 2/4 required skills (50%). Segment: High Open-Source Contributor.
a7773a57-50bc-47d6-8134-aaf0c5d7ebf2,proj_0259,1,1,77.9802,76.9142,0.9996,73.6575,1,1.0,4,4,0.3151,1,0.0,2,High Open-Source Contributor,Exceptional match (Score: 78.0). Matched 4/4 required skills (100%). high text similarity (0.32). domain aligned. Segment: High Open-Source Contributor.
3bc2614f-c7f7-4b97-bc03-e59332e2b984,proj_0259,2,1,73.5569,72.931,0.9996,74.7648,1,0.75,3,4,0.2931,1,0.0,3,Emerging Generalist Builder,Strong match (Score: 73.6). Matched 3/4 required skills (75%). high text similarity (0.29). domain aligned. Segment: Emerging Generalist Builder.
e9488dc6-d1ac-430c-a5c2-850186211dc1,proj_0259,3,2,71.0553,66.9133,0.9995,67.659,1,1.0,4,4,0.287,0,0.0,1,Hackathon Champion,Strong match (Score: 71.1). Matched 4/4 required skills (100%). high text similarity (0.29). Segment: Hackathon Champion.
ed3f2794-a992-4ce0-bd83-2a067fc1022e,proj_0259,4,2,69.0555,64.7787,0.9996,59.7749,1,0.75,3,4,0.2104,1,0.0,3,Emerging Generalist Builder,Strong match (Score: 69.1). Matched 3/4 required skills (75%). high text similarity (0.21). domain aligned. Segment: Emerging Generalist Builder.
f2678cee-0f88-456f-9d8c-da04a86f8ea8,proj_0259,5,7,68.9471,62.6289,0.9995,65.9818,1,1.0,4,4,0.2607,0,0.0,2,High Open-Source Contributor,Strong match (Score: 68.9). Matched 4/4 required skills (100%). high text similarity (0.26). Segment: High Open-Source Contributor.
e010432f-7f95-480f-9c68-b6292bbbbefd,proj_0259,6,4,68.7992,62.4093,0.9995,65.0268,1,1.0,4,4,0.2567,0,0.0,2,High Open-Source Contributor,Strong match (Score: 68.8). Matched 4/4 required skills (100%). high text similarity (0.26). Segment: High Open-Source Contributor.
c07b1843-8687-4258-9ad7-9ab65909a578,proj_0259,7,2,68.7839,62.2959,0.9995,54.2524,1,1.0,4,4,0.2587,0,0.0,2,High Open-Source Contributor,Strong match (Score: 68.8). Matched 4/4 required skills (100%). high text similarity (0.26). Segment: High Open-Source Contributor.
79ace0f3-d328-4e54-99d8-c5fdd11aa452,proj_0259,8,5,68.6261,62.0252,0.9995,62.9445,1,1.0,4,4,0.2554,0,0.0,1,Hackathon Champion,Strong match (Score: 68.6). Matched 4/4 required skills (100%). high text similarity (0.26). Segment: Hackathon Champion.
25f8a3d3-8ede-4e0d-bda4-823968c1f78a,proj_0259,9,3,68.3989,62.7585,0.9996,59.3036,1,0.75,3,4,0.2205,1,0.0,3,Emerging Generalist Builder,Strong match (Score: 68.4). Matched 3/4 required skills (75%). high text similarity (0.22). domain aligned. Segment: Emerging Generalist Builder.
5be666bd-5141-4449-8892-1e2a361b2e84,proj_0259,10,2,68.1632,60.2568,0.9995,58.6017,1,1.0,4,4,0.2717,0,0.0,3,Emerging Generalist Builder,Strong match (Score: 68.2). Matched 4/4 required skills (100%). high text similarity (0.27). Segment: Emerging Generalist Builder.
30591ae9-51a7-49ff-915a-2774d3908f84,proj_0260,1,2,74.5661,72.4965,0.9996,71.1827,1,1.0,4,4,0.2053,1,0.0,0,Applied Project Specialist,Strong match (Score: 74.6). Matched 4/4 required skills (100%). high text similarity (0.21). domain aligned. Segment: Applied Project Specialist.
d9758c73-1f57-4d15-a893-49b5f90df6b1,proj_0260,2,1,68.3582,61.8518,0.9995,62.1028,1,1.0,4,4,0.2005,0,0.25,1,Hackathon Champion,Strong match (Score: 68.4). Matched 4/4 required skills (100%). high text similarity (0.20). Segment: Hackathon Champion.
db9b9a6c-7010-490f-b192-b87384ac6cdb,proj_0260,3,2,59.5184,49.2372,0.9995,53.6273,1,0.75,3,4,0.1559,0,0.0,1,Hackathon Champion,Strong match (Score: 59.5). Matched 3/4 required skills (75%). high text similarity (0.16). Segment: Hackathon Champion.
0c8bb400-827f-49e1-a7d9-1d94cb7f8dfc,proj_0260,4,2,58.792,47.365,0.9995,42.1591,1,0.75,3,4,0.1574,0,0.0,1,Hackathon Champion,Strong match (Score: 58.8). Matched 3/4 required skills (75%). high text similarity (0.16). Segment: Hackathon Champion.
bb770a17-7d83-4cbb-aca4-e2a868dafa3e,proj_0260,5,13,55.6019,42.9761,0.9991,56.5376,1,0.25,1,4,0.1959,1,0.2,3,Emerging Generalist Builder,Strong match (Score: 55.6). Matched 1/4 required skills (25%). high text similarity (0.20). domain aligned. Segment: Emerging Generalist Builder.
37921f8e-6940-4221-a34b-d7be678be5c4,proj_0260,6,9,53.5729,41.3934,0.9985,43.1078,1,0.25,1,4,0.0957,1,0.25,0,Applied Project Specialist,Strong match (Score: 53.6). Matched 1/4 required skills (25%). domain aligned. Segment: Applied Project Specialist.
961c7e8c-d09e-4acb-ba57-63466f357076,proj_0260,7,7,52.5554,36.6659,0.9995,17.156,1,0.5,2,4,0.1936,0,0.0,3,Emerging Generalist Builder,Strong match (Score: 52.6). Matched 2/4 required skills (50%). high text similarity (0.19). Segment: Emerging Generalist Builder.
1e0e2f42-c427-4c4d-83bd-e57542369eb1,proj_0260,8,9,52.4375,37.7926,0.9987,37.5945,1,0.25,1,4,0.1573,1,0.0,2,High Open-Source Contributor,Strong match (Score: 52.4). Matched 1/4 required skills (25%). high text similarity (0.16). domain aligned. Segment: High Open-Source Contributor.
f2eaf3e8-b75a-47bc-9b11-9b7cd993df87,proj_0260,9,9,52.1479,35.991,0.9983,36.923,1,0.25,1,4,0.1535,1,0.2,3,Emerging Generalist Builder,Strong match (Score: 52.1). Matched 1/4 required skills (25%). high text similarity (0.15). domain aligned. Segment: Emerging Generalist Builder.
7330eba1-85ce-43aa-866d-b5df0c4f5175,proj_0260,10,18,51.9825,38.0913,0.9967,38.429,1,0.25,1,4,0.123,1,0.0,3,Emerging Generalist Builder,Strong match (Score: 52.0). Matched 1/4 required skills (25%). domain aligned. Segment: Emerging Generalist Builder.
30591ae9-51a7-49ff-915a-2774d3908f84,proj_0261,1,1,75.0154,72.7085,0.9996,78.178,1,1.0,4,4,0.2296,1,0.0,0,Applied Project Specialist,Exceptional match (Score: 75.0). Matched 4/4 required skills (100%). high text similarity (0.23). domain aligned. Segment: Applied Project Specialist.
f2eaf3e8-b75a-47bc-9b11-9b7cd993df87,proj_0261,2,1,64.5596,55.8002,0.9995,57.2926,1,0.5,2,4,0.2503,1,0.4,3,Emerging Generalist Builder,Strong match (Score: 64.6). Matched 2/4 required skills (50%). high text similarity (0.25). domain aligned. Segment: Emerging Generalist Builder.
6d04bbd9-50f3-4969-a3f7-bb0d4f0614fe,proj_0261,3,4,62.4467,55.1706,0.9996,52.5369,1,0.5,2,4,0.1927,1,0.0,0,Applied Project Specialist,Strong match (Score: 62.4). Matched 2/4 required skills (50%). high text similarity (0.19). domain aligned. Segment: Applied Project Specialist.
d4fe8a65-f434-413c-8323-087d73800e64,proj_0261,4,1,59.5393,48.9032,0.9995,44.2406,1,0.75,3,4,0.1662,0,0.0,1,Hackathon Champion,Strong match (Score: 59.5). Matched 3/4 required skills (75%). high text similarity (0.17). Segment: Hackathon Champion.
a8b3e1b2-de65-49e5-9789-63217c28db6d,proj_0261,5,2,59.1637,47.6156,0.9995,39.6235,1,0.75,3,4,0.1755,0,0.0,2,High Open-Source Contributor,Strong match (Score: 59.2). Matched 3/4 required skills (75%). high text similarity (0.18). Segment: High Open-Source Contributor.
fa9c63b6-6671-44c4-a83a-564068563133,proj_0261,6,7,55.9417,45.3393,0.999,56.0503,1,0.25,1,4,0.1224,1,0.4,2,High Open-Source Contributor,Strong match (Score: 55.9). Matched 1/4 required skills (25%). domain aligned. Segment: High Open-Source Contributor.
0eb20fb6-a17a-41e6-846a-933aef316c3a,proj_0261,7,10,55.2364,43.0885,0.9995,45.2545,1,0.5,2,4,0.1594,0,0.25,2,High Open-Source Contributor,Strong match (Score: 55.2). Matched 2/4 required skills (50%). high text similarity (0.16). Segment: High Open-Source Contributor.
dc121a55-7e67-46ad-8a5e-d5f29f0627c4,proj_0261,8,6,54.5555,42.85,0.9989,45.2227,1,0.25,1,4,0.1299,1,0.2,0,Applied Project Specialist,Strong match (Score: 54.6). Matched 1/4 required skills (25%). domain aligned. Segment: Applied Project Specialist.
d9758c73-1f57-4d15-a893-49b5f90df6b1,proj_0261,9,4,54.1893,40.1708,0.9995,47.2916,1,0.5,2,4,0.1674,0,0.25,1,Hackathon Champion,Strong match (Score: 54.2). Matched 2/4 required skills (50%). high text similarity (0.17). Segment: Hackathon Champion.
af4ec097-6ced-4f57-8f0d-7e1ff5ee4a98,proj_0261,10,11,53.7023,40.0302,0.9988,40.7241,1,0.25,1,4,0.1262,1,0.3333,2,High Open-Source Contributor,Strong match (Score: 53.7). Matched 1/4 required skills (25%). domain aligned. Segment: High Open-Source Contributor.
25f8a3d3-8ede-4e0d-bda4-823968c1f78a,proj_0262,1,2,69.1643,60.6344,0.9995,65.0537,1,1.0,2,2,0.1617,1,0.0,3,Emerging Generalist Builder,Strong match (Score: 69.2). Matched 2/2 required skills (100%). high text similarity (0.16). domain aligned. Segment: Emerging Generalist Builder.
c832156b-9640-4fc0-bdab-bf9bf717d549,proj_0262,2,7,63.706,52.6487,0.9995,56.1985,1,1.0,2,2,0.1441,0,0.2,3,Emerging Generalist Builder,Strong match (Score: 63.7). Matched 2/2 required skills (100%). Segment: Emerging Generalist Builder.
e010432f-7f95-480f-9c68-b6292bbbbefd,proj_0262,3,12,61.7329,49.9785,0.9995,51.9933,1,1.0,2,2,0.1171,0,0.0,2,High Open-Source Contributor,Strong match (Score: 61.7). Matched 2/2 required skills (100%). Segment: High Open-Source Contributor.
7ca1631a-6a33-4d50-b7c4-1812a5884003,proj_0262,4,8,60.6145,46.9012,0.9995,50.2422,1,1.0,2,2,0.1246,0,0.0,3,Emerging Generalist Builder,Strong match (Score: 60.6). Matched 2/2 required skills (100%). Segment: Emerging Generalist Builder.
c478ab16-73cc-4c97-a81c-03bb388a6500,proj_0262,5,2,57.092,44.4525,0.9994,45.2028,1,0.5,1,2,0.0886,1,0.2,3,Emerging Generalist Builder,Strong match (Score: 57.1). Matched 1/2 required skills (50%). domain aligned. Segment: Emerging Generalist Builder.
ed3f2794-a992-4ce0-bd83-2a067fc1022e,proj_0262,6,4,56.5503,42.657,0.9995,41.3303,1,0.5,1,2,0.1335,1,0.0,3,Emerging Generalist Builder,Strong match (Score: 56.6). Matched 1/2 required skills (50%). domain aligned. Segment: Emerging Generalist Builder.
9c7b6795-f410-4c60-a33d-1b394b14a28e,proj_0262,7,4,56.1502,43.2186,0.9995,48.4828,1,0.5,1,2,0.1474,0,0.6667,3,Emerging Generalist Builder,Strong match (Score: 56.2). Matched 1/2 required skills (50%). Segment: Emerging Generalist Builder.
389062fe-a5c8-4f8d-ab5a-72f522fa00fa,proj_0262,8,5,56.1487,42.9567,0.9995,48.7262,1,0.5,1,2,0.0654,1,0.2,0,Applied Project Specialist,Strong match (Score: 56.1). Matched 1/2 required skills (50%). domain aligned. Segment: Applied Project Specialist.
5be666bd-5141-4449-8892-1e2a361b2e84,proj_0262,9,12,55.1425,39.5125,0.9995,39.0435,1,0.5,1,2,0.1235,1,0.0,3,Emerging Generalist Builder,Strong match (Score: 55.1). Matched 1/2 required skills (50%). domain aligned. Segment: Emerging Generalist Builder.
ce46641a-724d-478c-b961-285394659b37,proj_0262,10,2,55.0124,40.1534,0.9995,47.7102,1,0.5,1,2,0.0644,1,0.2,3,Emerging Generalist Builder,Strong match (Score: 55.0). Matched 1/2 required skills (50%). domain aligned. Segment: Emerging Generalist Builder.
c7e4375f-a8fd-4865-8103-37abae37a3a5,proj_0263,1,2,73.3198,66.1021,0.9995,64.8856,1,1.0,3,3,0.4596,0,0.0,2,High Open-Source Contributor,Strong match (Score: 73.3). Matched 3/3 required skills (100%). high text similarity (0.46). Segment: High Open-Source Contributor.
57f1deb3-f6b6-4040-937c-f8842a4bdeb1,proj_0263,2,1,73.0525,66.6712,0.9995,66.8439,1,1.0,3,3,0.4266,0,0.0,2,High Open-Source Contributor,Strong match (Score: 73.1). Matched 3/3 required skills (100%). high text similarity (0.43). Segment: High Open-Source Contributor.
5c9edf70-b59e-4883-a7bb-83d28eedbee5,proj_0263,3,5,64.3523,51.8057,0.9995,51.1718,1,0.6667,2,3,0.4652,0,0.0,1,Hackathon Champion,Strong match (Score: 64.4). Matched 2/3 required skills (67%). high text similarity (0.47). Segment: Hackathon Champion.
e4c102b8-80bb-4fe3-9020-55e2e1c77522,proj_0263,4,4,64.3334,52.2948,0.9995,50.6323,1,0.6667,2,3,0.4509,0,0.0,2,High Open-Source Contributor,Strong match (Score: 64.3). Matched 2/3 required skills (67%). high text similarity (0.45). Segment: High Open-Source Contributor.
afc2bd90-04a1-4a8a-82b7-e1582e9a16d8,proj_0263,5,6,64.2628,51.9908,0.9995,55.2501,1,0.6667,2,3,0.4543,0,0.0,2,High Open-Source Contributor,Strong match (Score: 64.3). Matched 2/3 required skills (67%). high text similarity (0.45). Segment: High Open-Source Contributor.
3c6e4855-a064-45ef-9ba1-692a2a1c9770,proj_0263,6,5,63.8117,51.0354,0.9995,54.7027,1,0.6667,2,3,0.4497,0,0.0,3,Emerging Generalist Builder,Strong match (Score: 63.8). Matched 2/3 required skills (67%). high text similarity (0.45). Segment: Emerging Generalist Builder.
2ed25303-dfc6-477c-8281-739a98dc9cd9,proj_0263,7,2,63.0456,50.594,0.9994,47.927,1,0.6667,2,3,0.4106,0,0.0,3,Emerging Generalist Builder,Strong match (Score: 63.0). Matched 2/3 required skills (67%). high text similarity (0.41). Segment: Emerging Generalist Builder.
b0473f2b-3906-4d17-835c-77d14f68153c,proj_0263,8,6,62.8956,49.2927,0.9995,55.9632,1,0.6667,2,3,0.4351,0,0.0,2,High Open-Source Contributor,Strong match (Score: 62.9). Matched 2/3 required skills (67%). high text similarity (0.44). Segment: High Open-Source Contributor.
6d8f0325-f1c0-4cae-b27e-784bc5bd1b60,proj_0263,9,2,59.305,48.5324,0.9995,49.9802,1,0.6667,2,3,0.216,0,0.0,1,Hackathon Champion,Strong match (Score: 59.3). Matched 2/3 required skills (67%). high text similarity (0.22). Segment: Hackathon Champion.
0c8bb400-827f-49e1-a7d9-1d94cb7f8dfc,proj_0263,10,3,58.477,46.74,0.9995,44.1133,1,0.6667,2,3,0.2086,0,0.0,1,Hackathon Champion,Strong match (Score: 58.5). Matched 2/3 required skills (67%). high text similarity (0.21). Segment: Hackathon Champion.
348841ad-ba6a-47d4-b330-96d68c5c0b3f,proj_0264,1,1,77.868,76.8587,0.9996,77.3563,1,1.0,5,5,0.3091,1,0.0,3,Emerging Generalist Builder,Exceptional match (Score: 77.9). Matched 5/5 required skills (100%). high text similarity (0.31). domain aligned. Segment: Emerging Generalist Builder.
c1a1ab53-2ff7-4fec-b883-968673ac227a,proj_0264,2,2,63.7314,55.2835,0.9992,50.5124,1,0.8,4,5,0.2428,0,0.0,2,High Open-Source Contributor,Strong match (Score: 63.7). Matched 4/5 required skills (80%). high text similarity (0.24). Segment: High Open-Source Contributor.
d34a1614-05f3-4f9a-88bf-dc0bf2b5aca7,proj_0264,3,1,63.3291,54.0603,0.9995,56.9007,1,0.8,4,5,0.248,0,0.0,3,Emerging Generalist Builder,Strong match (Score: 63.3). Matched 4/5 required skills (80%). high text similarity (0.25). Segment: Emerging Generalist Builder.
d095cbba-302b-48b1-b0fc-d4269950c37a,proj_0264,4,3,61.9712,53.4804,0.9985,51.3662,1,0.6,3,5,0.1416,1,0.0,1,Hackathon Champion,Strong match (Score: 62.0). Matched 3/5 required skills (60%). domain aligned. Segment: Hackathon Champion.
31dcad26-4ef6-4733-ae9d-014171bbf233,proj_0264,5,6,60.0577,50.6906,0.9995,49.0777,1,0.6,3,5,0.2531,0,0.0,2,High Open-Source Contributor,Strong match (Score: 60.1). Matched 3/5 required skills (60%). high text similarity (0.25). Segment: High Open-Source Contributor.
10bc86f8-4c4f-44c5-ac1f-8300667bcd91,proj_0264,6,5,59.6376,50.2516,0.9995,43.1583,1,0.6,3,5,0.2368,0,0.0,2,High Open-Source Contributor,Strong match (Score: 59.6). Matched 3/5 required skills (60%). high text similarity (0.24). Segment: High Open-Source Contributor.
bcd5ab2e-cbc6-4fb3-8f9e-4e431f84a173,proj_0264,7,4,59.2245,48.94,0.9996,42.879,1,0.4,2,5,0.2107,1,0.0,3,Emerging Generalist Builder,Strong match (Score: 59.2). Matched 2/5 required skills (40%). high text similarity (0.21). domain aligned. Segment: Emerging Generalist Builder.
7b2e3b2a-c45e-40d1-b5a3-f4c25123b11c,proj_0264,8,6,58.2936,46.4065,0.9995,36.9969,1,0.8,4,5,0.1164,0,0.0,2,High Open-Source Contributor,Strong match (Score: 58.3). Matched 4/5 required skills (80%). Segment: High Open-Source Contributor.
68850a10-ff2d-4844-b456-e19c970488a0,proj_0264,9,1,58.0096,47.9352,0.9996,47.5644,1,0.4,2,5,0.1565,1,0.0,0,Applied Project Specialist,Strong match (Score: 58.0). Matched 2/5 required skills (40%). high text similarity (0.16). domain aligned. Segment: Applied Project Specialist.
026d7a41-6d0c-4425-bc94-74799fa8319f,proj_0264,10,6,57.1713,45.7169,0.9995,47.4431,1,0.6,3,5,0.1933,0,0.0,3,Emerging Generalist Builder,Strong match (Score: 57.2). Matched 3/5 required skills (60%). high text similarity (0.19). Segment: Emerging Generalist Builder.
359cd95a-3ba1-415a-89c5-e2d4d3e11945,proj_0265,1,1,76.0487,74.7517,0.9996,67.4401,1,1.0,3,3,0.244,1,0.0,2,High Open-Source Contributor,Exceptional match (Score: 76.0). Matched 3/3 required skills (100%). high text similarity (0.24). domain aligned. Segment: High Open-Source Contributor.
689ef428-5690-41ea-8a1b-ebc15103c183,proj_0265,2,4,66.9431,60.0227,0.9995,62.1399,1,1.0,3,3,0.1966,0,0.0,2,High Open-Source Contributor,Strong match (Score: 66.9). Matched 3/3 required skills (100%). high text similarity (0.20). Segment: High Open-Source Contributor.
581bb5ae-aabd-47ba-8e9e-54b92e296fad,proj_0265,3,2,66.2365,58.1137,0.9995,61.1704,1,1.0,3,3,0.2004,0,0.0,3,Emerging Generalist Builder,Strong match (Score: 66.2). Matched 3/3 required skills (100%). high text similarity (0.20). Segment: Emerging Generalist Builder.
1cca7ff7-949b-4b61-ab87-5e3a12f08e01,proj_0265,4,3,65.286,57.1038,0.9995,56.7231,1,0.6667,2,3,0.2195,1,0.0,3,Emerging Generalist Builder,Strong match (Score: 65.3). Matched 2/3 required skills (67%). high text similarity (0.22). domain aligned. Segment: Emerging Generalist Builder.
c8a6c705-5710-4a9c-b506-593a8b372fba,proj_0265,5,2,65.119,57.2901,0.9996,56.2343,1,0.6667,2,3,0.2032,1,0.0,3,Emerging Generalist Builder,Strong match (Score: 65.1). Matched 2/3 required skills (67%). high text similarity (0.20). domain aligned. Segment: Emerging Generalist Builder.
c443afae-85b7-4769-9c9b-3aa42d2f9b49,proj_0265,6,3,64.948,55.6312,0.9995,56.0275,1,1.0,3,3,0.1807,0,0.0,3,Emerging Generalist Builder,Strong match (Score: 64.9). Matched 3/3 required skills (100%). high text similarity (0.18). Segment: Emerging Generalist Builder.
0c80f749-3d68-49f7-b466-a887bbecea6b,proj_0265,7,4,64.7878,55.2569,0.9995,50.2934,1,1.0,3,3,0.18,0,0.0,2,High Open-Source Contributor,Strong match (Score: 64.8). Matched 3/3 required skills (100%). high text similarity (0.18). Segment: High Open-Source Contributor.
b92bae36-b338-429c-af78-0cbf3fb8795f,proj_0265,8,4,63.6831,53.2789,0.9995,56.8989,1,1.0,3,3,0.1591,0,0.0,2,High Open-Source Contributor,Strong match (Score: 63.7). Matched 3/3 required skills (100%). high text similarity (0.16). Segment: High Open-Source Contributor.
f8ec485a-c1a7-4210-9311-e69a848199f8,proj_0265,9,3,63.6426,53.8953,0.9995,59.6928,1,0.6667,2,3,0.1955,1,0.0,3,Emerging Generalist Builder,Strong match (Score: 63.6). Matched 2/3 required skills (67%). high text similarity (0.20). domain aligned. Segment: Emerging Generalist Builder.
6c330b26-96e7-4e06-adf2-825da3cf559f,proj_0265,10,7,63.408,54.1076,0.9996,57.3648,1,0.6667,2,3,0.174,1,0.0,2,High Open-Source Contributor,Strong match (Score: 63.4). Matched 2/3 required skills (67%). high text similarity (0.17). domain aligned. Segment: High Open-Source Contributor.
afc2bd90-04a1-4a8a-82b7-e1582e9a16d8,proj_0266,1,1,81.4468,77.8107,0.9993,79.6661,1,1.0,4,4,0.5229,1,0.0,2,High Open-Source Contributor,Exceptional match (Score: 81.4). Matched 4/4 required skills (100%). high text similarity (0.52). domain aligned. Segment: High Open-Source Contributor.
b0473f2b-3906-4d17-835c-77d14f68153c,proj_0266,2,1,75.093,71.3376,0.9996,73.8712,1,0.75,3,4,0.438,1,0.0,2,High Open-Source Contributor,Exceptional match (Score: 75.1). Matched 3/4 required skills (75%). high text similarity (0.44). domain aligned. Segment: High Open-Source Contributor.
c7e4375f-a8fd-4865-8103-37abae37a3a5,proj_0266,3,1,73.7316,66.9327,0.9995,65.1215,1,1.0,4,4,0.4649,0,0.0,2,High Open-Source Contributor,Strong match (Score: 73.7). Matched 4/4 required skills (100%). high text similarity (0.46). Segment: High Open-Source Contributor.
3c6e4855-a064-45ef-9ba1-692a2a1c9770,proj_0266,4,2,72.98,65.5674,0.9995,79.6992,1,1.0,4,4,0.4512,0,0.0,3,Emerging Generalist Builder,Strong match (Score: 73.0). Matched 4/4 required skills (100%). high text similarity (0.45). Segment: Emerging Generalist Builder.
57f1deb3-f6b6-4040-937c-f8842a4bdeb1,proj_0266,5,4,67.1112,59.898,0.9995,61.8363,1,0.75,3,4,0.3778,0,0.0,2,High Open-Source Contributor,Strong match (Score: 67.1). Matched 3/4 required skills (75%). high text similarity (0.38). Segment: High Open-Source Contributor.
0eb20fb6-a17a-41e6-846a-933aef316c3a,proj_0266,6,2,66.6455,58.0851,0.9995,57.693,1,0.75,3,4,0.3951,0,0.0,2,High Open-Source Contributor,Strong match (Score: 66.6). Matched 3/4 required skills (75%). high text similarity (0.40). Segment: High Open-Source Contributor.
5c9edf70-b59e-4883-a7bb-83d28eedbee5,proj_0266,7,3,66.6058,56.9732,0.9996,60.9601,1,0.5,2,4,0.4219,1,0.0,1,Hackathon Champion,Strong match (Score: 66.6). Matched 2/4 required skills (50%). high text similarity (0.42). domain aligned. Segment: Hackathon Champion.
8157aedf-3cb8-41e6-acac-ca31f4256129,proj_0266,8,3,59.5441,47.2266,0.9995,54.5806,1,0.5,2,4,0.3779,0,0.0,2,High Open-Source Contributor,Strong match (Score: 59.5). Matched 2/4 required skills (50%). high text similarity (0.38). Segment: High Open-Source Contributor.
e4c102b8-80bb-4fe3-9020-55e2e1c77522,proj_0266,9,8,59.1648,47.0808,0.9993,50.2651,1,0.5,2,4,0.3569,0,0.0,2,High Open-Source Contributor,Strong match (Score: 59.2). Matched 2/4 required skills (50%). high text similarity (0.36). Segment: High Open-Source Contributor.
dcb6a76d-24ae-4ddd-b286-849f0bc7b932,proj_0266,10,4,55.8115,41.9301,0.9995,43.8881,1,0.5,2,4,0.2703,0,0.0,2,High Open-Source Contributor,Strong match (Score: 55.8). Matched 2/4 required skills (50%). high text similarity (0.27). Segment: High Open-Source Contributor.
dc121a55-7e67-46ad-8a5e-d5f29f0627c4,proj_0267,1,2,71.5423,68.0807,0.9995,77.2225,1,1.0,4,4,0.255,0,0.2,0,Applied Project Specialist,Strong match (Score: 71.5). Matched 4/4 required skills (100%). high text similarity (0.26). Segment: Applied Project Specialist.
d4493a6b-3b00-4377-8d43-e9b67ed0c6a5,proj_0267,2,7,62.4778,53.8008,0.9995,49.1177,1,0.75,3,4,0.2315,0,0.0,2,High Open-Source Contributor,Strong match (Score: 62.5). Matched 3/4 required skills (75%). high text similarity (0.23). Segment: High Open-Source Contributor.
e887736d-bf55-4cf8-919a-9a3b332033d1,proj_0267,3,2,62.3814,53.4659,0.9995,52.648,1,0.75,3,4,0.234,0,0.0,3,Emerging Generalist Builder,Strong match (Score: 62.4). Matched 3/4 required skills (75%). high text similarity (0.23). Segment: Emerging Generalist Builder.
7eae055b-58e7-4ccf-b97e-b3d17f153640,proj_0267,4,4,61.8132,53.1705,0.9995,51.8606,1,0.75,3,4,0.204,0,0.0,2,High Open-Source Contributor,Strong match (Score: 61.8). Matched 3/4 required skills (75%). high text similarity (0.20). Segment: High Open-Source Contributor.
c2c837eb-9da5-4084-8bad-249a505da0ef,proj_0267,5,7,60.6018,51.2371,0.9995,55.5792,1,0.75,3,4,0.1748,0,0.0,1,Hackathon Champion,Strong match (Score: 60.6). Matched 3/4 required skills (75%). high text similarity (0.17). Segment: Hackathon Champion.
6c330b26-96e7-4e06-adf2-825da3cf559f,proj_0267,6,9,58.1402,47.378,0.9995,44.2548,1,0.75,3,4,0.1136,0,0.0,2,High Open-Source Contributor,Strong match (Score: 58.1). Matched 3/4 required skills (75%). Segment: High Open-Source Contributor.
e649d778-4f86-4007-9cb7-ebe51f531c66,proj_0267,7,7,55.4689,42.8735,0.9995,44.2566,1,0.5,2,4,0.2223,0,0.0,0,Applied Project Specialist,Strong match (Score: 55.5). Matched 2/4 required skills (50%). high text similarity (0.22). Segment: Applied Project Specialist.
71356e5d-9127-4bbd-9772-a4c4e1f40a13,proj_0267,8,16,54.8634,42.2861,0.9995,44.6631,1,0.5,2,4,0.1976,0,0.0,2,High Open-Source Contributor,Strong match (Score: 54.9). Matched 2/4 required skills (50%). high text similarity (0.20). Segment: High Open-Source Contributor.
7b929e32-04b2-4631-ad5e-edb95f7b57ce,proj_0267,9,7,54.1118,41.1571,0.9995,35.9241,1,0.5,2,4,0.1776,0,0.0,2,High Open-Source Contributor,Strong match (Score: 54.1). Matched 2/4 required skills (50%). high text similarity (0.18). Segment: High Open-Source Contributor.
689ef428-5690-41ea-8a1b-ebc15103c183,proj_0267,10,20,53.4946,40.362,0.9995,48.258,1,0.5,2,4,0.1021,0,0.3333,2,High Open-Source Contributor,Strong match (Score: 53.5). Matched 2/4 required skills (50%). Segment: High Open-Source Contributor.
dc121a55-7e67-46ad-8a5e-d5f29f0627c4,proj_0268,1,1,80.3732,81.9917,0.9996,84.0038,1,1.0,4,4,0.3059,1,0.2,0,Applied Project Specialist,Exceptional match (Score: 80.4). Matched 4/4 required skills (100%). high text similarity (0.31). domain aligned. Segment: Applied Project Specialist.
d4493a6b-3b00-4377-8d43-e9b67ed0c6a5,proj_0268,2,2,67.5796,60.9839,0.9995,66.225,1,1.0,4,4,0.2134,0,0.0,2,High Open-Source Contributor,Strong match (Score: 67.6). Matched 4/4 required skills (100%). high text similarity (0.21). Segment: High Open-Source Contributor.
1e0e2f42-c427-4c4d-83bd-e57542369eb1,proj_0268,3,5,64.1517,56.4468,0.9996,57.4569,1,0.5,2,4,0.239,1,0.2,2,High Open-Source Contributor,Strong match (Score: 64.2). Matched 2/4 required skills (50%). high text similarity (0.24). domain aligned. Segment: High Open-Source Contributor.
72848f00-32d0-4c87-a52e-9346570c5189,proj_0268,4,3,62.2119,54.2498,0.9996,59.4741,1,0.5,2,4,0.2016,1,0.0,2,High Open-Source Contributor,Strong match (Score: 62.2). Matched 2/4 required skills (50%). high text similarity (0.20). domain aligned. Segment: High Open-Source Contributor.
133a715d-4f56-43a7-bb5f-3e79e3b6da6c,proj_0268,5,3,60.6057,50.3918,0.9995,42.5188,1,0.75,3,4,0.1976,0,0.0,3,Emerging Generalist Builder,Strong match (Score: 60.6). Matched 3/4 required skills (75%). high text similarity (0.20). Segment: Emerging Generalist Builder.
8fb8eaf8-4080-46bb-b74e-1242acd68205,proj_0268,6,5,60.4835,50.6676,0.9995,48.9355,1,0.75,3,4,0.1821,0,0.0,2,High Open-Source Contributor,Strong match (Score: 60.5). Matched 3/4 required skills (75%). high text similarity (0.18). Segment: High Open-Source Contributor.
1538ac8c-01d2-479a-9cc9-7eca051bd928,proj_0268,7,3,60.1251,52.0515,0.9996,59.3856,1,0.5,2,4,0.1211,1,0.0,2,High Open-Source Contributor,Strong match (Score: 60.1). Matched 2/4 required skills (50%). domain aligned. Segment: High Open-Source Contributor.
359cd95a-3ba1-415a-89c5-e2d4d3e11945,proj_0268,8,3,60.0965,51.53,0.9996,51.2375,1,0.5,2,4,0.1331,1,0.0,2,High Open-Source Contributor,Strong match (Score: 60.1). Matched 2/4 required skills (50%). domain aligned. Segment: High Open-Source Contributor.
2307d6c1-e503-4021-b867-985d5bdef21c,proj_0268,9,3,59.5831,48.3414,0.9995,45.2903,1,0.75,3,4,0.1841,0,0.0,2,High Open-Source Contributor,Strong match (Score: 59.6). Matched 3/4 required skills (75%). high text similarity (0.18). Segment: High Open-Source Contributor.
c65f13b3-7b3a-48d0-afed-fd8dde83f3c3,proj_0268,10,5,59.3125,47.5825,0.9996,37.669,1,0.5,2,4,0.1861,1,0.0,3,Emerging Generalist Builder,Strong match (Score: 59.3). Matched 2/4 required skills (50%). high text similarity (0.19). domain aligned. Segment: Emerging Generalist Builder.
1ac50d1b-e5e1-448b-9a7c-d0b1946dd32f,proj_0269,1,1,79.326,78.3212,0.9996,82.699,1,1.0,4,4,0.3673,1,0.0,0,Applied Project Specialist,Exceptional match (Score: 79.3). Matched 4/4 required skills (100%). high text similarity (0.37). domain aligned. Segment: Applied Project Specialist.
b3b6351b-3567-4776-9e69-58952ccbd617,proj_0269,2,2,70.8138,64.6219,0.9995,56.4816,1,1.0,4,4,0.332,0,0.0,2,High Open-Source Contributor,Strong match (Score: 70.8). Matched 4/4 required skills (100%). high text similarity (0.33). Segment: High Open-Source Contributor.
fb92583d-11ab-4cec-a9fd-c5fd932c1193,proj_0269,3,3,67.0938,60.7225,0.9996,62.7864,1,0.5,2,4,0.2989,1,0.3333,1,Hackathon Champion,Strong match (Score: 67.1). Matched 2/4 required skills (50%). high text similarity (0.30). domain aligned. Segment: Hackathon Champion.
202ac62b-753f-400d-902a-ec7d099233b7,proj_0269,4,4,66.0794,58.7359,0.9993,57.3008,1,0.75,3,4,0.3404,0,0.0,2,High Open-Source Contributor,Strong match (Score: 66.1). Matched 3/4 required skills (75%). high text similarity (0.34). Segment: High Open-Source Contributor.
550d3980-7d3a-4102-86fa-046f33d46845,proj_0269,5,2,65.3879,58.9197,0.9995,56.5077,1,0.75,3,4,0.289,0,0.0,2,High Open-Source Contributor,Strong match (Score: 65.4). Matched 3/4 required skills (75%). high text similarity (0.29). Segment: High Open-Source Contributor.
ba86a929-17c0-4066-af10-99311c211163,proj_0269,6,3,65.303,57.1175,0.9995,60.888,1,0.75,3,4,0.3314,0,0.0,1,Hackathon Champion,Strong match (Score: 65.3). Matched 3/4 required skills (75%). high text similarity (0.33). Segment: Hackathon Champion.
3f631164-dc26-430c-8497-8c7760bfcedd,proj_0269,7,6,64.8565,57.7112,0.9995,54.4698,1,0.75,3,4,0.2858,0,0.0,1,Hackathon Champion,Strong match (Score: 64.9). Matched 3/4 required skills (75%). high text similarity (0.29). Segment: Hackathon Champion.
2fbfa86f-52f2-4cd0-a0d9-623b6209eccd,proj_0269,8,3,64.5461,56.8414,0.9996,53.0321,1,0.5,2,4,0.2881,1,0.0,0,Applied Project Specialist,Strong match (Score: 64.5). Matched 2/4 required skills (50%). high text similarity (0.29). domain aligned. Segment: Applied Project Specialist.
387913f7-3bc9-49cb-8fe2-9330745c9851,proj_0269,9,10,64.1558,55.5095,0.9995,55.2416,1,0.75,3,4,0.2978,0,0.0,3,Emerging Generalist Builder,Strong match (Score: 64.2). Matched 3/4 required skills (75%). high text similarity (0.30). Segment: Emerging Generalist Builder.
ae3dcd6d-68be-4555-8891-2616eea6618b,proj_0269,10,10,63.1934,55.3384,0.9995,66.6927,1,0.75,3,4,0.2382,0,0.0,0,Applied Project Specialist,Strong match (Score: 63.2). Matched 3/4 required skills (75%). high text similarity (0.24). Segment: Applied Project Specialist.
1ac50d1b-e5e1-448b-9a7c-d0b1946dd32f,proj_0270,1,2,79.234,78.53,0.9996,75.6335,1,1.0,4,4,0.3556,1,0.0,0,Applied Project Specialist,Exceptional match (Score: 79.2). Matched 4/4 required skills (100%). high text similarity (0.36). domain aligned. Segment: Applied Project Specialist.
b3b6351b-3567-4776-9e69-58952ccbd617,proj_0270,2,1,78.7267,77.0742,0.9996,79.9241,1,1.0,4,4,0.3606,1,0.0,2,High Open-Source Contributor,Exceptional match (Score: 78.7). Matched 4/4 required skills (100%). high text similarity (0.36). domain aligned. Segment: High Open-Source Contributor.
387913f7-3bc9-49cb-8fe2-9330745c9851,proj_0270,3,2,78.7141,76.7016,0.9996,82.8835,1,1.0,4,4,0.3697,1,0.0,3,Emerging Generalist Builder,Exceptional match (Score: 78.7). Matched 4/4 required skills (100%). high text similarity (0.37). domain aligned. Segment: Emerging Generalist Builder.
3f631164-dc26-430c-8497-8c7760bfcedd,proj_0270,4,1,73.7709,72.4797,0.9996,81.258,1,0.75,3,4,0.3194,1,0.0,1,Hackathon Champion,Strong match (Score: 73.8). Matched 3/4 required skills (75%). high text similarity (0.32). domain aligned. Segment: Hackathon Champion.
202ac62b-753f-400d-902a-ec7d099233b7,proj_0270,5,2,72.0349,66.5086,0.9995,58.3336,1,1.0,4,4,0.3631,0,0.0,2,High Open-Source Contributor,Strong match (Score: 72.0). Matched 4/4 required skills (100%). high text similarity (0.36). Segment: High Open-Source Contributor.
ae3dcd6d-68be-4555-8891-2616eea6618b,proj_0270,6,7,66.4207,60.2718,0.9995,54.5169,1,0.75,3,4,0.3218,0,0.0,0,Applied Project Specialist,Strong match (Score: 66.4). Matched 3/4 required skills (75%). high text similarity (0.32). Segment: Applied Project Specialist.
9365a220-90af-4de1-ab03-eb3a03eac0e3,proj_0270,7,5,66.1521,60.0352,0.9995,58.0713,1,0.75,3,4,0.3102,0,0.0,0,Applied Project Specialist,Strong match (Score: 66.2). Matched 3/4 required skills (75%). high text similarity (0.31). Segment: Applied Project Specialist.
3a212f49-df4c-495e-9787-a66a9881678f,proj_0270,8,10,65.6237,59.1417,0.9995,56.2142,1,0.75,3,4,0.2988,0,0.0,2,High Open-Source Contributor,Strong match (Score: 65.6). Matched 3/4 required skills (75%). high text similarity (0.30). Segment: High Open-Source Contributor.
0d7aa2ad-f54e-438f-805a-7cb4ac9fb423,proj_0270,9,8,64.6121,56.849,0.9995,57.4684,1,0.75,3,4,0.2925,0,0.0,2,High Open-Source Contributor,Strong match (Score: 64.6). Matched 3/4 required skills (75%). high text similarity (0.29). Segment: High Open-Source Contributor.
fa9c63b6-6671-44c4-a83a-564068563133,proj_0270,10,2,64.5144,56.8934,0.9995,55.0154,1,0.75,3,4,0.2848,0,0.0,2,High Open-Source Contributor,Strong match (Score: 64.5). Matched 3/4 required skills (75%). high text similarity (0.28). Segment: High Open-Source Contributor.
aef464f5-af76-44a4-87e7-f6be50045a9c,proj_0271,1,1,73.3043,68.8395,0.9996,63.5136,1,1.0,2,2,0.2187,1,0.0,2,High Open-Source Contributor,Strong match (Score: 73.3). Matched 2/2 required skills (100%). high text similarity (0.22). domain aligned. Segment: High Open-Source Contributor.
f2678cee-0f88-456f-9d8c-da04a86f8ea8,proj_0271,2,3,72.9429,68.4235,0.9996,70.264,1,1.0,2,2,0.2057,1,0.0,2,High Open-Source Contributor,Strong match (Score: 72.9). Matched 2/2 required skills (100%). high text similarity (0.21). domain aligned. Segment: High Open-Source Contributor.
a7773a57-50bc-47d6-8134-aaf0c5d7ebf2,proj_0271,3,8,68.0753,60.7402,0.9995,57.7555,1,1.0,2,2,0.1974,0,0.3333,2,High Open-Source Contributor,Strong match (Score: 68.1). Matched 2/2 required skills (100%). high text similarity (0.20). Segment: High Open-Source Contributor.
71347510-c0fa-4c17-9340-1d4f34a9e024,proj_0271,4,7,66.9097,58.7817,0.9995,58.6109,1,1.0,2,2,0.1858,0,0.25,3,Emerging Generalist Builder,Strong match (Score: 66.9). Matched 2/2 required skills (100%). high text similarity (0.19). Segment: Emerging Generalist Builder.
79ace0f3-d328-4e54-99d8-c5fdd11aa452,proj_0271,5,7,66.4772,58.2604,0.9995,57.7352,1,1.0,2,2,0.1792,0,0.2,1,Hackathon Champion,Strong match (Score: 66.5). Matched 2/2 required skills (100%). high text similarity (0.18). Segment: Hackathon Champion.
efa39902-d69e-44f9-aad9-c9c79d10edf5,proj_0271,6,5,64.4317,54.828,0.9995,46.2052,1,1.0,2,2,0.1677,0,0.0,3,Emerging Generalist Builder,Strong match (Score: 64.4). Matched 2/2 required skills (100%). high text similarity (0.17). Segment: Emerging Generalist Builder.
bcd14113-cdb3-41fa-9993-040ff343e346,proj_0271,7,4,63.9604,53.3048,0.9995,48.3221,1,1.0,2,2,0.1769,0,0.0,2,High Open-Source Contributor,Strong match (Score: 64.0). Matched 2/2 required skills (100%). high text similarity (0.18). Segment: High Open-Source Contributor.
e9488dc6-d1ac-430c-a5c2-850186211dc1,proj_0271,8,6,63.6724,53.0347,0.9995,39.7244,1,1.0,2,2,0.1649,0,0.0,1,Hackathon Champion,Strong match (Score: 63.7). Matched 2/2 required skills (100%). high text similarity (0.16). Segment: Hackathon Champion.
7ca1631a-6a33-4d50-b7c4-1812a5884003,proj_0271,9,6,63.632,52.5851,0.9995,53.5414,1,1.0,2,2,0.1742,0,0.0,3,Emerging Generalist Builder,Strong match (Score: 63.6). Matched 2/2 required skills (100%). high text similarity (0.17). Segment: Emerging Generalist Builder.
a9f3c96e-2956-41f4-8111-071edbcacdc0,proj_0271,10,1,63.1822,52.0154,0.9995,53.516,1,1.0,2,2,0.1594,0,0.0,3,Emerging Generalist Builder,Strong match (Score: 63.2). Matched 2/2 required skills (100%). high text similarity (0.16). Segment: Emerging Generalist Builder.
133a715d-4f56-43a7-bb5f-3e79e3b6da6c,proj_0272,1,1,72.5089,68.6585,0.9996,73.8862,1,1.0,3,3,0.1705,1,0.0,3,Emerging Generalist Builder,Strong match (Score: 72.5). Matched 3/3 required skills (100%). high text similarity (0.17). domain aligned. Segment: Emerging Generalist Builder.
c2c837eb-9da5-4084-8bad-249a505da0ef,proj_0272,2,3,65.3401,56.6452,0.9995,55.74,1,1.0,3,3,0.1798,0,0.0,1,Hackathon Champion,Strong match (Score: 65.3). Matched 3/3 required skills (100%). high text similarity (0.18). Segment: Hackathon Champion.
3121dc95-f26c-4d0e-822b-4b9f324d2bb8,proj_0272,3,7,63.4985,52.8701,0.9995,66.6031,1,1.0,3,3,0.1577,0,0.0,3,Emerging Generalist Builder,Strong match (Score: 63.5). Matched 3/3 required skills (100%). high text similarity (0.16). Segment: Emerging Generalist Builder.
7b929e32-04b2-4631-ad5e-edb95f7b57ce,proj_0272,4,6,55.6377,42.0229,0.9995,40.9827,1,0.6667,2,3,0.1451,0,0.0,2,High Open-Source Contributor,Strong match (Score: 55.6). Matched 2/3 required skills (67%). Segment: High Open-Source Contributor.
8fb8eaf8-4080-46bb-b74e-1242acd68205,proj_0272,5,7,54.6272,40.048,0.9994,36.942,1,0.6667,2,3,0.1306,0,0.0,2,High Open-Source Contributor,Strong match (Score: 54.6). Matched 2/3 required skills (67%). Segment: High Open-Source Contributor.
d4493a6b-3b00-4377-8d43-e9b67ed0c6a5,proj_0272,6,9,54.5987,40.0893,0.9995,39.1208,1,0.6667,2,3,0.1274,0,0.0,2,High Open-Source Contributor,Strong match (Score: 54.6). Matched 2/3 required skills (67%). Segment: High Open-Source Contributor.
7eae055b-58e7-4ccf-b97e-b3d17f153640,proj_0272,7,10,53.8304,39.6759,0.9994,42.5134,1,0.6667,2,3,0.0874,0,0.0,2,High Open-Source Contributor,Strong match (Score: 53.8). Matched 2/3 required skills (67%). Segment: High Open-Source Contributor.
017a104d-03fa-4f29-9982-6dda6a7f45c0,proj_0272,8,9,53.8169,39.0985,0.9994,40.6836,1,0.6667,2,3,0.1019,0,0.0,3,Emerging Generalist Builder,Strong match (Score: 53.8). Matched 2/3 required skills (67%). Segment: Emerging Generalist Builder.
71356e5d-9127-4bbd-9772-a4c4e1f40a13,proj_0272,9,18,53.7549,39.5022,0.9994,48.8915,1,0.6667,2,3,0.087,0,0.0,2,High Open-Source Contributor,Strong match (Score: 53.8). Matched 2/3 required skills (67%). Segment: High Open-Source Contributor.
9cd942b8-00f7-495c-9c10-d6c9e2b36f57,proj_0272,10,20,53.5116,38.7178,0.9994,32.6415,1,0.6667,2,3,0.0917,0,0.0,2,High Open-Source Contributor,Strong match (Score: 53.5). Matched 2/3 required skills (67%). Segment: High Open-Source Contributor.
087b73f9-9ad8-434c-b57d-4f1046ff9811,proj_0273,1,1,72.2381,67.4565,0.9996,66.074,1,1.0,3,3,0.1845,1,0.0,3,Emerging Generalist Builder,Strong match (Score: 72.2). Matched 3/3 required skills (100%). high text similarity (0.18). domain aligned. Segment: Emerging Generalist Builder.
4a592bb5-0eb1-4432-9361-7200f4085604,proj_0273,2,2,72.0743,67.1371,0.9996,57.9713,1,1.0,3,3,0.1821,1,0.0,2,High Open-Source Contributor,Strong match (Score: 72.1). Matched 3/3 required skills (100%). high text similarity (0.18). domain aligned. Segment: High Open-Source Contributor.
b72b4665-e42c-4033-9c61-31b99ebc5161,proj_0273,3,5,64.0093,55.727,0.9996,61.0377,1,0.6667,2,3,0.1709,1,0.0,2,High Open-Source Contributor,Strong match (Score: 64.0). Matched 2/3 required skills (67%). high text similarity (0.17). domain aligned. Segment: High Open-Source Contributor.
5f1f946b-d5f8-40bb-8a4e-e31b98a7063b,proj_0273,4,4,62.1355,51.3462,0.9995,63.2501,1,0.6667,2,3,0.163,1,0.0,2,High Open-Source Contributor,Strong match (Score: 62.1). Matched 2/3 required skills (67%). high text similarity (0.16). domain aligned. Segment: High Open-Source Contributor.
d650a5ef-4b67-4938-b860-7cdad70abcaa,proj_0273,5,1,58.9259,47.1284,0.9995,49.7204,1,0.6667,2,3,0.0615,1,0.0,3,Emerging Generalist Builder,Strong match (Score: 58.9). Matched 2/3 required skills (67%). domain aligned. Segment: Emerging Generalist Builder.
eaaf1148-a323-40bb-9ae9-592ace11a073,proj_0273,6,7,56.0226,42.224,0.9995,39.121,1,0.6667,2,3,0.1654,0,0.0,2,High Open-Source Contributor,Strong match (Score: 56.0). Matched 2/3 required skills (67%). high text similarity (0.17). Segment: High Open-Source Contributor.
b40d6b8e-760e-4dd4-9ba6-8fbc4b81f9ab,proj_0273,7,3,55.7084,40.9059,0.9995,45.3475,1,0.6667,2,3,0.1796,0,0.0,3,Emerging Generalist Builder,Strong match (Score: 55.7). Matched 2/3 required skills (67%). high text similarity (0.18). Segment: Emerging Generalist Builder.
97f73fec-5bfb-4202-afdc-2b2e1ddf4d87,proj_0273,8,9,55.0982,40.6856,0.9995,36.1784,1,0.6667,2,3,0.1448,0,0.0,2,High Open-Source Contributor,Strong match (Score: 55.1). Matched 2/3 required skills (67%). Segment: High Open-Source Contributor.
762d9ef6-91f9-45a9-b70e-026d55968fd6,proj_0273,9,8,54.4635,38.8512,0.9995,31.5705,1,0.6667,2,3,0.1514,0,0.0,3,Emerging Generalist Builder,Strong match (Score: 54.5). Matched 2/3 required skills (67%). high text similarity (0.15). Segment: Emerging Generalist Builder.
7465b2ff-ad02-4e92-a603-cc3d842cfced,proj_0273,10,5,52.0467,37.4704,0.9976,36.7657,1,0.3333,1,3,0.0865,1,0.0,3,Emerging Generalist Builder,Strong match (Score: 52.0). Matched 1/3 required skills (33%). domain aligned. Segment: Emerging Generalist Builder.
930e1ffd-fd29-4319-a6b1-cc15b7906c5b,proj_0274,1,1,76.5114,74.581,0.9996,81.8726,1,1.0,3,3,0.2794,1,0.0,2,High Open-Source Contributor,Exceptional match (Score: 76.5). Matched 3/3 required skills (100%). high text similarity (0.28). domain aligned. Segment: High Open-Source Contributor.
bd1afdfb-8481-4dec-afac-ef902e110152,proj_0274,2,7,69.6313,63.432,0.9995,59.6513,1,1.0,3,3,0.2849,0,0.0,1,Hackathon Champion,Strong match (Score: 69.6). Matched 3/3 required skills (100%). high text similarity (0.28). Segment: Hackathon Champion.
43e5a54e-789c-45a4-8d3a-342e4cd105d1,proj_0274,3,1,69.2464,62.4922,0.9995,64.6598,1,1.0,3,3,0.2843,0,0.0,3,Emerging Generalist Builder,Strong match (Score: 69.2). Matched 3/3 required skills (100%). high text similarity (0.28). Segment: Emerging Generalist Builder.
7ebfb18c-673f-4555-840f-7ad53c8cdea0,proj_0274,4,1,69.1621,62.154,0.9995,49.7998,1,1.0,3,3,0.2877,0,0.0,3,Emerging Generalist Builder,Strong match (Score: 69.2). Matched 3/3 required skills (100%). high text similarity (0.29). Segment: Emerging Generalist Builder.
8c18a2bb-3ec0-4545-8fa8-02ccbc89971c,proj_0274,5,2,68.7552,60.8368,0.9995,54.2122,1,1.0,3,3,0.2957,0,0.0,3,Emerging Generalist Builder,Strong match (Score: 68.8). Matched 3/3 required skills (100%). high text similarity (0.30). Segment: Emerging Generalist Builder.
906b7c83-8d8a-4fd8-91e5-44be728572c1,proj_0274,6,1,68.3864,60.6348,0.9995,56.2555,1,1.0,3,3,0.2765,0,0.0,2,High Open-Source Contributor,Strong match (Score: 68.4). Matched 3/3 required skills (100%). high text similarity (0.28). Segment: High Open-Source Contributor.
58789ed6-e1bc-4d0d-b96e-2f56072b273f,proj_0274,7,2,68.2924,60.936,0.9995,58.6236,1,1.0,3,3,0.2622,0,0.0,3,Emerging Generalist Builder,Strong match (Score: 68.3). Matched 3/3 required skills (100%). high text similarity (0.26). Segment: Emerging Generalist Builder.
5061b396-fa5f-47ae-a0ae-f1592c9af4bc,proj_0274,8,2,66.5858,58.2496,0.9996,61.7318,1,0.6667,2,3,0.2754,1,0.0,2,High Open-Source Contributor,Strong match (Score: 66.6). Matched 2/3 required skills (67%). high text similarity (0.28). domain aligned. Segment: High Open-Source Contributor.
5c0da250-6f41-4e9f-b813-7948724a918a,proj_0274,9,1,65.8052,57.9256,0.9996,55.3435,1,0.6667,2,3,0.232,1,0.0,2,High Open-Source Contributor,Strong match (Score: 65.8). Matched 2/3 required skills (67%). high text similarity (0.23). domain aligned. Segment: High Open-Source Contributor.
f37400af-de93-44f8-b68e-61e1a07cbf84,proj_0274,10,7,60.1305,49.1226,0.9995,59.6431,1,0.6667,2,3,0.2553,0,0.0,2,High Open-Source Contributor,Strong match (Score: 60.1). Matched 2/3 required skills (67%). high text similarity (0.26). Segment: High Open-Source Contributor.
1538ac8c-01d2-479a-9cc9-7eca051bd928,proj_0275,1,1,75.071,72.9788,0.9993,80.6939,1,1.0,3,3,0.2267,1,0.0,2,High Open-Source Contributor,Exceptional match (Score: 75.1). Matched 3/3 required skills (100%). high text similarity (0.23). domain aligned. Segment: High Open-Source Contributor.
71356e5d-9127-4bbd-9772-a4c4e1f40a13,proj_0275,2,5,66.6372,59.6404,0.9993,52.9547,1,1.0,3,3,0.1868,0,0.0,2,High Open-Source Contributor,Strong match (Score: 66.6). Matched 3/3 required skills (100%). high text similarity (0.19). Segment: High Open-Source Contributor.
0664ac18-e4b1-4687-a748-cf62f7e567f9,proj_0275,3,7,65.405,58.0874,0.9993,52.0132,1,0.6667,2,3,0.2016,1,0.0,2,High Open-Source Contributor,Strong match (Score: 65.4). Matched 2/3 required skills (67%). high text similarity (0.20). domain aligned. Segment: High Open-Source Contributor.
930e1ffd-fd29-4319-a6b1-cc15b7906c5b,proj_0275,4,4,64.6448,56.8507,0.9994,60.0907,1,0.6667,2,3,0.1837,1,0.0,2,High Open-Source Contributor,Strong match (Score: 64.6). Matched 2/3 required skills (67%). high text similarity (0.18). domain aligned. Segment: High Open-Source Contributor.
286ddc0f-e370-4a6a-b71d-eafbac97a95f,proj_0275,5,1,63.6614,53.841,0.9993,59.9058,1,0.6667,2,3,0.1986,1,0.0,3,Emerging Generalist Builder,Strong match (Score: 63.7). Matched 2/3 required skills (67%). high text similarity (0.20). domain aligned. Segment: Emerging Generalist Builder.
5c9edf70-b59e-4883-a7bb-83d28eedbee5,proj_0275,6,7,61.0177,50.7867,0.9995,53.8494,1,0.6667,2,3,0.1034,1,0.0,1,Hackathon Champion,Strong match (Score: 61.0). Matched 2/3 required skills (67%). domain aligned. Segment: Hackathon Champion.
8fb8eaf8-4080-46bb-b74e-1242acd68205,proj_0275,7,3,60.99,50.545,0.9995,52.5931,1,0.6667,2,3,0.108,1,0.0,2,High Open-Source Contributor,Strong match (Score: 61.0). Matched 2/3 required skills (67%). domain aligned. Segment: High Open-Source Contributor.
11cb9f36-3aa0-45ce-b350-da69f16b4894,proj_0275,8,6,56.0715,42.3012,0.9992,51.641,1,0.6667,2,3,0.1672,0,0.0,1,Hackathon Champion,Strong match (Score: 56.1). Matched 2/3 required skills (67%). high text similarity (0.17). Segment: Hackathon Champion.
9cd942b8-00f7-495c-9c10-d6c9e2b36f57,proj_0275,9,10,55.9734,42.2136,0.9995,41.4137,1,0.6667,2,3,0.1624,0,0.0,2,High Open-Source Contributor,Strong match (Score: 56.0). Matched 2/3 required skills (67%). high text similarity (0.16). Segment: High Open-Source Contributor.
61fd5470-3e56-4a8f-95c3-c80c3571e83a,proj_0275,10,10,55.8513,42.2157,0.9993,36.5938,1,0.6667,2,3,0.1546,0,0.0,1,Hackathon Champion,Strong match (Score: 55.9). Matched 2/3 required skills (67%). high text similarity (0.15). Segment: Hackathon Champion.
a77319ee-9873-49de-b21e-6b3e001b5e9a,proj_0276,1,1,79.0454,78.2459,0.9996,84.3836,1,1.0,3,3,0.3506,1,0.0,2,High Open-Source Contributor,Exceptional match (Score: 79.0). Matched 3/3 required skills (100%). high text similarity (0.35). domain aligned. Segment: High Open-Source Contributor.
3121dc95-f26c-4d0e-822b-4b9f324d2bb8,proj_0276,2,2,69.6236,62.4864,0.9995,56.9346,1,1.0,3,3,0.3096,0,0.0,3,Emerging Generalist Builder,Strong match (Score: 69.6). Matched 3/3 required skills (100%). high text similarity (0.31). Segment: Emerging Generalist Builder.
d4493a6b-3b00-4377-8d43-e9b67ed0c6a5,proj_0276,3,1,67.8539,60.8522,0.9995,59.9233,1,1.0,3,3,0.2352,0,0.0,2,High Open-Source Contributor,Strong match (Score: 67.9). Matched 3/3 required skills (100%). high text similarity (0.24). Segment: High Open-Source Contributor.
e2fce6e3-f948-4770-b5e5-a66e7d104e15,proj_0276,4,3,66.5281,57.7964,0.9995,56.7925,1,1.0,3,3,0.2283,0,0.0,2,High Open-Source Contributor,Strong match (Score: 66.5). Matched 3/3 required skills (100%). high text similarity (0.23). Segment: High Open-Source Contributor.
c2c837eb-9da5-4084-8bad-249a505da0ef,proj_0276,5,2,65.8994,58.5022,0.9996,59.1032,1,0.6667,2,3,0.2229,1,0.0,1,Hackathon Champion,Strong match (Score: 65.9). Matched 2/3 required skills (67%). high text similarity (0.22). domain aligned. Segment: Hackathon Champion.
133a715d-4f56-43a7-bb5f-3e79e3b6da6c,proj_0276,6,2,65.3446,57.8052,0.9996,64.8261,1,0.6667,2,3,0.2045,1,0.0,3,Emerging Generalist Builder,Strong match (Score: 65.3). Matched 2/3 required skills (67%). high text similarity (0.20). domain aligned. Segment: Emerging Generalist Builder.
e887736d-bf55-4cf8-919a-9a3b332033d1,proj_0276,7,3,58.8434,45.3459,0.9995,48.6419,1,0.6667,2,3,0.2702,0,0.0,3,Emerging Generalist Builder,Strong match (Score: 58.8). Matched 2/3 required skills (67%). high text similarity (0.27). Segment: Emerging Generalist Builder.
7b929e32-04b2-4631-ad5e-edb95f7b57ce,proj_0276,8,5,56.4229,43.4873,0.9995,41.3511,1,0.6667,2,3,0.1584,0,0.0,2,High Open-Source Contributor,Strong match (Score: 56.4). Matched 2/3 required skills (67%). high text similarity (0.16). Segment: High Open-Source Contributor.
e649d778-4f86-4007-9cb7-ebe51f531c66,proj_0276,9,5,56.3301,43.094,0.9994,48.901,1,0.6667,2,3,0.1629,0,0.0,0,Applied Project Specialist,Strong match (Score: 56.3). Matched 2/3 required skills (67%). high text similarity (0.16). Segment: Applied Project Specialist.
2307d6c1-e503-4021-b867-985d5bdef21c,proj_0276,10,6,56.0224,42.1035,0.9995,39.3655,1,0.6667,2,3,0.1686,0,0.0,2,High Open-Source Contributor,Strong match (Score: 56.0). Matched 2/3 required skills (67%). high text similarity (0.17). Segment: High Open-Source Contributor.
f3c3b313-5833-4177-8e71-e4f43b160626,proj_0277,1,1,75.549,72.4375,0.9996,78.6027,1,1.0,4,4,0.2724,1,0.0,3,Emerging Generalist Builder,Exceptional match (Score: 75.5). Matched 4/4 required skills (100%). high text similarity (0.27). domain aligned. Segment: Emerging Generalist Builder.
aff604cd-f7da-4db8-84b1-9a8b7025294f,proj_0277,2,1,70.9912,67.3881,0.9996,75.5056,1,0.75,3,4,0.2282,1,0.25,2,High Open-Source Contributor,Strong match (Score: 71.0). Matched 3/4 required skills (75%). high text similarity (0.23). domain aligned. Segment: High Open-Source Contributor.
4740cd5d-ac02-4515-ac53-2040e26b69ba,proj_0277,3,3,61.7898,54.0919,0.9995,58.2923,1,0.75,3,4,0.1362,0,0.25,2,High Open-Source Contributor,Strong match (Score: 61.8). Matched 3/4 required skills (75%). Segment: High Open-Source Contributor.
2b147d81-92b6-4409-aa68-a44b06e3083e,proj_0277,4,1,60.7919,49.9234,0.9995,53.8093,1,0.75,3,4,0.2225,0,0.0,2,High Open-Source Contributor,Strong match (Score: 60.8). Matched 3/4 required skills (75%). high text similarity (0.22). Segment: High Open-Source Contributor.
764a5184-1cb3-4b67-90a5-b8daa11ab4db,proj_0277,5,4,59.877,49.4888,0.9995,60.248,1,0.5,2,4,0.1731,1,0.0,3,Emerging Generalist Builder,Strong match (Score: 59.9). Matched 2/4 required skills (50%). high text similarity (0.17). domain aligned. Segment: Emerging Generalist Builder.
f20141f3-3ec6-4d75-aab3-43d409ef72d5,proj_0277,6,1,59.8584,50.1384,0.9995,46.8047,1,0.75,3,4,0.1212,0,0.2,1,Hackathon Champion,Strong match (Score: 59.9). Matched 3/4 required skills (75%). Segment: Hackathon Champion.
89fd636c-f318-4056-861f-7c69aabaed3f,proj_0277,7,3,59.1708,46.8157,0.9995,43.7062,1,0.75,3,4,0.1973,0,0.0,3,Emerging Generalist Builder,Strong match (Score: 59.2). Matched 3/4 required skills (75%). high text similarity (0.20). Segment: Emerging Generalist Builder.
ee8e02a0-9f5d-4f2a-98f8-77485ed5989e,proj_0277,8,2,59.0748,48.1771,0.9995,50.9676,1,0.75,3,4,0.1546,0,0.0,2,High Open-Source Contributor,Strong match (Score: 59.1). Matched 3/4 required skills (75%). high text similarity (0.15). Segment: High Open-Source Contributor.
f4ba3a88-533b-438e-8ace-e729250c8304,proj_0277,9,3,57.2756,45.584,0.9994,47.6391,1,0.75,3,4,0.104,0,0.0,2,High Open-Source Contributor,Strong match (Score: 57.3). Matched 3/4 required skills (75%). Segment: High Open-Source Contributor.
47bb619e-c8da-4f9d-b2b8-c1f34353bcbe,proj_0277,10,3,54.6945,41.5312,0.9995,48.6649,1,0.5,2,4,0.1648,0,0.25,2,High Open-Source Contributor,Strong match (Score: 54.7). Matched 2/4 required skills (50%). high text similarity (0.16). Segment: High Open-Source Contributor.
4b17ddf9-16f9-48fc-9d6d-51afa2390456,proj_0278,1,1,75.0534,71.5134,0.9996,65.7135,1,1.0,4,4,0.264,1,0.0,3,Emerging Generalist Builder,Exceptional match (Score: 75.1). Matched 4/4 required skills (100%). high text similarity (0.26). domain aligned. Segment: Emerging Generalist Builder.
753d8230-daf5-4396-9960-a7410277fe37,proj_0278,2,1,70.9033,67.1895,0.9996,68.156,1,0.75,3,4,0.2693,1,0.0,2,High Open-Source Contributor,Strong match (Score: 70.9). Matched 3/4 required skills (75%). high text similarity (0.27). domain aligned. Segment: High Open-Source Contributor.
fcf55a24-23c2-4309-a192-7f47d52acf29,proj_0278,3,2,68.8099,64.1123,0.9996,63.4439,1,0.75,3,4,0.2118,1,0.0,3,Emerging Generalist Builder,Strong match (Score: 68.8). Matched 3/4 required skills (75%). high text similarity (0.21). domain aligned. Segment: Emerging Generalist Builder.
1a936a97-805b-4cee-9aec-926daf068aae,proj_0278,4,2,68.4845,64.0751,0.9996,58.0059,1,0.75,3,4,0.1911,1,0.0,3,Emerging Generalist Builder,Strong match (Score: 68.5). Matched 3/4 required skills (75%). high text similarity (0.19). domain aligned. Segment: Emerging Generalist Builder.
fb226637-2562-4854-b14a-c221fc1c16f5,proj_0278,5,4,67.595,60.4299,0.9995,69.3152,1,1.0,4,4,0.2292,0,0.0,2,High Open-Source Contributor,Strong match (Score: 67.6). Matched 4/4 required skills (100%). high text similarity (0.23). Segment: High Open-Source Contributor.
0c20e0a5-30d5-4525-a0ae-81b220872998,proj_0278,6,1,67.3972,59.2754,0.9995,56.1643,1,1.0,4,4,0.2468,0,0.0,3,Emerging Generalist Builder,Strong match (Score: 67.4). Matched 4/4 required skills (100%). high text similarity (0.25). Segment: Emerging Generalist Builder.
4bf3230d-f348-44df-8f97-f2f8545feb5b,proj_0278,7,1,67.1785,59.2388,0.9995,54.5013,1,1.0,4,4,0.2332,0,0.0,3,Emerging Generalist Builder,Strong match (Score: 67.2). Matched 4/4 required skills (100%). high text similarity (0.23). Segment: Emerging Generalist Builder.
4a4c9e97-9845-42a6-98b8-c94aad38f9e6,proj_0278,8,5,58.6064,47.1636,0.9995,47.9765,1,0.75,3,4,0.1504,0,0.0,2,High Open-Source Contributor,Strong match (Score: 58.6). Matched 3/4 required skills (75%). high text similarity (0.15). Segment: High Open-Source Contributor.
fe666b31-cdfb-495a-9c8a-2288a74bae75,proj_0278,9,5,58.147,45.8949,0.9994,46.8454,1,0.75,3,4,0.1538,0,0.0,3,Emerging Generalist Builder,Strong match (Score: 58.1). Matched 3/4 required skills (75%). high text similarity (0.15). Segment: Emerging Generalist Builder.
88b163f6-0154-462a-85b1-8dccb2071ff2,proj_0278,10,11,52.4553,37.9271,0.9982,37.2153,1,0.25,1,4,0.1559,1,0.0,0,Applied Project Specialist,Strong match (Score: 52.5). Matched 1/4 required skills (25%). high text similarity (0.16). domain aligned. Segment: Applied Project Specialist.
3c6e4855-a064-45ef-9ba1-692a2a1c9770,proj_0279,1,3,66.3319,58.7911,0.9995,57.6945,1,1.0,3,3,0.1887,0,0.0,3,Emerging Generalist Builder,Strong match (Score: 66.3). Matched 3/3 required skills (100%). high text similarity (0.19). Segment: Emerging Generalist Builder.
4628ab0b-3b8f-4738-8e72-f931e9ca9aa3,proj_0279,2,1,64.654,55.095,0.9995,50.2977,1,1.0,3,3,0.1754,0,0.0,3,Emerging Generalist Builder,Strong match (Score: 64.7). Matched 3/3 required skills (100%). high text similarity (0.18). Segment: Emerging Generalist Builder.
017a104d-03fa-4f29-9982-6dda6a7f45c0,proj_0279,3,3,64.2436,54.4778,0.9995,56.8544,1,1.0,3,3,0.1645,0,0.0,3,Emerging Generalist Builder,Strong match (Score: 64.2). Matched 3/3 required skills (100%). high text similarity (0.16). Segment: Emerging Generalist Builder.
b0473f2b-3906-4d17-835c-77d14f68153c,proj_0279,4,5,63.7222,53.5905,0.9995,52.4844,1,1.0,3,3,0.1534,0,0.0,2,High Open-Source Contributor,Strong match (Score: 63.7). Matched 3/3 required skills (100%). high text similarity (0.15). Segment: High Open-Source Contributor.
c65f13b3-7b3a-48d0-afed-fd8dde83f3c3,proj_0279,5,1,62.8555,51.4612,0.9995,62.071,1,1.0,3,3,0.1524,0,0.0,3,Emerging Generalist Builder,Strong match (Score: 62.9). Matched 3/3 required skills (100%). high text similarity (0.15). Segment: Emerging Generalist Builder.
6d8f0325-f1c0-4cae-b27e-784bc5bd1b60,proj_0279,6,5,56.4015,43.2726,0.9995,47.793,1,0.6667,2,3,0.1627,0,0.0,1,Hackathon Champion,Strong match (Score: 56.4). Matched 2/3 required skills (67%). high text similarity (0.16). Segment: Hackathon Champion.
e4c102b8-80bb-4fe3-9020-55e2e1c77522,proj_0279,7,13,55.5308,41.872,0.9995,39.9153,1,0.6667,2,3,0.142,0,0.0,2,High Open-Source Contributor,Strong match (Score: 55.5). Matched 2/3 required skills (67%). Segment: High Open-Source Contributor.
afc2bd90-04a1-4a8a-82b7-e1582e9a16d8,proj_0279,8,9,55.5083,41.7746,0.9995,41.2668,1,0.6667,2,3,0.1431,0,0.0,2,High Open-Source Contributor,Strong match (Score: 55.5). Matched 2/3 required skills (67%). Segment: High Open-Source Contributor.
0614b282-09f3-41f4-8c80-cd26922cefb7,proj_0279,9,13,55.4714,41.2659,0.9995,50.0896,1,0.6667,2,3,0.1542,0,0.0,1,Hackathon Champion,Strong match (Score: 55.5). Matched 2/3 required skills (67%). high text similarity (0.15). Segment: Hackathon Champion.
c7e4375f-a8fd-4865-8103-37abae37a3a5,proj_0279,10,8,55.3611,41.7703,0.9995,42.7676,1,0.6667,2,3,0.1334,0,0.0,2,High Open-Source Contributor,Strong match (Score: 55.4). Matched 2/3 required skills (67%). Segment: High Open-Source Contributor.
31dcad26-4ef6-4733-ae9d-014171bbf233,proj_0280,1,1,75.8868,74.0002,0.9996,70.7416,1,1.0,4,4,0.1977,1,0.3333,2,High Open-Source Contributor,Exceptional match (Score: 75.9). Matched 4/4 required skills (100%). high text similarity (0.20). domain aligned. Segment: High Open-Source Contributor.
d095cbba-302b-48b1-b0fc-d4269950c37a,proj_0280,2,1,74.0268,72.5871,0.9996,71.7812,1,0.75,3,4,0.3336,1,0.0,1,Hackathon Champion,Strong match (Score: 74.0). Matched 3/4 required skills (75%). high text similarity (0.33). domain aligned. Segment: Hackathon Champion.
e74cd5e6-4aad-460f-9ec1-a6eac48a4a58,proj_0280,3,2,67.8371,63.6278,0.9995,52.5916,1,0.75,3,4,0.2934,0,0.2,0,Applied Project Specialist,Strong match (Score: 67.8). Matched 3/4 required skills (75%). high text similarity (0.29). Segment: Applied Project Specialist.
1ec54584-53e9-4aeb-849b-1ecb628f6920,proj_0280,4,4,64.199,54.8387,0.9984,58.1201,1,1.0,4,4,0.1541,0,0.0,2,High Open-Source Contributor,Strong match (Score: 64.2). Matched 4/4 required skills (100%). high text similarity (0.15). Segment: High Open-Source Contributor.
7b2e3b2a-c45e-40d1-b5a3-f4c25123b11c,proj_0280,5,1,62.8059,54.3903,0.9996,55.1165,1,0.5,2,4,0.1819,1,0.3333,2,High Open-Source Contributor,Strong match (Score: 62.8). Matched 2/4 required skills (50%). high text similarity (0.18). domain aligned. Segment: High Open-Source Contributor.
7330eba1-85ce-43aa-866d-b5df0c4f5175,proj_0280,6,5,61.8,53.6588,0.9996,45.5049,1,0.5,2,4,0.1899,1,0.0,3,Emerging Generalist Builder,Strong match (Score: 61.8). Matched 2/4 required skills (50%). high text similarity (0.19). domain aligned. Segment: Emerging Generalist Builder.
ed5299a2-0bad-49b4-926e-1cf67c877fe8,proj_0280,7,2,61.7396,52.8714,0.9995,56.6641,1,0.75,3,4,0.1654,0,0.25,1,Hackathon Champion,Strong match (Score: 61.7). Matched 3/4 required skills (75%). high text similarity (0.17). Segment: Hackathon Champion.
5bb79aa1-96a0-4574-ab8a-8a44cc9b7d84,proj_0280,8,3,60.8282,51.4729,0.9992,56.3273,1,0.75,3,4,0.1842,0,0.0,2,High Open-Source Contributor,Strong match (Score: 60.8). Matched 3/4 required skills (75%). high text similarity (0.18). Segment: High Open-Source Contributor.
63d56c69-55e3-4528-b118-8b57a258f729,proj_0280,9,3,60.0623,51.0321,0.9995,49.0021,1,0.75,3,4,0.1443,0,0.0,0,Applied Project Specialist,Strong match (Score: 60.1). Matched 3/4 required skills (75%). Segment: Applied Project Specialist.
348841ad-ba6a-47d4-b330-96d68c5c0b3f,proj_0280,10,2,59.9931,50.3228,0.9996,43.2405,1,0.5,2,4,0.1584,1,0.0,3,Emerging Generalist Builder,Strong match (Score: 60.0). Matched 2/4 required skills (50%). high text similarity (0.16). domain aligned. Segment: Emerging Generalist Builder.
61fd5470-3e56-4a8f-95c3-c80c3571e83a,proj_0281,1,2,76.2573,74.2683,0.9996,78.2224,1,1.0,3,3,0.2708,1,0.0,1,Hackathon Champion,Exceptional match (Score: 76.3). Matched 3/3 required skills (100%). high text similarity (0.27). domain aligned. Segment: Hackathon Champion.
65fb74d3-9211-4e75-a64c-e76a89893ccc,proj_0281,2,3,67.1387,60.0731,0.9995,59.5677,1,1.0,3,3,0.2083,0,0.0,0,Applied Project Specialist,Strong match (Score: 67.1). Matched 3/3 required skills (100%). high text similarity (0.21). Segment: Applied Project Specialist.
0664ac18-e4b1-4687-a748-cf62f7e567f9,proj_0281,3,6,66.7353,59.6795,0.9995,60.5885,1,1.0,3,3,0.1919,0,0.0,2,High Open-Source Contributor,Strong match (Score: 66.7). Matched 3/3 required skills (100%). high text similarity (0.19). Segment: High Open-Source Contributor.
71356e5d-9127-4bbd-9772-a4c4e1f40a13,proj_0281,4,6,66.2341,58.4265,0.9995,54.3304,1,1.0,3,3,0.1919,0,0.0,2,High Open-Source Contributor,Strong match (Score: 66.2). Matched 3/3 required skills (100%). high text similarity (0.19). Segment: High Open-Source Contributor.
4c7158f5-0178-4764-91e9-206adc1abe4b,proj_0281,5,3,64.2913,55.4044,0.9996,52.802,1,0.6667,2,3,0.1983,1,0.0,2,High Open-Source Contributor,Strong match (Score: 64.3). Matched 2/3 required skills (67%). high text similarity (0.20). domain aligned. Segment: High Open-Source Contributor.
5650aad2-20d6-4baf-b306-cf8f848814e9,proj_0281,6,3,63.7817,54.4118,0.9996,50.9248,1,0.6667,2,3,0.1908,1,0.0,3,Emerging Generalist Builder,Strong match (Score: 63.8). Matched 2/3 required skills (67%). high text similarity (0.19). domain aligned. Segment: Emerging Generalist Builder.
c9eb73ea-d077-44ec-b88c-690272b8f0e7,proj_0281,7,2,62.8126,52.5778,0.9996,40.1915,1,0.6667,2,3,0.1751,1,0.0,3,Emerging Generalist Builder,Strong match (Score: 62.8). Matched 2/3 required skills (67%). high text similarity (0.18). domain aligned. Segment: Emerging Generalist Builder.
661f3618-4b9f-4890-b5b9-ac942b752fd5,proj_0281,8,1,62.4786,51.1314,0.9996,54.7121,1,0.6667,2,3,0.1914,1,0.0,3,Emerging Generalist Builder,Strong match (Score: 62.5). Matched 2/3 required skills (67%). high text similarity (0.19). domain aligned. Segment: Emerging Generalist Builder.
a660ca84-0849-42e6-9324-a286f016aa5b,proj_0281,9,3,61.8773,52.8058,0.9995,52.7135,1,0.6667,2,3,0.2402,0,0.2,2,High Open-Source Contributor,Strong match (Score: 61.9). Matched 2/3 required skills (67%). high text similarity (0.24). Segment: High Open-Source Contributor.
9cd942b8-00f7-495c-9c10-d6c9e2b36f57,proj_0281,10,11,55.3484,41.2998,0.9995,46.0579,1,0.6667,2,3,0.1451,0,0.0,2,High Open-Source Contributor,Strong match (Score: 55.3). Matched 2/3 required skills (67%). Segment: High Open-Source Contributor.
9bba2348-18e5-4a9c-af06-3a0a13237599,proj_0282,1,1,74.1128,71.4758,0.9996,73.7231,1,1.0,3,3,0.2023,1,0.0,2,High Open-Source Contributor,Strong match (Score: 74.1). Matched 3/3 required skills (100%). high text similarity (0.20). domain aligned. Segment: High Open-Source Contributor.
4732886f-ea61-4283-92e8-e4dd176e752e,proj_0282,2,2,64.7996,55.2489,0.9995,44.5526,1,1.0,3,3,0.181,0,0.0,2,High Open-Source Contributor,Strong match (Score: 64.8). Matched 3/3 required skills (100%). high text similarity (0.18). Segment: High Open-Source Contributor.
10bc86f8-4c4f-44c5-ac1f-8300667bcd91,proj_0282,3,3,64.2436,54.5977,0.9995,47.6951,1,1.0,3,3,0.1613,0,0.0,2,High Open-Source Contributor,Strong match (Score: 64.2). Matched 3/3 required skills (100%). high text similarity (0.16). Segment: High Open-Source Contributor.
dff336e8-f014-4b2f-8fc6-e0d658b2c6ee,proj_0282,4,5,55.7254,41.6685,0.9995,41.5507,1,0.6667,2,3,0.1604,0,0.0,2,High Open-Source Contributor,Strong match (Score: 55.7). Matched 2/3 required skills (67%). high text similarity (0.16). Segment: High Open-Source Contributor.
7b2e3b2a-c45e-40d1-b5a3-f4c25123b11c,proj_0282,5,11,55.5541,42.1664,0.9993,36.3953,1,0.6667,2,3,0.1361,0,0.0,2,High Open-Source Contributor,Strong match (Score: 55.6). Matched 2/3 required skills (67%). Segment: High Open-Source Contributor.
7eae055b-58e7-4ccf-b97e-b3d17f153640,proj_0282,6,9,55.3154,43.2328,0.9988,45.0,1,0.3333,1,3,0.0928,1,0.3333,2,High Open-Source Contributor,Strong match (Score: 55.3). Matched 1/3 required skills (33%). domain aligned. Segment: High Open-Source Contributor.
99d675f5-481c-4a42-ab83-626ee52dd60c,proj_0282,7,19,54.1068,41.8508,0.999,42.5092,1,0.3333,1,3,0.0709,1,0.2,0,Applied Project Specialist,Strong match (Score: 54.1). Matched 1/3 required skills (33%). domain aligned. Segment: Applied Project Specialist.
68850a10-ff2d-4844-b456-e19c970488a0,proj_0282,8,5,53.9511,38.8039,0.9994,24.9292,1,0.6667,2,3,0.1187,0,0.0,0,Applied Project Specialist,Strong match (Score: 54.0). Matched 2/3 required skills (67%). Segment: Applied Project Specialist.
fcf55a24-23c2-4309-a192-7f47d52acf29,proj_0282,9,16,53.3755,39.8538,0.9976,44.5741,1,0.3333,1,3,0.0782,1,0.2,3,Emerging Generalist Builder,Strong match (Score: 53.4). Matched 1/3 required skills (33%). domain aligned. Segment: Emerging Generalist Builder.
3379e8e7-6522-45ad-8b4b-c42d65e752d1,proj_0282,10,9,53.2993,37.7032,0.9994,50.6869,1,0.6667,2,3,0.1046,0,0.0,3,Emerging Generalist Builder,Strong match (Score: 53.3). Matched 2/3 required skills (67%). Segment: Emerging Generalist Builder.
6784c2a4-5419-4346-bd1e-8ddef76ea579,proj_0283,1,1,64.6685,54.79,0.9994,56.487,1,1.0,2,2,0.1847,0,0.0,2,High Open-Source Contributor,Strong match (Score: 64.7). Matched 2/2 required skills (100%). high text similarity (0.18). Segment: High Open-Source Contributor.
b3b6351b-3567-4776-9e69-58952ccbd617,proj_0283,2,6,63.6939,52.9798,0.9995,53.3142,1,1.0,2,2,0.1678,0,0.0,2,High Open-Source Contributor,Strong match (Score: 63.7). Matched 2/2 required skills (100%). high text similarity (0.17). Segment: High Open-Source Contributor.
3a212f49-df4c-495e-9787-a66a9881678f,proj_0283,3,11,63.3387,52.4256,0.9995,56.5757,1,1.0,2,2,0.1589,0,0.0,2,High Open-Source Contributor,Strong match (Score: 63.3). Matched 2/2 required skills (100%). high text similarity (0.16). Segment: High Open-Source Contributor.
3f631164-dc26-430c-8497-8c7760bfcedd,proj_0283,4,9,62.5037,50.9006,0.9995,53.9941,1,1.0,2,2,0.1439,0,0.0,1,Hackathon Champion,Strong match (Score: 62.5). Matched 2/2 required skills (100%). Segment: Hackathon Champion.
887a6e2f-751f-4c67-b70f-e6710e6db785,proj_0283,5,1,62.3869,50.4811,0.9995,44.8289,1,1.0,2,2,0.1473,0,0.0,2,High Open-Source Contributor,Strong match (Score: 62.4). Matched 2/2 required skills (100%). Segment: High Open-Source Contributor.
7465b2ff-ad02-4e92-a603-cc3d842cfced,proj_0283,6,1,62.2089,49.7472,0.9995,43.2043,1,1.0,2,2,0.155,0,0.0,3,Emerging Generalist Builder,Strong match (Score: 62.2). Matched 2/2 required skills (100%). high text similarity (0.15). Segment: Emerging Generalist Builder.
7330eba1-85ce-43aa-866d-b5df0c4f5175,proj_0283,7,4,62.1436,50.5515,0.9995,50.8714,1,1.0,2,2,0.1292,0,0.0,3,Emerging Generalist Builder,Strong match (Score: 62.1). Matched 2/2 required skills (100%). Segment: Emerging Generalist Builder.
c4e69c9e-4472-40aa-ae9e-e98402e48d1b,proj_0283,8,5,62.0971,50.4389,0.9994,51.9535,1,1.0,2,2,0.1293,0,0.0,0,Applied Project Specialist,Strong match (Score: 62.1). Matched 2/2 required skills (100%). Segment: Applied Project Specialist.
31923181-f583-4704-8bd5-7071757bb7b2,proj_0283,9,9,62.0656,50.4466,0.9995,50.2182,1,1.0,2,2,0.1268,0,0.0,2,High Open-Source Contributor,Strong match (Score: 62.1). Matched 2/2 required skills (100%). Segment: High Open-Source Contributor.
0d7aa2ad-f54e-438f-805a-7cb4ac9fb423,proj_0283,10,10,62.021,49.7426,0.9995,44.4,1,1.0,2,2,0.1426,0,0.0,2,High Open-Source Contributor,Strong match (Score: 62.0). Matched 2/2 required skills (100%). Segment: High Open-Source Contributor.
764a5184-1cb3-4b67-90a5-b8daa11ab4db,proj_0284,1,1,73.5065,69.6975,0.9996,69.8976,1,1.0,3,3,0.2093,1,0.0,3,Emerging Generalist Builder,Strong match (Score: 73.5). Matched 3/3 required skills (100%). high text similarity (0.21). domain aligned. Segment: Emerging Generalist Builder.
b7e2ecbc-d330-413a-92ac-d3f85a79ef85,proj_0284,2,3,64.5617,54.9242,0.9995,55.1321,1,1.0,3,3,0.1738,0,0.0,3,Emerging Generalist Builder,Strong match (Score: 64.6). Matched 3/3 required skills (100%). high text similarity (0.17). Segment: Emerging Generalist Builder.
a488a43c-38ab-4a5d-b6d1-e4ebb9f9c281,proj_0284,3,4,54.6618,40.3183,0.9994,43.1625,1,0.6667,2,3,0.1257,0,0.0,3,Emerging Generalist Builder,Strong match (Score: 54.7). Matched 2/3 required skills (67%). Segment: Emerging Generalist Builder.
ee8e02a0-9f5d-4f2a-98f8-77485ed5989e,proj_0284,4,6,54.4012,40.3605,0.9995,37.5812,1,0.6667,2,3,0.107,0,0.0,2,High Open-Source Contributor,Strong match (Score: 54.4). Matched 2/3 required skills (67%). Segment: High Open-Source Contributor.
c9831642-b32a-482c-8fe5-23aa771dc05a,proj_0284,5,4,51.7044,36.2472,0.9963,37.7038,1,0.3333,1,3,0.0989,1,0.0,1,Hackathon Champion,Strong match (Score: 51.7). Matched 1/3 required skills (33%). domain aligned. Segment: Hackathon Champion.
78fc6901-7fbc-449d-ba7c-32ccbe16273a,proj_0284,6,9,50.0065,34.95,0.9975,30.4939,1,0.3333,1,3,0.1179,0,0.4,2,High Open-Source Contributor,Strong match (Score: 50.0). Matched 1/3 required skills (33%). Segment: High Open-Source Contributor.
0664ac18-e4b1-4687-a748-cf62f7e567f9,proj_0284,7,24,49.7551,35.4978,0.9974,43.8102,1,0.0,0,3,0.1256,1,0.5,2,High Open-Source Contributor,Moderate match (Score: 49.8). Matched 0/3 required skills (0%). domain aligned. Segment: High Open-Source Contributor.
76a0650f-3ab3-46ef-a7bd-0757f8840278,proj_0284,8,9,48.2994,32.7736,0.9966,35.7484,1,0.0,0,3,0.1028,1,0.5,2,High Open-Source Contributor,Moderate match (Score: 48.3). Matched 0/3 required skills (0%). domain aligned. Segment: High Open-Source Contributor.
fd53b824-68d3-4bf7-b335-9690414454ca,proj_0284,9,30,47.5059,29.5684,0.9955,29.9204,1,0.0,0,3,0.2209,1,0.0,3,Emerging Generalist Builder,Moderate match (Score: 47.5). Matched 0/3 required skills (0%). high text similarity (0.22). domain aligned. Segment: Emerging Generalist Builder.
d0eb8a5d-6237-4eec-a4e0-158099cc2659,proj_0284,10,20,47.438,30.723,0.9968,40.6065,1,0.3333,1,3,0.0719,0,0.3333,2,High Open-Source Contributor,Moderate match (Score: 47.4). Matched 1/3 required skills (33%). Segment: High Open-Source Contributor.
da656870-ec8c-477f-ac77-d99f762a096a,proj_0285,1,2,69.6068,64.0382,0.9996,60.7112,1,1.0,5,5,0.2669,0,0.0,0,Applied Project Specialist,Strong match (Score: 69.6). Matched 5/5 required skills (100%). high text similarity (0.27). Segment: Applied Project Specialist.
0c80f749-3d68-49f7-b466-a887bbecea6b,proj_0285,2,2,67.8312,61.2829,0.9995,64.8252,1,1.0,5,5,0.2222,0,0.0,2,High Open-Source Contributor,Strong match (Score: 67.8). Matched 5/5 required skills (100%). high text similarity (0.22). Segment: High Open-Source Contributor.
689ef428-5690-41ea-8a1b-ebc15103c183,proj_0285,3,6,63.2904,55.3285,0.9996,63.8476,1,0.8,4,5,0.2114,0,0.0,2,High Open-Source Contributor,Strong match (Score: 63.3). Matched 4/5 required skills (80%). high text similarity (0.21). Segment: High Open-Source Contributor.
c443afae-85b7-4769-9c9b-3aa42d2f9b49,proj_0285,4,5,61.5815,51.7087,0.9995,47.861,1,0.8,4,5,0.1942,0,0.0,3,Emerging Generalist Builder,Strong match (Score: 61.6). Matched 4/5 required skills (80%). high text similarity (0.19). Segment: Emerging Generalist Builder.
b92bae36-b338-429c-af78-0cbf3fb8795f,proj_0285,5,7,61.361,51.5662,0.9996,42.6312,1,0.8,4,5,0.1831,0,0.0,2,High Open-Source Contributor,Strong match (Score: 61.4). Matched 4/5 required skills (80%). high text similarity (0.18). Segment: High Open-Source Contributor.
29a70b35-707c-484f-8bb5-8b215d6ebcd4,proj_0285,6,9,59.8085,49.3087,0.9995,50.686,1,0.8,4,5,0.14,0,0.0,2,High Open-Source Contributor,Strong match (Score: 59.8). Matched 4/5 required skills (80%). Segment: High Open-Source Contributor.
359cd95a-3ba1-415a-89c5-e2d4d3e11945,proj_0285,7,7,58.5364,48.4584,0.9996,54.529,1,0.6,3,5,0.211,0,0.0,2,High Open-Source Contributor,Strong match (Score: 58.5). Matched 3/5 required skills (60%). high text similarity (0.21). Segment: High Open-Source Contributor.
a4110e45-2926-4e7f-8678-ab3a4210a5f1,proj_0285,8,10,58.3115,47.2549,0.9995,53.2371,1,0.6,3,5,0.2283,0,0.0,1,Hackathon Champion,Strong match (Score: 58.3). Matched 3/5 required skills (60%). high text similarity (0.23). Segment: Hackathon Champion.
14f94e94-7722-4ae8-8b7e-be63c79c6533,proj_0285,9,5,58.2079,47.0972,0.9995,52.2927,1,0.6,3,5,0.2256,0,0.0,2,High Open-Source Contributor,Strong match (Score: 58.2). Matched 3/5 required skills (60%). high text similarity (0.23). Segment: High Open-Source Contributor.
85821370-f883-484e-94ee-f6ae8dc26c65,proj_0285,10,3,56.9215,46.8888,0.9995,50.5421,1,0.6,3,5,0.1454,0,0.0,1,Hackathon Champion,Strong match (Score: 56.9). Matched 3/5 required skills (60%). Segment: Hackathon Champion.
da656870-ec8c-477f-ac77-d99f762a096a,proj_0286,1,1,76.5558,75.0296,0.9996,72.4537,1,1.0,4,4,0.2704,1,0.0,0,Applied Project Specialist,Exceptional match (Score: 76.6). Matched 4/4 required skills (100%). high text similarity (0.27). domain aligned. Segment: Applied Project Specialist.
0c80f749-3d68-49f7-b466-a887bbecea6b,proj_0286,2,3,66.8318,59.8345,0.9993,53.5209,1,1.0,4,4,0.1946,0,0.0,2,High Open-Source Contributor,Strong match (Score: 66.8). Matched 4/4 required skills (100%). high text similarity (0.19). Segment: High Open-Source Contributor.
85821370-f883-484e-94ee-f6ae8dc26c65,proj_0286,3,2,62.3372,55.3543,0.9995,57.1644,1,0.5,2,4,0.1807,1,0.0,1,Hackathon Champion,Strong match (Score: 62.3). Matched 2/4 required skills (50%). high text similarity (0.18). domain aligned. Segment: Hackathon Champion.
689ef428-5690-41ea-8a1b-ebc15103c183,proj_0286,4,8,60.1977,50.0581,0.9995,48.5045,1,0.75,3,4,0.1793,0,0.0,2,High Open-Source Contributor,Strong match (Score: 60.2). Matched 3/4 required skills (75%). high text similarity (0.18). Segment: High Open-Source Contributor.
14f94e94-7722-4ae8-8b7e-be63c79c6533,proj_0286,5,2,60.1677,49.8106,0.9995,47.3441,1,0.75,3,4,0.1839,0,0.0,2,High Open-Source Contributor,Strong match (Score: 60.2). Matched 3/4 required skills (75%). high text similarity (0.18). Segment: High Open-Source Contributor.
a4110e45-2926-4e7f-8678-ab3a4210a5f1,proj_0286,6,7,59.9617,49.2168,0.9994,44.7399,1,0.75,3,4,0.1862,0,0.0,1,Hackathon Champion,Strong match (Score: 60.0). Matched 3/4 required skills (75%). high text similarity (0.19). Segment: Hackathon Champion.
49d37776-22f9-4efe-8ffc-2b6f76e8f19c,proj_0286,7,3,59.6225,49.8238,0.9996,49.2329,1,0.5,2,4,0.147,1,0.0,3,Emerging Generalist Builder,Strong match (Score: 59.6). Matched 2/4 required skills (50%). domain aligned. Segment: Emerging Generalist Builder.
5cab9df0-fce9-4f96-b7d4-77b04d8ef79a,proj_0286,8,6,59.1029,48.7948,0.9995,50.8348,1,0.5,2,4,0.14,1,0.0,1,Hackathon Champion,Strong match (Score: 59.1). Matched 2/4 required skills (50%). domain aligned. Segment: Hackathon Champion.
a483616c-ea51-4637-8408-10f68d7edbd4,proj_0286,9,4,59.015,49.2651,0.9996,49.2538,1,0.5,2,4,0.1214,1,0.0,2,High Open-Source Contributor,Strong match (Score: 59.0). Matched 2/4 required skills (50%). domain aligned. Segment: High Open-Source Contributor.
c443afae-85b7-4769-9c9b-3aa42d2f9b49,proj_0286,10,9,58.9831,47.584,0.9993,48.5687,1,0.75,3,4,0.1647,0,0.0,3,Emerging Generalist Builder,Strong match (Score: 59.0). Matched 3/4 required skills (75%). high text similarity (0.16). Segment: Emerging Generalist Builder.
482ad2c1-897a-4d02-a049-2588feb555c9,proj_0287,1,2,75.3077,68.9967,0.9995,74.1,1,1.0,3,3,0.4816,0,0.2,2,High Open-Source Contributor,Exceptional match (Score: 75.3). Matched 3/3 required skills (100%). high text similarity (0.48). Segment: High Open-Source Contributor.
37921f8e-6940-4221-a34b-d7be678be5c4,proj_0287,2,2,74.5026,68.2152,0.9995,75.8575,1,1.0,3,3,0.4821,0,0.0,0,Applied Project Specialist,Strong match (Score: 74.5). Matched 3/3 required skills (100%). high text similarity (0.48). Segment: Applied Project Specialist.
5f9cfcc6-552b-4718-a0ae-2c03abd29b11,proj_0287,3,3,73.6772,65.9555,0.9995,66.9025,1,1.0,3,3,0.454,0,0.2,3,Emerging Generalist Builder,Strong match (Score: 73.7). Matched 3/3 required skills (100%). high text similarity (0.45). Segment: Emerging Generalist Builder.
11ae27ca-bf45-46bd-9607-4def4f4b9847,proj_0287,4,3,72.8018,65.3208,0.9995,73.075,1,1.0,3,3,0.4459,0,0.0,1,Hackathon Champion,Strong match (Score: 72.8). Matched 3/3 required skills (100%). high text similarity (0.45). Segment: Hackathon Champion.
b7dad599-a16d-4fcf-b509-98101812c67c,proj_0287,5,3,72.7785,64.6062,0.9995,67.3768,1,1.0,3,3,0.4634,0,0.0,2,High Open-Source Contributor,Strong match (Score: 72.8). Matched 3/3 required skills (100%). high text similarity (0.46). Segment: High Open-Source Contributor.
e79850c2-c17a-4aac-b2b3-52194b911c0a,proj_0287,6,2,72.7485,64.4074,0.9995,65.1228,1,1.0,3,3,0.4667,0,0.0,2,High Open-Source Contributor,Strong match (Score: 72.7). Matched 3/3 required skills (100%). high text similarity (0.47). Segment: High Open-Source Contributor.
6750c492-31c8-4aa9-8d43-05cfda6f0f44,proj_0287,7,1,72.2178,62.102,0.9995,57.8715,1,1.0,3,3,0.4928,0,0.0,3,Emerging Generalist Builder,Strong match (Score: 72.2). Matched 3/3 required skills (100%). high text similarity (0.49). Segment: Emerging Generalist Builder.
5fbb6942-6c35-4a1b-ad7e-c04350c2a97c,proj_0287,8,1,71.5958,62.0844,0.9995,72.7181,1,1.0,3,3,0.4518,0,0.0,3,Emerging Generalist Builder,Strong match (Score: 71.6). Matched 3/3 required skills (100%). high text similarity (0.45). Segment: Emerging Generalist Builder.
b5b19d8a-de3e-45ba-bba5-521f2a25f95f,proj_0287,9,6,67.3105,56.1244,0.9995,55.773,1,0.6667,2,3,0.4917,0,0.3333,2,High Open-Source Contributor,Strong match (Score: 67.3). Matched 2/3 required skills (67%). high text similarity (0.49). Segment: High Open-Source Contributor.
085e4057-c0dd-431b-a78c-ff334b23176d,proj_0287,10,2,65.6431,56.0589,0.9995,65.6749,1,0.6667,2,3,0.4045,0,0.2,3,Emerging Generalist Builder,Strong match (Score: 65.6). Matched 2/3 required skills (67%). high text similarity (0.40). Segment: Emerging Generalist Builder.
37921f8e-6940-4221-a34b-d7be678be5c4,proj_0288,1,1,82.1021,80.2516,0.9996,87.1418,1,1.0,4,4,0.5009,1,0.0,0,Applied Project Specialist,Exceptional match (Score: 82.1). Matched 4/4 required skills (100%). high text similarity (0.50). domain aligned. Segment: Applied Project Specialist.
482ad2c1-897a-4d02-a049-2588feb555c9,proj_0288,2,1,81.1544,78.7785,0.9996,80.7175,1,1.0,4,4,0.477,1,0.0,2,High Open-Source Contributor,Exceptional match (Score: 81.2). Matched 4/4 required skills (100%). high text similarity (0.48). domain aligned. Segment: High Open-Source Contributor.
5f9cfcc6-552b-4718-a0ae-2c03abd29b11,proj_0288,3,1,79.4544,75.5523,0.9996,78.2927,1,1.0,4,4,0.4497,1,0.0,3,Emerging Generalist Builder,Exceptional match (Score: 79.5). Matched 4/4 required skills (100%). high text similarity (0.45). domain aligned. Segment: Emerging Generalist Builder.
6c14e06c-348f-4870-8099-0da821e87a20,proj_0288,4,1,76.1831,72.8289,0.9996,68.7616,1,0.75,3,4,0.4709,1,0.0,3,Emerging Generalist Builder,Exceptional match (Score: 76.2). Matched 3/4 required skills (75%). high text similarity (0.47). domain aligned. Segment: Emerging Generalist Builder.
b5b19d8a-de3e-45ba-bba5-521f2a25f95f,proj_0288,5,1,75.9732,71.6143,0.9996,59.7161,1,0.75,3,4,0.4893,1,0.0,2,High Open-Source Contributor,Exceptional match (Score: 76.0). Matched 3/4 required skills (75%). high text similarity (0.49). domain aligned. Segment: High Open-Source Contributor.
73959e1f-79e1-4754-a8eb-88b8c30b76cb,proj_0288,6,2,73.6731,67.4841,0.9995,67.7032,1,1.0,4,4,0.4463,0,0.0,3,Emerging Generalist Builder,Strong match (Score: 73.7). Matched 4/4 required skills (100%). high text similarity (0.45). Segment: Emerging Generalist Builder.
11ae27ca-bf45-46bd-9607-4def4f4b9847,proj_0288,7,2,72.9663,66.5982,0.9995,69.5585,1,1.0,4,4,0.4228,0,0.0,1,Hackathon Champion,Strong match (Score: 73.0). Matched 4/4 required skills (100%). high text similarity (0.42). Segment: Hackathon Champion.
e79850c2-c17a-4aac-b2b3-52194b911c0a,proj_0288,8,3,72.3973,64.7633,0.9995,61.8911,1,1.0,4,4,0.4338,0,0.0,2,High Open-Source Contributor,Strong match (Score: 72.4). Matched 4/4 required skills (100%). high text similarity (0.43). Segment: High Open-Source Contributor.
47a94596-24f8-4c7c-9961-3337e72d1feb,proj_0288,9,5,68.4392,60.0229,0.9995,63.7189,1,0.75,3,4,0.463,0,0.0,0,Applied Project Specialist,Strong match (Score: 68.4). Matched 3/4 required skills (75%). high text similarity (0.46). Segment: Applied Project Specialist.
96ebb060-cb7a-48bc-b2e3-6af9fc20d345,proj_0288,10,3,68.366,58.7749,0.9995,60.2138,1,0.75,3,4,0.4914,0,0.0,2,High Open-Source Contributor,Strong match (Score: 68.4). Matched 3/4 required skills (75%). high text similarity (0.49). Segment: High Open-Source Contributor.
550d3980-7d3a-4102-86fa-046f33d46845,proj_0289,1,1,77.7986,77.3489,0.9996,76.3931,1,1.0,3,3,0.2914,1,0.0,2,High Open-Source Contributor,Exceptional match (Score: 77.8). Matched 3/3 required skills (100%). high text similarity (0.29). domain aligned. Segment: High Open-Source Contributor.
3a212f49-df4c-495e-9787-a66a9881678f,proj_0289,2,2,75.6543,72.8019,0.9995,69.392,1,1.0,3,3,0.2699,1,0.0,2,High Open-Source Contributor,Exceptional match (Score: 75.7). Matched 3/3 required skills (100%). high text similarity (0.27). domain aligned. Segment: High Open-Source Contributor.
31923181-f583-4704-8bd5-7071757bb7b2,proj_0289,3,3,70.3277,64.688,0.9995,60.943,1,1.0,3,3,0.2645,0,0.2,2,High Open-Source Contributor,Strong match (Score: 70.3). Matched 3/3 required skills (100%). high text similarity (0.26). Segment: High Open-Source Contributor.
ae3dcd6d-68be-4555-8891-2616eea6618b,proj_0289,4,5,68.8967,62.2404,0.9995,60.288,1,1.0,3,3,0.2677,0,0.0,0,Applied Project Specialist,Strong match (Score: 68.9). Matched 3/3 required skills (100%). high text similarity (0.27). Segment: Applied Project Specialist.
1ac50d1b-e5e1-448b-9a7c-d0b1946dd32f,proj_0289,5,7,68.471,61.5249,0.9993,59.8311,1,1.0,3,3,0.2588,0,0.0,0,Applied Project Specialist,Strong match (Score: 68.5). Matched 3/3 required skills (100%). high text similarity (0.26). Segment: Applied Project Specialist.
0d7aa2ad-f54e-438f-805a-7cb4ac9fb423,proj_0289,6,2,68.2231,60.1439,0.9995,61.2563,1,1.0,3,3,0.2787,0,0.0,2,High Open-Source Contributor,Strong match (Score: 68.2). Matched 3/3 required skills (100%). high text similarity (0.28). Segment: High Open-Source Contributor.
6d5dbc88-26f2-437d-a615-0271948bfefd,proj_0289,7,2,67.6818,58.8807,0.9995,61.9738,1,1.0,3,3,0.2763,0,0.0,2,High Open-Source Contributor,Strong match (Score: 67.7). Matched 3/3 required skills (100%). high text similarity (0.28). Segment: High Open-Source Contributor.
b3b6351b-3567-4776-9e69-58952ccbd617,proj_0289,8,3,67.6086,59.219,0.9995,71.2275,1,1.0,3,3,0.2624,0,0.0,2,High Open-Source Contributor,Strong match (Score: 67.6). Matched 3/3 required skills (100%). high text similarity (0.26). Segment: High Open-Source Contributor.
387913f7-3bc9-49cb-8fe2-9330745c9851,proj_0289,9,5,65.1759,55.1148,0.9996,45.934,1,0.6667,2,3,0.265,1,0.0,3,Emerging Generalist Builder,Strong match (Score: 65.2). Matched 2/3 required skills (67%). high text similarity (0.27). domain aligned. Segment: Emerging Generalist Builder.
3f631164-dc26-430c-8497-8c7760bfcedd,proj_0289,10,14,60.8316,49.8965,0.9995,45.4265,1,0.6667,2,3,0.2814,0,0.0,1,Hackathon Champion,Strong match (Score: 60.8). Matched 2/3 required skills (67%). high text similarity (0.28). Segment: Hackathon Champion.
1cca7ff7-949b-4b61-ab87-5e3a12f08e01,proj_0290,1,1,79.5309,81.4211,0.9996,78.1293,1,1.0,4,4,0.2983,1,0.0,3,Emerging Generalist Builder,Exceptional match (Score: 79.5). Matched 4/4 required skills (100%). high text similarity (0.30). domain aligned. Segment: Emerging Generalist Builder.
b92bae36-b338-429c-af78-0cbf3fb8795f,proj_0290,2,1,75.7456,73.529,0.9996,68.9544,1,1.0,4,4,0.2564,1,0.0,2,High Open-Source Contributor,Exceptional match (Score: 75.7). Matched 4/4 required skills (100%). high text similarity (0.26). domain aligned. Segment: High Open-Source Contributor.
6c330b26-96e7-4e06-adf2-825da3cf559f,proj_0290,3,2,73.4943,72.3744,0.9996,78.0326,1,0.75,3,4,0.2621,1,0.25,2,High Open-Source Contributor,Strong match (Score: 73.5). Matched 3/4 required skills (75%). high text similarity (0.26). domain aligned. Segment: High Open-Source Contributor.
29a70b35-707c-484f-8bb5-8b215d6ebcd4,proj_0290,4,1,73.2348,69.5813,0.9995,72.4578,1,1.0,4,4,0.3056,0,0.3333,2,High Open-Source Contributor,Strong match (Score: 73.2). Matched 4/4 required skills (100%). high text similarity (0.31). Segment: High Open-Source Contributor.
16e1d5c0-c928-45c9-9206-d483c8771a33,proj_0290,5,2,69.7656,65.7152,0.9996,73.8035,1,0.75,3,4,0.1911,1,0.25,3,Emerging Generalist Builder,Strong match (Score: 69.8). Matched 3/4 required skills (75%). high text similarity (0.19). domain aligned. Segment: Emerging Generalist Builder.
689ef428-5690-41ea-8a1b-ebc15103c183,proj_0290,6,3,68.5612,64.3798,0.9995,60.7838,1,0.75,3,4,0.2994,0,0.3333,2,High Open-Source Contributor,Strong match (Score: 68.6). Matched 3/4 required skills (75%). high text similarity (0.30). Segment: High Open-Source Contributor.
347dcda4-cc34-4117-be02-c3eeaaf8878f,proj_0290,7,1,67.3167,60.2443,0.9995,60.0468,1,1.0,4,4,0.2156,0,0.0,3,Emerging Generalist Builder,Strong match (Score: 67.3). Matched 4/4 required skills (100%). high text similarity (0.22). Segment: Emerging Generalist Builder.
581bb5ae-aabd-47ba-8e9e-54b92e296fad,proj_0290,8,3,62.7045,53.2501,0.9996,54.6395,1,0.5,2,4,0.2611,1,0.0,3,Emerging Generalist Builder,Strong match (Score: 62.7). Matched 2/4 required skills (50%). high text similarity (0.26). domain aligned. Segment: Emerging Generalist Builder.
ce451e53-7a3e-478e-827e-ca40c205a0e3,proj_0290,9,2,61.7415,52.6499,0.9995,60.2935,1,0.75,3,4,0.2131,0,0.0,2,High Open-Source Contributor,Strong match (Score: 61.7). Matched 3/4 required skills (75%). high text similarity (0.21). Segment: High Open-Source Contributor.
c1177040-dce4-4597-81dd-d97175e6d848,proj_0290,10,1,61.2539,51.5472,0.9995,41.4073,1,0.5,2,4,0.21,1,0.0,3,Emerging Generalist Builder,Strong match (Score: 61.3). Matched 2/4 required skills (50%). high text similarity (0.21). domain aligned. Segment: Emerging Generalist Builder.
6188831d-2423-4170-97be-c1ce063d2e91,proj_0291,1,2,70.5781,65.5327,0.9995,66.9468,1,1.0,3,3,0.292,0,0.0,3,Emerging Generalist Builder,Strong match (Score: 70.6). Matched 3/3 required skills (100%). high text similarity (0.29). Segment: Emerging Generalist Builder.
2b6fad95-0e6a-43b5-9410-74653a40193b,proj_0291,2,2,68.5392,60.9643,0.9993,65.9606,1,1.0,3,3,0.2783,0,0.0,2,High Open-Source Contributor,Strong match (Score: 68.5). Matched 3/3 required skills (100%). high text similarity (0.28). Segment: High Open-Source Contributor.
2f7aab88-8c56-4ac2-afb3-ea61ddce7899,proj_0291,3,3,68.2281,61.9191,0.9995,65.0544,1,1.0,3,3,0.2317,0,0.0,2,High Open-Source Contributor,Strong match (Score: 68.2). Matched 3/3 required skills (100%). high text similarity (0.23). Segment: High Open-Source Contributor.
fef4172a-9569-4d0a-b190-34fb043e7c40,proj_0291,4,5,67.8407,59.7468,0.9995,58.4976,1,1.0,3,3,0.2638,0,0.0,3,Emerging Generalist Builder,Strong match (Score: 67.8). Matched 3/3 required skills (100%). high text similarity (0.26). Segment: Emerging Generalist Builder.
e88fb49b-4d38-4e00-98f7-81c1486d5d6c,proj_0291,5,7,59.4577,48.7756,0.9995,51.8669,1,0.6667,2,3,0.2197,0,0.0,0,Applied Project Specialist,Strong match (Score: 59.5). Matched 2/3 required skills (67%). high text similarity (0.22). Segment: Applied Project Specialist.
028835cb-f2be-4cf3-833d-5016c814a61b,proj_0291,6,8,57.9774,45.7161,0.9995,37.694,1,0.6667,2,3,0.2026,0,0.0,2,High Open-Source Contributor,Strong match (Score: 58.0). Matched 2/3 required skills (67%). high text similarity (0.20). Segment: High Open-Source Contributor.
1d9b4b3e-c4c0-43ca-8453-f32f9ffec287,proj_0291,7,10,57.0762,43.2567,0.9995,54.415,1,0.6667,2,3,0.2081,0,0.0,3,Emerging Generalist Builder,Strong match (Score: 57.1). Matched 2/3 required skills (67%). high text similarity (0.21). Segment: Emerging Generalist Builder.
89725f1b-cf77-46ec-b600-8d479c5336f0,proj_0291,8,12,56.812,43.11,0.9994,42.8148,1,0.6667,2,3,0.1946,0,0.0,1,Hackathon Champion,Strong match (Score: 56.8). Matched 2/3 required skills (67%). high text similarity (0.19). Segment: Hackathon Champion.
6c984ec2-ddc4-4ca1-8e04-8fe558b7446a,proj_0291,9,9,56.4374,42.9122,0.9995,35.4228,1,0.6667,2,3,0.1747,0,0.0,2,High Open-Source Contributor,Strong match (Score: 56.4). Matched 2/3 required skills (67%). high text similarity (0.17). Segment: High Open-Source Contributor.
84b11712-b999-4294-9216-31439dee842d,proj_0291,10,3,55.8482,40.5467,0.9995,40.4843,1,0.6667,2,3,0.1985,0,0.0,3,Emerging Generalist Builder,Strong match (Score: 55.8). Matched 2/3 required skills (67%). high text similarity (0.20). Segment: Emerging Generalist Builder.
bb770a17-7d83-4cbb-aca4-e2a868dafa3e,proj_0292,1,1,79.3689,77.9022,0.9996,84.7309,1,1.0,4,4,0.348,1,0.2,3,Emerging Generalist Builder,Exceptional match (Score: 79.4). Matched 4/4 required skills (100%). high text similarity (0.35). domain aligned. Segment: Emerging Generalist Builder.
0664ac18-e4b1-4687-a748-cf62f7e567f9,proj_0292,2,1,78.0314,77.7586,0.9996,75.8062,1,1.0,4,4,0.296,1,0.0,2,High Open-Source Contributor,Exceptional match (Score: 78.0). Matched 4/4 required skills (100%). high text similarity (0.30). domain aligned. Segment: High Open-Source Contributor.
61fd5470-3e56-4a8f-95c3-c80c3571e83a,proj_0292,3,3,68.5661,61.2565,0.9995,62.9921,1,1.0,4,4,0.2719,0,0.0,1,Hackathon Champion,Strong match (Score: 68.6). Matched 4/4 required skills (100%). high text similarity (0.27). Segment: Hackathon Champion.
71356e5d-9127-4bbd-9772-a4c4e1f40a13,proj_0292,4,4,68.462,61.0225,0.9995,69.2161,1,1.0,4,4,0.2712,0,0.0,2,High Open-Source Contributor,Strong match (Score: 68.5). Matched 4/4 required skills (100%). high text similarity (0.27). Segment: High Open-Source Contributor.
2c0d9eec-46d3-4e5d-88aa-f3fd93a302c6,proj_0292,5,2,61.6873,51.007,0.9995,52.3606,1,0.75,3,4,0.2533,0,0.0,2,High Open-Source Contributor,Strong match (Score: 61.7). Matched 3/4 required skills (75%). high text similarity (0.25). Segment: High Open-Source Contributor.
9cd942b8-00f7-495c-9c10-d6c9e2b36f57,proj_0292,6,4,61.4423,51.257,0.9995,52.3003,1,0.75,3,4,0.2303,0,0.0,2,High Open-Source Contributor,Strong match (Score: 61.4). Matched 3/4 required skills (75%). high text similarity (0.23). Segment: High Open-Source Contributor.
286ddc0f-e370-4a6a-b71d-eafbac97a95f,proj_0292,7,3,61.2298,51.232,0.9996,43.7239,1,0.5,2,4,0.2166,1,0.0,3,Emerging Generalist Builder,Strong match (Score: 61.2). Matched 2/4 required skills (50%). high text similarity (0.22). domain aligned. Segment: Emerging Generalist Builder.
46a01596-9eb8-4790-9e04-ba845207e836,proj_0292,8,7,61.141,50.7926,0.9995,48.4781,1,0.75,3,4,0.2226,0,0.0,2,High Open-Source Contributor,Strong match (Score: 61.1). Matched 3/4 required skills (75%). high text similarity (0.22). Segment: High Open-Source Contributor.
c9eb73ea-d077-44ec-b88c-690272b8f0e7,proj_0292,9,4,60.8608,50.1557,0.9995,49.8481,1,0.75,3,4,0.2209,0,0.0,3,Emerging Generalist Builder,Strong match (Score: 60.9). Matched 3/4 required skills (75%). high text similarity (0.22). Segment: Emerging Generalist Builder.
4c7158f5-0178-4764-91e9-206adc1abe4b,proj_0292,10,4,60.6598,49.6795,0.9995,40.7444,1,0.75,3,4,0.2202,0,0.0,2,High Open-Source Contributor,Strong match (Score: 60.7). Matched 3/4 required skills (75%). high text similarity (0.22). Segment: High Open-Source Contributor.
db9b9a6c-7010-490f-b192-b87384ac6cdb,proj_0293,1,1,77.6933,76.9171,0.9996,68.515,1,1.0,4,4,0.2959,1,0.0,1,Hackathon Champion,Exceptional match (Score: 77.7). Matched 4/4 required skills (100%). high text similarity (0.30). domain aligned. Segment: Hackathon Champion.
30591ae9-51a7-49ff-915a-2774d3908f84,proj_0293,2,5,60.9581,51.4714,0.9995,50.0235,1,0.75,3,4,0.1923,0,0.0,0,Applied Project Specialist,Strong match (Score: 61.0). Matched 3/4 required skills (75%). high text similarity (0.19). Segment: Applied Project Specialist.
6f77d6a3-8da9-4180-a762-e5768bd04a12,proj_0293,3,1,58.675,46.5774,0.9995,45.0954,1,0.75,3,4,0.1706,0,0.0,3,Emerging Generalist Builder,Strong match (Score: 58.7). Matched 3/4 required skills (75%). high text similarity (0.17). Segment: Emerging Generalist Builder.
0e6862eb-7450-4e86-a8fb-ac8b06fd7d2b,proj_0293,4,1,53.2739,39.1111,0.9995,34.8177,1,0.5,2,4,0.1763,0,0.0,2,High Open-Source Contributor,Strong match (Score: 53.3). Matched 2/4 required skills (50%). high text similarity (0.18). Segment: High Open-Source Contributor.
26223b4e-f7fb-44af-b779-ee91d39509a7,proj_0293,5,14,53.1125,39.78,0.9995,39.3634,1,0.5,2,4,0.1477,0,0.0,0,Applied Project Specialist,Strong match (Score: 53.1). Matched 2/4 required skills (50%). Segment: Applied Project Specialist.
6d04bbd9-50f3-4969-a3f7-bb0d4f0614fe,proj_0293,6,8,52.3821,38.5389,0.9979,41.8199,1,0.25,1,4,0.1353,1,0.0,0,Applied Project Specialist,Strong match (Score: 52.4). Matched 1/4 required skills (25%). domain aligned. Segment: Applied Project Specialist.
6d8f0325-f1c0-4cae-b27e-784bc5bd1b60,proj_0293,7,12,51.876,37.0562,0.9995,33.1301,1,0.5,2,4,0.1379,0,0.0,1,Hackathon Champion,Strong match (Score: 51.9). Matched 2/4 required skills (50%). Segment: Hackathon Champion.
03e9d033-81a7-4e41-826e-0f695e2ea75b,proj_0293,8,11,51.8111,36.8753,0.9984,44.1435,1,0.25,1,4,0.1406,1,0.0,2,High Open-Source Contributor,Strong match (Score: 51.8). Matched 1/4 required skills (25%). domain aligned. Segment: High Open-Source Contributor.
d4fe8a65-f434-413c-8323-087d73800e64,proj_0293,9,3,51.6916,36.5316,0.9995,38.999,1,0.5,2,4,0.1396,0,0.0,1,Hackathon Champion,Strong match (Score: 51.7). Matched 2/4 required skills (50%). Segment: Hackathon Champion.
6c5a40d6-81b7-4c8c-8a43-28cbe9f7b6b1,proj_0293,10,10,50.8146,34.6652,0.9995,49.3063,1,0.5,2,4,0.1309,0,0.0,3,Emerging Generalist Builder,Strong match (Score: 50.8). Matched 2/4 required skills (50%). Segment: Emerging Generalist Builder.
89d8fc5d-e5fd-43e4-9fa2-b97feeb783d5,proj_0294,1,1,75.8437,73.3918,0.9996,72.1399,1,1.0,3,3,0.2666,1,0.0,3,Emerging Generalist Builder,Exceptional match (Score: 75.8). Matched 3/3 required skills (100%). high text similarity (0.27). domain aligned. Segment: Emerging Generalist Builder.
aaf15e54-2ea9-4302-9eb0-49002b6784b3,proj_0294,2,4,64.9497,55.9617,0.9995,60.5841,1,1.0,3,3,0.172,0,0.0,2,High Open-Source Contributor,Strong match (Score: 64.9). Matched 3/3 required skills (100%). high text similarity (0.17). Segment: High Open-Source Contributor.
69b350c6-2a8f-4317-b816-1b51a6cddd3d,proj_0294,3,2,64.904,55.9901,0.9994,63.3204,1,1.0,3,3,0.1684,0,0.0,2,High Open-Source Contributor,Strong match (Score: 64.9). Matched 3/3 required skills (100%). high text similarity (0.17). Segment: High Open-Source Contributor.
1940ff65-3c28-41a4-9813-5a3ada45eb94,proj_0294,4,2,64.709,55.2213,0.9995,59.8032,1,1.0,3,3,0.1757,0,0.0,3,Emerging Generalist Builder,Strong match (Score: 64.7). Matched 3/3 required skills (100%). high text similarity (0.18). Segment: Emerging Generalist Builder.
ae1edce1-d966-42e3-8c89-aef9b00864d3,proj_0294,5,3,63.9308,54.2146,0.9995,58.686,1,0.6667,2,3,0.2062,1,0.0,2,High Open-Source Contributor,Strong match (Score: 63.9). Matched 2/3 required skills (67%). high text similarity (0.21). domain aligned. Segment: High Open-Source Contributor.
eceb9a38-a02e-488b-8056-dfe93cb6e122,proj_0294,6,3,60.3584,48.9586,0.9995,51.4455,1,0.6667,2,3,0.1082,1,0.0,2,High Open-Source Contributor,Strong match (Score: 60.4). Matched 2/3 required skills (67%). domain aligned. Segment: High Open-Source Contributor.
43965359-ca1d-45cf-91a8-d082153130f9,proj_0294,7,8,57.0127,44.2831,0.9995,47.6477,1,0.6667,2,3,0.1765,0,0.0,0,Applied Project Specialist,Strong match (Score: 57.0). Matched 2/3 required skills (67%). high text similarity (0.18). Segment: Applied Project Specialist.
b33c7dd8-cc1e-4f75-abd7-db482c0308b4,proj_0294,8,8,56.5582,43.9006,0.9995,47.1444,1,0.6667,2,3,0.1564,0,0.0,0,Applied Project Specialist,Strong match (Score: 56.6). Matched 2/3 required skills (67%). high text similarity (0.16). Segment: Applied Project Specialist.
5cab9df0-fce9-4f96-b7d4-77b04d8ef79a,proj_0294,9,11,55.7309,41.5885,0.9995,41.3036,1,0.6667,2,3,0.1629,0,0.0,1,Hackathon Champion,Strong match (Score: 55.7). Matched 2/3 required skills (67%). high text similarity (0.16). Segment: Hackathon Champion.
14f94e94-7722-4ae8-8b7e-be63c79c6533,proj_0294,10,8,55.6329,41.2873,0.9995,39.214,1,0.6667,2,3,0.1644,0,0.0,2,High Open-Source Contributor,Strong match (Score: 55.6). Matched 2/3 required skills (67%). high text similarity (0.16). Segment: High Open-Source Contributor.
89d8fc5d-e5fd-43e4-9fa2-b97feeb783d5,proj_0295,1,2,73.7283,69.6358,0.9996,70.7828,1,1.0,2,2,0.1924,1,0.2,3,Emerging Generalist Builder,Strong match (Score: 73.7). Matched 2/2 required skills (100%). high text similarity (0.19). domain aligned. Segment: Emerging Generalist Builder.
b94dbd3e-01cf-41d6-986f-f35a63a849a8,proj_0295,2,2,65.8932,57.0154,0.9995,46.4359,1,1.0,2,2,0.2068,0,0.0,2,High Open-Source Contributor,Strong match (Score: 65.9). Matched 2/2 required skills (100%). high text similarity (0.21). Segment: High Open-Source Contributor.
ebd67270-7b36-40e2-ba76-ffe10b3142c3,proj_0295,3,1,65.8849,57.0411,0.9995,64.5334,1,1.0,2,2,0.1639,0,0.25,2,High Open-Source Contributor,Strong match (Score: 65.9). Matched 2/2 required skills (100%). high text similarity (0.16). Segment: High Open-Source Contributor.
aaf15e54-2ea9-4302-9eb0-49002b6784b3,proj_0295,4,5,63.0226,51.7777,0.9995,62.6943,1,1.0,2,2,0.1551,0,0.0,2,High Open-Source Contributor,Strong match (Score: 63.0). Matched 2/2 required skills (100%). high text similarity (0.16). Segment: High Open-Source Contributor.
595e0130-e17f-413e-b188-78166328de09,proj_0295,5,5,61.143,49.6476,0.9994,52.9871,1,1.0,2,2,0.0868,0,0.0,2,High Open-Source Contributor,Strong match (Score: 61.1). Matched 2/2 required skills (100%). Segment: High Open-Source Contributor.
b4ccab6a-fe7a-4a76-bbea-150c9cbd5d3e,proj_0295,6,3,60.8872,49.0005,0.9993,42.5315,1,1.0,2,2,0.0872,0,0.0,3,Emerging Generalist Builder,Strong match (Score: 60.9). Matched 2/2 required skills (100%). Segment: Emerging Generalist Builder.
31af78ed-9dda-4632-a904-96cb721a1963,proj_0295,7,6,58.7046,47.6977,0.9996,52.9021,1,0.5,1,2,0.1425,1,0.0,0,Applied Project Specialist,Strong match (Score: 58.7). Matched 1/2 required skills (50%). domain aligned. Segment: Applied Project Specialist.
71347510-c0fa-4c17-9340-1d4f34a9e024,proj_0295,8,12,57.7784,45.0684,0.9996,48.9763,1,0.5,1,2,0.1092,1,0.25,3,Emerging Generalist Builder,Strong match (Score: 57.8). Matched 1/2 required skills (50%). domain aligned. Segment: Emerging Generalist Builder.
b4c077d2-148e-42f9-bc80-1515091459a8,proj_0295,9,1,57.4046,45.6739,0.9996,47.1969,1,0.5,1,2,0.1098,1,0.0,0,Applied Project Specialist,Strong match (Score: 57.4). Matched 1/2 required skills (50%). domain aligned. Segment: Applied Project Specialist.
b4480ab9-68c4-405e-89c5-4425b42b6a50,proj_0295,10,6,56.6866,41.4339,0.9996,52.9942,1,0.5,1,2,0.175,1,0.0,3,Emerging Generalist Builder,Strong match (Score: 56.7). Matched 1/2 required skills (50%). high text similarity (0.17). domain aligned. Segment: Emerging Generalist Builder.
47a94596-24f8-4c7c-9961-3337e72d1feb,proj_0296,1,1,81.3283,82.3538,0.9996,90.1201,1,1.0,3,3,0.3377,1,0.3333,0,Applied Project Specialist,Exceptional match (Score: 81.3). Matched 3/3 required skills (100%). high text similarity (0.34). domain aligned. Segment: Applied Project Specialist.
73959e1f-79e1-4754-a8eb-88b8c30b76cb,proj_0296,2,3,73.4564,68.7923,0.9995,72.9434,1,1.0,3,3,0.3553,0,0.25,3,Emerging Generalist Builder,Strong match (Score: 73.5). Matched 3/3 required skills (100%). high text similarity (0.36). Segment: Emerging Generalist Builder.
37921f8e-6940-4221-a34b-d7be678be5c4,proj_0296,3,4,71.7793,67.737,0.9995,68.1805,1,1.0,3,3,0.3133,0,0.0,0,Applied Project Specialist,Strong match (Score: 71.8). Matched 3/3 required skills (100%). high text similarity (0.31). Segment: Applied Project Specialist.
96ebb060-cb7a-48bc-b2e3-6af9fc20d345,proj_0296,4,1,70.9839,64.8636,0.9995,67.7939,1,1.0,3,3,0.3369,0,0.0,2,High Open-Source Contributor,Strong match (Score: 71.0). Matched 3/3 required skills (100%). high text similarity (0.34). Segment: High Open-Source Contributor.
6c14e06c-348f-4870-8099-0da821e87a20,proj_0296,5,3,70.904,65.6051,0.9995,61.4248,1,1.0,3,3,0.3118,0,0.0,3,Emerging Generalist Builder,Strong match (Score: 70.9). Matched 3/3 required skills (100%). high text similarity (0.31). Segment: Emerging Generalist Builder.
11ae27ca-bf45-46bd-9607-4def4f4b9847,proj_0296,6,5,70.3979,65.1647,0.9995,66.4091,1,1.0,3,3,0.2898,0,0.0,1,Hackathon Champion,Strong match (Score: 70.4). Matched 3/3 required skills (100%). high text similarity (0.29). Segment: Hackathon Champion.
482ad2c1-897a-4d02-a049-2588feb555c9,proj_0296,7,5,70.1998,64.0321,0.9995,66.4114,1,1.0,3,3,0.3068,0,0.0,2,High Open-Source Contributor,Strong match (Score: 70.2). Matched 3/3 required skills (100%). high text similarity (0.31). Segment: High Open-Source Contributor.
b5b19d8a-de3e-45ba-bba5-521f2a25f95f,proj_0296,8,4,70.1767,63.6743,0.9995,56.3034,1,1.0,3,3,0.3148,0,0.0,2,High Open-Source Contributor,Strong match (Score: 70.2). Matched 3/3 required skills (100%). high text similarity (0.31). Segment: High Open-Source Contributor.
e79850c2-c17a-4aac-b2b3-52194b911c0a,proj_0296,9,5,69.9843,63.8495,0.9995,58.6479,1,1.0,3,3,0.2973,0,0.0,2,High Open-Source Contributor,Strong match (Score: 70.0). Matched 3/3 required skills (100%). high text similarity (0.30). Segment: High Open-Source Contributor.
5f9cfcc6-552b-4718-a0ae-2c03abd29b11,proj_0296,10,6,68.7521,61.0691,0.9995,57.3399,1,1.0,3,3,0.2893,0,0.0,3,Emerging Generalist Builder,Strong match (Score: 68.8). Matched 3/3 required skills (100%). high text similarity (0.29). Segment: Emerging Generalist Builder.
47a94596-24f8-4c7c-9961-3337e72d1feb,proj_0297,1,2,78.7508,79.4182,0.9996,87.5816,1,1.0,3,3,0.2997,1,0.0,0,Applied Project Specialist,Exceptional match (Score: 78.8). Matched 3/3 required skills (100%). high text similarity (0.30). domain aligned. Segment: Applied Project Specialist.
73959e1f-79e1-4754-a8eb-88b8c30b76cb,proj_0297,2,1,78.6481,77.9764,0.9996,76.2323,1,1.0,3,3,0.3313,1,0.0,3,Emerging Generalist Builder,Exceptional match (Score: 78.6). Matched 3/3 required skills (100%). high text similarity (0.33). domain aligned. Segment: Emerging Generalist Builder.
5f9cfcc6-552b-4718-a0ae-2c03abd29b11,proj_0297,3,2,76.4011,73.9189,0.9996,68.77,1,1.0,3,3,0.2897,1,0.0,3,Emerging Generalist Builder,Exceptional match (Score: 76.4). Matched 3/3 required skills (100%). high text similarity (0.29). domain aligned. Segment: Emerging Generalist Builder.
96ebb060-cb7a-48bc-b2e3-6af9fc20d345,proj_0297,4,2,70.5581,65.1941,0.9995,65.4216,1,1.0,3,3,0.2997,0,0.0,2,High Open-Source Contributor,Strong match (Score: 70.6). Matched 3/3 required skills (100%). high text similarity (0.30). Segment: High Open-Source Contributor.
37921f8e-6940-4221-a34b-d7be678be5c4,proj_0297,5,5,69.6669,63.7535,0.9995,67.1119,1,1.0,3,3,0.2787,0,0.0,0,Applied Project Specialist,Strong match (Score: 69.7). Matched 3/3 required skills (100%). high text similarity (0.28). Segment: Applied Project Specialist.
6c14e06c-348f-4870-8099-0da821e87a20,proj_0297,6,4,68.5948,61.122,0.9995,70.9242,1,1.0,3,3,0.2774,0,0.0,3,Emerging Generalist Builder,Strong match (Score: 68.6). Matched 3/3 required skills (100%). high text similarity (0.28). Segment: Emerging Generalist Builder.
482ad2c1-897a-4d02-a049-2588feb555c9,proj_0297,7,6,68.5625,61.2063,0.9995,62.7463,1,1.0,3,3,0.273,0,0.0,2,High Open-Source Contributor,Strong match (Score: 68.6). Matched 3/3 required skills (100%). high text similarity (0.27). Segment: High Open-Source Contributor.
b5b19d8a-de3e-45ba-bba5-521f2a25f95f,proj_0297,8,5,68.5433,60.8921,0.9995,65.9981,1,1.0,3,3,0.2801,0,0.0,2,High Open-Source Contributor,Strong match (Score: 68.5). Matched 3/3 required skills (100%). high text similarity (0.28). Segment: High Open-Source Contributor.
11ae27ca-bf45-46bd-9607-4def4f4b9847,proj_0297,9,6,68.4858,61.5844,0.9995,63.176,1,1.0,3,3,0.2578,0,0.0,1,Hackathon Champion,Strong match (Score: 68.5). Matched 3/3 required skills (100%). high text similarity (0.26). Segment: Hackathon Champion.
0366bf32-f9d4-4aa2-a3f8-e65520b0768c,proj_0297,10,4,68.2287,61.1481,0.9995,61.8894,1,1.0,3,3,0.2523,0,0.0,2,High Open-Source Contributor,Strong match (Score: 68.2). Matched 3/3 required skills (100%). high text similarity (0.25). Segment: High Open-Source Contributor.
e2cd9ecd-2a7e-47a0-a70f-5b6c97586fa9,proj_0298,1,1,75.7327,73.6129,0.9996,71.3249,1,1.0,3,3,0.2533,1,0.0,2,High Open-Source Contributor,Exceptional match (Score: 75.7). Matched 3/3 required skills (100%). high text similarity (0.25). domain aligned. Segment: High Open-Source Contributor.
538469bd-76bb-4282-8098-c3a4b49df851,proj_0298,2,3,67.4376,60.044,0.9995,60.0657,1,1.0,3,3,0.229,0,0.0,2,High Open-Source Contributor,Strong match (Score: 67.4). Matched 3/3 required skills (100%). high text similarity (0.23). Segment: High Open-Source Contributor.
3a29330d-5c66-44fd-97fd-5e6ccd8bb730,proj_0298,3,2,66.3837,59.1131,0.9996,61.278,1,0.6667,2,3,0.2389,1,0.0,2,High Open-Source Contributor,Strong match (Score: 66.4). Matched 2/3 required skills (67%). high text similarity (0.24). domain aligned. Segment: High Open-Source Contributor.
f37400af-de93-44f8-b68e-61e1a07cbf84,proj_0298,4,3,65.1341,58.3765,0.9996,70.2229,1,0.6667,2,3,0.1419,1,0.2,2,High Open-Source Contributor,Strong match (Score: 65.1). Matched 2/3 required skills (67%). domain aligned. Segment: High Open-Source Contributor.
a483616c-ea51-4637-8408-10f68d7edbd4,proj_0298,5,1,64.456,55.6999,0.9996,56.5762,1,0.6667,2,3,0.2014,1,0.0,2,High Open-Source Contributor,Strong match (Score: 64.5). Matched 2/3 required skills (67%). high text similarity (0.20). domain aligned. Segment: High Open-Source Contributor.
9bcd80ff-d980-4c47-8d24-7aefd1f1c6d6,proj_0298,6,3,62.2568,52.467,0.9996,52.4576,1,0.6667,2,3,0.141,1,0.0,2,High Open-Source Contributor,Strong match (Score: 62.3). Matched 2/3 required skills (67%). domain aligned. Segment: High Open-Source Contributor.
fb92583d-11ab-4cec-a9fd-c5fd932c1193,proj_0298,7,18,58.0979,46.9078,0.9986,43.4214,1,0.3333,1,3,0.1807,1,0.3333,1,Hackathon Champion,Strong match (Score: 58.1). Matched 1/3 required skills (33%). high text similarity (0.18). domain aligned. Segment: Hackathon Champion.
1ac50d1b-e5e1-448b-9a7c-d0b1946dd32f,proj_0298,8,25,57.4024,47.176,0.9986,42.774,1,0.3333,1,3,0.1494,1,0.2,0,Applied Project Specialist,Strong match (Score: 57.4). Matched 1/3 required skills (33%). domain aligned. Segment: Applied Project Specialist.
7b2e3b2a-c45e-40d1-b5a3-f4c25123b11c,proj_0298,9,7,57.1868,45.5301,0.9991,46.0201,1,0.3333,1,3,0.1557,1,0.3333,2,High Open-Source Contributor,Strong match (Score: 57.2). Matched 1/3 required skills (33%). high text similarity (0.16). domain aligned. Segment: High Open-Source Contributor.
09e66042-dbeb-44f2-87d2-6575477a1ea9,proj_0298,10,2,56.2537,42.378,0.9995,44.4854,1,0.6667,2,3,0.1767,0,0.0,1,Hackathon Champion,Strong match (Score: 56.3). Matched 2/3 required skills (67%). high text similarity (0.18). Segment: Hackathon Champion.
2fbfa86f-52f2-4cd0-a0d9-623b6209eccd,proj_0299,1,1,80.3489,80.181,0.9996,81.171,1,1.0,5,5,0.3859,1,0.0,0,Applied Project Specialist,Exceptional match (Score: 80.3). Matched 5/5 required skills (100%). high text similarity (0.39). domain aligned. Segment: Applied Project Specialist.
0b5106f1-f666-4035-8004-d8f2e00a6a1d,proj_0299,2,8,63.8201,56.2065,0.9995,44.4694,1,0.8,4,5,0.2235,0,0.0,2,High Open-Source Contributor,Strong match (Score: 63.8). Matched 4/5 required skills (80%). high text similarity (0.22). Segment: High Open-Source Contributor.
31923181-f583-4704-8bd5-7071757bb7b2,proj_0299,3,7,63.3124,55.1172,0.9995,56.1486,1,0.8,4,5,0.2187,0,0.0,2,High Open-Source Contributor,Strong match (Score: 63.3). Matched 4/5 required skills (80%). high text similarity (0.22). Segment: High Open-Source Contributor.
1ac50d1b-e5e1-448b-9a7c-d0b1946dd32f,proj_0299,4,11,63.1893,54.5308,0.9995,58.1379,1,0.6,3,5,0.1928,1,0.0,0,Applied Project Specialist,Strong match (Score: 63.2). Matched 3/5 required skills (60%). high text similarity (0.19). domain aligned. Segment: Applied Project Specialist.
ae3dcd6d-68be-4555-8891-2616eea6618b,proj_0299,5,23,59.4408,50.7982,0.9995,46.0793,1,0.6,3,5,0.2091,0,0.0,0,Applied Project Specialist,Strong match (Score: 59.4). Matched 3/5 required skills (60%). high text similarity (0.21). Segment: Applied Project Specialist.
fdc30964-24b1-415d-88e7-290336637cf5,proj_0299,6,12,58.9456,49.0316,0.9995,54.6037,1,0.6,3,5,0.2232,0,0.0,2,High Open-Source Contributor,Strong match (Score: 58.9). Matched 3/5 required skills (60%). high text similarity (0.22). Segment: High Open-Source Contributor.
3a212f49-df4c-495e-9787-a66a9881678f,proj_0299,7,22,56.8214,45.4123,0.9995,48.0284,1,0.6,3,5,0.1781,0,0.0,2,High Open-Source Contributor,Strong match (Score: 56.8). Matched 3/5 required skills (60%). high text similarity (0.18). Segment: High Open-Source Contributor.
3f631164-dc26-430c-8497-8c7760bfcedd,proj_0299,8,20,56.5734,44.8861,0.9995,49.474,1,0.6,3,5,0.1756,0,0.0,1,Hackathon Champion,Strong match (Score: 56.6). Matched 3/5 required skills (60%). high text similarity (0.18). Segment: Hackathon Champion.
fb92583d-11ab-4cec-a9fd-c5fd932c1193,proj_0299,9,20,56.3567,43.5923,0.9991,46.2285,1,0.2,1,5,0.2409,1,0.3333,1,Hackathon Champion,Strong match (Score: 56.4). Matched 1/5 required skills (20%). high text similarity (0.24). domain aligned. Segment: Hackathon Champion.
b3b6351b-3567-4776-9e69-58952ccbd617,proj_0299,10,24,56.3541,44.5327,0.9995,55.3777,1,0.6,3,5,0.1704,0,0.0,2,High Open-Source Contributor,Strong match (Score: 56.4). Matched 3/5 required skills (60%). high text similarity (0.17). Segment: High Open-Source Contributor.
0b5106f1-f666-4035-8004-d8f2e00a6a1d,proj_0300,1,4,73.8668,70.8082,0.9996,70.9766,1,1.0,2,2,0.2037,1,0.0,2,High Open-Source Contributor,Strong match (Score: 73.9). Matched 2/2 required skills (100%). high text similarity (0.20). domain aligned. Segment: High Open-Source Contributor.
2fbfa86f-52f2-4cd0-a0d9-623b6209eccd,proj_0300,2,2,70.9941,64.5452,0.9996,68.4967,1,1.0,2,2,0.1792,1,0.0,0,Applied Project Specialist,Strong match (Score: 71.0). Matched 2/2 required skills (100%). high text similarity (0.18). domain aligned. Segment: Applied Project Specialist.
3a212f49-df4c-495e-9787-a66a9881678f,proj_0300,3,5,69.8628,62.9919,0.9995,59.9845,1,1.0,2,2,0.1454,1,0.0,2,High Open-Source Contributor,Strong match (Score: 69.9). Matched 2/2 required skills (100%). domain aligned. Segment: High Open-Source Contributor.
31923181-f583-4704-8bd5-7071757bb7b2,proj_0300,4,4,69.8237,62.5943,0.9996,70.3442,1,1.0,2,2,0.1532,1,0.0,2,High Open-Source Contributor,Strong match (Score: 69.8). Matched 2/2 required skills (100%). high text similarity (0.15). domain aligned. Segment: High Open-Source Contributor.
ae3dcd6d-68be-4555-8891-2616eea6618b,proj_0300,5,13,61.8572,50.5592,0.9995,52.0715,1,1.0,2,2,0.1099,0,0.0,0,Applied Project Specialist,Strong match (Score: 61.9). Matched 2/2 required skills (100%). Segment: Applied Project Specialist.
1ac50d1b-e5e1-448b-9a7c-d0b1946dd32f,proj_0300,6,13,61.7567,50.4504,0.9994,49.8002,1,1.0,2,2,0.1063,0,0.0,0,Applied Project Specialist,Strong match (Score: 61.8). Matched 2/2 required skills (100%). Segment: Applied Project Specialist.
fdc30964-24b1-415d-88e7-290336637cf5,proj_0300,7,9,61.712,49.9226,0.9994,53.9824,1,1.0,2,2,0.1174,0,0.0,2,High Open-Source Contributor,Strong match (Score: 61.7). Matched 2/2 required skills (100%). Segment: High Open-Source Contributor.
3f631164-dc26-430c-8497-8c7760bfcedd,proj_0300,8,11,61.6438,49.5194,0.9995,53.4187,1,1.0,2,2,0.1234,0,0.0,1,Hackathon Champion,Strong match (Score: 61.6). Matched 2/2 required skills (100%). Segment: Hackathon Champion.
0d7aa2ad-f54e-438f-805a-7cb4ac9fb423,proj_0300,9,11,61.1674,48.3736,0.9995,44.9287,1,1.0,2,2,0.1222,0,0.0,2,High Open-Source Contributor,Strong match (Score: 61.2). Matched 2/2 required skills (100%). Segment: High Open-Source Contributor.
b3b6351b-3567-4776-9e69-58952ccbd617,proj_0300,10,13,60.9514,48.3736,0.9995,41.0774,1,1.0,2,2,0.1078,0,0.0,2,High Open-Source Contributor,Strong match (Score: 61.0). Matched 2/2 required skills (100%). Segment: High Open-Source Contributor.
f37400af-de93-44f8-b68e-61e1a07cbf84,proj_0301,1,1,82.0208,82.4546,0.9996,90.9101,1,1.0,4,4,0.4034,1,0.2,2,High Open-Source Contributor,Exceptional match (Score: 82.0). Matched 4/4 required skills (100%). high text similarity (0.40). domain aligned. Segment: High Open-Source Contributor.
bd1afdfb-8481-4dec-afac-ef902e110152,proj_0301,2,1,79.9599,80.0223,0.9996,84.1186,1,1.0,4,4,0.3642,1,0.0,1,Hackathon Champion,Exceptional match (Score: 80.0). Matched 4/4 required skills (100%). high text similarity (0.36). domain aligned. Segment: Hackathon Champion.
6af6d70b-45e8-410c-89cf-1c8fa4574c85,proj_0301,3,3,73.5166,70.4378,0.9995,75.4401,1,1.0,4,4,0.3571,0,0.0,3,Emerging Generalist Builder,Strong match (Score: 73.5). Matched 4/4 required skills (100%). high text similarity (0.36). Segment: Emerging Generalist Builder.
b737c73d-287a-42d9-bf3f-4c1e38e85199,proj_0301,4,3,71.4558,67.1007,0.9995,65.1695,1,1.0,4,4,0.3087,0,0.0,2,High Open-Source Contributor,Strong match (Score: 71.5). Matched 4/4 required skills (100%). high text similarity (0.31). Segment: High Open-Source Contributor.
fba696b3-c8c2-4675-ba02-4061a30aef16,proj_0301,5,2,70.5041,67.1477,0.9996,63.9844,1,0.75,3,4,0.2438,1,0.0,3,Emerging Generalist Builder,Strong match (Score: 70.5). Matched 3/4 required skills (75%). high text similarity (0.24). domain aligned. Segment: Emerging Generalist Builder.
ae7ebec1-fd6e-42b9-8252-7ca6592ae554,proj_0301,6,2,67.0726,60.1914,0.9995,55.7494,1,0.75,3,4,0.3674,0,0.0,2,High Open-Source Contributor,Strong match (Score: 67.1). Matched 3/4 required skills (75%). high text similarity (0.37). Segment: High Open-Source Contributor.
4249c069-1499-4bb4-a274-9589707c4ae3,proj_0301,7,5,65.9129,59.606,0.9995,58.2357,1,0.75,3,4,0.3057,0,0.0,3,Emerging Generalist Builder,Strong match (Score: 65.9). Matched 3/4 required skills (75%). high text similarity (0.31). Segment: Emerging Generalist Builder.
42564104-e8ad-4e44-b9ff-89862dfd35d2,proj_0301,8,2,64.2704,56.051,0.9995,59.7649,1,0.75,3,4,0.291,0,0.0,1,Hackathon Champion,Strong match (Score: 64.3). Matched 3/4 required skills (75%). high text similarity (0.29). Segment: Hackathon Champion.
7ebfb18c-673f-4555-840f-7ad53c8cdea0,proj_0301,9,2,64.1527,55.2992,0.9995,53.5494,1,0.75,3,4,0.3032,0,0.0,3,Emerging Generalist Builder,Strong match (Score: 64.2). Matched 3/4 required skills (75%). high text similarity (0.30). Segment: Emerging Generalist Builder.
5061b396-fa5f-47ae-a0ae-f1592c9af4bc,proj_0301,10,4,62.6655,54.7201,0.9996,47.5304,1,0.5,2,4,0.2193,1,0.0,2,High Open-Source Contributor,Strong match (Score: 62.7). Matched 2/4 required skills (50%). high text similarity (0.22). domain aligned. Segment: High Open-Source Contributor.
25444a13-cd34-4765-9746-ff99a1521325,proj_0302,1,2,69.087,61.4499,0.9996,58.0077,1,1.0,2,2,0.1346,1,0.0,0,Applied Project Specialist,Strong match (Score: 69.1). Matched 2/2 required skills (100%). domain aligned. Segment: Applied Project Specialist.
6604b8b7-f568-4fb9-a52b-767a49585bc8,proj_0302,2,3,68.5786,60.6927,0.9995,63.7295,1,1.0,2,2,0.1211,1,0.0,2,High Open-Source Contributor,Strong match (Score: 68.6). Matched 2/2 required skills (100%). domain aligned. Segment: High Open-Source Contributor.
09e66042-dbeb-44f2-87d2-6575477a1ea9,proj_0302,3,1,65.748,56.3624,0.9995,47.8163,1,1.0,2,2,0.1812,0,0.2,1,Hackathon Champion,Strong match (Score: 65.7). Matched 2/2 required skills (100%). high text similarity (0.18). Segment: Hackathon Champion.
ce5c719e-0eba-4ee2-9b14-0345a49fc6d3,proj_0302,4,1,61.7814,51.1535,0.9994,60.0017,1,1.0,2,2,0.0892,0,0.0,0,Applied Project Specialist,Strong match (Score: 61.8). Matched 2/2 required skills (100%). Segment: Applied Project Specialist.
7cbaf425-d5c6-49f3-8efe-1b197b36c98b,proj_0302,5,8,61.6099,49.8209,0.9995,46.0421,1,1.0,2,2,0.1131,0,0.0,1,Hackathon Champion,Strong match (Score: 61.6). Matched 2/2 required skills (100%). Segment: Hackathon Champion.
31af78ed-9dda-4632-a904-96cb721a1963,proj_0302,6,1,61.5515,50.5,0.9994,48.1132,1,1.0,2,2,0.0913,0,0.0,0,Applied Project Specialist,Strong match (Score: 61.6). Matched 2/2 required skills (100%). Segment: Applied Project Specialist.
6865cca3-4c65-4233-ad13-01f07df1e294,proj_0302,7,8,61.299,49.9474,0.9994,44.0919,1,1.0,2,2,0.0892,0,0.0,2,High Open-Source Contributor,Strong match (Score: 61.3). Matched 2/2 required skills (100%). Segment: High Open-Source Contributor.
57f1deb3-f6b6-4040-937c-f8842a4bdeb1,proj_0302,8,6,61.0959,49.286,0.9994,32.5911,1,1.0,2,2,0.0933,0,0.0,2,High Open-Source Contributor,Strong match (Score: 61.1). Matched 2/2 required skills (100%). Segment: High Open-Source Contributor.
a483616c-ea51-4637-8408-10f68d7edbd4,proj_0302,9,3,60.9545,48.6099,0.9994,38.0937,1,1.0,2,2,0.1019,0,0.0,2,High Open-Source Contributor,Strong match (Score: 61.0). Matched 2/2 required skills (100%). Segment: High Open-Source Contributor.
99d675f5-481c-4a42-ab83-626ee52dd60c,proj_0302,10,10,60.8564,49.1747,0.9993,55.7747,1,1.0,2,2,0.0805,0,0.0,0,Applied Project Specialist,Strong match (Score: 60.9). Matched 2/2 required skills (100%). Segment: Applied Project Specialist.
25444a13-cd34-4765-9746-ff99a1521325,proj_0303,1,1,75.8601,74.3291,0.9996,73.872,1,1.0,4,4,0.2427,1,0.0,0,Applied Project Specialist,Exceptional match (Score: 75.9). Matched 4/4 required skills (100%). high text similarity (0.24). domain aligned. Segment: Applied Project Specialist.
afc2bd90-04a1-4a8a-82b7-e1582e9a16d8,proj_0303,2,5,66.9429,61.1285,0.9995,52.6837,1,0.75,3,4,0.1671,1,0.0,2,High Open-Source Contributor,Strong match (Score: 66.9). Matched 3/4 required skills (75%). high text similarity (0.17). domain aligned. Segment: High Open-Source Contributor.
e4c102b8-80bb-4fe3-9020-55e2e1c77522,proj_0303,3,5,63.0139,55.3611,0.9995,57.5612,1,0.75,3,4,0.1923,0,0.2,2,High Open-Source Contributor,Strong match (Score: 63.0). Matched 3/4 required skills (75%). high text similarity (0.19). Segment: High Open-Source Contributor.
57f1deb3-f6b6-4040-937c-f8842a4bdeb1,proj_0303,4,7,60.1181,49.5515,0.9995,53.4208,1,0.75,3,4,0.1875,0,0.0,2,High Open-Source Contributor,Strong match (Score: 60.1). Matched 3/4 required skills (75%). high text similarity (0.19). Segment: High Open-Source Contributor.
8157aedf-3cb8-41e6-acac-ca31f4256129,proj_0303,5,2,59.6246,48.8614,0.9995,47.3473,1,0.75,3,4,0.173,0,0.0,2,High Open-Source Contributor,Strong match (Score: 59.6). Matched 3/4 required skills (75%). high text similarity (0.17). Segment: High Open-Source Contributor.
3ee193d8-7126-4f80-b986-fd42c72759c2,proj_0303,6,5,57.9614,48.0973,0.9994,49.773,1,0.5,2,4,0.0827,1,0.0,3,Emerging Generalist Builder,Strong match (Score: 58.0). Matched 2/4 required skills (50%). domain aligned. Segment: Emerging Generalist Builder.
1cff6ddb-077c-49a3-b9b1-c7cdad5c5a66,proj_0303,7,5,57.7515,47.505,0.9994,46.4957,1,0.5,2,4,0.0845,1,0.0,2,High Open-Source Contributor,Strong match (Score: 57.8). Matched 2/4 required skills (50%). domain aligned. Segment: High Open-Source Contributor.
a483616c-ea51-4637-8408-10f68d7edbd4,proj_0303,8,6,57.5377,47.3529,0.9993,44.692,1,0.5,2,4,0.0745,1,0.0,2,High Open-Source Contributor,Strong match (Score: 57.5). Matched 2/4 required skills (50%). domain aligned. Segment: High Open-Source Contributor.
9ae589e7-8191-4300-a84f-0a6aad97c42a,proj_0303,9,10,57.2596,46.504,0.9994,36.9229,1,0.5,2,4,0.0784,1,0.0,3,Emerging Generalist Builder,Strong match (Score: 57.3). Matched 2/4 required skills (50%). domain aligned. Segment: Emerging Generalist Builder.
c7e4375f-a8fd-4865-8103-37abae37a3a5,proj_0303,10,6,56.4038,44.7507,0.9995,37.8216,1,0.5,2,4,0.1929,0,0.25,2,High Open-Source Contributor,Strong match (Score: 56.4). Matched 2/4 required skills (50%). high text similarity (0.19). Segment: High Open-Source Contributor.
9819149e-0509-4b74-a86f-7975147d2768,proj_0304,1,6,61.8812,50.7281,0.9995,53.1975,1,1.0,2,2,0.107,0,0.0,0,Applied Project Specialist,Strong match (Score: 61.9). Matched 2/2 required skills (100%). Segment: Applied Project Specialist.
0066a921-913f-4f9c-94f3-fc50ab1a7418,proj_0304,2,8,61.2522,47.6781,0.9994,52.8701,1,1.0,2,2,0.1466,0,0.0,3,Emerging Generalist Builder,Strong match (Score: 61.3). Matched 2/2 required skills (100%). Segment: Emerging Generalist Builder.
6188831d-2423-4170-97be-c1ce063d2e91,proj_0304,3,7,61.2258,48.7708,0.9994,54.0353,1,1.0,2,2,0.1157,0,0.0,3,Emerging Generalist Builder,Strong match (Score: 61.2). Matched 2/2 required skills (100%). Segment: Emerging Generalist Builder.
1d9b4b3e-c4c0-43ca-8453-f32f9ffec287,proj_0304,4,7,61.2,47.9301,0.9995,50.1999,1,1.0,2,2,0.1362,0,0.0,3,Emerging Generalist Builder,Strong match (Score: 61.2). Matched 2/2 required skills (100%). Segment: Emerging Generalist Builder.
aa8e0419-6869-4352-9957-c2ce19a4df19,proj_0304,5,7,60.6313,48.072,0.9994,38.5743,1,1.0,2,2,0.0947,0,0.0,1,Hackathon Champion,Strong match (Score: 60.6). Matched 2/2 required skills (100%). Segment: Hackathon Champion.
1d66819b-e8d6-4d38-a01a-7c1e10682d7a,proj_0304,6,2,60.4289,47.1761,0.9994,56.0702,1,1.0,2,2,0.1051,0,0.0,3,Emerging Generalist Builder,Strong match (Score: 60.4). Matched 2/2 required skills (100%). Segment: Emerging Generalist Builder.
b94ac878-a11a-4440-8721-86ece96b9784,proj_0304,7,6,52.578,35.4963,0.9995,37.9373,1,0.5,1,2,0.2263,0,0.0,2,High Open-Source Contributor,Strong match (Score: 52.6). Matched 1/2 required skills (50%). high text similarity (0.23). Segment: High Open-Source Contributor.
85821370-f883-484e-94ee-f6ae8dc26c65,proj_0304,8,8,51.3786,36.4391,0.9995,38.6672,1,0.5,1,2,0.1212,0,0.0,1,Hackathon Champion,Strong match (Score: 51.4). Matched 1/2 required skills (50%). Segment: Hackathon Champion.
bf5c6dbf-7b36-4028-b03b-7b4abbf3532f,proj_0304,9,22,50.5027,34.1067,0.9994,38.5513,1,0.5,1,2,0.1252,0,0.0,0,Applied Project Specialist,Strong match (Score: 50.5). Matched 1/2 required skills (50%). Segment: Applied Project Specialist.
132eafd1-24b7-4dd8-b703-0907cb2db46e,proj_0304,10,23,50.2897,33.758,0.9995,33.4025,1,0.5,1,2,0.1201,0,0.0,0,Applied Project Specialist,Strong match (Score: 50.3). Matched 1/2 required skills (50%). Segment: Applied Project Specialist.
9819149e-0509-4b74-a86f-7975147d2768,proj_0305,1,1,71.8774,67.5509,0.9995,72.7513,1,1.0,4,4,0.3248,0,0.0,0,Applied Project Specialist,Strong match (Score: 71.9). Matched 4/4 required skills (100%). high text similarity (0.32). Segment: Applied Project Specialist.
0066a921-913f-4f9c-94f3-fc50ab1a7418,proj_0305,2,3,69.6133,62.4308,0.9995,72.3301,1,1.0,4,4,0.3104,0,0.0,3,Emerging Generalist Builder,Strong match (Score: 69.6). Matched 4/4 required skills (100%). high text similarity (0.31). Segment: Emerging Generalist Builder.
2f7aab88-8c56-4ac2-afb3-ea61ddce7899,proj_0305,3,2,69.1158,62.3757,0.9995,60.4719,1,1.0,4,4,0.2787,0,0.0,2,High Open-Source Contributor,Strong match (Score: 69.1). Matched 4/4 required skills (100%). high text similarity (0.28). Segment: High Open-Source Contributor.
fef4172a-9569-4d0a-b190-34fb043e7c40,proj_0305,4,4,67.9574,59.4985,0.9995,58.9509,1,1.0,4,4,0.2782,0,0.0,3,Emerging Generalist Builder,Strong match (Score: 68.0). Matched 4/4 required skills (100%). high text similarity (0.28). Segment: Emerging Generalist Builder.
89725f1b-cf77-46ec-b600-8d479c5336f0,proj_0305,5,5,63.1515,54.0487,0.9995,57.4641,1,0.75,3,4,0.2698,0,0.0,1,Hackathon Champion,Strong match (Score: 63.2). Matched 3/4 required skills (75%). high text similarity (0.27). Segment: Hackathon Champion.
2b6fad95-0e6a-43b5-9410-74653a40193b,proj_0305,6,4,62.1438,52.4069,0.9995,54.8329,1,0.75,3,4,0.2464,0,0.0,2,High Open-Source Contributor,Strong match (Score: 62.1). Matched 3/4 required skills (75%). high text similarity (0.25). Segment: High Open-Source Contributor.
6188831d-2423-4170-97be-c1ce063d2e91,proj_0305,7,6,61.3386,51.3353,0.9995,57.4721,1,0.75,3,4,0.2213,0,0.0,3,Emerging Generalist Builder,Strong match (Score: 61.3). Matched 3/4 required skills (75%). high text similarity (0.22). Segment: Emerging Generalist Builder.
202833cf-72c1-4a1a-94cf-7da9f9466fd7,proj_0305,8,2,61.15,49.6337,0.9995,49.8938,1,0.75,3,4,0.2541,0,0.0,3,Emerging Generalist Builder,Strong match (Score: 61.1). Matched 3/4 required skills (75%). high text similarity (0.25). Segment: Emerging Generalist Builder.
4cf65dd2-ee7a-4220-9174-7b844f8fcf41,proj_0305,9,6,61.0634,49.8336,0.9995,39.0604,1,0.75,3,4,0.243,0,0.0,3,Emerging Generalist Builder,Strong match (Score: 61.1). Matched 3/4 required skills (75%). high text similarity (0.24). Segment: Emerging Generalist Builder.
aa8e0419-6869-4352-9957-c2ce19a4df19,proj_0305,10,8,60.3192,48.6779,0.9995,48.6396,1,0.75,3,4,0.2242,0,0.0,1,Hackathon Champion,Strong match (Score: 60.3). Matched 3/4 required skills (75%). high text similarity (0.22). Segment: Hackathon Champion.
73959e1f-79e1-4754-a8eb-88b8c30b76cb,proj_0306,1,4,73.1301,66.2128,0.9995,69.7938,1,1.0,3,3,0.444,0,0.0,3,Emerging Generalist Builder,Strong match (Score: 73.1). Matched 3/3 required skills (100%). high text similarity (0.44). Segment: Emerging Generalist Builder.
e79850c2-c17a-4aac-b2b3-52194b911c0a,proj_0306,2,1,72.8047,64.458,0.9995,63.5932,1,1.0,3,3,0.4691,0,0.0,2,High Open-Source Contributor,Strong match (Score: 72.8). Matched 3/3 required skills (100%). high text similarity (0.47). Segment: High Open-Source Contributor.
11ae27ca-bf45-46bd-9607-4def4f4b9847,proj_0306,3,4,72.5635,65.3137,0.9995,65.2584,1,1.0,3,3,0.4302,0,0.0,1,Hackathon Champion,Strong match (Score: 72.6). Matched 3/3 required skills (100%). high text similarity (0.43). Segment: Hackathon Champion.
482ad2c1-897a-4d02-a049-2588feb555c9,proj_0306,4,3,72.5137,64.2442,0.9995,60.7585,1,1.0,3,3,0.4554,0,0.0,2,High Open-Source Contributor,Strong match (Score: 72.5). Matched 3/3 required skills (100%). high text similarity (0.46). Segment: High Open-Source Contributor.
6750c492-31c8-4aa9-8d43-05cfda6f0f44,proj_0306,5,2,71.9328,62.0421,0.9995,65.3641,1,1.0,3,3,0.4754,0,0.0,3,Emerging Generalist Builder,Strong match (Score: 71.9). Matched 3/3 required skills (100%). high text similarity (0.48). Segment: Emerging Generalist Builder.
5f9cfcc6-552b-4718-a0ae-2c03abd29b11,proj_0306,6,4,70.9627,61.3417,0.9995,65.5719,1,1.0,3,3,0.4294,0,0.0,3,Emerging Generalist Builder,Strong match (Score: 71.0). Matched 3/3 required skills (100%). high text similarity (0.43). Segment: Emerging Generalist Builder.
96ebb060-cb7a-48bc-b2e3-6af9fc20d345,proj_0306,7,4,64.8821,51.709,0.9995,60.3222,1,0.6667,2,3,0.5031,0,0.0,2,High Open-Source Contributor,Strong match (Score: 64.9). Matched 2/3 required skills (67%). high text similarity (0.50). Segment: High Open-Source Contributor.
37921f8e-6940-4221-a34b-d7be678be5c4,proj_0306,8,8,63.499,51.9149,0.9995,54.1536,1,0.6667,2,3,0.4054,0,0.0,0,Applied Project Specialist,Strong match (Score: 63.5). Matched 2/3 required skills (67%). high text similarity (0.41). Segment: Applied Project Specialist.
b5b19d8a-de3e-45ba-bba5-521f2a25f95f,proj_0306,9,7,63.3833,49.7471,0.9995,60.9135,1,0.6667,2,3,0.4555,0,0.0,2,High Open-Source Contributor,Strong match (Score: 63.4). Matched 2/3 required skills (67%). high text similarity (0.46). Segment: High Open-Source Contributor.
f63bb13f-93b2-41f7-941e-269711f4d4eb,proj_0306,10,4,63.1672,49.5517,0.9995,57.3572,1,0.6667,2,3,0.4463,0,0.0,1,Hackathon Champion,Strong match (Score: 63.2). Matched 2/3 required skills (67%). high text similarity (0.45). Segment: Hackathon Champion.
595e0130-e17f-413e-b188-78166328de09,proj_0307,1,1,72.6081,68.4703,0.9995,71.9453,1,1.0,5,5,0.349,0,0.0,2,High Open-Source Contributor,Strong match (Score: 72.6). Matched 5/5 required skills (100%). high text similarity (0.35). Segment: High Open-Source Contributor.
4f7b4233-d37f-40e9-b1c8-3850e71693d5,proj_0307,2,1,68.6034,63.4322,0.9996,61.7355,1,0.8,4,5,0.3495,0,0.0,2,High Open-Source Contributor,Strong match (Score: 68.6). Matched 4/5 required skills (80%). high text similarity (0.35). Segment: High Open-Source Contributor.
b33c7dd8-cc1e-4f75-abd7-db482c0308b4,proj_0307,3,4,67.8066,63.5439,0.9995,49.4246,1,0.8,4,5,0.2936,0,0.0,0,Applied Project Specialist,Strong match (Score: 67.8). Matched 4/5 required skills (80%). high text similarity (0.29). Segment: Applied Project Specialist.
20f0cd2f-0720-4027-a947-2e6ea888d087,proj_0307,4,3,67.6439,61.6486,0.9996,62.5827,1,0.8,4,5,0.3331,0,0.0,3,Emerging Generalist Builder,Strong match (Score: 67.6). Matched 4/5 required skills (80%). high text similarity (0.33). Segment: Emerging Generalist Builder.
039089eb-97a5-449d-bee2-00908fe0a587,proj_0307,5,3,67.151,60.0974,0.9995,56.6903,1,0.8,4,5,0.3418,0,0.0,1,Hackathon Champion,Strong match (Score: 67.2). Matched 4/5 required skills (80%). high text similarity (0.34). Segment: Hackathon Champion.
43965359-ca1d-45cf-91a8-d082153130f9,proj_0307,6,4,63.6266,57.5165,0.9996,56.6883,1,0.6,3,5,0.3088,0,0.0,0,Applied Project Specialist,Strong match (Score: 63.6). Matched 3/5 required skills (60%). high text similarity (0.31). Segment: Applied Project Specialist.
ae1edce1-d966-42e3-8c89-aef9b00864d3,proj_0307,7,4,62.86,56.3837,0.9995,49.1698,1,0.6,3,5,0.2881,0,0.0,2,High Open-Source Contributor,Strong match (Score: 62.9). Matched 3/5 required skills (60%). high text similarity (0.29). Segment: High Open-Source Contributor.
eceb9a38-a02e-488b-8056-dfe93cb6e122,proj_0307,8,4,60.0701,50.0765,0.9995,45.1083,1,0.6,3,5,0.2703,0,0.0,2,High Open-Source Contributor,Strong match (Score: 60.1). Matched 3/5 required skills (60%). high text similarity (0.27). Segment: High Open-Source Contributor.
8995f629-3c40-4be3-af08-55a1ef05567b,proj_0307,9,4,59.9486,50.204,0.9996,53.3025,1,0.6,3,5,0.2586,0,0.0,2,High Open-Source Contributor,Strong match (Score: 59.9). Matched 3/5 required skills (60%). high text similarity (0.26). Segment: High Open-Source Contributor.
9bd2188b-b88c-4911-b3b0-168e9e3e1ab3,proj_0307,10,2,59.7808,49.972,0.9995,46.2827,1,0.6,3,5,0.2538,0,0.0,2,High Open-Source Contributor,Strong match (Score: 59.8). Matched 3/5 required skills (60%). high text similarity (0.25). Segment: High Open-Source Contributor.
ee8e02a0-9f5d-4f2a-98f8-77485ed5989e,proj_0308,1,1,69.0614,62.5548,0.9996,58.3876,1,1.0,4,4,0.2701,0,0.0,2,High Open-Source Contributor,Strong match (Score: 69.1). Matched 4/4 required skills (100%). high text similarity (0.27). Segment: High Open-Source Contributor.
f4ba3a88-533b-438e-8ace-e729250c8304,proj_0308,2,1,68.7259,61.8773,0.9996,61.09,1,1.0,4,4,0.2658,0,0.0,2,High Open-Source Contributor,Strong match (Score: 68.7). Matched 4/4 required skills (100%). high text similarity (0.27). Segment: High Open-Source Contributor.
4740cd5d-ac02-4515-ac53-2040e26b69ba,proj_0308,3,2,62.8918,54.5995,0.9995,55.9108,1,0.75,3,4,0.2378,0,0.0,2,High Open-Source Contributor,Strong match (Score: 62.9). Matched 3/4 required skills (75%). high text similarity (0.24). Segment: High Open-Source Contributor.
075a80d5-043a-4b43-bdea-b48fad26e8ff,proj_0308,4,3,62.7431,53.2789,0.9995,53.3034,1,0.75,3,4,0.2631,0,0.0,0,Applied Project Specialist,Strong match (Score: 62.7). Matched 3/4 required skills (75%). high text similarity (0.26). Segment: Applied Project Specialist.
5a5e88c1-5f2d-4dda-bf2b-57bab8f82575,proj_0308,5,2,61.631,50.1762,0.9995,47.4757,1,0.75,3,4,0.2717,0,0.0,3,Emerging Generalist Builder,Strong match (Score: 61.6). Matched 3/4 required skills (75%). high text similarity (0.27). Segment: Emerging Generalist Builder.
764a5184-1cb3-4b67-90a5-b8daa11ab4db,proj_0308,6,3,61.2915,50.5013,0.9995,55.1545,1,0.75,3,4,0.2404,0,0.0,3,Emerging Generalist Builder,Strong match (Score: 61.3). Matched 3/4 required skills (75%). high text similarity (0.24). Segment: Emerging Generalist Builder.
47bb619e-c8da-4f9d-b2b8-c1f34353bcbe,proj_0308,7,2,55.5257,42.9893,0.9995,40.3019,1,0.5,2,4,0.223,0,0.0,2,High Open-Source Contributor,Strong match (Score: 55.5). Matched 2/4 required skills (50%). high text similarity (0.22). Segment: High Open-Source Contributor.
89fd636c-f318-4056-861f-7c69aabaed3f,proj_0308,8,5,53.8779,39.0459,0.9995,40.3361,1,0.5,2,4,0.2183,0,0.0,3,Emerging Generalist Builder,Strong match (Score: 53.9). Matched 2/4 required skills (50%). high text similarity (0.22). Segment: Emerging Generalist Builder.
bcbb259f-658e-4461-8c3d-c07b29aa5e23,proj_0308,9,16,53.1602,38.5567,0.9995,39.7686,1,0.5,2,4,0.1835,0,0.0,3,Emerging Generalist Builder,Strong match (Score: 53.2). Matched 2/4 required skills (50%). high text similarity (0.18). Segment: Emerging Generalist Builder.
d92644e4-b1af-4c67-97b4-42a739dc989f,proj_0308,10,16,52.6397,37.9381,0.9995,30.5863,1,0.5,2,4,0.1653,0,0.0,3,Emerging Generalist Builder,Strong match (Score: 52.6). Matched 2/4 required skills (50%). high text similarity (0.17). Segment: Emerging Generalist Builder.
71356e5d-9127-4bbd-9772-a4c4e1f40a13,proj_0309,1,2,72.0287,67.723,0.9995,68.8887,1,1.0,5,5,0.3303,0,0.0,2,High Open-Source Contributor,Strong match (Score: 72.0). Matched 5/5 required skills (100%). high text similarity (0.33). Segment: High Open-Source Contributor.
0664ac18-e4b1-4687-a748-cf62f7e567f9,proj_0309,2,5,66.7562,60.618,0.9995,61.4698,1,0.8,4,5,0.3016,0,0.0,2,High Open-Source Contributor,Strong match (Score: 66.8). Matched 4/5 required skills (80%). high text similarity (0.30). Segment: High Open-Source Contributor.
bb770a17-7d83-4cbb-aca4-e2a868dafa3e,proj_0309,3,3,66.6722,60.5505,0.9995,61.2723,1,0.8,4,5,0.2978,0,0.0,3,Emerging Generalist Builder,Strong match (Score: 66.7). Matched 4/5 required skills (80%). high text similarity (0.30). Segment: Emerging Generalist Builder.
c9eb73ea-d077-44ec-b88c-690272b8f0e7,proj_0309,4,1,66.5465,59.7787,0.9995,61.5315,1,0.8,4,5,0.31,0,0.0,3,Emerging Generalist Builder,Strong match (Score: 66.5). Matched 4/5 required skills (80%). high text similarity (0.31). Segment: Emerging Generalist Builder.
65fb74d3-9211-4e75-a64c-e76a89893ccc,proj_0309,5,4,66.248,59.49,0.9995,51.458,1,0.8,4,5,0.2978,0,0.0,0,Applied Project Specialist,Strong match (Score: 66.2). Matched 4/5 required skills (80%). high text similarity (0.30). Segment: Applied Project Specialist.
2c0d9eec-46d3-4e5d-88aa-f3fd93a302c6,proj_0309,6,1,62.4001,54.3077,0.9995,53.0633,1,0.6,3,5,0.3128,0,0.0,2,High Open-Source Contributor,Strong match (Score: 62.4). Matched 3/5 required skills (60%). high text similarity (0.31). Segment: High Open-Source Contributor.
46a01596-9eb8-4790-9e04-ba845207e836,proj_0309,7,5,62.2378,53.5345,0.9995,50.0623,1,0.6,3,5,0.3226,0,0.0,2,High Open-Source Contributor,Strong match (Score: 62.2). Matched 3/5 required skills (60%). high text similarity (0.32). Segment: High Open-Source Contributor.
e12d2d84-0277-4bcb-84ff-63450e3cc004,proj_0309,8,3,61.7955,52.9312,0.9995,46.3229,1,0.6,3,5,0.3092,0,0.0,3,Emerging Generalist Builder,Strong match (Score: 61.8). Matched 3/5 required skills (60%). high text similarity (0.31). Segment: Emerging Generalist Builder.
661f3618-4b9f-4890-b5b9-ac942b752fd5,proj_0309,9,2,61.4347,52.138,0.9995,54.1427,1,0.6,3,5,0.3063,0,0.0,3,Emerging Generalist Builder,Strong match (Score: 61.4). Matched 3/5 required skills (60%). high text similarity (0.31). Segment: Emerging Generalist Builder.
61fd5470-3e56-4a8f-95c3-c80c3571e83a,proj_0309,10,8,58.9704,47.4434,0.9995,51.5265,1,0.6,3,5,0.2672,0,0.0,1,Hackathon Champion,Strong match (Score: 59.0). Matched 3/5 required skills (60%). high text similarity (0.27). Segment: Hackathon Champion.
e010432f-7f95-480f-9c68-b6292bbbbefd,proj_0310,1,1,79.2614,80.3722,0.9996,79.3781,1,1.0,4,4,0.3083,1,0.0,2,High Open-Source Contributor,Exceptional match (Score: 79.3). Matched 4/4 required skills (100%). high text similarity (0.31). domain aligned. Segment: High Open-Source Contributor.
f2678cee-0f88-456f-9d8c-da04a86f8ea8,proj_0310,2,2,79.0853,79.7483,0.9996,91.7213,1,1.0,4,4,0.3132,1,0.0,2,High Open-Source Contributor,Exceptional match (Score: 79.1). Matched 4/4 required skills (100%). high text similarity (0.31). domain aligned. Segment: High Open-Source Contributor.
a7773a57-50bc-47d6-8134-aaf0c5d7ebf2,proj_0310,3,5,71.3306,66.441,0.9995,67.0095,1,1.0,4,4,0.2624,0,0.3333,2,High Open-Source Contributor,Strong match (Score: 71.3). Matched 4/4 required skills (100%). high text similarity (0.26). Segment: High Open-Source Contributor.
79ace0f3-d328-4e54-99d8-c5fdd11aa452,proj_0310,4,4,70.5761,65.4928,0.9995,63.212,1,1.0,4,4,0.2596,0,0.2,1,Hackathon Champion,Strong match (Score: 70.6). Matched 4/4 required skills (100%). high text similarity (0.26). Segment: Hackathon Champion.
71347510-c0fa-4c17-9340-1d4f34a9e024,proj_0310,5,3,70.0122,63.4068,0.9995,65.6563,1,1.0,4,4,0.2693,0,0.25,3,Emerging Generalist Builder,Strong match (Score: 70.0). Matched 4/4 required skills (100%). high text similarity (0.27). Segment: Emerging Generalist Builder.
c07b1843-8687-4258-9ad7-9ab65909a578,proj_0310,6,1,68.899,62.4262,0.9995,76.1597,1,1.0,4,4,0.2629,0,0.0,2,High Open-Source Contributor,Strong match (Score: 68.9). Matched 4/4 required skills (100%). high text similarity (0.26). Segment: High Open-Source Contributor.
5be666bd-5141-4449-8892-1e2a361b2e84,proj_0310,7,1,68.4582,60.8256,0.9995,56.4614,1,1.0,4,4,0.2762,0,0.0,3,Emerging Generalist Builder,Strong match (Score: 68.5). Matched 4/4 required skills (100%). high text similarity (0.28). Segment: Emerging Generalist Builder.
c832156b-9640-4fc0-bdab-bf9bf717d549,proj_0310,8,1,67.8796,59.7916,0.9995,72.5211,1,1.0,4,4,0.2652,0,0.0,3,Emerging Generalist Builder,Strong match (Score: 67.9). Matched 4/4 required skills (100%). high text similarity (0.27). Segment: Emerging Generalist Builder.
a229e7eb-4cc4-4904-bc99-f96417bb5bf0,proj_0310,9,4,67.8198,60.0432,0.9995,60.8428,1,1.0,4,4,0.2545,0,0.0,3,Emerging Generalist Builder,Strong match (Score: 67.8). Matched 4/4 required skills (100%). high text similarity (0.25). Segment: Emerging Generalist Builder.
a35e9631-e4eb-4557-a26b-6f2609559a9e,proj_0310,10,5,61.6738,51.8395,0.9995,44.728,1,0.75,3,4,0.2302,0,0.0,2,High Open-Source Contributor,Strong match (Score: 61.7). Matched 3/4 required skills (75%). high text similarity (0.23). Segment: High Open-Source Contributor.
2df251e3-b72c-4b1c-be29-4f4a1a0e19f7,proj_0311,1,1,79.7374,81.1572,0.9996,83.7736,1,1.0,4,4,0.3191,1,0.0,3,Emerging Generalist Builder,Exceptional match (Score: 79.7). Matched 4/4 required skills (100%). high text similarity (0.32). domain aligned. Segment: Emerging Generalist Builder.
df380874-aadc-4db9-bf1b-e42b838fb0f6,proj_0311,2,3,68.5227,63.7881,0.9996,64.559,1,0.75,3,4,0.2013,1,0.0,3,Emerging Generalist Builder,Strong match (Score: 68.5). Matched 3/4 required skills (75%). high text similarity (0.20). domain aligned. Segment: Emerging Generalist Builder.
b2b9f627-8889-463c-82ff-a50141a94031,proj_0311,3,4,67.7549,62.2472,0.9996,58.6872,1,0.75,3,4,0.1912,1,0.0,3,Emerging Generalist Builder,Strong match (Score: 67.8). Matched 3/4 required skills (75%). high text similarity (0.19). domain aligned. Segment: Emerging Generalist Builder.
087481f9-5507-4faf-9389-4e4246f98b69,proj_0311,4,2,67.6702,62.3543,0.9996,63.5636,1,0.75,3,4,0.1827,1,0.0,3,Emerging Generalist Builder,Strong match (Score: 67.7). Matched 3/4 required skills (75%). high text similarity (0.18). domain aligned. Segment: Emerging Generalist Builder.
bcbb259f-658e-4461-8c3d-c07b29aa5e23,proj_0311,5,5,66.1318,58.1744,0.9995,53.941,1,1.0,4,4,0.1918,0,0.0,3,Emerging Generalist Builder,Strong match (Score: 66.1). Matched 4/4 required skills (100%). high text similarity (0.19). Segment: Emerging Generalist Builder.
0be069f8-4359-46f5-8597-2da68f4dacb5,proj_0311,6,7,63.0279,55.7848,0.9996,58.8188,1,0.5,2,4,0.1734,1,0.25,1,Hackathon Champion,Strong match (Score: 63.0). Matched 2/4 required skills (50%). high text similarity (0.17). domain aligned. Segment: Hackathon Champion.
af4ec097-6ced-4f57-8f0d-7e1ff5ee4a98,proj_0311,7,1,62.9122,55.0837,0.9995,54.7802,1,0.5,2,4,0.1707,1,0.3333,2,High Open-Source Contributor,Strong match (Score: 62.9). Matched 2/4 required skills (50%). high text similarity (0.17). domain aligned. Segment: High Open-Source Contributor.
19d329f2-3d8d-46b4-9a4c-c52d841a38aa,proj_0311,8,6,61.5416,53.2565,0.9996,55.5641,1,0.5,2,4,0.1834,1,0.0,2,High Open-Source Contributor,Strong match (Score: 61.5). Matched 2/4 required skills (50%). high text similarity (0.18). domain aligned. Segment: High Open-Source Contributor.
1f9bd25e-d55e-432f-906d-be2832e0475f,proj_0311,9,6,61.255,51.2163,0.9995,52.5119,1,0.75,3,4,0.2189,0,0.0,3,Emerging Generalist Builder,Strong match (Score: 61.3). Matched 3/4 required skills (75%). high text similarity (0.22). Segment: Emerging Generalist Builder.
c5c58e75-ab1c-4fcb-9908-a0ebf6929c26,proj_0311,10,12,60.4506,51.1927,0.9995,47.144,1,0.75,3,4,0.1659,0,0.0,0,Applied Project Specialist,Strong match (Score: 60.5). Matched 3/4 required skills (75%). high text similarity (0.17). Segment: Applied Project Specialist.
ee3b1533-299c-4e72-98f8-51677fd888c2,proj_0312,1,1,75.2413,73.1495,0.9996,70.1599,1,1.0,3,3,0.2329,1,0.0,3,Emerging Generalist Builder,Exceptional match (Score: 75.2). Matched 3/3 required skills (100%). high text similarity (0.23). domain aligned. Segment: Emerging Generalist Builder.
d052c5f3-b891-454a-84df-4065759115f4,proj_0312,2,4,64.088,55.1988,0.9995,54.7166,1,1.0,3,3,0.1349,0,0.0,2,High Open-Source Contributor,Strong match (Score: 64.1). Matched 3/3 required skills (100%). Segment: High Open-Source Contributor.
e88fb49b-4d38-4e00-98f7-81c1486d5d6c,proj_0312,3,3,63.9842,55.2431,0.9995,55.1584,1,1.0,3,3,0.1268,0,0.0,0,Applied Project Specialist,Strong match (Score: 64.0). Matched 3/3 required skills (100%). Segment: Applied Project Specialist.
4cf65dd2-ee7a-4220-9174-7b844f8fcf41,proj_0312,4,4,62.4943,51.0645,0.9995,56.6128,1,1.0,3,3,0.1389,0,0.0,3,Emerging Generalist Builder,Strong match (Score: 62.5). Matched 3/3 required skills (100%). Segment: Emerging Generalist Builder.
2b6fad95-0e6a-43b5-9410-74653a40193b,proj_0312,5,5,61.8267,51.5417,0.9996,52.1656,1,0.6667,2,3,0.137,1,0.0,2,High Open-Source Contributor,Strong match (Score: 61.8). Matched 2/3 required skills (67%). domain aligned. Segment: High Open-Source Contributor.
aa8e0419-6869-4352-9957-c2ce19a4df19,proj_0312,6,11,53.9387,38.8256,0.9995,33.6446,1,0.6667,2,3,0.1171,0,0.0,1,Hackathon Champion,Strong match (Score: 53.9). Matched 2/3 required skills (67%). Segment: Hackathon Champion.
202833cf-72c1-4a1a-94cf-7da9f9466fd7,proj_0312,7,7,53.7717,37.8229,0.9995,41.9651,1,0.6667,2,3,0.1327,0,0.0,3,Emerging Generalist Builder,Strong match (Score: 53.8). Matched 2/3 required skills (67%). Segment: Emerging Generalist Builder.
fef4172a-9569-4d0a-b190-34fb043e7c40,proj_0312,8,14,53.3892,37.5981,0.9994,35.4186,1,0.6667,2,3,0.1134,0,0.0,3,Emerging Generalist Builder,Strong match (Score: 53.4). Matched 2/3 required skills (67%). Segment: Emerging Generalist Builder.
afc7e477-3249-4772-95fd-e07a29179270,proj_0312,9,15,52.6635,38.4276,0.9975,41.8719,1,0.3333,1,3,0.1023,1,0.0,0,Applied Project Specialist,Strong match (Score: 52.7). Matched 1/3 required skills (33%). domain aligned. Segment: Applied Project Specialist.
0b5106f1-f666-4035-8004-d8f2e00a6a1d,proj_0312,10,26,52.4763,38.2296,0.9976,36.0552,1,0.3333,1,3,0.0949,1,0.0,2,High Open-Source Contributor,Strong match (Score: 52.5). Matched 1/3 required skills (33%). domain aligned. Segment: High Open-Source Contributor.
61ef963c-2d5a-43ec-831d-06a2131d686e,proj_0313,1,1,72.1124,68.1273,0.9995,70.7772,1,1.0,4,4,0.3251,0,0.0,0,Applied Project Specialist,Strong match (Score: 72.1). Matched 4/4 required skills (100%). high text similarity (0.33). Segment: Applied Project Specialist.
b39b7e89-5127-4811-914d-ab307bcb6379,proj_0313,2,1,71.1905,65.4212,0.9995,65.0309,1,1.0,4,4,0.3358,0,0.0,2,High Open-Source Contributor,Strong match (Score: 71.2). Matched 4/4 required skills (100%). high text similarity (0.34). Segment: High Open-Source Contributor.
6865cca3-4c65-4233-ad13-01f07df1e294,proj_0313,3,6,63.6036,55.9628,0.9995,58.1206,1,0.75,3,4,0.2489,0,0.0,2,High Open-Source Contributor,Strong match (Score: 63.6). Matched 3/4 required skills (75%). high text similarity (0.25). Segment: High Open-Source Contributor.
375f70ab-cece-48f6-a17c-d18f2d3fca7a,proj_0313,4,1,63.023,53.9601,0.9995,48.4273,1,0.75,3,4,0.2636,0,0.0,3,Emerging Generalist Builder,Strong match (Score: 63.0). Matched 3/4 required skills (75%). high text similarity (0.26). Segment: Emerging Generalist Builder.
ddd531e1-0440-48ae-800a-f20c41af69f6,proj_0313,5,2,62.9592,53.8681,0.9995,52.9611,1,0.75,3,4,0.2618,0,0.0,2,High Open-Source Contributor,Strong match (Score: 63.0). Matched 3/4 required skills (75%). high text similarity (0.26). Segment: High Open-Source Contributor.
542b7d19-73c7-45fb-b92c-53bcb997d9cf,proj_0313,6,6,61.9577,52.6281,0.9995,49.2911,1,0.75,3,4,0.2281,0,0.0,1,Hackathon Champion,Strong match (Score: 62.0). Matched 3/4 required skills (75%). high text similarity (0.23). Segment: Hackathon Champion.
ffe0d273-f719-408a-aa21-4cf1c812a031,proj_0313,7,2,61.8063,50.5432,0.9995,48.8893,1,0.75,3,4,0.2736,0,0.0,3,Emerging Generalist Builder,Strong match (Score: 61.8). Matched 3/4 required skills (75%). high text similarity (0.27). Segment: Emerging Generalist Builder.
c0d7e26a-5ff2-486e-9549-731319f1a415,proj_0313,8,6,61.4859,51.681,0.9995,43.6552,1,0.75,3,4,0.2219,0,0.0,1,Hackathon Champion,Strong match (Score: 61.5). Matched 3/4 required skills (75%). high text similarity (0.22). Segment: Hackathon Champion.
9ae589e7-8191-4300-a84f-0a6aad97c42a,proj_0313,9,6,60.8433,48.9121,0.9995,54.4445,1,0.75,3,4,0.2529,0,0.0,3,Emerging Generalist Builder,Strong match (Score: 60.8). Matched 3/4 required skills (75%). high text similarity (0.25). Segment: Emerging Generalist Builder.
4840528d-44a9-4c59-b980-d62a7738dead,proj_0313,10,3,54.601,40.4563,0.9995,31.6276,1,0.5,2,4,0.2289,0,0.0,2,High Open-Source Contributor,Strong match (Score: 54.6). Matched 2/4 required skills (50%). high text similarity (0.23). Segment: High Open-Source Contributor.
61ef963c-2d5a-43ec-831d-06a2131d686e,proj_0314,1,2,69.4948,64.107,0.9995,67.2232,1,1.0,4,4,0.2578,0,0.0,0,Applied Project Specialist,Strong match (Score: 69.5). Matched 4/4 required skills (100%). high text similarity (0.26). Segment: Applied Project Specialist.
6865cca3-4c65-4233-ad13-01f07df1e294,proj_0314,2,2,69.186,64.2575,0.9995,63.2132,1,1.0,4,4,0.2332,0,0.0,2,High Open-Source Contributor,Strong match (Score: 69.2). Matched 4/4 required skills (100%). high text similarity (0.23). Segment: High Open-Source Contributor.
c0d7e26a-5ff2-486e-9549-731319f1a415,proj_0314,3,1,68.0423,60.8769,0.9995,62.4779,1,1.0,4,4,0.2471,0,0.0,1,Hackathon Champion,Strong match (Score: 68.0). Matched 4/4 required skills (100%). high text similarity (0.25). Segment: Hackathon Champion.
9ae589e7-8191-4300-a84f-0a6aad97c42a,proj_0314,4,2,67.9761,59.9164,0.9995,66.9651,1,1.0,4,4,0.2683,0,0.0,3,Emerging Generalist Builder,Strong match (Score: 68.0). Matched 4/4 required skills (100%). high text similarity (0.27). Segment: Emerging Generalist Builder.
4840528d-44a9-4c59-b980-d62a7738dead,proj_0314,5,2,61.2329,51.6034,0.9995,54.0154,1,0.75,3,4,0.2071,0,0.0,2,High Open-Source Contributor,Strong match (Score: 61.2). Matched 3/4 required skills (75%). high text similarity (0.21). Segment: High Open-Source Contributor.
8ad6c823-a9c7-4460-aa3b-8594a99e72f2,proj_0314,6,1,60.4229,48.8847,0.9995,50.8462,1,0.75,3,4,0.2256,0,0.0,3,Emerging Generalist Builder,Strong match (Score: 60.4). Matched 3/4 required skills (75%). high text similarity (0.23). Segment: Emerging Generalist Builder.
9965fb9a-60f0-4faa-a4c2-69d5bf9b8f86,proj_0314,7,7,60.352,50.0388,0.9995,45.0905,1,0.75,3,4,0.1901,0,0.0,0,Applied Project Specialist,Strong match (Score: 60.4). Matched 3/4 required skills (75%). high text similarity (0.19). Segment: Applied Project Specialist.
99d675f5-481c-4a42-ab83-626ee52dd60c,proj_0314,8,11,60.3005,51.1138,0.9995,44.1721,1,0.75,3,4,0.158,0,0.0,0,Applied Project Specialist,Strong match (Score: 60.3). Matched 3/4 required skills (75%). high text similarity (0.16). Segment: Applied Project Specialist.
ddd531e1-0440-48ae-800a-f20c41af69f6,proj_0314,9,5,53.9954,40.7423,0.9995,43.1985,1,0.5,2,4,0.1809,0,0.0,2,High Open-Source Contributor,Strong match (Score: 54.0). Matched 2/4 required skills (50%). high text similarity (0.18). Segment: High Open-Source Contributor.
ae6cb331-f877-4763-9728-6e2651b1be61,proj_0314,10,2,53.9419,41.0786,0.9995,38.3107,1,0.5,2,4,0.1267,0,0.25,3,Emerging Generalist Builder,Strong match (Score: 53.9). Matched 2/4 required skills (50%). Segment: Emerging Generalist Builder.
03475a14-2a18-4b0b-93f5-ee3f95eb5625,proj_0315,1,1,76.475,74.6487,0.9996,75.6228,1,1.0,3,3,0.2335,1,0.25,3,Emerging Generalist Builder,Exceptional match (Score: 76.5). Matched 3/3 required skills (100%). high text similarity (0.23). domain aligned. Segment: Emerging Generalist Builder.
9c7b6795-f410-4c60-a33d-1b394b14a28e,proj_0315,2,1,75.5943,73.3757,0.9996,84.6355,1,1.0,3,3,0.2504,1,0.0,3,Emerging Generalist Builder,Exceptional match (Score: 75.6). Matched 3/3 required skills (100%). high text similarity (0.25). domain aligned. Segment: Emerging Generalist Builder.
1cff6ddb-077c-49a3-b9b1-c7cdad5c5a66,proj_0315,3,2,63.9173,53.9582,0.9995,63.4947,1,1.0,3,3,0.1566,0,0.0,2,High Open-Source Contributor,Strong match (Score: 63.9). Matched 3/3 required skills (100%). high text similarity (0.16). Segment: High Open-Source Contributor.
cf1e539f-ead8-4a9f-9648-f90c9abbaa41,proj_0315,4,2,63.1759,52.611,0.9995,60.2236,1,1.0,3,3,0.1431,0,0.0,2,High Open-Source Contributor,Strong match (Score: 63.2). Matched 3/3 required skills (100%). Segment: High Open-Source Contributor.
360fc955-3175-4c3d-9b68-b9c3dc856b80,proj_0315,5,3,62.2454,52.7747,0.9995,53.3635,1,0.6667,2,3,0.0989,1,0.2,2,High Open-Source Contributor,Strong match (Score: 62.2). Matched 2/3 required skills (67%). domain aligned. Segment: High Open-Source Contributor.
dfd6a237-0a98-43be-8837-4607f5015d2c,proj_0315,6,13,55.6501,41.9827,0.9994,37.6034,1,0.6667,2,3,0.1472,0,0.0,2,High Open-Source Contributor,Strong match (Score: 55.7). Matched 2/3 required skills (67%). Segment: High Open-Source Contributor.
9c588639-a077-4e52-b96e-abc5b46ed667,proj_0315,7,7,55.5006,41.4291,0.9995,38.6042,1,0.6667,2,3,0.1518,0,0.0,2,High Open-Source Contributor,Strong match (Score: 55.5). Matched 2/3 required skills (67%). high text similarity (0.15). Segment: High Open-Source Contributor.
1e0e2f42-c427-4c4d-83bd-e57542369eb1,proj_0315,8,6,54.2862,39.2518,0.9995,41.2291,1,0.6667,2,3,0.1289,0,0.0,2,High Open-Source Contributor,Strong match (Score: 54.3). Matched 2/3 required skills (67%). Segment: High Open-Source Contributor.
c4dd2160-9823-4402-81d3-8707c241bdd5,proj_0315,9,5,54.0116,38.854,0.9994,47.69,1,0.6667,2,3,0.1214,0,0.0,1,Hackathon Champion,Strong match (Score: 54.0). Matched 2/3 required skills (67%). Segment: Hackathon Champion.
d0055477-7c39-4e7f-825f-830145a39bcf,proj_0315,10,1,53.6328,37.7983,0.9995,32.6529,1,0.6667,2,3,0.1241,0,0.0,3,Emerging Generalist Builder,Strong match (Score: 53.6). Matched 2/3 required skills (67%). Segment: Emerging Generalist Builder.
c2c837eb-9da5-4084-8bad-249a505da0ef,proj_0316,1,1,76.7714,75.4972,0.9996,74.6365,1,1.0,4,4,0.2723,1,0.0,1,Hackathon Champion,Exceptional match (Score: 76.8). Matched 4/4 required skills (100%). high text similarity (0.27). domain aligned. Segment: Hackathon Champion.
3121dc95-f26c-4d0e-822b-4b9f324d2bb8,proj_0316,2,1,70.9168,64.0169,0.9995,66.6045,1,1.0,4,4,0.355,0,0.0,3,Emerging Generalist Builder,Strong match (Score: 70.9). Matched 4/4 required skills (100%). high text similarity (0.35). Segment: Emerging Generalist Builder.
7eae055b-58e7-4ccf-b97e-b3d17f153640,proj_0316,3,2,69.0992,62.3081,0.9995,67.826,1,1.0,4,4,0.2794,0,0.0,2,High Open-Source Contributor,Strong match (Score: 69.1). Matched 4/4 required skills (100%). high text similarity (0.28). Segment: High Open-Source Contributor.
2307d6c1-e503-4021-b867-985d5bdef21c,proj_0316,4,1,68.5204,62.0461,0.9995,61.9118,1,1.0,4,4,0.2478,0,0.0,2,High Open-Source Contributor,Strong match (Score: 68.5). Matched 4/4 required skills (100%). high text similarity (0.25). Segment: High Open-Source Contributor.
72784713-9bf5-4872-b81e-90d330240b55,proj_0316,5,2,65.0508,57.4921,0.9995,61.0058,1,0.75,3,4,0.3046,0,0.0,2,High Open-Source Contributor,Strong match (Score: 65.1). Matched 3/4 required skills (75%). high text similarity (0.30). Segment: High Open-Source Contributor.
e887736d-bf55-4cf8-919a-9a3b332033d1,proj_0316,6,1,65.0474,57.6485,0.9995,45.4084,1,0.75,3,4,0.3002,0,0.0,3,Emerging Generalist Builder,Strong match (Score: 65.0). Matched 3/4 required skills (75%). high text similarity (0.30). Segment: Emerging Generalist Builder.
0c35f9a0-6d65-4934-a241-359a7e8a4f8b,proj_0316,7,1,62.2101,53.6978,0.9996,51.2953,1,0.5,2,4,0.2162,1,0.0,2,High Open-Source Contributor,Strong match (Score: 62.2). Matched 2/4 required skills (50%). high text similarity (0.22). domain aligned. Segment: High Open-Source Contributor.
3aa9e83f-9407-49dd-bb68-44e046573db9,proj_0316,8,1,61.5579,53.0986,0.9996,53.6346,1,0.5,2,4,0.1887,1,0.0,0,Applied Project Specialist,Strong match (Score: 61.6). Matched 2/4 required skills (50%). high text similarity (0.19). domain aligned. Segment: Applied Project Specialist.
d4493a6b-3b00-4377-8d43-e9b67ed0c6a5,proj_0316,9,8,60.4552,50.1917,0.9995,56.1955,1,0.75,3,4,0.1929,0,0.0,2,High Open-Source Contributor,Strong match (Score: 60.5). Matched 3/4 required skills (75%). high text similarity (0.19). Segment: High Open-Source Contributor.
c65f13b3-7b3a-48d0-afed-fd8dde83f3c3,proj_0316,10,6,58.1374,46.4673,0.9995,46.1652,1,0.75,3,4,0.1377,0,0.0,3,Emerging Generalist Builder,Strong match (Score: 58.1). Matched 3/4 required skills (75%). Segment: Emerging Generalist Builder.
19d329f2-3d8d-46b4-9a4c-c52d841a38aa,proj_0317,1,1,76.3106,75.3391,0.9996,75.363,1,1.0,4,4,0.2458,1,0.0,2,High Open-Source Contributor,Exceptional match (Score: 76.3). Matched 4/4 required skills (100%). high text similarity (0.25). domain aligned. Segment: High Open-Source Contributor.
c5c58e75-ab1c-4fcb-9908-a0ebf6929c26,proj_0317,2,9,67.1021,60.9377,0.9995,61.6263,1,1.0,4,4,0.1828,0,0.0,0,Applied Project Specialist,Strong match (Score: 67.1). Matched 4/4 required skills (100%). high text similarity (0.18). Segment: Applied Project Specialist.
bcbb259f-658e-4461-8c3d-c07b29aa5e23,proj_0317,3,3,66.5404,58.2247,0.9995,57.025,1,1.0,4,4,0.2177,0,0.0,3,Emerging Generalist Builder,Strong match (Score: 66.5). Matched 4/4 required skills (100%). high text similarity (0.22). Segment: Emerging Generalist Builder.
61b17d01-04ee-42cb-bbfc-f28d39781cbd,proj_0317,4,8,62.8103,53.7108,0.9995,50.0735,1,0.75,3,4,0.2144,0,0.25,3,Emerging Generalist Builder,Strong match (Score: 62.8). Matched 3/4 required skills (75%). high text similarity (0.21). Segment: Emerging Generalist Builder.
c5644ec7-56a1-4c47-9050-b7704cf711bd,proj_0317,5,2,61.2691,52.309,0.9996,45.5782,1,0.5,2,4,0.1905,1,0.0,2,High Open-Source Contributor,Strong match (Score: 61.3). Matched 2/4 required skills (50%). high text similarity (0.19). domain aligned. Segment: High Open-Source Contributor.
1b0eb8d9-5d90-4feb-85f8-57e9bb66294b,proj_0317,6,4,60.516,50.9774,0.9995,54.1824,1,0.75,3,4,0.176,0,0.0,2,High Open-Source Contributor,Strong match (Score: 60.5). Matched 3/4 required skills (75%). high text similarity (0.18). Segment: High Open-Source Contributor.
1f9bd25e-d55e-432f-906d-be2832e0475f,proj_0317,7,7,60.0662,49.2568,0.9995,52.3999,1,0.75,3,4,0.1919,0,0.0,3,Emerging Generalist Builder,Strong match (Score: 60.1). Matched 3/4 required skills (75%). high text similarity (0.19). Segment: Emerging Generalist Builder.
df380874-aadc-4db9-bf1b-e42b838fb0f6,proj_0317,8,7,59.9113,49.912,0.9995,45.6361,1,0.75,3,4,0.1641,0,0.0,3,Emerging Generalist Builder,Strong match (Score: 59.9). Matched 3/4 required skills (75%). high text similarity (0.16). Segment: Emerging Generalist Builder.
0be069f8-4359-46f5-8597-2da68f4dacb5,proj_0317,9,10,59.7803,49.1308,0.9995,54.2262,1,0.75,3,4,0.1762,0,0.0,1,Hackathon Champion,Strong match (Score: 59.8). Matched 3/4 required skills (75%). high text similarity (0.18). Segment: Hackathon Champion.
d92644e4-b1af-4c67-97b4-42a739dc989f,proj_0317,10,8,59.6932,49.1718,0.9995,44.1326,1,0.75,3,4,0.1693,0,0.0,3,Emerging Generalist Builder,Strong match (Score: 59.7). Matched 3/4 required skills (75%). high text similarity (0.17). Segment: Emerging Generalist Builder.
a488a43c-38ab-4a5d-b6d1-e4ebb9f9c281,proj_0318,1,1,74.134,71.0075,0.9996,60.6101,1,1.0,4,4,0.2162,1,0.0,3,Emerging Generalist Builder,Strong match (Score: 74.1). Matched 4/4 required skills (100%). high text similarity (0.22). domain aligned. Segment: Emerging Generalist Builder.
b7e2ecbc-d330-413a-92ac-d3f85a79ef85,proj_0318,2,1,66.5282,59.7279,0.9996,55.9946,1,0.75,3,4,0.1766,1,0.0,3,Emerging Generalist Builder,Strong match (Score: 66.5). Matched 3/4 required skills (75%). high text similarity (0.18). domain aligned. Segment: Emerging Generalist Builder.
8d64530c-b109-44d6-898f-58a15a3429d0,proj_0318,3,2,60.36,50.7412,0.9995,58.0014,1,0.75,3,4,0.1719,0,0.0,0,Applied Project Specialist,Strong match (Score: 60.4). Matched 3/4 required skills (75%). high text similarity (0.17). Segment: Applied Project Specialist.
3769dc5c-4e8b-4b24-9e2d-9e4e2179c613,proj_0318,4,7,59.9653,51.4196,0.9996,50.0899,1,0.5,2,4,0.1273,1,0.0,1,Hackathon Champion,Strong match (Score: 60.0). Matched 2/4 required skills (50%). domain aligned. Segment: Hackathon Champion.
0811fe08-051a-4441-9608-0c17358c8abe,proj_0318,5,3,59.3038,48.0107,0.9995,48.4395,1,0.75,3,4,0.1743,0,0.0,3,Emerging Generalist Builder,Strong match (Score: 59.3). Matched 3/4 required skills (75%). high text similarity (0.17). Segment: Emerging Generalist Builder.
3a29330d-5c66-44fd-97fd-5e6ccd8bb730,proj_0318,6,6,51.2623,37.5657,0.998,42.6544,1,0.25,1,4,0.0864,1,0.0,2,High Open-Source Contributor,Strong match (Score: 51.3). Matched 1/4 required skills (25%). domain aligned. Segment: High Open-Source Contributor.
40a86714-ebfa-4332-b7cf-a8edbbca6ef0,proj_0318,7,5,50.8976,36.4966,0.9977,26.395,1,0.25,1,4,0.0912,1,0.0,2,High Open-Source Contributor,Strong match (Score: 50.9). Matched 1/4 required skills (25%). domain aligned. Segment: High Open-Source Contributor.
d0eb8a5d-6237-4eec-a4e0-158099cc2659,proj_0318,8,8,50.7769,35.3285,0.9995,34.4262,1,0.5,2,4,0.1107,0,0.0,2,High Open-Source Contributor,Strong match (Score: 50.8). Matched 2/4 required skills (50%). Segment: High Open-Source Contributor.
1b0eb8d9-5d90-4feb-85f8-57e9bb66294b,proj_0318,9,16,50.5925,35.6512,0.9938,33.6617,1,0.25,1,4,0.1012,1,0.0,2,High Open-Source Contributor,Strong match (Score: 50.6). Matched 1/4 required skills (25%). domain aligned. Segment: High Open-Source Contributor.
3ed7abd2-0827-4ed4-b481-04b77872f7ed,proj_0318,10,18,50.5127,34.9155,0.9994,34.6447,1,0.5,2,4,0.1043,0,0.0,2,High Open-Source Contributor,Strong match (Score: 50.5). Matched 2/4 required skills (50%). Segment: High Open-Source Contributor.
026d7a41-6d0c-4425-bc94-74799fa8319f,proj_0319,1,1,75.9432,73.9518,0.9996,69.6694,1,1.0,4,4,0.2583,1,0.0,3,Emerging Generalist Builder,Exceptional match (Score: 75.9). Matched 4/4 required skills (100%). high text similarity (0.26). domain aligned. Segment: Emerging Generalist Builder.
ab705e8f-b858-4065-affb-a97c46bc3581,proj_0319,2,1,67.8495,62.7694,0.9995,55.8102,1,0.75,3,4,0.2949,0,0.3333,1,Hackathon Champion,Strong match (Score: 67.8). Matched 3/4 required skills (75%). high text similarity (0.29). Segment: Hackathon Champion.
10bc86f8-4c4f-44c5-ac1f-8300667bcd91,proj_0319,3,2,67.0012,61.0979,0.9996,58.6627,1,0.75,3,4,0.1716,1,0.0,2,High Open-Source Contributor,Strong match (Score: 67.0). Matched 3/4 required skills (75%). high text similarity (0.17). domain aligned. Segment: High Open-Source Contributor.
4732886f-ea61-4283-92e8-e4dd176e752e,proj_0319,4,1,65.4984,57.979,0.9995,61.1383,1,0.75,3,4,0.2659,0,0.3333,2,High Open-Source Contributor,Strong match (Score: 65.5). Matched 3/4 required skills (75%). high text similarity (0.27). Segment: High Open-Source Contributor.
dff336e8-f014-4b2f-8fc6-e0d658b2c6ee,proj_0319,5,2,61.1842,50.7467,0.9995,48.0622,1,0.75,3,4,0.2267,0,0.0,2,High Open-Source Contributor,Strong match (Score: 61.2). Matched 3/4 required skills (75%). high text similarity (0.23). Segment: High Open-Source Contributor.
1ec54584-53e9-4aeb-849b-1ecb628f6920,proj_0319,6,6,60.5916,49.6703,0.9994,44.7027,1,0.75,3,4,0.2161,0,0.0,2,High Open-Source Contributor,Strong match (Score: 60.6). Matched 3/4 required skills (75%). high text similarity (0.22). Segment: High Open-Source Contributor.
9bba2348-18e5-4a9c-af06-3a0a13237599,proj_0319,7,2,59.6037,48.5167,0.9995,41.1272,1,0.75,3,4,0.1808,0,0.0,2,High Open-Source Contributor,Strong match (Score: 59.6). Matched 3/4 required skills (75%). high text similarity (0.18). Segment: High Open-Source Contributor.
345ab973-cb26-4074-b96f-6db8f8e892c3,proj_0319,8,8,52.4018,37.5644,0.9995,38.8116,1,0.5,2,4,0.1594,0,0.0,2,High Open-Source Contributor,Strong match (Score: 52.4). Matched 2/4 required skills (50%). high text similarity (0.16). Segment: High Open-Source Contributor.
3379e8e7-6522-45ad-8b4b-c42d65e752d1,proj_0319,9,10,51.7562,35.735,0.9956,40.9596,1,0.25,1,4,0.1174,1,0.3333,3,Emerging Generalist Builder,Strong match (Score: 51.8). Matched 1/4 required skills (25%). domain aligned. Segment: Emerging Generalist Builder.
d34a1614-05f3-4f9a-88bf-dc0bf2b5aca7,proj_0319,10,9,50.5379,34.2773,0.9995,35.9099,1,0.5,2,4,0.1228,0,0.0,3,Emerging Generalist Builder,Strong match (Score: 50.5). Matched 2/4 required skills (50%). Segment: Emerging Generalist Builder.
4f7b4233-d37f-40e9-b1c8-3850e71693d5,proj_0320,1,2,68.1887,61.8356,0.9995,60.5861,1,1.0,4,4,0.2313,0,0.0,2,High Open-Source Contributor,Strong match (Score: 68.2). Matched 4/4 required skills (100%). high text similarity (0.23). Segment: High Open-Source Contributor.
347dcda4-cc34-4117-be02-c3eeaaf8878f,proj_0320,2,4,61.9801,53.7122,0.9995,48.2856,1,0.75,3,4,0.1729,0,0.1667,3,Emerging Generalist Builder,Strong match (Score: 62.0). Matched 3/4 required skills (75%). high text similarity (0.17). Segment: Emerging Generalist Builder.
14f94e94-7722-4ae8-8b7e-be63c79c6533,proj_0320,3,1,61.0668,51.3832,0.9995,56.2789,1,0.75,3,4,0.2019,0,0.0,2,High Open-Source Contributor,Strong match (Score: 61.1). Matched 3/4 required skills (75%). high text similarity (0.20). Segment: High Open-Source Contributor.
0c80f749-3d68-49f7-b466-a887bbecea6b,proj_0320,4,12,58.5256,47.704,0.9995,55.9997,1,0.75,3,4,0.1306,0,0.0,2,High Open-Source Contributor,Strong match (Score: 58.5). Matched 3/4 required skills (75%). Segment: High Open-Source Contributor.
ce451e53-7a3e-478e-827e-ca40c205a0e3,proj_0320,5,3,58.3028,48.1146,0.9994,47.5797,1,0.75,3,4,0.105,0,0.0,2,High Open-Source Contributor,Strong match (Score: 58.3). Matched 3/4 required skills (75%). Segment: High Open-Source Contributor.
29a70b35-707c-484f-8bb5-8b215d6ebcd4,proj_0320,6,15,56.892,45.2476,0.9993,42.271,1,0.75,3,4,0.0876,0,0.0,2,High Open-Source Contributor,Strong match (Score: 56.9). Matched 3/4 required skills (75%). Segment: High Open-Source Contributor.
b33c7dd8-cc1e-4f75-abd7-db482c0308b4,proj_0320,7,10,55.25,42.9974,0.9995,42.6375,1,0.5,2,4,0.2044,0,0.0,0,Applied Project Specialist,Strong match (Score: 55.2). Matched 2/4 required skills (50%). high text similarity (0.20). Segment: Applied Project Specialist.
43965359-ca1d-45cf-91a8-d082153130f9,proj_0320,8,10,54.3433,41.2933,0.9995,44.5891,1,0.5,2,4,0.1894,0,0.0,0,Applied Project Specialist,Strong match (Score: 54.3). Matched 2/4 required skills (50%). high text similarity (0.19). Segment: Applied Project Specialist.
eceb9a38-a02e-488b-8056-dfe93cb6e122,proj_0320,9,12,53.7032,39.4829,0.9995,35.8645,1,0.5,2,4,0.195,0,0.0,2,High Open-Source Contributor,Strong match (Score: 53.7). Matched 2/4 required skills (50%). high text similarity (0.20). Segment: High Open-Source Contributor.
1940ff65-3c28-41a4-9813-5a3ada45eb94,proj_0320,10,8,53.6877,39.0318,0.9995,36.0304,1,0.5,2,4,0.206,0,0.0,3,Emerging Generalist Builder,Strong match (Score: 53.7). Matched 2/4 required skills (50%). high text similarity (0.21). Segment: Emerging Generalist Builder.
c14cdc98-76b8-4f75-94a7-d0af30fa0dec,proj_0321,1,1,75.972,74.3126,0.9996,78.1053,1,1.0,3,3,0.2506,1,0.0,2,High Open-Source Contributor,Exceptional match (Score: 76.0). Matched 3/3 required skills (100%). high text similarity (0.25). domain aligned. Segment: High Open-Source Contributor.
8adc503c-cbb2-41a7-bd6f-2bcec950aea0,proj_0321,2,2,68.0159,61.7447,0.9995,60.3312,1,1.0,3,3,0.2222,0,0.0,0,Applied Project Specialist,Strong match (Score: 68.0). Matched 3/3 required skills (100%). high text similarity (0.22). Segment: Applied Project Specialist.
eea395fd-93bf-4317-b6e5-0916f9cab3b2,proj_0321,3,2,67.0716,58.8739,0.9995,52.0906,1,1.0,3,3,0.2358,0,0.0,3,Emerging Generalist Builder,Strong match (Score: 67.1). Matched 3/3 required skills (100%). high text similarity (0.24). Segment: Emerging Generalist Builder.
c04f993f-4455-4dc5-80f8-c549868d0354,proj_0321,4,4,66.7512,59.5131,0.9995,59.9282,1,1.0,3,3,0.1974,0,0.0,1,Hackathon Champion,Strong match (Score: 66.8). Matched 3/3 required skills (100%). high text similarity (0.20). Segment: Hackathon Champion.
1ad0e42d-8a29-459b-9e16-ebe914a2f14c,proj_0321,5,3,66.5511,58.1503,0.9995,57.0849,1,1.0,3,3,0.2204,0,0.0,3,Emerging Generalist Builder,Strong match (Score: 66.6). Matched 3/3 required skills (100%). high text similarity (0.22). Segment: Emerging Generalist Builder.
cd66922d-c11d-445c-8359-6d83c64885f1,proj_0321,6,5,66.3571,59.4128,0.9995,65.4544,1,1.0,3,3,0.1738,0,0.0,0,Applied Project Specialist,Strong match (Score: 66.4). Matched 3/3 required skills (100%). high text similarity (0.17). Segment: Applied Project Specialist.
68c6c4f0-0f3f-4023-9e14-06c382d47efc,proj_0321,7,7,56.0824,42.4672,0.9995,42.2366,1,0.6667,2,3,0.1629,0,0.0,3,Emerging Generalist Builder,Strong match (Score: 56.1). Matched 2/3 required skills (67%). high text similarity (0.16). Segment: Emerging Generalist Builder.
6da5d977-9417-4177-8d85-9d17ec4d57b1,proj_0321,8,9,55.0483,40.1445,0.9995,44.7456,1,0.6667,2,3,0.1559,0,0.0,1,Hackathon Champion,Strong match (Score: 55.0). Matched 2/3 required skills (67%). high text similarity (0.16). Segment: Hackathon Champion.
bb674ff0-1424-4409-99df-9f0eebde85eb,proj_0321,9,8,54.9752,40.1679,0.9995,43.9898,1,0.6667,2,3,0.1504,0,0.0,2,High Open-Source Contributor,Strong match (Score: 55.0). Matched 2/3 required skills (67%). high text similarity (0.15). Segment: High Open-Source Contributor.
fd53b824-68d3-4bf7-b335-9690414454ca,proj_0321,10,11,54.6778,40.2833,0.9995,41.4035,1,0.6667,2,3,0.1275,0,0.0,3,Emerging Generalist Builder,Strong match (Score: 54.7). Matched 2/3 required skills (67%). Segment: Emerging Generalist Builder.
3a212f49-df4c-495e-9787-a66a9881678f,proj_0322,1,3,71.1763,65.2896,0.9995,70.4502,1,1.0,2,2,0.1717,1,0.0,2,High Open-Source Contributor,Strong match (Score: 71.2). Matched 2/2 required skills (100%). high text similarity (0.17). domain aligned. Segment: High Open-Source Contributor.
ba86a929-17c0-4066-af10-99311c211163,proj_0322,2,1,69.5627,61.6606,0.9996,61.4516,1,1.0,2,2,0.1607,1,0.0,1,Hackathon Champion,Strong match (Score: 69.6). Matched 2/2 required skills (100%). high text similarity (0.16). domain aligned. Segment: Hackathon Champion.
3f631164-dc26-430c-8497-8c7760bfcedd,proj_0322,3,10,61.7734,49.7198,0.9995,47.4764,1,1.0,2,2,0.1267,0,0.0,1,Hackathon Champion,Strong match (Score: 61.8). Matched 2/2 required skills (100%). Segment: Hackathon Champion.
fdc30964-24b1-415d-88e7-290336637cf5,proj_0322,4,8,61.7296,49.8502,0.9994,50.1402,1,1.0,2,2,0.1205,0,0.0,2,High Open-Source Contributor,Strong match (Score: 61.7). Matched 2/2 required skills (100%). Segment: High Open-Source Contributor.
0b5106f1-f666-4035-8004-d8f2e00a6a1d,proj_0322,5,15,58.3053,46.6244,0.9996,43.8461,1,0.5,1,2,0.1445,1,0.0,2,High Open-Source Contributor,Strong match (Score: 58.3). Matched 1/2 required skills (50%). domain aligned. Segment: High Open-Source Contributor.
0d7aa2ad-f54e-438f-805a-7cb4ac9fb423,proj_0322,6,19,54.6039,39.8459,0.9994,41.6865,1,0.5,1,2,0.0789,1,0.0,2,High Open-Source Contributor,Strong match (Score: 54.6). Matched 1/2 required skills (50%). domain aligned. Segment: High Open-Source Contributor.
1ee97fc8-a9e6-4a93-9b13-b736356a4c9a,proj_0322,7,2,54.2704,38.2998,0.9994,32.8284,1,0.5,1,2,0.0979,1,0.0,3,Emerging Generalist Builder,Strong match (Score: 54.3). Matched 1/2 required skills (50%). domain aligned. Segment: Emerging Generalist Builder.
b3b6351b-3567-4776-9e69-58952ccbd617,proj_0322,8,27,53.7018,37.9395,0.9994,32.8053,1,0.5,1,2,0.0696,1,0.0,2,High Open-Source Contributor,Strong match (Score: 53.7). Matched 1/2 required skills (50%). domain aligned. Segment: High Open-Source Contributor.
e019c590-05ca-4dd0-8414-3264362d7ab3,proj_0322,9,9,49.4846,31.6816,0.9995,17.3193,1,0.5,1,2,0.1218,0,0.0,3,Emerging Generalist Builder,Moderate match (Score: 49.5). Matched 1/2 required skills (50%). Segment: Emerging Generalist Builder.
fb92583d-11ab-4cec-a9fd-c5fd932c1193,proj_0322,10,36,48.5622,30.0355,0.9993,39.0848,1,0.5,1,2,0.1046,0,0.0,1,Hackathon Champion,Moderate match (Score: 48.6). Matched 1/2 required skills (50%). Segment: Hackathon Champion.
ffe0d273-f719-408a-aa21-4cf1c812a031,proj_0323,1,1,78.3536,76.8915,0.9996,77.8938,1,1.0,4,4,0.3406,1,0.0,3,Emerging Generalist Builder,Exceptional match (Score: 78.4). Matched 4/4 required skills (100%). high text similarity (0.34). domain aligned. Segment: Emerging Generalist Builder.
9ae589e7-8191-4300-a84f-0a6aad97c42a,proj_0323,2,1,72.288,69.4963,0.9996,70.4204,1,0.75,3,4,0.3001,1,0.0,3,Emerging Generalist Builder,Strong match (Score: 72.3). Matched 3/4 required skills (75%). high text similarity (0.30). domain aligned. Segment: Emerging Generalist Builder.
61ef963c-2d5a-43ec-831d-06a2131d686e,proj_0323,3,3,65.6927,59.6367,0.9995,54.7777,1,0.75,3,4,0.2902,0,0.0,0,Applied Project Specialist,Strong match (Score: 65.7). Matched 3/4 required skills (75%). high text similarity (0.29). Segment: Applied Project Specialist.
4840528d-44a9-4c59-b980-d62a7738dead,proj_0323,4,1,65.1986,56.6466,0.9995,55.5516,1,0.75,3,4,0.337,0,0.0,2,High Open-Source Contributor,Strong match (Score: 65.2). Matched 3/4 required skills (75%). high text similarity (0.34). Segment: High Open-Source Contributor.
b39b7e89-5127-4811-914d-ab307bcb6379,proj_0323,5,2,64.5389,56.396,0.9995,59.411,1,0.75,3,4,0.2997,0,0.0,2,High Open-Source Contributor,Strong match (Score: 64.5). Matched 3/4 required skills (75%). high text similarity (0.30). Segment: High Open-Source Contributor.
99d675f5-481c-4a42-ab83-626ee52dd60c,proj_0323,6,13,60.1393,50.8796,0.9995,55.7494,1,0.75,3,4,0.1535,0,0.0,0,Applied Project Specialist,Strong match (Score: 60.1). Matched 3/4 required skills (75%). high text similarity (0.15). Segment: Applied Project Specialist.
ddd531e1-0440-48ae-800a-f20c41af69f6,proj_0323,7,4,54.7757,41.6693,0.9995,37.0859,1,0.5,2,4,0.2082,0,0.0,2,High Open-Source Contributor,Strong match (Score: 54.8). Matched 2/4 required skills (50%). high text similarity (0.21). Segment: High Open-Source Contributor.
221c46a1-750f-4420-91f2-226350f81809,proj_0323,8,10,54.6219,42.1228,0.9989,40.7944,1,0.25,1,4,0.1315,1,0.3333,3,Emerging Generalist Builder,Strong match (Score: 54.6). Matched 1/4 required skills (25%). domain aligned. Segment: Emerging Generalist Builder.
6865cca3-4c65-4233-ad13-01f07df1e294,proj_0323,9,13,54.4171,41.9278,0.9995,44.0805,1,0.5,2,4,0.1774,0,0.0,2,High Open-Source Contributor,Strong match (Score: 54.4). Matched 2/4 required skills (50%). high text similarity (0.18). Segment: High Open-Source Contributor.
c0d7e26a-5ff2-486e-9549-731319f1a415,proj_0323,10,14,54.189,40.0675,0.9995,40.9936,1,0.5,2,4,0.2118,0,0.0,1,Hackathon Champion,Strong match (Score: 54.2). Matched 2/4 required skills (50%). high text similarity (0.21). Segment: Hackathon Champion.
dfd6a237-0a98-43be-8837-4607f5015d2c,proj_0324,1,1,73.1812,70.3542,0.9996,72.1834,1,1.0,4,4,0.1701,1,0.0,2,High Open-Source Contributor,Strong match (Score: 73.2). Matched 4/4 required skills (100%). high text similarity (0.17). domain aligned. Segment: High Open-Source Contributor.
e4c102b8-80bb-4fe3-9020-55e2e1c77522,proj_0324,2,2,67.4531,62.4903,0.9996,64.2189,1,0.75,3,4,0.1646,1,0.0,2,High Open-Source Contributor,Strong match (Score: 67.5). Matched 3/4 required skills (75%). high text similarity (0.16). domain aligned. Segment: High Open-Source Contributor.
ce5c719e-0eba-4ee2-9b14-0345a49fc6d3,proj_0324,3,2,61.7176,54.8672,0.9995,58.7651,1,0.75,3,4,0.1246,0,0.1667,0,Applied Project Specialist,Strong match (Score: 61.7). Matched 3/4 required skills (75%). Segment: Applied Project Specialist.
31af78ed-9dda-4632-a904-96cb721a1963,proj_0324,4,5,59.8416,51.2339,0.9996,58.7211,1,0.5,2,4,0.124,1,0.0,0,Applied Project Specialist,Strong match (Score: 59.8). Matched 2/4 required skills (50%). domain aligned. Segment: Applied Project Specialist.
5c9edf70-b59e-4883-a7bb-83d28eedbee5,proj_0324,5,8,59.7216,50.694,0.9996,57.2371,1,0.5,2,4,0.1304,1,0.0,1,Hackathon Champion,Strong match (Score: 59.7). Matched 2/4 required skills (50%). domain aligned. Segment: Hackathon Champion.
dcb6a76d-24ae-4ddd-b286-849f0bc7b932,proj_0324,6,2,59.3079,48.5986,0.9995,44.1259,1,0.75,3,4,0.1589,0,0.0,2,High Open-Source Contributor,Strong match (Score: 59.3). Matched 3/4 required skills (75%). high text similarity (0.16). Segment: High Open-Source Contributor.
57f1deb3-f6b6-4040-937c-f8842a4bdeb1,proj_0324,7,8,59.3031,48.609,0.9995,46.2069,1,0.75,3,4,0.1583,0,0.0,2,High Open-Source Contributor,Strong match (Score: 59.3). Matched 3/4 required skills (75%). high text similarity (0.16). Segment: High Open-Source Contributor.
03475a14-2a18-4b0b-93f5-ee3f95eb5625,proj_0324,8,3,57.8473,45.7945,0.9995,48.0729,1,0.75,3,4,0.1363,0,0.0,3,Emerging Generalist Builder,Strong match (Score: 57.8). Matched 3/4 required skills (75%). Segment: Emerging Generalist Builder.
bb770a17-7d83-4cbb-aca4-e2a868dafa3e,proj_0324,9,10,57.3247,46.3556,0.9994,43.0924,1,0.75,3,4,0.0867,0,0.0,3,Emerging Generalist Builder,Strong match (Score: 57.3). Matched 3/4 required skills (75%). Segment: Emerging Generalist Builder.
65fb74d3-9211-4e75-a64c-e76a89893ccc,proj_0324,10,10,56.9496,45.6502,0.9994,46.7889,1,0.5,2,4,0.0805,1,0.0,0,Applied Project Specialist,Strong match (Score: 56.9). Matched 2/4 required skills (50%). domain aligned. Segment: Applied Project Specialist.
6d04bbd9-50f3-4969-a3f7-bb0d4f0614fe,proj_0325,1,1,71.9046,68.6503,0.9995,77.042,1,1.0,4,4,0.2973,0,0.0,0,Applied Project Specialist,Strong match (Score: 71.9). Matched 4/4 required skills (100%). high text similarity (0.30). Segment: Applied Project Specialist.
26223b4e-f7fb-44af-b779-ee91d39509a7,proj_0325,2,2,62.8087,55.0856,0.9995,55.6842,1,0.75,3,4,0.2193,0,0.0,0,Applied Project Specialist,Strong match (Score: 62.8). Matched 3/4 required skills (75%). high text similarity (0.22). Segment: Applied Project Specialist.
a6cacd0c-eb5c-486a-a0d1-251027a2b59b,proj_0325,3,1,61.664,50.7087,0.9995,56.2252,1,0.75,3,4,0.2597,0,0.0,3,Emerging Generalist Builder,Strong match (Score: 61.7). Matched 3/4 required skills (75%). high text similarity (0.26). Segment: Emerging Generalist Builder.
0c8bb400-827f-49e1-a7d9-1d94cb7f8dfc,proj_0325,4,5,56.4731,44.6941,0.9995,37.4903,1,0.5,2,4,0.2407,0,0.0,1,Hackathon Champion,Strong match (Score: 56.5). Matched 2/4 required skills (50%). high text similarity (0.24). Segment: Hackathon Champion.
6d8f0325-f1c0-4cae-b27e-784bc5bd1b60,proj_0325,5,6,55.1473,42.1294,0.9995,46.3452,1,0.5,2,4,0.2207,0,0.0,1,Hackathon Champion,Strong match (Score: 55.1). Matched 2/4 required skills (50%). high text similarity (0.22). Segment: Hackathon Champion.
6c5a40d6-81b7-4c8c-8a43-28cbe9f7b6b1,proj_0325,6,8,55.0871,41.529,0.9995,30.1206,1,0.5,2,4,0.2327,0,0.0,3,Emerging Generalist Builder,Strong match (Score: 55.1). Matched 2/4 required skills (50%). high text similarity (0.23). Segment: Emerging Generalist Builder.
8b45903d-f859-457f-8517-b7b0cb85a48a,proj_0325,7,4,54.4971,41.9553,0.9995,39.3079,1,0.5,2,4,0.182,0,0.0,0,Applied Project Specialist,Strong match (Score: 54.5). Matched 2/4 required skills (50%). high text similarity (0.18). Segment: Applied Project Specialist.
03e9d033-81a7-4e41-826e-0f695e2ea75b,proj_0325,8,6,54.4145,41.01,0.9995,50.496,1,0.5,2,4,0.2017,0,0.0,2,High Open-Source Contributor,Strong match (Score: 54.4). Matched 2/4 required skills (50%). high text similarity (0.20). Segment: High Open-Source Contributor.
fc2e2e44-67a1-49c0-8deb-aae8b7fd05ce,proj_0325,9,9,54.2369,41.7885,0.9995,43.6089,1,0.5,2,4,0.1691,0,0.0,2,High Open-Source Contributor,Strong match (Score: 54.2). Matched 2/4 required skills (50%). high text similarity (0.17). Segment: High Open-Source Contributor.
3c7d4f2c-e091-420f-812c-b1f63fa6cc28,proj_0325,10,6,53.8583,38.8246,0.9995,34.8448,1,0.5,2,4,0.2229,0,0.0,3,Emerging Generalist Builder,Strong match (Score: 53.9). Matched 2/4 required skills (50%). high text similarity (0.22). Segment: Emerging Generalist Builder.
6d04bbd9-50f3-4969-a3f7-bb0d4f0614fe,proj_0326,1,2,67.0288,58.9582,0.9995,62.395,1,1.0,2,2,0.2307,0,0.0,0,Applied Project Specialist,Strong match (Score: 67.0). Matched 2/2 required skills (100%). high text similarity (0.23). Segment: Applied Project Specialist.
a8b3e1b2-de65-49e5-9789-63217c28db6d,proj_0326,2,1,64.8978,54.2532,0.9995,49.1582,1,1.0,2,2,0.2141,0,0.0,2,High Open-Source Contributor,Strong match (Score: 64.9). Matched 2/2 required skills (100%). high text similarity (0.21). Segment: High Open-Source Contributor.
26223b4e-f7fb-44af-b779-ee91d39509a7,proj_0326,3,24,51.4438,35.0607,0.9995,35.3169,1,0.5,1,2,0.1623,0,0.0,0,Applied Project Specialist,Strong match (Score: 51.4). Matched 1/2 required skills (50%). high text similarity (0.16). Segment: Applied Project Specialist.
6d8f0325-f1c0-4cae-b27e-784bc5bd1b60,proj_0326,4,17,50.9667,33.2867,0.9995,36.6737,1,0.5,1,2,0.1778,0,0.0,1,Hackathon Champion,Strong match (Score: 51.0). Matched 1/2 required skills (50%). high text similarity (0.18). Segment: Hackathon Champion.
f1371c2b-d4f4-49e6-af42-977e4a370bf5,proj_0326,5,7,50.853,34.3338,0.9995,32.0449,1,0.5,1,2,0.1423,0,0.0,0,Applied Project Specialist,Strong match (Score: 50.9). Matched 1/2 required skills (50%). Segment: Applied Project Specialist.
03e9d033-81a7-4e41-826e-0f695e2ea75b,proj_0326,6,12,49.8941,31.1791,0.9995,26.7336,1,0.5,1,2,0.1625,0,0.0,2,High Open-Source Contributor,Moderate match (Score: 49.9). Matched 1/2 required skills (50%). high text similarity (0.16). Segment: High Open-Source Contributor.
6c5a40d6-81b7-4c8c-8a43-28cbe9f7b6b1,proj_0326,7,12,49.6166,30.2489,0.9995,33.4669,1,0.5,1,2,0.1688,0,0.0,3,Emerging Generalist Builder,Moderate match (Score: 49.6). Matched 1/2 required skills (50%). high text similarity (0.17). Segment: Emerging Generalist Builder.
9aa99dc7-a5e9-4eee-acb5-b5656d6583c8,proj_0326,8,4,49.3567,29.8954,0.9995,27.5935,1,0.5,1,2,0.1609,0,0.0,3,Emerging Generalist Builder,Moderate match (Score: 49.4). Matched 1/2 required skills (50%). high text similarity (0.16). Segment: Emerging Generalist Builder.
0398edf0-1654-443e-8430-98ce7d688969,proj_0326,9,11,48.6431,28.0402,0.9995,32.2755,1,0.5,1,2,0.1628,0,0.0,3,Emerging Generalist Builder,Moderate match (Score: 48.6). Matched 1/2 required skills (50%). high text similarity (0.16). Segment: Emerging Generalist Builder.
db9b9a6c-7010-490f-b192-b87384ac6cdb,proj_0326,10,14,46.8507,27.6055,0.9994,17.2783,1,0.5,1,2,0.0551,0,0.0,1,Hackathon Champion,Moderate match (Score: 46.9). Matched 1/2 required skills (50%). Segment: Hackathon Champion.
99d675f5-481c-4a42-ab83-626ee52dd60c,proj_0327,1,2,76.1354,74.8209,0.9996,79.543,1,1.0,3,3,0.2146,1,0.2,0,Applied Project Specialist,Exceptional match (Score: 76.1). Matched 3/3 required skills (100%). high text similarity (0.21). domain aligned. Segment: Applied Project Specialist.
6865cca3-4c65-4233-ad13-01f07df1e294,proj_0327,2,1,74.9217,72.9879,0.9996,84.418,1,1.0,3,3,0.2159,1,0.0,2,High Open-Source Contributor,Strong match (Score: 74.9). Matched 3/3 required skills (100%). high text similarity (0.22). domain aligned. Segment: High Open-Source Contributor.
0decaf73-52c9-42b3-86a1-ab4cceda8b82,proj_0327,3,1,67.0707,59.8131,0.9995,62.4378,1,1.0,3,3,0.2107,0,0.0,2,High Open-Source Contributor,Strong match (Score: 67.1). Matched 3/3 required skills (100%). high text similarity (0.21). Segment: High Open-Source Contributor.
c0d7e26a-5ff2-486e-9549-731319f1a415,proj_0327,4,2,66.1412,58.0292,0.9993,55.4632,1,1.0,3,3,0.1967,0,0.0,1,Hackathon Champion,Strong match (Score: 66.1). Matched 3/3 required skills (100%). high text similarity (0.20). Segment: Hackathon Champion.
9ae589e7-8191-4300-a84f-0a6aad97c42a,proj_0327,5,3,65.7795,56.8812,0.9995,64.2046,1,1.0,3,3,0.2028,0,0.0,3,Emerging Generalist Builder,Strong match (Score: 65.8). Matched 3/3 required skills (100%). high text similarity (0.20). Segment: Emerging Generalist Builder.
9965fb9a-60f0-4faa-a4c2-69d5bf9b8f86,proj_0327,6,6,64.5581,55.5827,0.9995,61.6724,1,1.0,3,3,0.156,0,0.0,0,Applied Project Specialist,Strong match (Score: 64.6). Matched 3/3 required skills (100%). high text similarity (0.16). Segment: Applied Project Specialist.
9bcd80ff-d980-4c47-8d24-7aefd1f1c6d6,proj_0327,7,2,63.5428,54.482,0.9996,53.1893,1,0.6667,2,3,0.173,1,0.0,2,High Open-Source Contributor,Strong match (Score: 63.5). Matched 2/3 required skills (67%). high text similarity (0.17). domain aligned. Segment: High Open-Source Contributor.
91c33b06-c698-49f7-b17c-be3d4a8a4efe,proj_0327,8,1,61.8135,51.7488,0.9993,63.5055,1,0.6667,2,3,0.1312,1,0.0,2,High Open-Source Contributor,Strong match (Score: 61.8). Matched 2/3 required skills (67%). domain aligned. Segment: High Open-Source Contributor.
d3ced1b7-92b3-466b-92fa-4d0f7d7ebdfa,proj_0327,9,7,61.4945,51.5474,0.9995,58.953,1,0.6667,2,3,0.1149,1,0.0,0,Applied Project Specialist,Strong match (Score: 61.5). Matched 2/3 required skills (67%). domain aligned. Segment: Applied Project Specialist.
865025ab-17ab-4a0a-9d53-5985612261a0,proj_0327,10,1,60.8771,49.1077,0.9993,49.1296,1,0.6667,2,3,0.1392,1,0.0,3,Emerging Generalist Builder,Strong match (Score: 60.9). Matched 2/3 required skills (67%). domain aligned. Segment: Emerging Generalist Builder.
6865cca3-4c65-4233-ad13-01f07df1e294,proj_0328,1,3,69.1004,63.736,0.9995,62.3249,1,1.0,4,4,0.2414,0,0.0,2,High Open-Source Contributor,Strong match (Score: 69.1). Matched 4/4 required skills (100%). high text similarity (0.24). Segment: High Open-Source Contributor.
61ef963c-2d5a-43ec-831d-06a2131d686e,proj_0328,2,4,62.9958,54.4883,0.9995,52.7477,1,0.75,3,4,0.2477,0,0.0,0,Applied Project Specialist,Strong match (Score: 63.0). Matched 3/4 required skills (75%). high text similarity (0.25). Segment: Applied Project Specialist.
c0d7e26a-5ff2-486e-9549-731319f1a415,proj_0328,3,5,61.5587,51.2817,0.9995,55.2247,1,0.75,3,4,0.2374,0,0.0,1,Hackathon Champion,Strong match (Score: 61.6). Matched 3/4 required skills (75%). high text similarity (0.24). Segment: Hackathon Champion.
9ae589e7-8191-4300-a84f-0a6aad97c42a,proj_0328,4,5,61.0429,49.7148,0.9995,45.598,1,0.75,3,4,0.2448,0,0.0,3,Emerging Generalist Builder,Strong match (Score: 61.0). Matched 3/4 required skills (75%). high text similarity (0.24). Segment: Emerging Generalist Builder.
9965fb9a-60f0-4faa-a4c2-69d5bf9b8f86,proj_0328,5,8,60.336,49.6838,0.9995,43.1087,1,0.75,3,4,0.1985,0,0.0,0,Applied Project Specialist,Strong match (Score: 60.3). Matched 3/4 required skills (75%). high text similarity (0.20). Segment: Applied Project Specialist.
99d675f5-481c-4a42-ab83-626ee52dd60c,proj_0328,6,12,60.2119,50.6334,0.9995,52.3214,1,0.75,3,4,0.1649,0,0.0,0,Applied Project Specialist,Strong match (Score: 60.2). Matched 3/4 required skills (75%). high text similarity (0.16). Segment: Applied Project Specialist.
0decaf73-52c9-42b3-86a1-ab4cceda8b82,proj_0328,7,7,54.3998,40.6771,0.9995,46.8267,1,0.5,2,4,0.2096,0,0.0,2,High Open-Source Contributor,Strong match (Score: 54.4). Matched 2/4 required skills (50%). high text similarity (0.21). Segment: High Open-Source Contributor.
b39b7e89-5127-4811-914d-ab307bcb6379,proj_0328,8,10,54.382,40.775,0.9995,45.7947,1,0.5,2,4,0.2058,0,0.0,2,High Open-Source Contributor,Strong match (Score: 54.4). Matched 2/4 required skills (50%). high text similarity (0.21). Segment: High Open-Source Contributor.
542b7d19-73c7-45fb-b92c-53bcb997d9cf,proj_0328,9,16,54.2555,40.8525,0.9995,41.7308,1,0.5,2,4,0.1953,0,0.0,1,Hackathon Champion,Strong match (Score: 54.3). Matched 2/4 required skills (50%). high text similarity (0.20). Segment: Hackathon Champion.
4840528d-44a9-4c59-b980-d62a7738dead,proj_0328,10,6,53.2616,39.2753,0.9995,47.1165,1,0.5,2,4,0.1711,0,0.0,2,High Open-Source Contributor,Strong match (Score: 53.3). Matched 2/4 required skills (50%). high text similarity (0.17). Segment: High Open-Source Contributor.
689ef428-5690-41ea-8a1b-ebc15103c183,proj_0329,1,1,79.282,80.9374,0.9996,90.9644,1,1.0,4,4,0.2946,1,0.0,2,High Open-Source Contributor,Exceptional match (Score: 79.3). Matched 4/4 required skills (100%). high text similarity (0.29). domain aligned. Segment: High Open-Source Contributor.
85821370-f883-484e-94ee-f6ae8dc26c65,proj_0329,2,1,73.8744,73.9573,0.9996,67.9173,1,0.75,3,4,0.2869,1,0.0,1,Hackathon Champion,Strong match (Score: 73.9). Matched 3/4 required skills (75%). high text similarity (0.29). domain aligned. Segment: Hackathon Champion.
6c330b26-96e7-4e06-adf2-825da3cf559f,proj_0329,3,4,68.517,62.1201,0.9995,64.1606,1,1.0,4,4,0.2456,0,0.0,2,High Open-Source Contributor,Strong match (Score: 68.5). Matched 4/4 required skills (100%). high text similarity (0.25). Segment: High Open-Source Contributor.
359cd95a-3ba1-415a-89c5-e2d4d3e11945,proj_0329,4,2,62.9797,54.5492,0.9995,46.2444,1,0.75,3,4,0.245,0,0.0,2,High Open-Source Contributor,Strong match (Score: 63.0). Matched 3/4 required skills (75%). high text similarity (0.24). Segment: High Open-Source Contributor.
347dcda4-cc34-4117-be02-c3eeaaf8878f,proj_0329,5,3,62.9504,54.2553,0.9996,68.2129,1,0.5,2,4,0.2229,1,0.1667,3,Emerging Generalist Builder,Strong match (Score: 63.0). Matched 2/4 required skills (50%). high text similarity (0.22). domain aligned. Segment: Emerging Generalist Builder.
1cca7ff7-949b-4b61-ab87-5e3a12f08e01,proj_0329,6,4,62.1019,53.2398,0.9995,59.0596,1,0.5,2,4,0.2214,1,0.0,3,Emerging Generalist Builder,Strong match (Score: 62.1). Matched 2/4 required skills (50%). high text similarity (0.22). domain aligned. Segment: Emerging Generalist Builder.
c443afae-85b7-4769-9c9b-3aa42d2f9b49,proj_0329,7,8,60.7359,50.1773,0.9995,55.0423,1,0.75,3,4,0.212,0,0.0,3,Emerging Generalist Builder,Strong match (Score: 60.7). Matched 3/4 required skills (75%). high text similarity (0.21). Segment: Emerging Generalist Builder.
0c80f749-3d68-49f7-b466-a887bbecea6b,proj_0329,8,7,60.7228,50.1744,0.9995,45.4604,1,0.75,3,4,0.2112,0,0.0,2,High Open-Source Contributor,Strong match (Score: 60.7). Matched 3/4 required skills (75%). high text similarity (0.21). Segment: High Open-Source Contributor.
29a70b35-707c-484f-8bb5-8b215d6ebcd4,proj_0329,9,8,60.2489,49.3834,0.9994,52.9889,1,0.75,3,4,0.2009,0,0.0,2,High Open-Source Contributor,Strong match (Score: 60.2). Matched 3/4 required skills (75%). high text similarity (0.20). Segment: High Open-Source Contributor.
4f7b4233-d37f-40e9-b1c8-3850e71693d5,proj_0329,10,5,60.0075,51.8026,0.9996,39.46,1,0.5,2,4,0.1199,1,0.0,2,High Open-Source Contributor,Strong match (Score: 60.0). Matched 2/4 required skills (50%). domain aligned. Segment: High Open-Source Contributor.
b72b4665-e42c-4033-9c61-31b99ebc5161,proj_0330,1,2,75.8819,74.7284,0.9996,79.6335,1,1.0,3,3,0.2335,1,0.0,2,High Open-Source Contributor,Exceptional match (Score: 75.9). Matched 3/3 required skills (100%). high text similarity (0.23). domain aligned. Segment: High Open-Source Contributor.
97f73fec-5bfb-4202-afdc-2b2e1ddf4d87,proj_0330,2,2,68.9169,62.781,0.9993,61.8286,1,1.0,3,3,0.2217,0,0.2,2,High Open-Source Contributor,Strong match (Score: 68.9). Matched 3/3 required skills (100%). high text similarity (0.22). Segment: High Open-Source Contributor.
d0b145e9-d7e7-4c2c-8a38-d3590f04765d,proj_0330,3,2,66.6838,58.9207,0.9995,57.6721,1,1.0,3,3,0.2087,0,0.0,3,Emerging Generalist Builder,Strong match (Score: 66.7). Matched 3/3 required skills (100%). high text similarity (0.21). Segment: Emerging Generalist Builder.
762d9ef6-91f9-45a9-b70e-026d55968fd6,proj_0330,4,4,66.3699,57.896,0.9995,60.9699,1,1.0,3,3,0.2151,0,0.0,3,Emerging Generalist Builder,Strong match (Score: 66.4). Matched 3/3 required skills (100%). high text similarity (0.22). Segment: Emerging Generalist Builder.
8ca7b2f9-b286-4535-ad63-ce138605bd4f,proj_0330,5,2,61.1053,50.5819,0.9995,52.4412,1,0.6667,2,3,0.2397,0,0.25,3,Emerging Generalist Builder,Strong match (Score: 61.1). Matched 2/3 required skills (67%). high text similarity (0.24). Segment: Emerging Generalist Builder.
eaaf1148-a323-40bb-9ae9-592ace11a073,proj_0330,6,5,61.0551,51.0422,0.9995,42.9198,1,0.6667,2,3,0.2102,0,0.3333,2,High Open-Source Contributor,Strong match (Score: 61.1). Matched 2/3 required skills (67%). high text similarity (0.21). Segment: High Open-Source Contributor.
6bd9ad33-a59a-410c-b027-98aa5712fb14,proj_0330,7,3,58.866,46.9249,0.9995,56.3128,1,0.6667,2,3,0.2296,0,0.0,3,Emerging Generalist Builder,Strong match (Score: 58.9). Matched 2/3 required skills (67%). high text similarity (0.23). Segment: Emerging Generalist Builder.
4a592bb5-0eb1-4432-9361-7200f4085604,proj_0330,8,7,56.7841,43.2203,0.9995,48.1073,1,0.6667,2,3,0.1896,0,0.0,2,High Open-Source Contributor,Strong match (Score: 56.8). Matched 2/3 required skills (67%). high text similarity (0.19). Segment: High Open-Source Contributor.
5f1f946b-d5f8-40bb-8a4e-e31b98a7063b,proj_0330,9,7,56.6901,42.9815,0.9995,46.6203,1,0.6667,2,3,0.1897,0,0.0,2,High Open-Source Contributor,Strong match (Score: 56.7). Matched 2/3 required skills (67%). high text similarity (0.19). Segment: High Open-Source Contributor.
087b73f9-9ad8-434c-b57d-4f1046ff9811,proj_0330,10,3,56.3199,41.9623,0.9995,40.3009,1,0.6667,2,3,0.1922,0,0.0,3,Emerging Generalist Builder,Strong match (Score: 56.3). Matched 2/3 required skills (67%). high text similarity (0.19). Segment: Emerging Generalist Builder.
b72b4665-e42c-4033-9c61-31b99ebc5161,proj_0331,1,1,79.433,81.1575,0.9996,76.3734,1,1.0,4,4,0.2988,1,0.0,2,High Open-Source Contributor,Exceptional match (Score: 79.4). Matched 4/4 required skills (100%). high text similarity (0.30). domain aligned. Segment: High Open-Source Contributor.
fd0feb1e-8702-4e30-9a7d-f1a6152889b2,proj_0331,2,2,68.6815,61.7251,0.9995,65.403,1,1.0,4,4,0.2671,0,0.0,3,Emerging Generalist Builder,Strong match (Score: 68.7). Matched 4/4 required skills (100%). high text similarity (0.27). Segment: Emerging Generalist Builder.
762d9ef6-91f9-45a9-b70e-026d55968fd6,proj_0331,3,3,67.4259,59.4935,0.9995,58.0582,1,1.0,4,4,0.2429,0,0.0,3,Emerging Generalist Builder,Strong match (Score: 67.4). Matched 4/4 required skills (100%). high text similarity (0.24). Segment: Emerging Generalist Builder.
f7b70b73-2af4-4692-a81e-e6701cc777f8,proj_0331,4,2,66.4493,60.7895,0.9995,54.7446,1,0.75,3,4,0.3099,0,0.0,2,High Open-Source Contributor,Strong match (Score: 66.4). Matched 3/4 required skills (75%). high text similarity (0.31). Segment: High Open-Source Contributor.
4a592bb5-0eb1-4432-9361-7200f4085604,proj_0331,5,3,61.6461,51.9241,0.9995,56.5596,1,0.75,3,4,0.2261,0,0.0,2,High Open-Source Contributor,Strong match (Score: 61.6). Matched 3/4 required skills (75%). high text similarity (0.23). Segment: High Open-Source Contributor.
5f1f946b-d5f8-40bb-8a4e-e31b98a7063b,proj_0331,6,5,61.2868,51.022,0.9995,57.3,1,0.75,3,4,0.2262,0,0.0,2,High Open-Source Contributor,Strong match (Score: 61.3). Matched 3/4 required skills (75%). high text similarity (0.23). Segment: High Open-Source Contributor.
97f73fec-5bfb-4202-afdc-2b2e1ddf4d87,proj_0331,7,6,61.254,51.7875,0.9995,48.239,1,0.75,3,4,0.2036,0,0.0,2,High Open-Source Contributor,Strong match (Score: 61.3). Matched 3/4 required skills (75%). high text similarity (0.20). Segment: High Open-Source Contributor.
277d73e1-a781-4bdf-a6f2-d6c53560bc03,proj_0331,8,5,58.4192,46.973,0.9995,49.3795,1,0.75,3,4,0.143,0,0.0,1,Hackathon Champion,Strong match (Score: 58.4). Matched 3/4 required skills (75%). Segment: Hackathon Champion.
2c34b234-dd0c-4b60-91a8-9959c95c9859,proj_0331,9,7,54.5971,40.5627,0.9995,35.2667,1,0.5,2,4,0.2258,0,0.0,1,Hackathon Champion,Strong match (Score: 54.6). Matched 2/4 required skills (50%). high text similarity (0.23). Segment: Hackathon Champion.
6bd9ad33-a59a-410c-b027-98aa5712fb14,proj_0331,10,6,54.4513,40.9258,0.9995,42.3469,1,0.5,2,4,0.2064,0,0.0,3,Emerging Generalist Builder,Strong match (Score: 54.5). Matched 2/4 required skills (50%). high text similarity (0.21). Segment: Emerging Generalist Builder.
3a212f49-df4c-495e-9787-a66a9881678f,proj_0332,1,1,79.9485,81.4226,0.9996,86.8543,1,1.0,4,4,0.3261,1,0.0,2,High Open-Source Contributor,Exceptional match (Score: 79.9). Matched 4/4 required skills (100%). high text similarity (0.33). domain aligned. Segment: High Open-Source Contributor.
0b5106f1-f666-4035-8004-d8f2e00a6a1d,proj_0332,2,3,74.2332,73.5418,0.9996,73.8064,1,0.75,3,4,0.3219,1,0.0,2,High Open-Source Contributor,Strong match (Score: 74.2). Matched 3/4 required skills (75%). high text similarity (0.32). domain aligned. Segment: High Open-Source Contributor.
31923181-f583-4704-8bd5-7071757bb7b2,proj_0332,3,2,71.5313,67.1921,0.9995,68.8598,1,1.0,4,4,0.3113,0,0.0,2,High Open-Source Contributor,Strong match (Score: 71.5). Matched 4/4 required skills (100%). high text similarity (0.31). Segment: High Open-Source Contributor.
ae3dcd6d-68be-4555-8891-2616eea6618b,proj_0332,4,8,66.2192,60.7017,0.9995,54.1023,1,0.75,3,4,0.2969,0,0.0,0,Applied Project Specialist,Strong match (Score: 66.2). Matched 3/4 required skills (75%). high text similarity (0.30). Segment: Applied Project Specialist.
fdc30964-24b1-415d-88e7-290336637cf5,proj_0332,5,5,63.6393,54.8971,0.9995,53.6263,1,0.75,3,4,0.2797,0,0.0,2,High Open-Source Contributor,Strong match (Score: 63.6). Matched 3/4 required skills (75%). high text similarity (0.28). Segment: High Open-Source Contributor.
3f631164-dc26-430c-8497-8c7760bfcedd,proj_0332,6,16,59.8412,49.9692,0.9995,54.5131,1,0.75,3,4,0.1579,0,0.0,1,Hackathon Champion,Strong match (Score: 59.8). Matched 3/4 required skills (75%). high text similarity (0.16). Segment: Hackathon Champion.
be383411-f3cf-4b9b-86fc-e4856043fba8,proj_0332,7,4,59.5453,48.8995,0.9995,55.4191,1,0.75,3,4,0.1667,0,0.0,1,Hackathon Champion,Strong match (Score: 59.5). Matched 3/4 required skills (75%). high text similarity (0.17). Segment: Hackathon Champion.
387913f7-3bc9-49cb-8fe2-9330745c9851,proj_0332,8,14,58.9168,47.7258,0.9995,52.3963,1,0.75,3,4,0.1561,0,0.0,3,Emerging Generalist Builder,Strong match (Score: 58.9). Matched 3/4 required skills (75%). high text similarity (0.16). Segment: Emerging Generalist Builder.
2fbfa86f-52f2-4cd0-a0d9-623b6209eccd,proj_0332,9,7,57.2125,45.62,0.9995,49.6662,1,0.5,2,4,0.2653,0,0.0,0,Applied Project Specialist,Strong match (Score: 57.2). Matched 2/4 required skills (50%). high text similarity (0.27). Segment: Applied Project Specialist.
5bb79aa1-96a0-4574-ab8a-8a44cc9b7d84,proj_0332,10,12,51.6576,37.9878,0.9982,43.3537,1,0.25,1,4,0.1011,1,0.0,2,High Open-Source Contributor,Strong match (Score: 51.7). Matched 1/4 required skills (25%). domain aligned. Segment: High Open-Source Contributor.
7b929e32-04b2-4631-ad5e-edb95f7b57ce,proj_0333,1,1,80.3537,81.4606,0.9996,86.0749,1,1.0,4,4,0.3521,1,0.0,2,High Open-Source Contributor,Exceptional match (Score: 80.4). Matched 4/4 required skills (100%). high text similarity (0.35). domain aligned. Segment: High Open-Source Contributor.
72784713-9bf5-4872-b81e-90d330240b55,proj_0333,2,1,67.0235,60.9549,0.9995,64.0994,1,0.75,3,4,0.3021,0,0.25,2,High Open-Source Contributor,Strong match (Score: 67.0). Matched 3/4 required skills (75%). high text similarity (0.30). Segment: High Open-Source Contributor.
16e1d5c0-c928-45c9-9206-d483c8771a33,proj_0333,3,3,62.019,53.7913,0.9996,50.3115,1,0.5,2,4,0.1593,1,0.25,3,Emerging Generalist Builder,Strong match (Score: 62.0). Matched 2/4 required skills (50%). high text similarity (0.16). domain aligned. Segment: Emerging Generalist Builder.
c2c837eb-9da5-4084-8bad-249a505da0ef,proj_0333,4,6,61.4471,51.4564,0.9995,52.5628,1,0.75,3,4,0.2253,0,0.0,1,Hackathon Champion,Strong match (Score: 61.4). Matched 3/4 required skills (75%). high text similarity (0.23). Segment: Hackathon Champion.
8fb8eaf8-4080-46bb-b74e-1242acd68205,proj_0333,5,4,60.9534,50.6911,0.9994,54.575,1,0.75,3,4,0.213,0,0.0,2,High Open-Source Contributor,Strong match (Score: 61.0). Matched 3/4 required skills (75%). high text similarity (0.21). Segment: High Open-Source Contributor.
1cca7ff7-949b-4b61-ab87-5e3a12f08e01,proj_0333,6,5,58.9483,49.5595,0.9996,39.2834,1,0.5,2,4,0.1091,1,0.0,3,Emerging Generalist Builder,Strong match (Score: 58.9). Matched 2/4 required skills (50%). domain aligned. Segment: Emerging Generalist Builder.
b92bae36-b338-429c-af78-0cbf3fb8795f,proj_0333,7,8,58.9187,49.2081,0.9996,53.2504,1,0.5,2,4,0.1165,1,0.0,2,High Open-Source Contributor,Strong match (Score: 58.9). Matched 2/4 required skills (50%). domain aligned. Segment: High Open-Source Contributor.
2307d6c1-e503-4021-b867-985d5bdef21c,proj_0333,8,4,58.2136,46.8789,0.9995,39.4814,1,0.75,3,4,0.1318,0,0.0,2,High Open-Source Contributor,Strong match (Score: 58.2). Matched 3/4 required skills (75%). Segment: High Open-Source Contributor.
dc121a55-7e67-46ad-8a5e-d5f29f0627c4,proj_0333,9,4,56.4001,45.6416,0.999,41.2936,1,0.25,1,4,0.1449,1,0.4,0,Applied Project Specialist,Strong match (Score: 56.4). Matched 1/4 required skills (25%). domain aligned. Segment: Applied Project Specialist.
29a70b35-707c-484f-8bb5-8b215d6ebcd4,proj_0333,10,17,55.6481,43.2259,0.9995,49.6769,1,0.5,2,4,0.1693,0,0.3333,2,High Open-Source Contributor,Strong match (Score: 55.6). Matched 2/4 required skills (50%). high text similarity (0.17). Segment: High Open-Source Contributor.
3ed7abd2-0827-4ed4-b481-04b77872f7ed,proj_0334,1,1,68.912,63.8963,0.9995,69.153,1,1.0,3,3,0.1829,0,0.25,2,High Open-Source Contributor,Strong match (Score: 68.9). Matched 3/3 required skills (100%). high text similarity (0.18). Segment: High Open-Source Contributor.
b7e2ecbc-d330-413a-92ac-d3f85a79ef85,proj_0334,2,4,62.7216,51.6141,0.9995,63.5223,1,1.0,3,3,0.1394,0,0.0,3,Emerging Generalist Builder,Strong match (Score: 62.7). Matched 3/3 required skills (100%). Segment: Emerging Generalist Builder.
a488a43c-38ab-4a5d-b6d1-e4ebb9f9c281,proj_0334,3,2,58.4601,46.3472,0.9995,53.9521,1,0.6667,2,3,0.1624,0,0.3333,3,Emerging Generalist Builder,Strong match (Score: 58.5). Matched 2/3 required skills (67%). high text similarity (0.16). Segment: Emerging Generalist Builder.
8d64530c-b109-44d6-898f-58a15a3429d0,proj_0334,4,12,56.2692,44.2167,0.9995,43.5875,1,0.6667,2,3,0.1287,0,0.0,0,Applied Project Specialist,Strong match (Score: 56.3). Matched 2/3 required skills (67%). Segment: Applied Project Specialist.
7c59a687-5d33-4f1e-b160-4b4af927664b,proj_0334,5,6,55.8791,42.5439,0.9995,41.282,1,0.6667,2,3,0.1473,0,0.0,2,High Open-Source Contributor,Strong match (Score: 55.9). Matched 2/3 required skills (67%). Segment: High Open-Source Contributor.
2b147d81-92b6-4409-aa68-a44b06e3083e,proj_0334,6,4,55.3383,41.2782,0.9995,38.4603,1,0.6667,2,3,0.145,0,0.0,2,High Open-Source Contributor,Strong match (Score: 55.3). Matched 2/3 required skills (67%). Segment: High Open-Source Contributor.
bf5c6dbf-7b36-4028-b03b-7b4abbf3532f,proj_0334,7,12,55.0788,41.8594,0.9995,47.4629,1,0.6667,2,3,0.1122,0,0.0,0,Applied Project Specialist,Strong match (Score: 55.1). Matched 2/3 required skills (67%). Segment: Applied Project Specialist.
f4ba3a88-533b-438e-8ace-e729250c8304,proj_0334,8,8,54.9079,40.896,0.9995,36.0662,1,0.6667,2,3,0.1265,0,0.0,2,High Open-Source Contributor,Strong match (Score: 54.9). Matched 2/3 required skills (67%). Segment: High Open-Source Contributor.
132eafd1-24b7-4dd8-b703-0907cb2db46e,proj_0334,9,14,54.8014,41.3386,0.9995,40.8578,1,0.6667,2,3,0.1076,0,0.0,0,Applied Project Specialist,Strong match (Score: 54.8). Matched 2/3 required skills (67%). Segment: Applied Project Specialist.
4740cd5d-ac02-4515-ac53-2040e26b69ba,proj_0334,10,7,53.5425,39.1101,0.9994,43.7272,1,0.6667,2,3,0.0833,0,0.0,2,High Open-Source Contributor,Strong match (Score: 53.5). Matched 2/3 required skills (67%). Segment: High Open-Source Contributor.
97f1639b-02d7-491e-b55e-723ec9973a3b,proj_0335,1,2,63.1972,52.368,0.9995,43.3554,1,1.0,2,2,0.151,0,0.0,2,High Open-Source Contributor,Strong match (Score: 63.2). Matched 2/2 required skills (100%). high text similarity (0.15). Segment: High Open-Source Contributor.
026d7a41-6d0c-4425-bc94-74799fa8319f,proj_0335,2,2,62.0589,49.8673,0.9995,52.397,1,1.0,2,2,0.1418,0,0.0,3,Emerging Generalist Builder,Strong match (Score: 62.1). Matched 2/2 required skills (100%). Segment: Emerging Generalist Builder.
0fb77dc3-3168-4912-8bdb-eb91f70010dd,proj_0335,3,3,61.8558,48.9621,0.9995,47.2858,1,1.0,2,2,0.1524,0,0.0,2,High Open-Source Contributor,Strong match (Score: 61.9). Matched 2/2 required skills (100%). high text similarity (0.15). Segment: High Open-Source Contributor.
bcd5ab2e-cbc6-4fb3-8f9e-4e431f84a173,proj_0335,4,3,61.3103,47.7445,0.9995,40.2022,1,1.0,2,2,0.1485,0,0.0,3,Emerging Generalist Builder,Strong match (Score: 61.3). Matched 2/2 required skills (100%). Segment: Emerging Generalist Builder.
7920e9ba-5787-4e49-814d-3a6830d89f66,proj_0335,5,13,51.4687,34.058,0.9995,26.7432,1,0.5,1,2,0.1907,0,0.0,2,High Open-Source Contributor,Strong match (Score: 51.5). Matched 1/2 required skills (50%). high text similarity (0.19). Segment: High Open-Source Contributor.
1044be72-5821-47e7-92b6-0796d7cba486,proj_0335,6,6,51.0715,33.4549,0.9995,33.6963,1,0.5,1,2,0.1803,0,0.0,2,High Open-Source Contributor,Strong match (Score: 51.1). Matched 1/2 required skills (50%). high text similarity (0.18). Segment: High Open-Source Contributor.
31dcad26-4ef6-4733-ae9d-014171bbf233,proj_0335,7,10,51.0307,33.608,0.9995,29.0827,1,0.5,1,2,0.1735,0,0.0,2,High Open-Source Contributor,Strong match (Score: 51.0). Matched 1/2 required skills (50%). high text similarity (0.17). Segment: High Open-Source Contributor.
f65e9bc5-57b3-4f96-ab99-5e425d46456e,proj_0335,8,5,50.8255,32.9712,0.9995,31.8506,1,0.5,1,2,0.1768,0,0.0,0,Applied Project Specialist,Strong match (Score: 50.8). Matched 1/2 required skills (50%). high text similarity (0.18). Segment: Applied Project Specialist.
63d56c69-55e3-4528-b118-8b57a258f729,proj_0335,9,8,50.0667,32.7879,0.9995,34.7217,1,0.5,1,2,0.1311,0,0.0,0,Applied Project Specialist,Strong match (Score: 50.1). Matched 1/2 required skills (50%). Segment: Applied Project Specialist.
25809a2e-3393-426e-a9de-de07ad084080,proj_0335,10,13,49.9952,31.4281,0.9995,32.6474,1,0.5,1,2,0.1626,0,0.0,2,High Open-Source Contributor,Moderate match (Score: 50.0). Matched 1/2 required skills (50%). high text similarity (0.16). Segment: High Open-Source Contributor.
97f1639b-02d7-491e-b55e-723ec9973a3b,proj_0336,1,1,81.5381,79.7053,0.9996,85.6747,1,1.0,2,2,0.4362,1,0.25,2,High Open-Source Contributor,Exceptional match (Score: 81.5). Matched 2/2 required skills (100%). high text similarity (0.44). domain aligned. Segment: High Open-Source Contributor.
1ec54584-53e9-4aeb-849b-1ecb628f6920,proj_0336,2,1,72.0744,64.4011,0.9995,70.1677,1,1.0,2,2,0.3886,0,0.2,2,High Open-Source Contributor,Strong match (Score: 72.1). Matched 2/2 required skills (100%). high text similarity (0.39). Segment: High Open-Source Contributor.
dff336e8-f014-4b2f-8fc6-e0d658b2c6ee,proj_0336,3,1,70.657,62.0512,0.9995,64.3886,1,1.0,2,2,0.3901,0,0.0,2,High Open-Source Contributor,Strong match (Score: 70.7). Matched 2/2 required skills (100%). high text similarity (0.39). Segment: High Open-Source Contributor.
1044be72-5821-47e7-92b6-0796d7cba486,proj_0336,4,2,58.8996,45.3252,0.9995,52.7691,1,0.5,1,2,0.3523,0,0.2,2,High Open-Source Contributor,Strong match (Score: 58.9). Matched 1/2 required skills (50%). high text similarity (0.35). Segment: High Open-Source Contributor.
0fb77dc3-3168-4912-8bdb-eb91f70010dd,proj_0336,5,5,58.1884,43.6778,0.9995,45.5075,1,0.5,1,2,0.3266,0,0.3333,2,High Open-Source Contributor,Strong match (Score: 58.2). Matched 1/2 required skills (50%). high text similarity (0.33). Segment: High Open-Source Contributor.
345ab973-cb26-4074-b96f-6db8f8e892c3,proj_0336,6,2,56.6608,43.3621,0.9993,47.3538,1,0.5,1,2,0.2558,0,0.2,2,High Open-Source Contributor,Strong match (Score: 56.7). Matched 1/2 required skills (50%). high text similarity (0.26). Segment: High Open-Source Contributor.
026d7a41-6d0c-4425-bc94-74799fa8319f,proj_0336,7,7,55.4481,41.5753,0.9995,47.0263,1,0.5,1,2,0.2222,0,0.2,3,Emerging Generalist Builder,Strong match (Score: 55.4). Matched 1/2 required skills (50%). high text similarity (0.22). Segment: Emerging Generalist Builder.
ab705e8f-b858-4065-affb-a97c46bc3581,proj_0336,8,3,53.6797,37.6243,0.9995,36.1578,1,0.5,1,2,0.243,0,0.0,1,Hackathon Champion,Strong match (Score: 53.7). Matched 1/2 required skills (50%). high text similarity (0.24). Segment: Hackathon Champion.
4732886f-ea61-4283-92e8-e4dd176e752e,proj_0336,9,4,51.9791,34.8991,0.9995,39.7073,1,0.5,1,2,0.2023,0,0.0,2,High Open-Source Contributor,Strong match (Score: 52.0). Matched 1/2 required skills (50%). high text similarity (0.20). Segment: High Open-Source Contributor.
25f8a3d3-8ede-4e0d-bda4-823968c1f78a,proj_0336,10,24,45.4792,26.5698,0.9942,20.5579,1,0.0,0,2,0.1128,1,0.3333,3,Emerging Generalist Builder,Moderate match (Score: 45.5). Matched 0/2 required skills (0%). domain aligned. Segment: Emerging Generalist Builder.
f2678cee-0f88-456f-9d8c-da04a86f8ea8,proj_0337,1,1,81.6397,80.9292,0.9996,83.1727,1,1.0,5,5,0.452,1,0.0,2,High Open-Source Contributor,Exceptional match (Score: 81.6). Matched 5/5 required skills (100%). high text similarity (0.45). domain aligned. Segment: High Open-Source Contributor.
a35e9631-e4eb-4557-a26b-6f2609559a9e,proj_0337,2,1,81.091,79.9324,0.9996,82.4605,1,1.0,5,5,0.442,1,0.0,2,High Open-Source Contributor,Exceptional match (Score: 81.1). Matched 5/5 required skills (100%). high text similarity (0.44). domain aligned. Segment: High Open-Source Contributor.
71347510-c0fa-4c17-9340-1d4f34a9e024,proj_0337,3,1,80.7702,79.5954,0.9996,70.3281,1,1.0,5,5,0.4296,1,0.0,3,Emerging Generalist Builder,Exceptional match (Score: 80.8). Matched 5/5 required skills (100%). high text similarity (0.43). domain aligned. Segment: Emerging Generalist Builder.
67a7cfcd-2ec3-4d77-a65d-e632b87f5456,proj_0337,4,1,75.6981,73.9066,0.9996,68.658,1,0.8,4,5,0.3765,1,0.0,1,Hackathon Champion,Exceptional match (Score: 75.7). Matched 4/5 required skills (80%). high text similarity (0.38). domain aligned. Segment: Hackathon Champion.
7ca1631a-6a33-4d50-b7c4-1812a5884003,proj_0337,5,1,74.5783,73.042,0.9996,74.3178,1,0.8,4,5,0.3249,1,0.0,3,Emerging Generalist Builder,Strong match (Score: 74.6). Matched 4/5 required skills (80%). high text similarity (0.32). domain aligned. Segment: Emerging Generalist Builder.
e010432f-7f95-480f-9c68-b6292bbbbefd,proj_0337,6,3,73.8507,70.118,0.9995,75.7305,1,1.0,5,5,0.3879,0,0.0,2,High Open-Source Contributor,Strong match (Score: 73.9). Matched 5/5 required skills (100%). high text similarity (0.39). Segment: High Open-Source Contributor.
79ace0f3-d328-4e54-99d8-c5fdd11aa452,proj_0337,7,2,73.6991,69.8065,0.9995,72.9318,1,1.0,5,5,0.3861,0,0.0,1,Hackathon Champion,Strong match (Score: 73.7). Matched 5/5 required skills (100%). high text similarity (0.39). Segment: Hackathon Champion.
a7773a57-50bc-47d6-8134-aaf0c5d7ebf2,proj_0337,8,2,73.4372,68.9979,0.9995,67.5715,1,1.0,5,5,0.3902,0,0.0,2,High Open-Source Contributor,Strong match (Score: 73.4). Matched 5/5 required skills (100%). high text similarity (0.39). Segment: High Open-Source Contributor.
a229e7eb-4cc4-4904-bc99-f96417bb5bf0,proj_0337,9,2,72.9969,68.336,0.9995,67.7207,1,1.0,5,5,0.3785,0,0.0,3,Emerging Generalist Builder,Strong match (Score: 73.0). Matched 5/5 required skills (100%). high text similarity (0.38). Segment: Emerging Generalist Builder.
9f9b0eda-2962-4e7d-b183-2577399042d9,proj_0337,10,1,72.8146,67.8653,0.9995,68.6326,1,1.0,5,5,0.3789,0,0.0,3,Emerging Generalist Builder,Strong match (Score: 72.8). Matched 5/5 required skills (100%). high text similarity (0.38). Segment: Emerging Generalist Builder.
78fc6901-7fbc-449d-ba7c-32ccbe16273a,proj_0338,1,1,67.0956,60.779,0.9996,75.2685,1,1.0,4,4,0.1864,0,0.0,2,High Open-Source Contributor,Strong match (Score: 67.1). Matched 4/4 required skills (100%). high text similarity (0.19). Segment: High Open-Source Contributor.
03b5c41b-9b04-4bc6-9771-af990671b169,proj_0338,2,8,60.7662,52.0117,0.9996,43.65,1,0.5,2,4,0.2899,0,0.25,3,Emerging Generalist Builder,Strong match (Score: 60.8). Matched 2/4 required skills (50%). high text similarity (0.29). Segment: Emerging Generalist Builder.
5fac1111-acb9-4ca4-aef3-3570b9713ec1,proj_0338,3,3,57.782,44.9906,0.9995,42.3155,1,0.5,2,4,0.2645,0,0.3333,3,Emerging Generalist Builder,Strong match (Score: 57.8). Matched 2/4 required skills (50%). high text similarity (0.26). Segment: Emerging Generalist Builder.
5a5e88c1-5f2d-4dda-bf2b-57bab8f82575,proj_0338,4,3,57.3282,45.0967,0.9995,46.0846,1,0.75,3,4,0.1203,0,0.0,3,Emerging Generalist Builder,Strong match (Score: 57.3). Matched 3/4 required skills (75%). Segment: Emerging Generalist Builder.
f4ba3a88-533b-438e-8ace-e729250c8304,proj_0338,5,5,56.4625,44.0812,0.9995,40.895,1,0.5,2,4,0.223,0,0.2,2,High Open-Source Contributor,Strong match (Score: 56.5). Matched 2/4 required skills (50%). high text similarity (0.22). Segment: High Open-Source Contributor.
ea526b22-b31d-4bcc-bf22-b26e667a0389,proj_0338,6,10,53.7412,40.2629,0.9995,44.991,1,0.5,2,4,0.1434,0,0.2,1,Hackathon Champion,Strong match (Score: 53.7). Matched 2/4 required skills (50%). Segment: Hackathon Champion.
764a5184-1cb3-4b67-90a5-b8daa11ab4db,proj_0338,7,13,51.2418,35.1446,0.9995,42.6437,1,0.5,2,4,0.1466,0,0.0,3,Emerging Generalist Builder,Strong match (Score: 51.2). Matched 2/4 required skills (50%). Segment: Emerging Generalist Builder.
fdc30964-24b1-415d-88e7-290336637cf5,proj_0338,8,31,50.873,36.3038,0.9983,36.1664,1,0.25,1,4,0.2185,0,0.25,2,High Open-Source Contributor,Strong match (Score: 50.9). Matched 1/4 required skills (25%). high text similarity (0.22). Segment: High Open-Source Contributor.
9f9b0eda-2962-4e7d-b183-2577399042d9,proj_0338,9,14,50.4814,35.1534,0.9981,34.2704,1,0.25,1,4,0.2318,0,0.2,3,Emerging Generalist Builder,Strong match (Score: 50.5). Matched 1/4 required skills (25%). high text similarity (0.23). Segment: Emerging Generalist Builder.
c9831642-b32a-482c-8fe5-23aa771dc05a,proj_0338,10,8,50.4156,34.2377,0.9994,37.3268,1,0.5,2,4,0.1159,0,0.0,1,Hackathon Champion,Strong match (Score: 50.4). Matched 2/4 required skills (50%). Segment: Hackathon Champion.
3c6e4855-a064-45ef-9ba1-692a2a1c9770,proj_0339,1,1,73.3859,67.9734,0.9995,74.741,1,1.0,4,4,0.4141,0,0.0,3,Emerging Generalist Builder,Strong match (Score: 73.4). Matched 4/4 required skills (100%). high text similarity (0.41). Segment: Emerging Generalist Builder.
5c9edf70-b59e-4883-a7bb-83d28eedbee5,proj_0339,2,1,73.308,68.3225,0.9995,63.6613,1,1.0,4,4,0.3996,0,0.0,1,Hackathon Champion,Strong match (Score: 73.3). Matched 4/4 required skills (100%). high text similarity (0.40). Segment: Hackathon Champion.
c7e4375f-a8fd-4865-8103-37abae37a3a5,proj_0339,3,3,72.7863,67.3594,0.9995,67.4588,1,1.0,4,4,0.3905,0,0.0,2,High Open-Source Contributor,Strong match (Score: 72.8). Matched 4/4 required skills (100%). high text similarity (0.39). Segment: High Open-Source Contributor.
afc2bd90-04a1-4a8a-82b7-e1582e9a16d8,proj_0339,4,3,72.6599,67.5197,0.9994,71.1644,1,1.0,4,4,0.378,0,0.0,2,High Open-Source Contributor,Strong match (Score: 72.7). Matched 4/4 required skills (100%). high text similarity (0.38). Segment: High Open-Source Contributor.
57f1deb3-f6b6-4040-937c-f8842a4bdeb1,proj_0339,5,2,72.1565,66.0774,0.9995,65.948,1,1.0,4,4,0.3827,0,0.0,2,High Open-Source Contributor,Strong match (Score: 72.2). Matched 4/4 required skills (100%). high text similarity (0.38). Segment: High Open-Source Contributor.
b0473f2b-3906-4d17-835c-77d14f68153c,proj_0339,6,2,71.7875,64.8551,0.9995,58.4102,1,1.0,4,4,0.3907,0,0.0,2,High Open-Source Contributor,Strong match (Score: 71.8). Matched 4/4 required skills (100%). high text similarity (0.39). Segment: High Open-Source Contributor.
2ed25303-dfc6-477c-8281-739a98dc9cd9,proj_0339,7,1,66.5299,59.0298,0.9995,54.3268,1,0.75,3,4,0.3622,0,0.0,3,Emerging Generalist Builder,Strong match (Score: 66.5). Matched 3/4 required skills (75%). high text similarity (0.36). Segment: Emerging Generalist Builder.
4255926b-5147-4f6a-8eed-9479ec273f86,proj_0339,8,3,65.9468,59.0008,0.9995,60.6161,1,0.75,3,4,0.3241,0,0.0,3,Emerging Generalist Builder,Strong match (Score: 65.9). Matched 3/4 required skills (75%). high text similarity (0.32). Segment: Emerging Generalist Builder.
0eb20fb6-a17a-41e6-846a-933aef316c3a,proj_0339,9,4,65.4976,58.2153,0.9995,45.4214,1,0.75,3,4,0.3151,0,0.0,2,High Open-Source Contributor,Strong match (Score: 65.5). Matched 3/4 required skills (75%). high text similarity (0.32). Segment: High Open-Source Contributor.
e4c102b8-80bb-4fe3-9020-55e2e1c77522,proj_0339,10,7,59.1955,48.8526,0.9995,44.376,1,0.5,2,4,0.3113,0,0.0,2,High Open-Source Contributor,Strong match (Score: 59.2). Matched 2/4 required skills (50%). high text similarity (0.31). Segment: High Open-Source Contributor.
61651476-b23b-4e95-9a84-a886cfb57efc,proj_0340,1,1,71.1157,66.8205,0.9995,68.291,1,1.0,5,5,0.2935,0,0.0,3,Emerging Generalist Builder,Strong match (Score: 71.1). Matched 5/5 required skills (100%). high text similarity (0.29). Segment: Emerging Generalist Builder.
7cbaf425-d5c6-49f3-8efe-1b197b36c98b,proj_0340,2,5,63.836,55.6424,0.9995,57.7012,1,0.8,4,5,0.2396,0,0.0,1,Hackathon Champion,Strong match (Score: 63.8). Matched 4/5 required skills (80%). high text similarity (0.24). Segment: Hackathon Champion.
a1b22b09-722b-4f62-beec-d3e19dbb8026,proj_0340,3,4,62.5651,53.1814,0.9995,48.0814,1,0.8,4,5,0.2205,0,0.0,2,High Open-Source Contributor,Strong match (Score: 62.6). Matched 4/5 required skills (80%). high text similarity (0.22). Segment: High Open-Source Contributor.
afc7e477-3249-4772-95fd-e07a29179270,proj_0340,4,6,59.438,50.0149,0.9995,44.1587,1,0.6,3,5,0.2298,0,0.0,0,Applied Project Specialist,Strong match (Score: 59.4). Matched 3/5 required skills (60%). high text similarity (0.23). Segment: Applied Project Specialist.
865025ab-17ab-4a0a-9d53-5985612261a0,proj_0340,5,4,57.191,44.8624,0.9995,39.4513,1,0.6,3,5,0.2174,0,0.0,3,Emerging Generalist Builder,Strong match (Score: 57.2). Matched 3/5 required skills (60%). high text similarity (0.22). Segment: Emerging Generalist Builder.
49c9b4ca-d134-4461-a277-992b4d6ed843,proj_0340,6,8,56.5224,44.8185,0.9995,42.215,1,0.6,3,5,0.174,0,0.0,2,High Open-Source Contributor,Strong match (Score: 56.5). Matched 3/5 required skills (60%). high text similarity (0.17). Segment: High Open-Source Contributor.
382513f3-1f6e-46a2-bd96-deed53e75a83,proj_0340,7,2,56.3645,44.3301,0.9995,39.8613,1,0.6,3,5,0.1765,0,0.0,3,Emerging Generalist Builder,Strong match (Score: 56.4). Matched 3/5 required skills (60%). high text similarity (0.18). Segment: Emerging Generalist Builder.
d3ced1b7-92b3-466b-92fa-4d0f7d7ebdfa,proj_0340,8,14,55.9716,44.9078,0.9994,35.7742,1,0.6,3,5,0.1351,0,0.0,0,Applied Project Specialist,Strong match (Score: 56.0). Matched 3/5 required skills (60%). Segment: Applied Project Specialist.
ceb57173-b7f5-48a0-998f-44a39197a8ac,proj_0340,9,1,55.9704,43.9934,0.9995,49.3656,1,0.6,3,5,0.1592,0,0.0,2,High Open-Source Contributor,Strong match (Score: 56.0). Matched 3/5 required skills (60%). high text similarity (0.16). Segment: High Open-Source Contributor.
5b3a219d-f774-40a3-8e53-cefbbd95c1b7,proj_0340,10,5,55.9243,43.7169,0.9994,51.133,1,0.6,3,5,0.1637,0,0.0,0,Applied Project Specialist,Strong match (Score: 55.9). Matched 3/5 required skills (60%). high text similarity (0.16). Segment: Applied Project Specialist.
8500cf34-7cf8-4e37-896e-0444443e65af,proj_0341,1,1,79.1041,80.6691,0.9996,82.3006,1,1.0,4,4,0.2899,1,0.0,1,Hackathon Champion,Exceptional match (Score: 79.1). Matched 4/4 required skills (100%). high text similarity (0.29). domain aligned. Segment: Hackathon Champion.
930e1ffd-fd29-4319-a6b1-cc15b7906c5b,proj_0341,2,2,70.3841,65.7953,0.9995,69.0101,1,1.0,4,4,0.2304,0,0.25,2,High Open-Source Contributor,Strong match (Score: 70.4). Matched 4/4 required skills (100%). high text similarity (0.23). Segment: High Open-Source Contributor.
8c18a2bb-3ec0-4545-8fa8-02ccbc89971c,proj_0341,3,3,66.68,58.3676,0.9995,49.0748,1,1.0,4,4,0.2232,0,0.0,3,Emerging Generalist Builder,Strong match (Score: 66.7). Matched 4/4 required skills (100%). high text similarity (0.22). Segment: Emerging Generalist Builder.
43e5a54e-789c-45a4-8d3a-342e4cd105d1,proj_0341,4,2,62.4848,53.8682,0.9995,47.9549,1,0.75,3,4,0.1885,0,0.25,3,Emerging Generalist Builder,Strong match (Score: 62.5). Matched 3/4 required skills (75%). high text similarity (0.19). Segment: Emerging Generalist Builder.
501caa1d-90ea-4e3d-a62b-21d64b15838b,proj_0341,5,6,60.9266,51.3964,0.9995,43.2006,1,0.75,3,4,0.1922,0,0.0,2,High Open-Source Contributor,Strong match (Score: 60.9). Matched 3/4 required skills (75%). high text similarity (0.19). Segment: High Open-Source Contributor.
78ae885f-c435-4649-9c08-d501a77bc648,proj_0341,6,3,60.6663,52.527,0.9995,60.5067,1,0.5,2,4,0.1447,1,0.0,1,Hackathon Champion,Strong match (Score: 60.7). Matched 2/4 required skills (50%). domain aligned. Segment: Hackathon Champion.
221c46a1-750f-4420-91f2-226350f81809,proj_0341,7,5,60.5916,51.399,0.9996,50.7319,1,0.5,2,4,0.1696,1,0.0,3,Emerging Generalist Builder,Strong match (Score: 60.6). Matched 2/4 required skills (50%). high text similarity (0.17). domain aligned. Segment: Emerging Generalist Builder.
fc2e2e44-67a1-49c0-8deb-aae8b7fd05ce,proj_0341,8,1,59.9504,51.6747,0.9996,49.375,1,0.5,2,4,0.1195,1,0.0,2,High Open-Source Contributor,Strong match (Score: 60.0). Matched 2/4 required skills (50%). domain aligned. Segment: High Open-Source Contributor.
0614b282-09f3-41f4-8c80-cd26922cefb7,proj_0341,9,7,59.8735,51.145,0.9996,37.5872,1,0.5,2,4,0.1285,1,0.0,1,Hackathon Champion,Strong match (Score: 59.9). Matched 2/4 required skills (50%). domain aligned. Segment: Hackathon Champion.
ae7ebec1-fd6e-42b9-8252-7ca6592ae554,proj_0341,10,6,59.7785,51.3201,0.9996,45.9197,1,0.5,2,4,0.1175,1,0.0,2,High Open-Source Contributor,Strong match (Score: 59.8). Matched 2/4 required skills (50%). domain aligned. Segment: High Open-Source Contributor.
03b5c41b-9b04-4bc6-9771-af990671b169,proj_0342,1,2,75.9707,73.3079,0.9996,71.1684,1,1.0,3,3,0.2773,1,0.0,3,Emerging Generalist Builder,Exceptional match (Score: 76.0). Matched 3/3 required skills (100%). high text similarity (0.28). domain aligned. Segment: Emerging Generalist Builder.
d92644e4-b1af-4c67-97b4-42a739dc989f,proj_0342,2,1,75.6211,73.8516,0.9996,75.2077,1,1.0,3,3,0.2395,1,0.0,3,Emerging Generalist Builder,Exceptional match (Score: 75.6). Matched 3/3 required skills (100%). high text similarity (0.24). domain aligned. Segment: Emerging Generalist Builder.
61b17d01-04ee-42cb-bbfc-f28d39781cbd,proj_0342,3,1,74.7819,72.0836,0.9996,77.0168,1,1.0,3,3,0.2307,1,0.0,3,Emerging Generalist Builder,Strong match (Score: 74.8). Matched 3/3 required skills (100%). high text similarity (0.23). domain aligned. Segment: Emerging Generalist Builder.
0f60b7fb-bc7e-48e4-95b5-f5b0a7f7bc31,proj_0342,4,1,67.7401,60.4889,0.9995,69.2413,1,1.0,3,3,0.2373,0,0.0,1,Hackathon Champion,Strong match (Score: 67.7). Matched 3/3 required skills (100%). high text similarity (0.24). Segment: Hackathon Champion.
c5c58e75-ab1c-4fcb-9908-a0ebf6929c26,proj_0342,5,8,67.4283,61.4608,0.9984,66.3074,1,1.0,3,3,0.1928,0,0.0,0,Applied Project Specialist,Strong match (Score: 67.4). Matched 3/3 required skills (100%). high text similarity (0.19). Segment: Applied Project Specialist.
0dabe4e1-350b-4355-83ee-2950ef0ed983,proj_0342,6,4,66.4273,58.0807,0.9995,57.0761,1,1.0,3,3,0.214,0,0.0,3,Emerging Generalist Builder,Strong match (Score: 66.4). Matched 3/3 required skills (100%). high text similarity (0.21). Segment: Emerging Generalist Builder.
4f42d475-c776-472f-a67f-3721710ad8fa,proj_0342,7,3,65.885,57.1038,0.9995,53.8777,1,1.0,3,3,0.2039,0,0.0,3,Emerging Generalist Builder,Strong match (Score: 65.9). Matched 3/3 required skills (100%). high text similarity (0.20). Segment: Emerging Generalist Builder.
df380874-aadc-4db9-bf1b-e42b838fb0f6,proj_0342,8,4,65.1837,57.358,0.9995,60.1531,1,0.6667,2,3,0.2059,1,0.0,3,Emerging Generalist Builder,Strong match (Score: 65.2). Matched 2/3 required skills (67%). high text similarity (0.21). domain aligned. Segment: Emerging Generalist Builder.
087481f9-5507-4faf-9389-4e4246f98b69,proj_0342,9,4,63.9056,54.2303,0.9995,52.0971,1,0.6667,2,3,0.2041,1,0.0,3,Emerging Generalist Builder,Strong match (Score: 63.9). Matched 2/3 required skills (67%). high text similarity (0.20). domain aligned. Segment: Emerging Generalist Builder.
03e288d6-b5f5-4c3f-b75d-3807da225e35,proj_0342,10,1,62.9671,53.5677,0.9996,56.351,1,0.6667,2,3,0.159,1,0.0,2,High Open-Source Contributor,Strong match (Score: 63.0). Matched 2/3 required skills (67%). high text similarity (0.16). domain aligned. Segment: High Open-Source Contributor.
bcd5ab2e-cbc6-4fb3-8f9e-4e431f84a173,proj_0343,1,1,77.4513,76.6232,0.9996,75.7161,1,1.0,3,3,0.2876,1,0.0,3,Emerging Generalist Builder,Exceptional match (Score: 77.5). Matched 3/3 required skills (100%). high text similarity (0.29). domain aligned. Segment: Emerging Generalist Builder.
0fb77dc3-3168-4912-8bdb-eb91f70010dd,proj_0343,2,1,77.3838,76.5858,0.9996,73.2403,1,1.0,3,3,0.2841,1,0.0,2,High Open-Source Contributor,Exceptional match (Score: 77.4). Matched 3/3 required skills (100%). high text similarity (0.28). domain aligned. Segment: High Open-Source Contributor.
ed5299a2-0bad-49b4-926e-1cf67c877fe8,proj_0343,3,1,66.6084,60.2673,0.9996,62.315,1,0.6667,2,3,0.2231,1,0.0,1,Hackathon Champion,Strong match (Score: 66.6). Matched 2/3 required skills (67%). high text similarity (0.22). domain aligned. Segment: Hackathon Champion.
cccfb865-01b3-442e-b740-e0b81f505d2a,proj_0343,4,1,66.3337,58.2643,0.9996,61.504,1,0.6667,2,3,0.2582,1,0.0,3,Emerging Generalist Builder,Strong match (Score: 66.3). Matched 2/3 required skills (67%). high text similarity (0.26). domain aligned. Segment: Emerging Generalist Builder.
a79e2fc6-d588-48d8-aacc-30ae69842200,proj_0343,5,2,64.448,56.2837,0.9996,47.2562,1,0.6667,2,3,0.1853,1,0.0,1,Hackathon Champion,Strong match (Score: 64.4). Matched 2/3 required skills (67%). high text similarity (0.19). domain aligned. Segment: Hackathon Champion.
a8a41195-09bf-4827-8e15-3c311e65a5a4,proj_0343,6,2,61.0405,51.275,0.9995,50.4995,1,0.6667,2,3,0.2169,0,0.25,3,Emerging Generalist Builder,Strong match (Score: 61.0). Matched 2/3 required skills (67%). high text similarity (0.22). Segment: Emerging Generalist Builder.
31dcad26-4ef6-4733-ae9d-014171bbf233,proj_0343,7,5,60.4179,50.1561,0.9995,48.321,1,0.6667,2,3,0.2469,0,0.0,2,High Open-Source Contributor,Strong match (Score: 60.4). Matched 2/3 required skills (67%). high text similarity (0.25). Segment: High Open-Source Contributor.
026d7a41-6d0c-4425-bc94-74799fa8319f,proj_0343,8,4,58.4461,46.3853,0.9995,45.8446,1,0.6667,2,3,0.216,0,0.0,3,Emerging Generalist Builder,Strong match (Score: 58.4). Matched 2/3 required skills (67%). high text similarity (0.22). Segment: Emerging Generalist Builder.
345ab973-cb26-4074-b96f-6db8f8e892c3,proj_0343,9,1,58.2063,45.2569,0.9995,50.563,1,0.6667,2,3,0.2301,0,0.0,2,High Open-Source Contributor,Strong match (Score: 58.2). Matched 2/3 required skills (67%). high text similarity (0.23). Segment: High Open-Source Contributor.
c942d9cb-4340-4ddb-9e60-09cb93fcb96d,proj_0343,10,1,56.8709,43.726,0.9981,52.4857,1,0.3333,1,3,0.2403,1,0.0,3,Emerging Generalist Builder,Strong match (Score: 56.9). Matched 1/3 required skills (33%). high text similarity (0.24). domain aligned. Segment: Emerging Generalist Builder.
6d8f0325-f1c0-4cae-b27e-784bc5bd1b60,proj_0344,1,1,76.1364,74.5097,0.9996,73.6091,1,1.0,4,4,0.2563,1,0.0,1,Hackathon Champion,Exceptional match (Score: 76.1). Matched 4/4 required skills (100%). high text similarity (0.26). domain aligned. Segment: Hackathon Champion.
03e9d033-81a7-4e41-826e-0f695e2ea75b,proj_0344,2,2,60.0282,50.9055,0.9996,56.6209,1,0.5,2,4,0.1452,1,0.0,2,High Open-Source Contributor,Strong match (Score: 60.0). Matched 2/4 required skills (50%). domain aligned. Segment: High Open-Source Contributor.
0c8bb400-827f-49e1-a7d9-1d94cb7f8dfc,proj_0344,3,1,59.3289,48.5761,0.9995,48.1627,1,0.75,3,4,0.1609,0,0.0,1,Hackathon Champion,Strong match (Score: 59.3). Matched 3/4 required skills (75%). high text similarity (0.16). Segment: Hackathon Champion.
affb040c-0796-49f8-b3db-6780d0e12bad,proj_0344,4,2,59.1476,47.984,0.9996,47.0315,1,0.5,2,4,0.1644,1,0.0,1,Hackathon Champion,Strong match (Score: 59.1). Matched 2/4 required skills (50%). high text similarity (0.16). domain aligned. Segment: Hackathon Champion.
ed82829b-d814-4e03-b750-a41974852d40,proj_0344,5,6,59.0943,49.5044,0.9995,52.8565,1,0.5,2,4,0.1205,1,0.0,0,Applied Project Specialist,Strong match (Score: 59.1). Matched 2/4 required skills (50%). domain aligned. Segment: Applied Project Specialist.
6c5a40d6-81b7-4c8c-8a43-28cbe9f7b6b1,proj_0344,6,5,58.6261,47.0739,0.9995,50.0055,1,0.75,3,4,0.1541,0,0.0,3,Emerging Generalist Builder,Strong match (Score: 58.6). Matched 3/4 required skills (75%). high text similarity (0.15). Segment: Emerging Generalist Builder.
0614b282-09f3-41f4-8c80-cd26922cefb7,proj_0344,7,9,58.2506,47.0541,0.9995,46.2084,1,0.75,3,4,0.1296,0,0.0,1,Hackathon Champion,Strong match (Score: 58.3). Matched 3/4 required skills (75%). Segment: Hackathon Champion.
d9758c73-1f57-4d15-a893-49b5f90df6b1,proj_0344,8,2,57.9008,45.6544,0.9995,51.7147,1,0.75,3,4,0.1436,0,0.0,1,Hackathon Champion,Strong match (Score: 57.9). Matched 3/4 required skills (75%). Segment: Hackathon Champion.
9cd942b8-00f7-495c-9c10-d6c9e2b36f57,proj_0344,9,14,54.575,41.6644,0.9989,33.4459,1,0.25,1,4,0.1406,1,0.3333,2,High Open-Source Contributor,Strong match (Score: 54.6). Matched 1/4 required skills (25%). domain aligned. Segment: High Open-Source Contributor.
25444a13-cd34-4765-9746-ff99a1521325,proj_0344,10,8,54.5716,41.3034,0.9987,48.5549,1,0.25,1,4,0.1504,1,0.3333,0,Applied Project Specialist,Strong match (Score: 54.6). Matched 1/4 required skills (25%). high text similarity (0.15). domain aligned. Segment: Applied Project Specialist.
9365a220-90af-4de1-ab03-eb3a03eac0e3,proj_0345,1,1,78.2919,78.3423,0.9996,75.0072,1,1.0,4,4,0.2978,1,0.0,0,Applied Project Specialist,Exceptional match (Score: 78.3). Matched 4/4 required skills (100%). high text similarity (0.30). domain aligned. Segment: Applied Project Specialist.
6d5dbc88-26f2-437d-a615-0271948bfefd,proj_0345,2,1,70.8639,67.5335,0.9996,67.9963,1,0.75,3,4,0.2575,1,0.0,2,High Open-Source Contributor,Strong match (Score: 70.9). Matched 3/4 required skills (75%). high text similarity (0.26). domain aligned. Segment: High Open-Source Contributor.
0d7aa2ad-f54e-438f-805a-7cb4ac9fb423,proj_0345,3,3,67.9362,60.4843,0.9995,56.7281,1,1.0,4,4,0.2505,0,0.0,2,High Open-Source Contributor,Strong match (Score: 67.9). Matched 4/4 required skills (100%). high text similarity (0.25). Segment: High Open-Source Contributor.
1ac50d1b-e5e1-448b-9a7c-d0b1946dd32f,proj_0345,4,8,67.8572,61.5093,0.9995,55.1264,1,1.0,4,4,0.2179,0,0.0,0,Applied Project Specialist,Strong match (Score: 67.9). Matched 4/4 required skills (100%). high text similarity (0.22). Segment: Applied Project Specialist.
0b5106f1-f666-4035-8004-d8f2e00a6a1d,proj_0345,5,7,63.9475,56.0875,0.9996,55.5711,1,0.5,2,4,0.2683,1,0.0,2,High Open-Source Contributor,Strong match (Score: 63.9). Matched 2/4 required skills (50%). high text similarity (0.27). domain aligned. Segment: High Open-Source Contributor.
550d3980-7d3a-4102-86fa-046f33d46845,proj_0345,6,5,62.1751,53.6141,0.9995,43.3455,1,0.75,3,4,0.2163,0,0.0,2,High Open-Source Contributor,Strong match (Score: 62.2). Matched 3/4 required skills (75%). high text similarity (0.22). Segment: High Open-Source Contributor.
ae3dcd6d-68be-4555-8891-2616eea6618b,proj_0345,7,14,61.1546,52.4541,0.9995,59.9147,1,0.75,3,4,0.1792,0,0.0,0,Applied Project Specialist,Strong match (Score: 61.2). Matched 3/4 required skills (75%). high text similarity (0.18). Segment: Applied Project Specialist.
ba86a929-17c0-4066-af10-99311c211163,proj_0345,8,5,61.0714,50.851,0.9995,64.083,1,0.75,3,4,0.2164,0,0.0,1,Hackathon Champion,Strong match (Score: 61.1). Matched 3/4 required skills (75%). high text similarity (0.22). Segment: Hackathon Champion.
3a212f49-df4c-495e-9787-a66a9881678f,proj_0345,9,12,60.4205,51.095,0.9995,49.8748,1,0.5,2,4,0.1665,1,0.0,2,High Open-Source Contributor,Strong match (Score: 60.4). Matched 2/4 required skills (50%). high text similarity (0.17). domain aligned. Segment: High Open-Source Contributor.
fdc30964-24b1-415d-88e7-290336637cf5,proj_0345,10,10,59.9663,50.5969,0.9995,49.8406,1,0.5,2,4,0.1495,1,0.0,2,High Open-Source Contributor,Strong match (Score: 60.0). Matched 2/4 required skills (50%). domain aligned. Segment: High Open-Source Contributor.
9365a220-90af-4de1-ab03-eb3a03eac0e3,proj_0346,1,2,74.9549,71.7422,0.9996,73.0203,1,1.0,2,2,0.218,1,0.2,0,Applied Project Specialist,Strong match (Score: 75.0). Matched 2/2 required skills (100%). high text similarity (0.22). domain aligned. Segment: Applied Project Specialist.
1ac50d1b-e5e1-448b-9a7c-d0b1946dd32f,proj_0346,2,5,70.2143,63.5257,0.9995,67.8438,1,1.0,2,2,0.1546,1,0.0,0,Applied Project Specialist,Strong match (Score: 70.2). Matched 2/2 required skills (100%). high text similarity (0.15). domain aligned. Segment: Applied Project Specialist.
3a212f49-df4c-495e-9787-a66a9881678f,proj_0346,3,4,70.1713,63.6507,0.9995,62.8554,1,1.0,2,2,0.1484,1,0.0,2,High Open-Source Contributor,Strong match (Score: 70.2). Matched 2/2 required skills (100%). domain aligned. Segment: High Open-Source Contributor.
ae3dcd6d-68be-4555-8891-2616eea6618b,proj_0346,4,6,68.3448,62.6858,0.9995,66.6875,1,1.0,2,2,0.1857,0,0.2,0,Applied Project Specialist,Strong match (Score: 68.3). Matched 2/2 required skills (100%). high text similarity (0.19). Segment: Applied Project Specialist.
3f631164-dc26-430c-8497-8c7760bfcedd,proj_0346,5,8,62.7682,51.2506,0.9995,54.1404,1,1.0,2,2,0.1522,0,0.0,1,Hackathon Champion,Strong match (Score: 62.8). Matched 2/2 required skills (100%). high text similarity (0.15). Segment: Hackathon Champion.
fdc30964-24b1-415d-88e7-290336637cf5,proj_0346,6,7,62.7156,51.3966,0.9995,46.7681,1,1.0,2,2,0.1448,0,0.0,2,High Open-Source Contributor,Strong match (Score: 62.7). Matched 2/2 required skills (100%). Segment: High Open-Source Contributor.
202ac62b-753f-400d-902a-ec7d099233b7,proj_0346,7,5,62.5526,51.0827,0.9995,50.5484,1,1.0,2,2,0.1423,0,0.0,2,High Open-Source Contributor,Strong match (Score: 62.6). Matched 2/2 required skills (100%). Segment: High Open-Source Contributor.
31923181-f583-4704-8bd5-7071757bb7b2,proj_0346,8,8,62.3758,50.9483,0.9995,52.3929,1,1.0,2,2,0.1341,0,0.0,2,High Open-Source Contributor,Strong match (Score: 62.4). Matched 2/2 required skills (100%). Segment: High Open-Source Contributor.
0d7aa2ad-f54e-438f-805a-7cb4ac9fb423,proj_0346,9,9,62.284,50.0925,0.9995,56.7233,1,1.0,2,2,0.1508,0,0.0,2,High Open-Source Contributor,Strong match (Score: 62.3). Matched 2/2 required skills (100%). high text similarity (0.15). Segment: High Open-Source Contributor.
b3b6351b-3567-4776-9e69-58952ccbd617,proj_0346,10,10,61.994,50.035,0.9995,56.3361,1,1.0,2,2,0.133,0,0.0,2,High Open-Source Contributor,Strong match (Score: 62.0). Matched 2/2 required skills (100%). Segment: High Open-Source Contributor.
542b7d19-73c7-45fb-b92c-53bcb997d9cf,proj_0347,1,1,74.3523,71.6244,0.9996,73.2478,1,1.0,4,4,0.2143,1,0.0,1,Hackathon Champion,Strong match (Score: 74.4). Matched 4/4 required skills (100%). high text similarity (0.21). domain aligned. Segment: Hackathon Champion.
1dcf8fd7-0579-4c7d-b867-2e6bdb73e5eb,proj_0347,2,3,67.1964,60.6336,0.9995,47.3111,1,0.75,3,4,0.1972,1,0.0,0,Applied Project Specialist,Strong match (Score: 67.2). Matched 3/4 required skills (75%). high text similarity (0.20). domain aligned. Segment: Applied Project Specialist.
6604b8b7-f568-4fb9-a52b-767a49585bc8,proj_0347,3,4,66.1727,60.1706,0.9996,67.3667,1,0.75,3,4,0.1411,1,0.0,2,High Open-Source Contributor,Strong match (Score: 66.2). Matched 3/4 required skills (75%). domain aligned. Segment: High Open-Source Contributor.
9965fb9a-60f0-4faa-a4c2-69d5bf9b8f86,proj_0347,4,3,65.6372,57.6317,0.9995,60.2096,1,1.0,4,4,0.1733,0,0.0,0,Applied Project Specialist,Strong match (Score: 65.6). Matched 4/4 required skills (100%). high text similarity (0.17). Segment: Applied Project Specialist.
99d675f5-481c-4a42-ab83-626ee52dd60c,proj_0347,5,4,65.3255,57.8651,0.9995,64.1703,1,1.0,4,4,0.1463,0,0.0,0,Applied Project Specialist,Strong match (Score: 65.3). Matched 4/4 required skills (100%). Segment: Applied Project Specialist.
9ae589e7-8191-4300-a84f-0a6aad97c42a,proj_0347,6,4,64.7639,55.3698,0.9995,55.8127,1,1.0,4,4,0.1754,0,0.0,3,Emerging Generalist Builder,Strong match (Score: 64.8). Matched 4/4 required skills (100%). high text similarity (0.18). Segment: Emerging Generalist Builder.
7cbaf425-d5c6-49f3-8efe-1b197b36c98b,proj_0347,7,7,61.9577,53.4768,0.9995,53.4617,1,0.75,3,4,0.1638,0,0.25,1,Hackathon Champion,Strong match (Score: 62.0). Matched 3/4 required skills (75%). high text similarity (0.16). Segment: Hackathon Champion.
c0d7e26a-5ff2-486e-9549-731319f1a415,proj_0347,8,7,60.3824,50.6123,0.9995,51.4153,1,0.75,3,4,0.1435,0,0.2,1,Hackathon Champion,Strong match (Score: 60.4). Matched 3/4 required skills (75%). Segment: Hackathon Champion.
538469bd-76bb-4282-8098-c3a4b49df851,proj_0347,9,6,59.9539,50.1461,0.9996,47.6416,1,0.5,2,4,0.1605,1,0.0,2,High Open-Source Contributor,Strong match (Score: 60.0). Matched 2/4 required skills (50%). high text similarity (0.16). domain aligned. Segment: High Open-Source Contributor.
6865cca3-4c65-4233-ad13-01f07df1e294,proj_0347,10,11,59.5338,50.0744,0.9995,51.5894,1,0.75,3,4,0.1346,0,0.0,2,High Open-Source Contributor,Strong match (Score: 59.5). Matched 3/4 required skills (75%). Segment: High Open-Source Contributor.
7bd82166-0181-4cbe-b9a6-a1cf8a92be4c,proj_0348,1,1,67.8172,59.6879,0.9995,61.4681,1,1.0,4,4,0.2638,0,0.0,3,Emerging Generalist Builder,Strong match (Score: 67.8). Matched 4/4 required skills (100%). high text similarity (0.26). Segment: Emerging Generalist Builder.
f1371c2b-d4f4-49e6-af42-977e4a370bf5,proj_0348,2,1,65.6487,60.9005,0.9995,60.203,1,0.75,3,4,0.0869,1,0.0,0,Applied Project Specialist,Strong match (Score: 65.6). Matched 3/4 required skills (75%). domain aligned. Segment: Applied Project Specialist.
360fc955-3175-4c3d-9b68-b9c3dc856b80,proj_0348,3,2,65.1931,58.9116,0.9995,53.4676,1,0.75,3,4,0.2429,0,0.2,2,High Open-Source Contributor,Strong match (Score: 65.2). Matched 3/4 required skills (75%). high text similarity (0.24). Segment: High Open-Source Contributor.
c07b1843-8687-4258-9ad7-9ab65909a578,proj_0348,4,9,62.2611,55.1665,0.9996,58.5312,1,0.5,2,4,0.1471,1,0.2,2,High Open-Source Contributor,Strong match (Score: 62.3). Matched 2/4 required skills (50%). domain aligned. Segment: High Open-Source Contributor.
0398edf0-1654-443e-8430-98ce7d688969,proj_0348,5,2,61.8524,50.7297,0.9995,52.0622,1,0.75,3,4,0.2717,0,0.0,3,Emerging Generalist Builder,Strong match (Score: 61.9). Matched 3/4 required skills (75%). high text similarity (0.27). Segment: Emerging Generalist Builder.
0b5106f1-f666-4035-8004-d8f2e00a6a1d,proj_0348,6,11,61.6312,55.643,0.9995,50.5021,1,0.5,2,4,0.0926,1,0.2,2,High Open-Source Contributor,Strong match (Score: 61.6). Matched 2/4 required skills (50%). domain aligned. Segment: High Open-Source Contributor.
c4dd2160-9823-4402-81d3-8707c241bdd5,proj_0348,7,1,60.1899,49.5435,0.9994,53.4241,1,0.75,3,4,0.1927,0,0.0,1,Hackathon Champion,Strong match (Score: 60.2). Matched 3/4 required skills (75%). high text similarity (0.19). Segment: Hackathon Champion.
9c7b6795-f410-4c60-a33d-1b394b14a28e,proj_0348,8,2,58.4041,47.4158,0.9995,48.3907,1,0.5,2,4,0.2413,0,0.3333,3,Emerging Generalist Builder,Strong match (Score: 58.4). Matched 2/4 required skills (50%). high text similarity (0.24). Segment: Emerging Generalist Builder.
ed82829b-d814-4e03-b750-a41974852d40,proj_0348,9,7,58.271,48.3051,0.9995,47.5872,1,0.5,2,4,0.0976,1,0.0,0,Applied Project Specialist,Strong match (Score: 58.3). Matched 2/4 required skills (50%). domain aligned. Segment: Applied Project Specialist.
26223b4e-f7fb-44af-b779-ee91d39509a7,proj_0348,10,8,56.7272,46.4243,0.9995,36.7805,1,0.5,2,4,0.2115,0,0.0,0,Applied Project Specialist,Strong match (Score: 56.7). Matched 2/4 required skills (50%). high text similarity (0.21). Segment: Applied Project Specialist.
6743983b-209e-4bf0-9eed-5c7d813f9a5a,proj_0349,1,1,75.081,72.5687,0.9993,75.0472,1,1.0,3,3,0.2383,1,0.0,3,Emerging Generalist Builder,Exceptional match (Score: 75.1). Matched 3/3 required skills (100%). high text similarity (0.24). domain aligned. Segment: Emerging Generalist Builder.
a79e2fc6-d588-48d8-aacc-30ae69842200,proj_0349,2,1,65.8323,58.9083,0.9996,69.3958,1,0.6667,2,3,0.2076,1,0.0,1,Hackathon Champion,Strong match (Score: 65.8). Matched 2/3 required skills (67%). high text similarity (0.21). domain aligned. Segment: Hackathon Champion.
cccfb865-01b3-442e-b740-e0b81f505d2a,proj_0349,3,2,65.5996,57.2003,0.9995,47.0422,1,1.0,3,3,0.1823,0,0.0,3,Emerging Generalist Builder,Strong match (Score: 65.6). Matched 3/3 required skills (100%). high text similarity (0.18). Segment: Emerging Generalist Builder.
c1a1ab53-2ff7-4fec-b883-968673ac227a,proj_0349,4,1,64.6738,55.5196,0.9992,62.216,1,1.0,3,3,0.166,0,0.0,2,High Open-Source Contributor,Strong match (Score: 64.7). Matched 3/3 required skills (100%). high text similarity (0.17). Segment: High Open-Source Contributor.
31dcad26-4ef6-4733-ae9d-014171bbf233,proj_0349,5,7,59.8638,48.4164,0.9995,53.943,1,0.6667,2,3,0.2008,0,0.3333,2,High Open-Source Contributor,Strong match (Score: 59.9). Matched 2/3 required skills (67%). high text similarity (0.20). Segment: High Open-Source Contributor.
ed5299a2-0bad-49b4-926e-1cf67c877fe8,proj_0349,6,3,59.1874,49.2898,0.9991,43.5296,1,0.3333,1,3,0.2027,1,0.25,1,Hackathon Champion,Strong match (Score: 59.2). Matched 1/3 required skills (33%). high text similarity (0.20). domain aligned. Segment: Hackathon Champion.
7330eba1-85ce-43aa-866d-b5df0c4f5175,proj_0349,7,7,58.8626,47.2803,0.9995,48.2672,1,0.6667,2,3,0.2199,0,0.0,3,Emerging Generalist Builder,Strong match (Score: 58.9). Matched 2/3 required skills (67%). high text similarity (0.22). Segment: Emerging Generalist Builder.
d095cbba-302b-48b1-b0fc-d4269950c37a,proj_0349,8,4,58.7868,47.1695,0.9995,62.6696,1,0.6667,2,3,0.2178,0,0.0,1,Hackathon Champion,Strong match (Score: 58.8). Matched 2/3 required skills (67%). high text similarity (0.22). Segment: Hackathon Champion.
7b2e3b2a-c45e-40d1-b5a3-f4c25123b11c,proj_0349,9,5,58.6127,46.9762,0.9994,48.3624,1,0.6667,2,3,0.156,0,0.3333,2,High Open-Source Contributor,Strong match (Score: 58.6). Matched 2/3 required skills (67%). high text similarity (0.16). Segment: High Open-Source Contributor.
1aa4dd0e-1723-4fe7-82c4-cc8f8c26eaf8,proj_0349,10,1,55.9054,42.0285,0.9995,42.7125,1,0.6667,2,3,0.1628,0,0.0,1,Hackathon Champion,Strong match (Score: 55.9). Matched 2/3 required skills (67%). high text similarity (0.16). Segment: Hackathon Champion.
03b5c41b-9b04-4bc6-9771-af990671b169,proj_0350,1,1,79.2892,78.2255,0.9996,85.9645,1,1.0,4,4,0.3674,1,0.0,3,Emerging Generalist Builder,Exceptional match (Score: 79.3). Matched 4/4 required skills (100%). high text similarity (0.37). domain aligned. Segment: Emerging Generalist Builder.
df380874-aadc-4db9-bf1b-e42b838fb0f6,proj_0350,2,1,73.5869,72.8822,0.9996,79.5571,1,0.75,3,4,0.2964,1,0.0,3,Emerging Generalist Builder,Strong match (Score: 73.6). Matched 3/4 required skills (75%). high text similarity (0.30). domain aligned. Segment: Emerging Generalist Builder.
c5c58e75-ab1c-4fcb-9908-a0ebf6929c26,proj_0350,3,2,73.1816,70.9452,0.9995,65.38,1,1.0,4,4,0.2879,0,0.2,0,Applied Project Specialist,Strong match (Score: 73.2). Matched 4/4 required skills (100%). high text similarity (0.29). Segment: Applied Project Specialist.
bcbb259f-658e-4461-8c3d-c07b29aa5e23,proj_0350,4,2,73.0629,70.2541,0.9995,72.8357,1,0.75,3,4,0.2762,1,0.3333,3,Emerging Generalist Builder,Strong match (Score: 73.1). Matched 3/4 required skills (75%). high text similarity (0.28). domain aligned. Segment: Emerging Generalist Builder.
087481f9-5507-4faf-9389-4e4246f98b69,proj_0350,5,1,72.5316,70.2178,0.9996,63.2958,1,0.75,3,4,0.2971,1,0.0,3,Emerging Generalist Builder,Strong match (Score: 72.5). Matched 3/4 required skills (75%). high text similarity (0.30). domain aligned. Segment: Emerging Generalist Builder.
4f42d475-c776-472f-a67f-3721710ad8fa,proj_0350,6,1,70.9369,65.9611,0.9995,62.4716,1,1.0,4,4,0.3045,0,0.0,3,Emerging Generalist Builder,Strong match (Score: 70.9). Matched 4/4 required skills (100%). high text similarity (0.30). Segment: Emerging Generalist Builder.
0dabe4e1-350b-4355-83ee-2950ef0ed983,proj_0350,7,2,69.9128,63.487,0.9995,61.1272,1,1.0,4,4,0.3022,0,0.0,3,Emerging Generalist Builder,Strong match (Score: 69.9). Matched 4/4 required skills (100%). high text similarity (0.30). Segment: Emerging Generalist Builder.
61b17d01-04ee-42cb-bbfc-f28d39781cbd,proj_0350,8,3,69.1799,62.0897,0.9995,67.3153,1,1.0,4,4,0.2906,0,0.0,3,Emerging Generalist Builder,Strong match (Score: 69.2). Matched 4/4 required skills (100%). high text similarity (0.29). Segment: Emerging Generalist Builder.
3769dc5c-4e8b-4b24-9e2d-9e4e2179c613,proj_0350,9,2,68.0797,64.5193,0.9995,67.1852,1,0.75,3,4,0.2858,0,0.2,1,Hackathon Champion,Strong match (Score: 68.1). Matched 3/4 required skills (75%). high text similarity (0.29). Segment: Hackathon Champion.
0f60b7fb-bc7e-48e4-95b5-f5b0a7f7bc31,proj_0350,10,2,65.2084,57.8241,0.9995,53.3129,1,0.75,3,4,0.2507,0,0.3333,1,Hackathon Champion,Strong match (Score: 65.2). Matched 3/4 required skills (75%). high text similarity (0.25). Segment: Hackathon Champion.
